downtime_event_id,machine_id,line_id,factory_id,linked_failure_event_id,linked_work_order_id,event_timestamp,downtime_cause,duration_hours,estimated_lost_units,estimated_loss_inr,resolution_status,impact_level
DTE000001,MCH0296,LIN026,FAC009,FLR000001,MWO000001,2026-02-12 11:52:47,Machine Breakdown,4.96,549,398037.83,Resolved,Medium
DTE000002,MCH0573,LIN004,FAC002,FLR000002,MWO000002,2025-05-24 10:22:32,Machine Breakdown,4.01,634,671146.8,Resolved,High
DTE000003,MCH0388,LIN011,FAC004,FLR000003,MWO000003,2023-08-11 10:12:05,Machine Breakdown,10.37,2025,1574258.15,Resolved,Medium
DTE000004,MCH0202,LIN009,FAC003,FLR000004,MWO000004,2024-01-01 21:26:00,Machine Breakdown,17.13,3692,3308032.43,Resolved,Medium
DTE000005,MCH0321,LIN029,FAC010,FLR000005,MWO000005,2025-04-01 13:33:41,Machine Breakdown,5.65,651,409580.56,Resolved,Low
DTE000006,MCH0600,LIN014,FAC005,FLR000006,MWO000006,2025-02-04 01:05:08,Machine Breakdown,6.53,1556,1829715.18,Resolved,Low
DTE000007,MCH0442,LIN001,FAC001,FLR000007,MWO000007,2024-08-23 12:00:31,Machine Breakdown,11.24,1800,1740735.24,Open,High
DTE000008,MCH0212,LIN030,FAC010,FLR000008,MWO000008,2025-07-16 05:02:34,Machine Breakdown,6.69,1091,1253542.61,Resolved,Low
DTE000009,MCH0287,LIN017,FAC006,FLR000009,MWO000009,2024-10-17 03:39:42,Machine Breakdown,2.21,423,209454.81,Resolved,High
DTE000010,MCH0466,LIN005,FAC002,FLR000010,MWO000010,2024-04-02 08:38:36,Machine Breakdown,2.81,165,67192.71,Resolved,Critical
DTE000011,MCH0336,LIN021,FAC007,FLR000011,MWO000011,2023-02-25 01:17:50,Machine Breakdown,5.39,622,654431.9,Resolved,Critical
DTE000012,MCH0128,LIN027,FAC009,FLR000012,MWO000012,2025-11-24 14:58:27,Machine Breakdown,3.2,200,200243.88,Resolved,Medium
DTE000013,MCH0309,LIN007,FAC003,FLR000013,MWO000013,2023-12-10 09:23:55,Machine Breakdown,8.75,534,388362.0,Resolved,High
DTE000014,MCH0569,LIN014,FAC005,FLR000014,MWO000014,2024-06-29 14:09:24,Machine Breakdown,4.65,797,619527.11,Resolved,High
DTE000015,MCH0232,LIN030,FAC010,FLR000015,MWO000015,2023-07-12 15:42:47,Machine Breakdown,9.66,2307,1262402.16,Resolved,High
DTE000016,MCH0215,LIN014,FAC005,FLR000016,MWO000016,2023-01-05 20:43:19,Machine Breakdown,1.27,291,209466.18,Resolved,Medium
DTE000017,MCH0551,LIN025,FAC009,FLR000017,MWO000017,2023-02-25 18:52:09,Machine Breakdown,2.52,409,295693.86,Resolved,High
DTE000018,MCH0073,LIN002,FAC001,FLR000018,MWO000018,2026-04-24 06:53:51,Machine Breakdown,7.52,1053,1021205.94,Resolved,Low
DTE000019,MCH0053,LIN007,FAC003,FLR000019,MWO000019,2026-03-05 12:51:50,Machine Breakdown,3.53,291,345717.17,Resolved,Medium
DTE000020,MCH0554,LIN028,FAC010,FLR000020,MWO000020,2025-09-15 10:26:16,Machine Breakdown,11.23,601,309734.99,Resolved,High
DTE000021,MCH0072,LIN011,FAC004,FLR000021,MWO000021,2023-01-09 10:24:31,Machine Breakdown,2.67,124,61166.32,Open,High
DTE000022,MCH0199,LIN008,FAC003,FLR000022,MWO000022,2023-08-16 00:24:19,Machine Breakdown,7.66,1599,1517720.52,Resolved,Medium
DTE000023,MCH0587,LIN024,FAC008,FLR000023,MWO000023,2023-10-15 07:45:24,Machine Breakdown,2.15,459,305337.51,Resolved,Low
DTE000024,MCH0256,LIN005,FAC002,FLR000024,MWO000024,2023-10-20 19:22:26,Machine Breakdown,10.71,2272,2602881.6,Resolved,High
DTE000025,MCH0375,LIN005,FAC002,FLR000025,MWO000025,2024-11-04 02:55:03,Machine Breakdown,2.19,393,260370.2,Resolved,High
DTE000026,MCH0182,LIN025,FAC009,FLR000026,MWO000026,2026-02-07 09:30:04,Machine Breakdown,14.04,976,793846.29,Resolved,High
DTE000027,MCH0144,LIN010,FAC004,FLR000027,MWO000027,2025-12-29 23:48:55,Machine Breakdown,5.16,952,783495.33,Resolved,High
DTE000028,MCH0068,LIN009,FAC003,FLR000028,MWO000028,2023-10-23 01:26:46,Machine Breakdown,1.49,355,160810.44,Resolved,Medium
DTE000029,MCH0476,LIN023,FAC008,FLR000029,MWO000029,2023-09-22 00:41:02,Machine Breakdown,3.72,278,325062.72,Resolved,Low
DTE000030,MCH0268,LIN013,FAC005,FLR000030,MWO000030,2024-12-01 15:26:11,Machine Breakdown,1.82,335,128150.84,Resolved,Medium
DTE000031,MCH0064,LIN025,FAC009,FLR000031,MWO000031,2024-03-27 17:28:57,Machine Breakdown,0.79,145,25742.33,Resolved,High
DTE000032,MCH0381,LIN011,FAC004,FLR000032,MWO000032,2025-03-25 17:30:40,Machine Breakdown,4.81,627,188266.48,Resolved,High
DTE000033,MCH0387,LIN005,FAC002,FLR000033,MWO000033,2026-01-28 11:22:32,Machine Breakdown,7.52,513,168970.68,Resolved,Medium
DTE000034,MCH0484,LIN019,FAC007,FLR000034,MWO000034,2025-02-14 05:18:16,Machine Breakdown,5.94,1342,1054965.19,Resolved,Low
DTE000035,MCH0460,LIN030,FAC010,FLR000035,MWO000035,2025-06-11 14:50:41,Machine Breakdown,4.01,191,87568.8,Open,Low
DTE000036,MCH0160,LIN018,FAC006,FLR000036,MWO000036,2026-06-25 04:20:42,Machine Breakdown,18.77,3086,2734445.5,Resolved,Medium
DTE000037,MCH0514,LIN029,FAC010,FLR000037,MWO000037,2024-07-01 13:23:14,Machine Breakdown,6.26,1307,644529.65,Resolved,Medium
DTE000038,MCH0119,LIN019,FAC007,FLR000038,MWO000038,2024-05-09 17:01:59,Machine Breakdown,10.12,485,95072.75,Resolved,High
DTE000039,MCH0465,LIN002,FAC001,FLR000039,MWO000039,2025-02-18 02:39:08,Machine Breakdown,12.56,840,525330.19,Resolved,Low
DTE000040,MCH0401,LIN015,FAC005,FLR000040,MWO000040,2024-07-01 04:31:27,Machine Breakdown,9.63,984,385758.87,Resolved,Medium
DTE000041,MCH0167,LIN020,FAC007,FLR000041,MWO000041,2024-04-07 15:59:58,Machine Breakdown,14.44,1689,1984548.99,Resolved,Low
DTE000042,MCH0370,LIN029,FAC010,FLR000042,MWO000042,2025-08-05 15:25:51,Machine Breakdown,13.46,2245,1749048.58,Resolved,Medium
DTE000043,MCH0009,LIN026,FAC009,FLR000043,MWO000043,2023-06-12 04:41:24,Machine Breakdown,10.04,1524,1265722.51,Resolved,Low
DTE000044,MCH0474,LIN003,FAC001,FLR000044,MWO000044,2024-07-22 07:06:04,Machine Breakdown,13.69,2446,2179072.96,Open,Critical
DTE000045,MCH0281,LIN027,FAC009,FLR000045,MWO000045,2024-11-06 15:48:55,Machine Breakdown,10.22,2080,806756.7,Resolved,Critical
DTE000046,MCH0095,LIN022,FAC008,FLR000046,MWO000046,2023-06-22 22:41:11,Machine Breakdown,20.1,2150,985414.93,Resolved,Medium
DTE000047,MCH0494,LIN001,FAC001,FLR000047,MWO000047,2025-10-07 01:37:12,Machine Breakdown,22.29,1958,1361468.21,Resolved,Critical
DTE000048,MCH0123,LIN019,FAC007,FLR000048,MWO000048,2025-03-01 13:44:50,Machine Breakdown,1.87,147,115262.4,Resolved,Medium
DTE000049,MCH0311,LIN023,FAC008,FLR000049,MWO000049,2024-12-29 01:43:30,Machine Breakdown,5.21,920,702331.02,Resolved,Medium
DTE000050,MCH0147,LIN028,FAC010,FLR000050,MWO000050,2026-05-22 14:53:33,Machine Breakdown,10.75,1875,1706199.29,Resolved,High
DTE000051,MCH0140,LIN013,FAC005,FLR000051,MWO000051,2025-08-11 07:42:01,Machine Breakdown,9.4,463,93867.91,Resolved,Medium
DTE000052,MCH0454,LIN022,FAC008,FLR000052,MWO000052,2023-04-11 08:36:43,Machine Breakdown,14.5,1572,1670345.39,Resolved,Medium
DTE000053,MCH0140,LIN013,FAC005,FLR000053,MWO000053,2026-01-20 09:09:40,Machine Breakdown,11.48,2033,1987277.18,Resolved,Low
DTE000054,MCH0569,LIN014,FAC005,FLR000054,MWO000054,2025-06-16 16:41:57,Machine Breakdown,3.02,538,207892.3,Open,High
DTE000055,MCH0407,LIN018,FAC006,FLR000055,MWO000055,2025-07-15 04:52:35,Machine Breakdown,19.61,4186,4702344.15,Resolved,High
DTE000056,MCH0500,LIN025,FAC009,FLR000056,MWO000056,2024-07-19 06:26:41,Machine Breakdown,5.27,1059,462145.41,Resolved,Critical
DTE000057,MCH0132,LIN018,FAC006,FLR000057,MWO000057,2023-12-08 09:59:40,Machine Breakdown,3.47,573,407393.75,Resolved,High
DTE000058,MCH0379,LIN027,FAC009,FLR000058,MWO000058,2026-03-10 02:52:22,Machine Breakdown,1.6,98,26927.98,Resolved,Medium
DTE000059,MCH0549,LIN013,FAC005,FLR000059,MWO000059,2024-01-19 03:23:51,Machine Breakdown,3.61,795,795102.79,Resolved,Medium
DTE000060,MCH0254,LIN013,FAC005,FLR000060,MWO000060,2023-05-27 07:52:21,Machine Breakdown,11.09,1297,1524728.99,Resolved,Medium
DTE000061,MCH0136,LIN019,FAC007,FLR000061,MWO000061,2024-02-06 00:05:08,Machine Breakdown,3.35,615,558696.33,Resolved,High
DTE000062,MCH0494,LIN001,FAC001,FLR000062,MWO000062,2026-05-14 10:37:35,Machine Breakdown,4.68,433,319138.98,Resolved,High
DTE000063,MCH0120,LIN007,FAC003,FLR000063,MWO000063,2023-10-21 20:50:27,Machine Breakdown,20.54,1905,862094.84,Resolved,Critical
DTE000064,MCH0235,LIN025,FAC009,FLR000064,MWO000064,2024-08-07 04:49:23,Machine Breakdown,13.11,2811,2399451.24,Resolved,Low
DTE000065,MCH0206,LIN007,FAC003,FLR000065,MWO000065,2024-05-29 15:01:35,Machine Breakdown,4.62,493,348105.27,Resolved,Critical
DTE000066,MCH0436,LIN013,FAC005,FLR000066,MWO000066,2023-06-18 20:28:42,Machine Breakdown,6.34,767,207205.73,Resolved,Low
DTE000067,MCH0114,LIN004,FAC002,FLR000067,MWO000067,2023-04-21 10:06:55,Machine Breakdown,0.89,161,187267.36,Resolved,High
DTE000068,MCH0086,LIN003,FAC001,FLR000068,MWO000068,2025-01-15 13:47:37,Machine Breakdown,16.37,1889,655371.81,Resolved,High
DTE000069,MCH0560,LIN024,FAC008,FLR000069,MWO000069,2025-11-25 18:15:49,Machine Breakdown,13.7,2356,2572402.98,Resolved,Critical
DTE000070,MCH0019,LIN029,FAC010,FLR000070,MWO000070,2025-09-08 03:42:02,Machine Breakdown,4.42,362,373274.29,Resolved,High
DTE000071,MCH0580,LIN007,FAC003,FLR000071,MWO000071,2023-11-10 11:53:45,Machine Breakdown,3.03,558,404642.91,Open,Medium
DTE000072,MCH0435,LIN027,FAC009,FLR000072,MWO000072,2025-08-14 03:32:51,Machine Breakdown,10.56,1777,2065228.35,Resolved,Medium
DTE000073,MCH0137,LIN006,FAC002,FLR000073,MWO000073,2023-06-24 17:39:04,Machine Breakdown,9.09,1050,498508.03,Resolved,Medium
DTE000074,MCH0031,LIN010,FAC004,FLR000074,MWO000074,2025-07-28 10:47:41,Machine Breakdown,4.98,229,60316.27,Resolved,Medium
DTE000075,MCH0396,LIN028,FAC010,FLR000075,MWO000075,2023-01-16 17:40:38,Machine Breakdown,9.13,1760,901042.72,Resolved,Medium
DTE000076,MCH0351,LIN021,FAC007,FLR000076,MWO000076,2023-07-10 06:22:24,Machine Breakdown,2.9,389,412491.64,Resolved,High
DTE000077,MCH0276,LIN012,FAC004,FLR000077,MWO000077,2023-06-12 16:51:41,Machine Breakdown,2.17,237,205245.26,Resolved,Medium
DTE000078,MCH0487,LIN023,FAC008,FLR000078,MWO000078,2026-04-21 00:39:08,Machine Breakdown,11.48,683,182657.07,Resolved,Critical
DTE000079,MCH0239,LIN015,FAC005,FLR000079,MWO000079,2026-02-10 22:26:45,Machine Breakdown,3.08,655,663824.19,Resolved,Medium
DTE000080,MCH0463,LIN018,FAC006,FLR000080,MWO000080,2023-04-15 05:54:27,Machine Breakdown,11.01,573,596131.1,Resolved,Low
DTE000081,MCH0229,LIN014,FAC005,FLR000081,MWO000081,2024-12-21 23:00:17,Machine Breakdown,5.2,1148,364345.89,Resolved,Medium
DTE000082,MCH0197,LIN001,FAC001,FLR000082,MWO000082,2024-09-25 15:11:25,Machine Breakdown,17.08,3714,3816051.16,Resolved,Critical
DTE000083,MCH0427,LIN027,FAC009,FLR000083,MWO000083,2024-07-07 23:06:30,Machine Breakdown,2.62,525,319270.65,Resolved,Medium
DTE000084,MCH0090,LIN018,FAC006,FLR000084,MWO000084,2026-05-06 13:42:46,Machine Breakdown,4.22,485,576318.89,Resolved,Medium
DTE000085,MCH0133,LIN013,FAC005,FLR000085,MWO000085,2023-10-31 06:14:57,Machine Breakdown,7.68,999,639245.57,Resolved,Medium
DTE000086,MCH0125,LIN008,FAC003,FLR000086,MWO000086,2025-05-06 15:01:06,Machine Breakdown,13.71,1782,1603216.14,Resolved,Medium
DTE000087,MCH0037,LIN022,FAC008,FLR000087,MWO000087,2026-03-07 02:16:59,Machine Breakdown,11.46,2648,1237184.24,Resolved,Medium
DTE000088,MCH0426,LIN009,FAC003,FLR000088,MWO000088,2026-02-22 05:20:11,Machine Breakdown,7.08,1228,736093.21,Resolved,Critical
DTE000089,MCH0257,LIN013,FAC005,FLR000089,MWO000089,2024-01-30 20:24:24,Machine Breakdown,19.31,2488,899168.89,Resolved,Medium
DTE000090,MCH0391,LIN007,FAC003,FLR000090,MWO000090,2023-02-05 12:25:53,Machine Breakdown,3.45,771,355818.96,Resolved,Medium
DTE000091,MCH0440,LIN027,FAC009,FLR000091,MWO000091,2025-08-12 02:25:48,Machine Breakdown,2.69,499,460509.91,Resolved,Medium
DTE000092,MCH0598,LIN029,FAC010,FLR000092,MWO000092,2025-01-20 11:58:04,Machine Breakdown,14.71,3239,540884.08,Resolved,High
DTE000093,MCH0415,LIN008,FAC003,FLR000093,MWO000093,2025-04-01 11:50:31,Machine Breakdown,1.59,166,154128.47,Resolved,Medium
DTE000094,MCH0534,LIN027,FAC009,FLR000094,MWO000094,2023-01-29 04:19:31,Machine Breakdown,4.05,424,245479.92,Resolved,Medium
DTE000095,MCH0403,LIN002,FAC001,FLR000095,MWO000095,2025-11-17 10:14:25,Machine Breakdown,19.53,3149,1898157.27,Open,High
DTE000096,MCH0476,LIN023,FAC008,FLR000096,MWO000096,2023-04-12 10:25:09,Machine Breakdown,2.4,451,251002.61,Resolved,Medium
DTE000097,MCH0515,LIN012,FAC004,FLR000097,MWO000097,2023-04-26 17:52:51,Machine Breakdown,13.36,2704,2365583.49,Resolved,Critical
DTE000098,MCH0092,LIN005,FAC002,FLR000098,MWO000098,2026-02-12 02:11:39,Machine Breakdown,5.54,369,373121.67,Resolved,Medium
DTE000099,MCH0325,LIN011,FAC004,FLR000099,MWO000099,2025-10-16 14:42:00,Machine Breakdown,1.05,159,44312.71,Resolved,Medium
DTE000100,MCH0250,LIN007,FAC003,FLR000100,MWO000100,2024-04-18 16:14:53,Machine Breakdown,17.81,1877,2044095.56,Resolved,Medium
DTE000101,MCH0080,LIN020,FAC007,FLR000101,MWO000101,2024-08-07 16:26:07,Machine Breakdown,2.1,438,123545.17,Resolved,High
DTE000102,MCH0380,LIN003,FAC001,FLR000102,MWO000102,2025-03-23 08:10:44,Machine Breakdown,8.1,1551,1384189.51,Open,High
DTE000103,MCH0359,LIN019,FAC007,FLR000103,MWO000103,2023-04-08 11:26:40,Machine Breakdown,3.71,520,510526.13,Resolved,Low
DTE000104,MCH0394,LIN001,FAC001,FLR000104,MWO000104,2024-04-19 17:26:52,Machine Breakdown,4.57,224,190801.62,Resolved,High
DTE000105,MCH0115,LIN002,FAC001,FLR000105,MWO000105,2024-02-29 21:49:36,Machine Breakdown,4.85,343,143861.82,Resolved,High
DTE000106,MCH0349,LIN024,FAC008,FLR000106,MWO000106,2024-01-13 21:10:02,Machine Breakdown,21.1,2608,2608553.22,Resolved,High
DTE000107,MCH0585,LIN026,FAC009,FLR000107,MWO000107,2026-01-16 06:33:39,Machine Breakdown,8.34,478,526601.31,Resolved,Medium
DTE000108,MCH0600,LIN014,FAC005,FLR000108,MWO000108,2025-07-19 13:46:39,Machine Breakdown,3.81,275,231079.59,Resolved,Critical
DTE000109,MCH0164,LIN029,FAC010,FLR000109,MWO000109,2023-07-28 22:56:28,Machine Breakdown,4.3,573,412166.17,Resolved,High
DTE000110,MCH0155,LIN022,FAC008,FLR000110,MWO000110,2026-04-18 03:54:35,Machine Breakdown,38.33,4097,2028531.56,Resolved,Critical
DTE000111,MCH0035,LIN005,FAC002,FLR000111,MWO000111,2023-02-13 18:32:19,Machine Breakdown,0.74,85,58752.3,Resolved,High
DTE000112,MCH0127,LIN004,FAC002,FLR000112,MWO000112,2025-08-22 17:51:02,Machine Breakdown,6.57,687,179814.61,Resolved,Medium
DTE000113,MCH0556,LIN013,FAC005,FLR000113,MWO000113,2025-11-26 04:49:24,Machine Breakdown,2.39,142,161463.72,Resolved,Medium
DTE000114,MCH0160,LIN018,FAC006,FLR000114,MWO000114,2025-02-07 04:01:56,Machine Breakdown,4.77,1071,363501.77,Resolved,Low
DTE000115,MCH0101,LIN022,FAC008,FLR000115,MWO000115,2026-03-06 04:26:14,Machine Breakdown,16.19,3070,3205088.17,Resolved,High
DTE000116,MCH0366,LIN019,FAC007,FLR000116,MWO000116,2024-12-25 05:02:12,Machine Breakdown,12.53,1136,176906.62,Resolved,Medium
DTE000117,MCH0025,LIN017,FAC006,FLR000117,MWO000117,2025-03-12 04:43:43,Machine Breakdown,2.74,525,261614.15,Resolved,High
DTE000118,MCH0269,LIN002,FAC001,FLR000118,MWO000118,2023-06-19 23:38:34,Machine Breakdown,8.02,469,175126.17,Resolved,Medium
DTE000119,MCH0014,LIN029,FAC010,FLR000119,MWO000119,2025-05-17 08:07:03,Machine Breakdown,6.58,1094,1031535.34,Resolved,Medium
DTE000120,MCH0392,LIN005,FAC002,FLR000120,MWO000120,2023-01-28 14:04:42,Machine Breakdown,3.81,810,626547.04,Resolved,High
DTE000121,MCH0292,LIN015,FAC005,FLR000121,MWO000121,2023-01-18 02:21:05,Machine Breakdown,1.7,260,188998.1,Resolved,High
DTE000122,MCH0265,LIN011,FAC004,FLR000122,MWO000122,2023-02-13 11:27:24,Machine Breakdown,2.71,642,486662.09,Resolved,High
DTE000123,MCH0320,LIN011,FAC004,FLR000123,MWO000123,2025-02-25 22:24:08,Machine Breakdown,6.6,1539,1079369.26,Resolved,Low
DTE000124,MCH0299,LIN014,FAC005,FLR000124,MWO000124,2024-03-22 08:00:25,Machine Breakdown,18.47,3128,2307658.77,Resolved,Medium
DTE000125,MCH0555,LIN021,FAC007,FLR000125,MWO000125,2023-08-27 16:03:56,Machine Breakdown,9.66,1259,1236069.5,Resolved,Medium
DTE000126,MCH0086,LIN003,FAC001,FLR000126,MWO000126,2023-09-09 04:43:01,Machine Breakdown,3.52,553,241289.58,Resolved,High
DTE000127,MCH0028,LIN004,FAC002,FLR000127,MWO000127,2026-04-23 00:47:34,Machine Breakdown,3.56,353,105785.53,Resolved,High
DTE000128,MCH0088,LIN015,FAC005,FLR000128,MWO000128,2025-10-14 05:42:30,Machine Breakdown,5.31,831,455233.25,Resolved,High
DTE000129,MCH0422,LIN002,FAC001,FLR000129,MWO000129,2026-02-27 04:29:57,Machine Breakdown,6.7,962,164079.6,Resolved,High
DTE000130,MCH0114,LIN004,FAC002,FLR000130,MWO000130,2023-09-22 07:11:59,Machine Breakdown,13.97,1896,1484167.74,Resolved,High
DTE000131,MCH0479,LIN007,FAC003,FLR000131,MWO000131,2024-03-02 10:11:24,Machine Breakdown,7.27,530,256642.05,Resolved,High
DTE000132,MCH0509,LIN021,FAC007,FLR000132,MWO000132,2025-06-07 16:59:27,Machine Breakdown,12.99,1833,1185140.46,Resolved,Medium
DTE000133,MCH0527,LIN027,FAC009,FLR000133,MWO000133,2024-11-28 01:19:08,Machine Breakdown,16.32,989,931758.4,Resolved,Medium
DTE000134,MCH0426,LIN009,FAC003,FLR000134,MWO000134,2026-02-24 12:13:55,Machine Breakdown,8.53,1395,1217091.17,Resolved,Medium
DTE000135,MCH0496,LIN024,FAC008,FLR000135,MWO000135,2023-03-17 09:29:32,Machine Breakdown,3.02,501,155794.57,Open,Critical
DTE000136,MCH0537,LIN013,FAC005,FLR000136,MWO000136,2024-03-19 04:40:07,Machine Breakdown,3.5,417,360930.72,Resolved,Critical
DTE000137,MCH0315,LIN015,FAC005,FLR000137,MWO000137,2024-02-20 04:45:21,Machine Breakdown,7.52,1001,504889.27,Resolved,Low
DTE000138,MCH0226,LIN027,FAC009,FLR000138,MWO000138,2023-01-28 09:33:09,Machine Breakdown,16.11,3399,3133939.17,Open,Medium
DTE000139,MCH0305,LIN003,FAC001,FLR000139,MWO000139,2026-04-07 13:58:17,Machine Breakdown,10.62,1331,496991.34,Resolved,Medium
DTE000140,MCH0552,LIN012,FAC004,FLR000140,MWO000140,2024-07-07 18:45:44,Machine Breakdown,18.23,3388,1016166.88,Resolved,High
DTE000141,MCH0592,LIN023,FAC008,FLR000141,MWO000141,2025-07-25 19:08:22,Machine Breakdown,7.7,1192,513640.22,Open,Low
DTE000142,MCH0575,LIN008,FAC003,FLR000142,MWO000142,2024-01-02 15:14:55,Machine Breakdown,5.68,882,300832.98,Resolved,Low
DTE000143,MCH0528,LIN005,FAC002,FLR000143,MWO000143,2024-06-29 15:31:33,Machine Breakdown,10.02,1492,978873.11,Resolved,Medium
DTE000144,MCH0506,LIN001,FAC001,FLR000144,MWO000144,2024-02-05 22:13:46,Machine Breakdown,10.92,1158,974242.89,Resolved,Low
DTE000145,MCH0581,LIN004,FAC002,FLR000145,MWO000145,2023-09-06 17:07:36,Machine Breakdown,11.32,729,201283.56,Resolved,Medium
DTE000146,MCH0550,LIN019,FAC007,FLR000146,MWO000146,2025-03-30 01:45:01,Machine Breakdown,24.47,1709,1746154.93,Resolved,Medium
DTE000147,MCH0020,LIN001,FAC001,FLR000147,MWO000147,2025-01-27 00:18:10,Machine Breakdown,7.29,1409,733944.03,Resolved,Low
DTE000148,MCH0028,LIN004,FAC002,FLR000148,MWO000148,2026-02-01 10:39:54,Machine Breakdown,6.37,1244,777562.72,Resolved,High
DTE000149,MCH0539,LIN017,FAC006,FLR000149,MWO000149,2023-04-08 22:07:24,Machine Breakdown,2.8,539,81461.62,Resolved,High
DTE000150,MCH0181,LIN020,FAC007,FLR000150,MWO000150,2024-07-20 23:08:31,Machine Breakdown,3.98,472,300886.62,Resolved,Critical
DTE000151,MCH0259,LIN026,FAC009,FLR000151,MWO000151,2023-11-11 19:03:13,Machine Breakdown,3.94,861,857573.96,Resolved,Medium
DTE000152,MCH0599,LIN003,FAC001,FLR000152,MWO000152,2023-02-08 21:21:35,Machine Breakdown,14.94,1475,327240.48,Resolved,Low
DTE000153,MCH0068,LIN009,FAC003,FLR000153,MWO000153,2023-01-08 00:27:40,Machine Breakdown,5.09,665,431240.66,Resolved,Medium
DTE000154,MCH0423,LIN009,FAC003,FLR000154,MWO000154,2024-09-15 20:11:48,Machine Breakdown,1.74,294,190845.69,Resolved,Medium
DTE000155,MCH0043,LIN023,FAC008,FLR000155,MWO000155,2025-08-15 01:05:14,Machine Breakdown,5.74,1014,636285.98,Resolved,Critical
DTE000156,MCH0594,LIN016,FAC006,FLR000156,MWO000156,2026-05-02 12:26:47,Machine Breakdown,8.98,1690,1565833.11,Resolved,High
DTE000157,MCH0300,LIN002,FAC001,FLR000157,MWO000157,2024-06-25 09:00:41,Machine Breakdown,0.93,168,107068.99,Resolved,Low
DTE000158,MCH0018,LIN026,FAC009,FLR000158,MWO000158,2024-06-23 07:59:36,Machine Breakdown,5.3,951,1060426.17,Resolved,Medium
DTE000159,MCH0498,LIN011,FAC004,FLR000159,MWO000159,2024-10-24 04:01:26,Machine Breakdown,16.41,659,575676.48,Resolved,Medium
DTE000160,MCH0198,LIN003,FAC001,FLR000160,MWO000160,2024-04-23 09:46:56,Machine Breakdown,6.13,1445,232106.29,Resolved,Low
DTE000161,MCH0180,LIN011,FAC004,FLR000161,MWO000161,2024-02-18 02:20:38,Machine Breakdown,10.27,419,257422.32,Resolved,Medium
DTE000162,MCH0041,LIN011,FAC004,FLR000162,MWO000162,2025-04-03 09:38:53,Machine Breakdown,5.08,968,547165.51,Resolved,Medium
DTE000163,MCH0363,LIN017,FAC006,FLR000163,MWO000163,2023-03-06 15:33:38,Machine Breakdown,4.45,677,753429.68,Resolved,High
DTE000164,MCH0114,LIN004,FAC002,FLR000164,MWO000164,2023-12-31 13:04:21,Machine Breakdown,14.91,2214,2241160.16,Resolved,Medium
DTE000165,MCH0176,LIN008,FAC003,FLR000165,MWO000165,2025-01-03 16:01:53,Machine Breakdown,6.72,527,329307.75,Open,High
DTE000166,MCH0287,LIN017,FAC006,FLR000166,MWO000166,2024-07-16 00:36:33,Machine Breakdown,13.87,810,339146.57,Resolved,High
DTE000167,MCH0279,LIN001,FAC001,FLR000167,MWO000167,2023-12-29 12:43:47,Machine Breakdown,8.14,1352,421654.05,Resolved,Critical
DTE000168,MCH0334,LIN018,FAC006,FLR000168,MWO000168,2024-02-27 12:49:04,Machine Breakdown,2.03,230,212870.15,Resolved,Medium
DTE000169,MCH0444,LIN012,FAC004,FLR000169,MWO000169,2023-10-04 17:03:27,Machine Breakdown,12.1,1102,637106.36,Resolved,Critical
DTE000170,MCH0275,LIN008,FAC003,FLR000170,MWO000170,2023-12-28 18:43:23,Machine Breakdown,4.64,253,83655.47,Resolved,High
DTE000171,MCH0561,LIN029,FAC010,FLR000171,MWO000171,2024-10-14 22:29:27,Machine Breakdown,8.94,1594,532074.33,Resolved,Medium
DTE000172,MCH0140,LIN013,FAC005,FLR000172,MWO000172,2025-08-02 07:03:24,Machine Breakdown,3.27,321,117917.71,Resolved,Medium
DTE000173,MCH0019,LIN029,FAC010,FLR000173,MWO000173,2025-10-20 21:15:16,Machine Breakdown,1.47,67,19756.07,Resolved,Medium
DTE000174,MCH0239,LIN015,FAC005,FLR000174,MWO000174,2025-08-05 01:23:24,Machine Breakdown,1.53,92,58013.32,Resolved,High
DTE000175,MCH0416,LIN002,FAC001,FLR000175,MWO000175,2026-05-21 03:00:23,Machine Breakdown,11.37,2640,1400943.87,Resolved,Critical
DTE000176,MCH0517,LIN005,FAC002,FLR000176,MWO000176,2023-03-28 04:36:02,Machine Breakdown,2.74,262,301392.9,Resolved,Medium
DTE000177,MCH0329,LIN014,FAC005,FLR000177,MWO000177,2025-08-14 19:05:07,Machine Breakdown,8.27,1976,2348561.92,Resolved,Critical
DTE000178,MCH0200,LIN004,FAC002,FLR000178,MWO000178,2023-01-11 19:23:35,Machine Breakdown,14.81,2585,2693463.66,Resolved,Low
DTE000179,MCH0314,LIN023,FAC008,FLR000179,MWO000179,2023-11-06 16:23:29,Machine Breakdown,7.49,1790,1653368.7,Resolved,High
DTE000180,MCH0288,LIN014,FAC005,FLR000180,MWO000180,2023-01-13 01:17:50,Machine Breakdown,4.53,567,352664.69,Resolved,Low
DTE000181,MCH0133,LIN013,FAC005,FLR000181,MWO000181,2025-09-21 16:03:43,Machine Breakdown,0.61,70,41008.31,Resolved,High
DTE000182,MCH0479,LIN007,FAC003,FLR000182,MWO000182,2024-08-23 10:43:13,Machine Breakdown,1.15,243,282504.61,Resolved,High
DTE000183,MCH0439,LIN026,FAC009,FLR000183,MWO000183,2024-11-02 03:16:45,Machine Breakdown,1.87,95,28112.64,Resolved,Low
DTE000184,MCH0166,LIN004,FAC002,FLR000184,MWO000184,2023-03-18 19:03:19,Machine Breakdown,4.56,902,564853.54,Resolved,High
DTE000185,MCH0057,LIN020,FAC007,FLR000185,MWO000185,2024-12-12 08:37:58,Machine Breakdown,15.47,3488,2149149.43,Resolved,Medium
DTE000186,MCH0324,LIN024,FAC008,FLR000186,MWO000186,2024-03-28 21:48:01,Machine Breakdown,2.21,238,256007.6,Open,Medium
DTE000187,MCH0036,LIN014,FAC005,FLR000187,MWO000187,2024-12-05 05:43:52,Machine Breakdown,4.88,458,221844.81,Resolved,High
DTE000188,MCH0295,LIN020,FAC007,FLR000188,MWO000188,2023-09-03 22:21:26,Machine Breakdown,3.34,426,233541.45,Open,High
DTE000189,MCH0286,LIN023,FAC008,FLR000189,MWO000189,2023-07-30 00:47:35,Machine Breakdown,8.97,1360,1106795.21,Resolved,High
DTE000190,MCH0018,LIN026,FAC009,FLR000190,MWO000190,2026-06-04 08:09:48,Machine Breakdown,6.49,1089,883673.92,Resolved,High
DTE000191,MCH0484,LIN019,FAC007,FLR000191,MWO000191,2024-03-04 18:37:52,Machine Breakdown,11.98,2129,871020.98,Resolved,Low
DTE000192,MCH0582,LIN013,FAC005,FLR000192,MWO000192,2024-09-06 02:09:05,Machine Breakdown,6.0,1031,1012850.93,Resolved,High
DTE000193,MCH0238,LIN007,FAC003,FLR000193,MWO000193,2024-11-08 09:06:46,Machine Breakdown,11.01,2159,2216070.99,Resolved,High
DTE000194,MCH0144,LIN010,FAC004,FLR000194,MWO000194,2026-05-21 18:42:49,Machine Breakdown,18.65,2429,723469.91,Resolved,High
DTE000195,MCH0184,LIN001,FAC001,FLR000195,MWO000195,2024-11-11 08:12:10,Machine Breakdown,11.81,804,734882.93,Resolved,Medium
DTE000196,MCH0331,LIN012,FAC004,FLR000196,MWO000196,2023-05-25 19:08:44,Machine Breakdown,11.48,1454,735429.19,Resolved,Critical
DTE000197,MCH0553,LIN013,FAC005,FLR000197,MWO000197,2025-10-02 04:32:05,Machine Breakdown,5.75,555,347168.95,Resolved,Low
DTE000198,MCH0560,LIN024,FAC008,FLR000198,MWO000198,2026-03-16 22:26:42,Machine Breakdown,10.94,2441,618631.55,Resolved,High
DTE000199,MCH0200,LIN004,FAC002,FLR000199,MWO000199,2024-11-11 00:35:31,Machine Breakdown,2.92,423,487555.06,Open,High
DTE000200,MCH0447,LIN011,FAC004,FLR000200,MWO000200,2023-02-15 22:01:28,Machine Breakdown,15.64,3722,3005378.16,Resolved,Medium
DTE000201,MCH0129,LIN003,FAC001,FLR000201,MWO000201,2023-03-12 03:00:00,Machine Breakdown,3.45,602,666892.18,Resolved,Critical
DTE000202,MCH0243,LIN001,FAC001,FLR000202,MWO000202,2023-03-19 18:03:55,Machine Breakdown,5.54,832,469355.43,Resolved,Low
DTE000203,MCH0533,LIN017,FAC006,FLR000203,MWO000203,2023-01-14 12:55:36,Machine Breakdown,2.15,328,339957.61,Resolved,Low
DTE000204,MCH0169,LIN003,FAC001,FLR000204,MWO000204,2023-10-06 22:46:19,Machine Breakdown,12.43,1793,324576.2,Open,High
DTE000205,MCH0549,LIN013,FAC005,FLR000205,MWO000205,2024-01-12 22:26:36,Machine Breakdown,10.65,2527,664257.65,Resolved,Medium
DTE000206,MCH0337,LIN028,FAC010,FLR000206,MWO000206,2025-10-22 19:33:43,Machine Breakdown,11.89,1668,1603457.97,Resolved,Low
DTE000207,MCH0544,LIN003,FAC001,FLR000207,MWO000207,2024-05-04 23:52:31,Machine Breakdown,0.41,45,46689.32,Resolved,Medium
DTE000208,MCH0182,LIN025,FAC009,FLR000208,MWO000208,2023-07-09 18:32:29,Machine Breakdown,10.64,2378,2639545.03,Resolved,High
DTE000209,MCH0399,LIN028,FAC010,FLR000209,MWO000209,2026-04-06 10:32:26,Machine Breakdown,1.11,231,72851.88,Open,Medium
DTE000210,MCH0561,LIN029,FAC010,FLR000210,MWO000210,2026-01-21 20:30:19,Machine Breakdown,17.63,2626,2951585.91,Open,Medium
DTE000211,MCH0122,LIN001,FAC001,FLR000211,MWO000211,2024-06-30 21:19:08,Machine Breakdown,7.82,535,605595.61,Open,Low
DTE000212,MCH0389,LIN002,FAC001,FLR000212,MWO000212,2024-07-14 21:17:03,Machine Breakdown,7.89,508,478639.8,Resolved,Medium
DTE000213,MCH0013,LIN023,FAC008,FLR000213,MWO000213,2026-01-03 20:00:00,Machine Breakdown,4.43,606,458738.97,Resolved,Critical
DTE000214,MCH0085,LIN020,FAC007,FLR000214,MWO000214,2023-09-05 02:23:55,Machine Breakdown,7.19,1334,730149.23,Resolved,Low
DTE000215,MCH0426,LIN009,FAC003,FLR000215,MWO000215,2025-04-29 13:53:27,Machine Breakdown,7.42,1312,565178.49,Resolved,High
DTE000216,MCH0314,LIN023,FAC008,FLR000216,MWO000216,2023-03-12 00:35:14,Machine Breakdown,3.75,345,192222.08,Resolved,High
DTE000217,MCH0133,LIN013,FAC005,FLR000217,MWO000217,2026-03-07 04:17:38,Machine Breakdown,18.37,1104,379703.31,Open,High
DTE000218,MCH0106,LIN018,FAC006,FLR000218,MWO000218,2023-01-09 19:12:26,Machine Breakdown,12.26,936,180126.25,Resolved,Medium
DTE000219,MCH0385,LIN006,FAC002,FLR000219,MWO000219,2025-02-15 09:35:06,Machine Breakdown,14.25,858,307652.13,Resolved,High
DTE000220,MCH0454,LIN022,FAC008,FLR000220,MWO000220,2024-10-21 22:34:31,Machine Breakdown,8.33,664,135696.37,Resolved,Medium
DTE000221,MCH0265,LIN011,FAC004,FLR000221,MWO000221,2023-11-25 17:09:25,Machine Breakdown,35.4,2195,2445075.4,Resolved,High
DTE000222,MCH0204,LIN002,FAC001,FLR000222,MWO000222,2023-11-30 21:19:23,Machine Breakdown,6.57,443,212837.85,Resolved,Medium
DTE000223,MCH0194,LIN015,FAC005,FLR000223,MWO000223,2025-03-14 06:48:26,Machine Breakdown,11.27,1742,787436.25,Resolved,Medium
DTE000224,MCH0281,LIN027,FAC009,FLR000224,MWO000224,2025-05-07 00:38:42,Machine Breakdown,3.97,251,206322.37,Resolved,High
DTE000225,MCH0353,LIN002,FAC001,FLR000225,MWO000225,2023-06-22 18:07:56,Machine Breakdown,5.52,586,561989.6,Resolved,High
DTE000226,MCH0245,LIN030,FAC010,FLR000226,MWO000226,2025-05-23 08:10:36,Machine Breakdown,10.28,2225,1701313.26,Resolved,High
DTE000227,MCH0396,LIN028,FAC010,FLR000227,MWO000227,2026-05-08 01:31:21,Machine Breakdown,5.7,1088,964529.69,Resolved,High
DTE000228,MCH0218,LIN007,FAC003,FLR000228,MWO000228,2023-01-28 01:10:02,Machine Breakdown,2.33,117,114773.98,Resolved,Medium
DTE000229,MCH0377,LIN009,FAC003,FLR000229,MWO000229,2023-06-17 05:51:40,Machine Breakdown,16.78,1671,426033.19,Resolved,Medium
DTE000230,MCH0440,LIN027,FAC009,FLR000230,MWO000230,2026-04-16 01:07:48,Machine Breakdown,2.61,271,70539.41,Resolved,Medium
DTE000231,MCH0078,LIN001,FAC001,FLR000231,MWO000231,2024-02-13 12:00:36,Machine Breakdown,6.29,1014,1020430.66,Resolved,High
DTE000232,MCH0225,LIN006,FAC002,FLR000232,MWO000232,2025-06-20 22:53:38,Machine Breakdown,2.96,465,306109.95,Resolved,Medium
DTE000233,MCH0438,LIN013,FAC005,FLR000233,MWO000233,2024-10-07 01:30:57,Machine Breakdown,6.87,1343,688653.6,Resolved,Medium
DTE000234,MCH0549,LIN013,FAC005,FLR000234,MWO000234,2025-04-17 18:23:27,Machine Breakdown,6.3,1135,177065.66,Resolved,Medium
DTE000235,MCH0091,LIN024,FAC008,FLR000235,MWO000235,2023-08-02 06:14:05,Machine Breakdown,15.67,3028,1506743.23,Resolved,Low
DTE000236,MCH0136,LIN019,FAC007,FLR000236,MWO000236,2025-07-29 00:09:25,Machine Breakdown,15.39,1358,1426286.21,Resolved,Low
DTE000237,MCH0060,LIN022,FAC008,FLR000237,MWO000237,2024-02-24 06:47:22,Machine Breakdown,4.65,734,250173.44,Resolved,High
DTE000238,MCH0575,LIN008,FAC003,FLR000238,MWO000238,2025-08-12 07:20:05,Machine Breakdown,5.99,359,233686.41,Resolved,Medium
DTE000239,MCH0556,LIN013,FAC005,FLR000239,MWO000239,2024-07-04 21:39:38,Machine Breakdown,2.8,649,106936.32,Resolved,High
DTE000240,MCH0431,LIN023,FAC008,FLR000240,MWO000240,2025-02-10 22:37:34,Machine Breakdown,6.99,586,630940.07,Resolved,Critical
DTE000241,MCH0530,LIN014,FAC005,FLR000241,MWO000241,2024-04-21 12:37:49,Machine Breakdown,0.73,150,78658.59,Resolved,High
DTE000242,MCH0012,LIN030,FAC010,FLR000242,MWO000242,2023-08-22 19:53:41,Machine Breakdown,11.85,2259,1518058.55,Resolved,High
DTE000243,MCH0505,LIN023,FAC008,FLR000243,MWO000243,2024-02-18 00:04:42,Machine Breakdown,5.58,445,404218.34,Resolved,High
DTE000244,MCH0169,LIN003,FAC001,FLR000244,MWO000244,2026-04-25 02:33:34,Machine Breakdown,4.79,735,609713.33,Resolved,Medium
DTE000245,MCH0099,LIN011,FAC004,FLR000245,MWO000245,2023-01-23 05:25:51,Machine Breakdown,14.53,822,240903.25,Resolved,Critical
DTE000246,MCH0358,LIN027,FAC009,FLR000246,MWO000246,2024-09-02 07:40:59,Machine Breakdown,16.99,3493,1695327.52,Resolved,Low
DTE000247,MCH0266,LIN021,FAC007,FLR000247,MWO000247,2026-06-01 01:13:49,Machine Breakdown,23.64,2589,1947830.38,Resolved,Medium
DTE000248,MCH0451,LIN013,FAC005,FLR000248,MWO000248,2026-01-14 18:25:32,Machine Breakdown,4.19,186,132556.27,Resolved,Medium
DTE000249,MCH0310,LIN029,FAC010,FLR000249,MWO000249,2025-07-08 17:57:38,Machine Breakdown,9.67,1432,507344.03,Resolved,Low
DTE000250,MCH0536,LIN030,FAC010,FLR000250,MWO000250,2026-06-07 01:58:06,Machine Breakdown,9.41,1768,1444675.51,Open,Low
DTE000251,MCH0521,LIN019,FAC007,FLR000251,MWO000251,2025-02-03 08:37:25,Machine Breakdown,2.58,290,55399.2,Resolved,High
DTE000252,MCH0113,LIN015,FAC005,FLR000252,MWO000252,2026-05-09 20:01:53,Machine Breakdown,10.49,582,680184.73,Resolved,High
DTE000253,MCH0167,LIN020,FAC007,FLR000253,MWO000253,2024-07-12 00:08:29,Machine Breakdown,10.39,1181,843260.95,Resolved,Low
DTE000254,MCH0553,LIN013,FAC005,FLR000254,MWO000254,2023-09-08 04:14:35,Machine Breakdown,10.71,604,158901.97,Open,Critical
DTE000255,MCH0283,LIN027,FAC009,FLR000255,MWO000255,2024-10-31 18:54:16,Machine Breakdown,10.89,2611,2229861.48,Resolved,Medium
DTE000256,MCH0439,LIN026,FAC009,FLR000256,MWO000256,2024-11-17 07:44:41,Machine Breakdown,1.98,155,121252.48,Resolved,Critical
DTE000257,MCH0599,LIN003,FAC001,FLR000257,MWO000257,2024-03-25 09:25:02,Machine Breakdown,11.12,1811,455466.73,Resolved,Medium
DTE000258,MCH0243,LIN001,FAC001,FLR000258,MWO000258,2025-12-08 06:27:02,Machine Breakdown,3.24,689,723194.59,Resolved,Medium
DTE000259,MCH0548,LIN011,FAC004,FLR000259,MWO000259,2025-09-25 07:34:00,Machine Breakdown,6.28,1053,548851.53,Resolved,Medium
DTE000260,MCH0090,LIN018,FAC006,FLR000260,MWO000260,2023-07-12 14:31:30,Machine Breakdown,0.51,30,9439.73,Resolved,Critical
DTE000261,MCH0156,LIN017,FAC006,FLR000261,MWO000261,2026-04-21 10:29:24,Machine Breakdown,4.42,801,619509.72,Resolved,Medium
DTE000262,MCH0228,LIN011,FAC004,FLR000262,MWO000262,2026-06-09 16:06:29,Machine Breakdown,6.12,1254,655159.37,Open,Medium
DTE000263,MCH0258,LIN026,FAC009,FLR000263,MWO000263,2023-03-15 12:40:16,Machine Breakdown,0.46,50,20340.55,Resolved,High
DTE000264,MCH0009,LIN026,FAC009,FLR000264,MWO000264,2023-11-04 07:35:08,Machine Breakdown,5.0,890,836455.32,Open,High
DTE000265,MCH0088,LIN015,FAC005,FLR000265,MWO000265,2025-10-21 17:38:22,Machine Breakdown,16.51,1221,314470.41,Resolved,Low
DTE000266,MCH0002,LIN009,FAC003,FLR000266,MWO000266,2025-07-09 20:04:12,Machine Breakdown,5.75,432,314557.22,Resolved,Medium
DTE000267,MCH0374,LIN013,FAC005,FLR000267,MWO000267,2024-09-20 02:52:28,Machine Breakdown,3.55,165,44498.32,Resolved,Critical
DTE000268,MCH0030,LIN022,FAC008,FLR000268,MWO000268,2024-01-02 13:14:08,Machine Breakdown,5.78,897,878011.68,Resolved,Critical
DTE000269,MCH0269,LIN002,FAC001,FLR000269,MWO000269,2023-12-08 12:54:26,Machine Breakdown,3.32,288,110354.04,Resolved,High
DTE000270,MCH0332,LIN025,FAC009,FLR000270,MWO000270,2025-09-30 20:46:49,Machine Breakdown,8.52,549,567582.29,Resolved,Critical
DTE000271,MCH0223,LIN025,FAC009,FLR000271,MWO000271,2023-09-25 11:45:04,Machine Breakdown,10.57,1331,971325.18,Open,Medium
DTE000272,MCH0028,LIN004,FAC002,FLR000272,MWO000272,2024-08-23 10:14:34,Machine Breakdown,3.3,164,99854.46,Resolved,High
DTE000273,MCH0247,LIN026,FAC009,FLR000273,MWO000273,2023-02-01 10:57:47,Machine Breakdown,15.73,3545,2487759.51,Resolved,Medium
DTE000274,MCH0360,LIN028,FAC010,FLR000274,MWO000274,2024-04-03 19:52:03,Machine Breakdown,2.25,495,250003.4,Resolved,Low
DTE000275,MCH0283,LIN027,FAC009,FLR000275,MWO000275,2023-08-16 09:13:44,Machine Breakdown,16.51,984,1174680.31,Resolved,Low
DTE000276,MCH0127,LIN004,FAC002,FLR000276,MWO000276,2023-02-07 07:03:27,Machine Breakdown,14.03,3074,1551951.63,Resolved,Critical
DTE000277,MCH0227,LIN023,FAC008,FLR000277,MWO000277,2025-06-14 01:02:02,Machine Breakdown,0.34,42,49042.9,Resolved,High
DTE000278,MCH0150,LIN008,FAC003,FLR000278,MWO000278,2025-04-14 09:53:50,Machine Breakdown,2.29,488,406949.98,Resolved,Medium
DTE000279,MCH0438,LIN013,FAC005,FLR000279,MWO000279,2023-08-12 04:22:14,Machine Breakdown,13.36,2358,629020.93,Resolved,Medium
DTE000280,MCH0415,LIN008,FAC003,FLR000280,MWO000280,2025-11-14 19:12:56,Machine Breakdown,10.02,1851,1587502.5,Resolved,Critical
DTE000281,MCH0141,LIN006,FAC002,FLR000281,MWO000281,2023-06-03 06:41:01,Machine Breakdown,1.4,209,67426.99,Resolved,Critical
DTE000282,MCH0391,LIN007,FAC003,FLR000282,MWO000282,2025-09-25 06:38:52,Machine Breakdown,1.31,148,95527.62,Resolved,High
DTE000283,MCH0255,LIN005,FAC002,FLR000283,MWO000283,2025-12-30 18:53:01,Machine Breakdown,14.59,3085,3071580.06,Resolved,High
DTE000284,MCH0176,LIN008,FAC003,FLR000284,MWO000284,2024-05-17 06:55:33,Machine Breakdown,18.6,3543,4131360.56,Resolved,Medium
DTE000285,MCH0057,LIN020,FAC007,FLR000285,MWO000285,2026-06-02 10:29:46,Machine Breakdown,15.15,2134,1451381.86,Resolved,High
DTE000286,MCH0416,LIN002,FAC001,FLR000286,MWO000286,2023-09-06 23:39:13,Machine Breakdown,6.14,555,425659.75,Resolved,Medium
DTE000287,MCH0328,LIN024,FAC008,FLR000287,MWO000287,2024-08-17 07:42:36,Machine Breakdown,32.49,2782,1341412.62,Resolved,Medium
DTE000288,MCH0309,LIN007,FAC003,FLR000288,MWO000288,2023-03-28 03:15:41,Machine Breakdown,20.79,2352,2502004.92,Resolved,Medium
DTE000289,MCH0587,LIN024,FAC008,FLR000289,MWO000289,2024-01-29 22:34:21,Machine Breakdown,20.22,3408,2063781.03,Resolved,Medium
DTE000290,MCH0292,LIN015,FAC005,FLR000290,MWO000290,2024-12-10 00:43:41,Machine Breakdown,25.27,2431,2444783.52,Resolved,Medium
DTE000291,MCH0069,LIN018,FAC006,FLR000291,MWO000291,2024-10-28 12:07:17,Machine Breakdown,17.86,3560,4089344.9,Resolved,High
DTE000292,MCH0359,LIN019,FAC007,FLR000292,MWO000292,2026-03-12 09:31:33,Machine Breakdown,14.13,1557,287821.03,Resolved,Critical
DTE000293,MCH0231,LIN008,FAC003,FLR000293,MWO000293,2023-08-25 02:59:08,Machine Breakdown,6.5,443,356306.36,Resolved,High
DTE000294,MCH0397,LIN010,FAC004,FLR000294,MWO000294,2024-08-05 12:18:37,Machine Breakdown,14.88,3507,2262251.53,Resolved,Medium
DTE000295,MCH0238,LIN007,FAC003,FLR000295,MWO000295,2025-11-12 14:01:45,Machine Breakdown,16.82,4000,2489060.12,Resolved,Critical
DTE000296,MCH0519,LIN030,FAC010,FLR000296,MWO000296,2026-05-27 07:36:22,Machine Breakdown,17.11,2439,1530958.55,Resolved,High
DTE000297,MCH0037,LIN022,FAC008,FLR000297,MWO000297,2024-06-17 17:56:11,Machine Breakdown,9.34,1997,1124934.96,Resolved,High
DTE000298,MCH0004,LIN020,FAC007,FLR000298,MWO000298,2024-09-01 15:33:37,Machine Breakdown,0.71,158,76002.38,Resolved,Medium
DTE000299,MCH0598,LIN029,FAC010,FLR000299,MWO000299,2024-10-25 04:01:15,Machine Breakdown,12.64,1241,1051402.19,Resolved,High
DTE000300,MCH0353,LIN002,FAC001,FLR000300,MWO000300,2024-05-28 23:49:26,Machine Breakdown,2.25,480,367249.55,Resolved,High
DTE000301,MCH0030,LIN022,FAC008,FLR000301,MWO000301,2025-02-17 23:16:34,Machine Breakdown,7.07,1264,221680.52,Resolved,Medium
DTE000302,MCH0233,LIN015,FAC005,FLR000302,MWO000302,2026-02-10 22:51:11,Machine Breakdown,3.15,587,162792.27,Resolved,Medium
DTE000303,MCH0263,LIN018,FAC006,FLR000303,MWO000303,2026-04-01 09:23:53,Machine Breakdown,2.15,442,345406.98,Resolved,Medium
DTE000304,MCH0464,LIN002,FAC001,FLR000304,MWO000304,2023-11-15 18:50:12,Machine Breakdown,15.63,2061,1194212.62,Resolved,High
DTE000305,MCH0003,LIN025,FAC009,FLR000305,MWO000305,2026-05-21 11:04:50,Machine Breakdown,3.47,324,226947.79,Resolved,Medium
DTE000306,MCH0475,LIN003,FAC001,FLR000306,MWO000306,2023-07-17 14:36:23,Machine Breakdown,8.28,616,569518.14,Resolved,Low
DTE000307,MCH0242,LIN001,FAC001,FLR000307,MWO000307,2025-10-24 11:58:28,Machine Breakdown,1.95,156,111160.8,Resolved,Low
DTE000308,MCH0106,LIN018,FAC006,FLR000308,MWO000308,2026-03-27 19:46:25,Machine Breakdown,2.81,166,192888.04,Resolved,Low
DTE000309,MCH0120,LIN007,FAC003,FLR000309,MWO000309,2024-01-27 16:27:58,Machine Breakdown,15.41,740,410696.01,Resolved,Medium
DTE000310,MCH0141,LIN006,FAC002,FLR000310,MWO000310,2024-07-10 21:03:23,Machine Breakdown,3.78,451,94852.68,Resolved,Low
DTE000311,MCH0302,LIN016,FAC006,FLR000311,MWO000311,2026-01-27 13:43:39,Machine Breakdown,21.5,1902,2116417.82,Resolved,Medium
DTE000312,MCH0031,LIN010,FAC004,FLR000312,MWO000312,2025-02-01 03:08:08,Machine Breakdown,18.19,2895,1724431.95,Open,Low
DTE000313,MCH0426,LIN009,FAC003,FLR000313,MWO000313,2025-03-21 10:55:32,Machine Breakdown,3.86,537,609559.06,Resolved,Critical
DTE000314,MCH0541,LIN019,FAC007,FLR000314,MWO000314,2024-01-29 09:57:50,Machine Breakdown,18.94,1893,2117612.37,Resolved,High
DTE000315,MCH0172,LIN008,FAC003,FLR000315,MWO000315,2023-09-16 16:39:43,Machine Breakdown,7.35,1427,1370260.75,Resolved,High
DTE000316,MCH0092,LIN005,FAC002,FLR000316,MWO000316,2023-02-15 04:40:11,Machine Breakdown,11.55,2177,2058740.02,Resolved,Medium
DTE000317,MCH0198,LIN003,FAC001,FLR000317,MWO000317,2025-05-31 19:38:50,Machine Breakdown,3.05,311,77019.18,Resolved,Medium
DTE000318,MCH0447,LIN011,FAC004,FLR000318,MWO000318,2023-11-11 11:01:44,Machine Breakdown,13.43,2986,2019516.12,Resolved,Medium
DTE000319,MCH0442,LIN001,FAC001,FLR000319,MWO000319,2023-07-09 05:13:04,Machine Breakdown,3.53,592,630749.77,Resolved,High
DTE000320,MCH0059,LIN012,FAC004,FLR000320,MWO000320,2023-11-05 15:58:42,Machine Breakdown,4.78,1146,466327.5,Resolved,Medium
DTE000321,MCH0527,LIN027,FAC009,FLR000321,MWO000321,2026-06-21 04:29:36,Machine Breakdown,10.28,1858,1026855.48,Resolved,Medium
DTE000322,MCH0302,LIN016,FAC006,FLR000322,MWO000322,2024-10-31 06:27:47,Machine Breakdown,20.06,1353,693948.19,Resolved,High
DTE000323,MCH0437,LIN015,FAC005,FLR000323,MWO000323,2025-12-20 12:53:08,Machine Breakdown,4.08,512,366485.24,Resolved,Medium
DTE000324,MCH0180,LIN011,FAC004,FLR000324,MWO000324,2026-01-19 23:04:28,Machine Breakdown,16.18,3433,1086486.18,Resolved,High
DTE000325,MCH0101,LIN022,FAC008,FLR000325,MWO000325,2024-01-29 00:29:45,Machine Breakdown,8.21,1636,388213.2,Resolved,High
DTE000326,MCH0354,LIN005,FAC002,FLR000326,MWO000326,2025-04-15 07:14:59,Machine Breakdown,4.38,391,334265.9,Resolved,Medium
DTE000327,MCH0340,LIN012,FAC004,FLR000327,MWO000327,2025-03-28 12:25:37,Machine Breakdown,1.22,162,39325.42,Resolved,Medium
DTE000328,MCH0508,LIN010,FAC004,FLR000328,MWO000328,2023-09-29 16:05:59,Machine Breakdown,2.24,529,363887.51,Resolved,Medium
DTE000329,MCH0316,LIN029,FAC010,FLR000329,MWO000329,2025-10-05 05:02:20,Machine Breakdown,14.73,1418,491805.72,Resolved,Medium
DTE000330,MCH0341,LIN006,FAC002,FLR000330,MWO000330,2023-09-09 00:35:12,Machine Breakdown,6.96,1350,398323.78,Open,Critical
DTE000331,MCH0017,LIN015,FAC005,FLR000331,MWO000331,2024-07-31 03:26:47,Machine Breakdown,5.24,1123,293607.81,Resolved,Medium
DTE000332,MCH0435,LIN027,FAC009,FLR000332,MWO000332,2024-11-26 17:34:57,Machine Breakdown,4.31,402,450864.7,Resolved,High
DTE000333,MCH0310,LIN029,FAC010,FLR000333,MWO000333,2023-11-21 16:14:11,Machine Breakdown,8.02,1611,1471406.83,Resolved,High
DTE000334,MCH0547,LIN005,FAC002,FLR000334,MWO000334,2026-05-20 22:24:10,Machine Breakdown,10.69,1541,1753730.25,Resolved,Low
DTE000335,MCH0093,LIN027,FAC009,FLR000335,MWO000335,2023-12-17 18:44:06,Machine Breakdown,13.9,1361,1559373.29,Resolved,Critical
DTE000336,MCH0527,LIN027,FAC009,FLR000336,MWO000336,2023-08-28 14:56:29,Machine Breakdown,9.88,594,549243.5,Resolved,High
DTE000337,MCH0386,LIN012,FAC004,FLR000337,MWO000337,2024-05-04 11:53:31,Machine Breakdown,5.23,909,1044846.77,Resolved,Critical
DTE000338,MCH0274,LIN024,FAC008,FLR000338,MWO000338,2023-06-14 08:04:53,Machine Breakdown,5.86,635,271697.65,Open,Medium
DTE000339,MCH0079,LIN008,FAC003,FLR000339,MWO000339,2023-06-23 06:57:37,Machine Breakdown,8.43,961,738135.76,Resolved,Low
DTE000340,MCH0425,LIN014,FAC005,FLR000340,MWO000340,2024-05-18 11:50:32,Machine Breakdown,7.95,1736,1013902.21,Resolved,Medium
DTE000341,MCH0586,LIN014,FAC005,FLR000341,MWO000341,2025-03-23 18:06:03,Machine Breakdown,3.22,498,308380.74,Resolved,High
DTE000342,MCH0289,LIN010,FAC004,FLR000342,MWO000342,2024-12-17 19:53:47,Machine Breakdown,4.78,926,967821.6,Resolved,Medium
DTE000343,MCH0282,LIN001,FAC001,FLR000343,MWO000343,2026-06-15 10:43:58,Machine Breakdown,5.21,233,209557.24,Resolved,High
DTE000344,MCH0325,LIN011,FAC004,FLR000344,MWO000344,2026-04-05 19:58:22,Machine Breakdown,7.04,925,1015986.0,Resolved,Medium
DTE000345,MCH0117,LIN013,FAC005,FLR000345,MWO000345,2025-11-12 03:38:03,Machine Breakdown,0.97,224,179900.53,Resolved,Low
DTE000346,MCH0587,LIN024,FAC008,FLR000346,MWO000346,2025-08-08 15:08:23,Machine Breakdown,9.35,1405,437235.02,Resolved,High
DTE000347,MCH0189,LIN004,FAC002,FLR000347,MWO000347,2024-09-12 10:16:35,Machine Breakdown,3.42,709,413170.25,Resolved,Low
DTE000348,MCH0032,LIN023,FAC008,FLR000348,MWO000348,2026-03-29 01:39:39,Machine Breakdown,12.14,1810,1453482.97,Resolved,High
DTE000349,MCH0509,LIN021,FAC007,FLR000349,MWO000349,2026-01-24 10:02:33,Machine Breakdown,9.04,1787,1804289.41,Resolved,High
DTE000350,MCH0077,LIN003,FAC001,FLR000350,MWO000350,2024-03-20 18:38:55,Machine Breakdown,12.83,1101,340935.9,Resolved,Low
DTE000351,MCH0341,LIN006,FAC002,FLR000351,MWO000351,2023-07-30 17:38:50,Machine Breakdown,12.32,1049,641797.14,Resolved,Medium
DTE000352,MCH0455,LIN030,FAC010,FLR000352,MWO000352,2025-03-27 09:58:19,Machine Breakdown,4.66,561,644129.01,Resolved,Medium
DTE000353,MCH0543,LIN019,FAC007,FLR000353,MWO000353,2023-02-20 09:50:27,Machine Breakdown,20.4,3253,2842125.33,Resolved,Critical
DTE000354,MCH0459,LIN006,FAC002,FLR000354,MWO000354,2025-01-03 14:40:39,Machine Breakdown,3.64,187,127752.88,Resolved,Medium
DTE000355,MCH0047,LIN026,FAC009,FLR000355,MWO000355,2025-11-19 19:50:25,Machine Breakdown,12.99,2390,808295.24,Resolved,Medium
DTE000356,MCH0150,LIN008,FAC003,FLR000356,MWO000356,2025-11-13 19:19:09,Machine Breakdown,1.73,382,385949.42,Resolved,Medium
DTE000357,MCH0177,LIN009,FAC003,FLR000357,MWO000357,2025-04-13 19:10:21,Machine Breakdown,14.56,2581,2005521.91,Resolved,Critical
DTE000358,MCH0053,LIN007,FAC003,FLR000358,MWO000358,2025-12-26 10:32:55,Machine Breakdown,8.66,1446,1476290.09,Resolved,High
DTE000359,MCH0059,LIN012,FAC004,FLR000359,MWO000359,2026-01-06 20:49:23,Machine Breakdown,4.37,625,634690.69,Resolved,Low
DTE000360,MCH0133,LIN013,FAC005,FLR000360,MWO000360,2024-05-30 11:31:12,Machine Breakdown,3.06,613,232741.93,Resolved,Critical
DTE000361,MCH0409,LIN021,FAC007,FLR000361,MWO000361,2023-11-23 01:15:16,Machine Breakdown,2.27,320,370422.01,Resolved,Medium
DTE000362,MCH0149,LIN004,FAC002,FLR000362,MWO000362,2026-05-25 21:45:55,Machine Breakdown,4.45,516,596555.88,Resolved,Medium
DTE000363,MCH0286,LIN023,FAC008,FLR000363,MWO000363,2026-03-29 13:01:05,Machine Breakdown,8.28,541,279123.94,Resolved,Medium
DTE000364,MCH0191,LIN025,FAC009,FLR000364,MWO000364,2026-01-27 03:18:30,Machine Breakdown,4.9,493,417774.84,Resolved,Medium
DTE000365,MCH0523,LIN023,FAC008,FLR000365,MWO000365,2023-04-14 16:51:35,Machine Breakdown,4.06,321,272997.5,Resolved,Low
DTE000366,MCH0577,LIN009,FAC003,FLR000366,MWO000366,2023-06-21 18:00:51,Machine Breakdown,2.13,341,146924.84,Resolved,Low
DTE000367,MCH0545,LIN004,FAC002,FLR000367,MWO000367,2024-04-04 05:13:13,Machine Breakdown,13.22,1506,1536772.98,Resolved,Medium
DTE000368,MCH0175,LIN019,FAC007,FLR000368,MWO000368,2025-02-19 10:42:55,Machine Breakdown,2.52,475,362204.4,Resolved,High
DTE000369,MCH0092,LIN005,FAC002,FLR000369,MWO000369,2025-08-25 11:34:55,Machine Breakdown,5.95,999,310654.58,Resolved,High
DTE000370,MCH0175,LIN019,FAC007,FLR000370,MWO000370,2023-05-30 18:17:12,Machine Breakdown,2.28,387,117145.93,Resolved,Low
DTE000371,MCH0191,LIN025,FAC009,FLR000371,MWO000371,2024-02-13 06:45:24,Machine Breakdown,2.97,657,706829.36,Resolved,Medium
DTE000372,MCH0253,LIN016,FAC006,FLR000372,MWO000372,2025-05-21 22:14:11,Machine Breakdown,11.72,1103,1118484.7,Resolved,Medium
DTE000373,MCH0072,LIN011,FAC004,FLR000373,MWO000373,2025-07-05 17:28:13,Machine Breakdown,4.96,320,292014.16,Resolved,High
DTE000374,MCH0143,LIN020,FAC007,FLR000374,MWO000374,2026-05-20 01:36:40,Machine Breakdown,7.69,1520,754305.07,Open,Critical
DTE000375,MCH0446,LIN004,FAC002,FLR000375,MWO000375,2025-01-19 15:44:44,Machine Breakdown,11.62,985,563188.64,Resolved,Critical
DTE000376,MCH0594,LIN016,FAC006,FLR000376,MWO000376,2023-09-03 04:52:42,Machine Breakdown,3.82,341,292345.19,Resolved,High
DTE000377,MCH0008,LIN015,FAC005,FLR000377,MWO000377,2023-04-13 10:16:40,Machine Breakdown,16.77,3798,3882207.42,Resolved,Medium
DTE000378,MCH0340,LIN012,FAC004,FLR000378,MWO000378,2023-12-10 23:27:28,Machine Breakdown,7.69,806,530200.5,Resolved,Low
DTE000379,MCH0491,LIN021,FAC007,FLR000379,MWO000379,2026-05-26 14:02:53,Machine Breakdown,3.99,263,114112.11,Resolved,Low
DTE000380,MCH0460,LIN030,FAC010,FLR000380,MWO000380,2023-11-10 20:57:23,Machine Breakdown,13.55,3131,1982075.96,Resolved,Medium
DTE000381,MCH0586,LIN014,FAC005,FLR000381,MWO000381,2025-07-02 14:01:42,Machine Breakdown,13.37,1635,618596.58,Resolved,Low
DTE000382,MCH0034,LIN007,FAC003,FLR000382,MWO000382,2026-03-07 19:12:29,Machine Breakdown,12.38,2129,1945593.0,Resolved,Medium
DTE000383,MCH0286,LIN023,FAC008,FLR000383,MWO000383,2025-10-23 22:12:48,Machine Breakdown,13.55,2679,1713330.68,Resolved,Low
DTE000384,MCH0096,LIN010,FAC004,FLR000384,MWO000384,2024-12-12 10:47:06,Machine Breakdown,6.13,1355,1085313.87,Resolved,High
DTE000385,MCH0106,LIN018,FAC006,FLR000385,MWO000385,2023-08-09 08:03:41,Machine Breakdown,5.54,986,701182.24,Open,Low
DTE000386,MCH0304,LIN026,FAC009,FLR000386,MWO000386,2025-05-04 01:14:09,Machine Breakdown,8.05,1682,596438.04,Open,Medium
DTE000387,MCH0095,LIN022,FAC008,FLR000387,MWO000387,2024-05-09 03:06:23,Machine Breakdown,1.85,406,319230.42,Resolved,Medium
DTE000388,MCH0311,LIN023,FAC008,FLR000388,MWO000388,2025-05-26 09:18:56,Machine Breakdown,13.22,2592,2079528.43,Resolved,Low
DTE000389,MCH0063,LIN013,FAC005,FLR000389,MWO000389,2025-06-05 00:16:01,Machine Breakdown,3.5,247,147420.6,Resolved,Low
DTE000390,MCH0060,LIN022,FAC008,FLR000390,MWO000390,2025-07-07 10:35:46,Machine Breakdown,4.39,763,602992.05,Resolved,Medium
DTE000391,MCH0105,LIN004,FAC002,FLR000391,MWO000391,2023-02-02 07:09:40,Machine Breakdown,26.41,4185,4158193.32,Resolved,High
DTE000392,MCH0367,LIN007,FAC003,FLR000392,MWO000392,2024-03-15 16:12:58,Machine Breakdown,24.32,2448,2100654.69,Resolved,High
DTE000393,MCH0462,LIN016,FAC006,FLR000393,MWO000393,2023-03-14 21:21:15,Machine Breakdown,13.41,2661,2752015.77,Resolved,High
DTE000394,MCH0149,LIN004,FAC002,FLR000394,MWO000394,2026-01-29 16:16:56,Machine Breakdown,6.57,346,307753.38,Resolved,Medium
DTE000395,MCH0535,LIN025,FAC009,FLR000395,MWO000395,2023-11-10 12:15:10,Machine Breakdown,4.34,980,697827.63,Resolved,High
DTE000396,MCH0422,LIN002,FAC001,FLR000396,MWO000396,2026-04-28 09:39:02,Machine Breakdown,1.42,120,118519.91,Resolved,Medium
DTE000397,MCH0003,LIN025,FAC009,FLR000397,MWO000397,2023-10-03 13:13:37,Machine Breakdown,6.16,427,294750.02,Resolved,Low
DTE000398,MCH0327,LIN009,FAC003,FLR000398,MWO000398,2023-11-23 08:35:01,Machine Breakdown,21.08,4524,3368761.99,Resolved,Critical
DTE000399,MCH0595,LIN028,FAC010,FLR000399,MWO000399,2026-02-01 16:37:08,Machine Breakdown,12.7,1418,647123.47,Resolved,Medium
DTE000400,MCH0356,LIN005,FAC002,FLR000400,MWO000400,2023-01-17 09:35:09,Machine Breakdown,3.32,191,178946.1,Resolved,Medium
DTE000401,MCH0379,LIN027,FAC009,FLR000401,MWO000401,2026-01-14 16:25:54,Machine Breakdown,11.4,1420,1316994.68,Resolved,Critical
DTE000402,MCH0034,LIN007,FAC003,FLR000402,MWO000402,2024-08-02 19:38:45,Machine Breakdown,6.9,348,52816.78,Resolved,Low
DTE000403,MCH0220,LIN023,FAC008,FLR000403,MWO000403,2025-08-04 17:49:30,Machine Breakdown,0.72,29,20315.63,Resolved,High
DTE000404,MCH0077,LIN003,FAC001,FLR000404,MWO000404,2024-06-23 03:03:32,Machine Breakdown,10.27,784,754489.09,Resolved,Medium
DTE000405,MCH0022,LIN024,FAC008,FLR000405,MWO000405,2024-04-12 03:31:38,Machine Breakdown,2.79,216,88820.04,Resolved,Medium
DTE000406,MCH0303,LIN020,FAC007,FLR000406,MWO000406,2026-04-09 09:13:52,Machine Breakdown,17.87,2392,409862.83,Resolved,High
DTE000407,MCH0383,LIN005,FAC002,FLR000407,MWO000407,2026-04-20 08:59:45,Machine Breakdown,12.91,1191,414921.26,Resolved,Critical
DTE000408,MCH0452,LIN026,FAC009,FLR000408,MWO000408,2025-12-28 07:00:09,Machine Breakdown,16.53,1182,845944.96,Open,Medium
DTE000409,MCH0216,LIN028,FAC010,FLR000409,MWO000409,2024-12-17 21:40:20,Machine Breakdown,6.05,1068,189905.58,Resolved,Low
DTE000410,MCH0165,LIN029,FAC010,FLR000410,MWO000410,2023-08-15 11:36:54,Machine Breakdown,6.48,1123,574494.06,Resolved,High
DTE000411,MCH0186,LIN010,FAC004,FLR000411,MWO000411,2023-12-22 00:40:48,Machine Breakdown,14.02,1134,1252704.49,Resolved,Low
DTE000412,MCH0112,LIN003,FAC001,FLR000412,MWO000412,2026-01-21 11:21:19,Machine Breakdown,8.9,951,949635.43,Resolved,High
DTE000413,MCH0166,LIN004,FAC002,FLR000413,MWO000413,2024-04-01 14:32:26,Machine Breakdown,4.62,749,358940.52,Resolved,Medium
DTE000414,MCH0527,LIN027,FAC009,FLR000414,MWO000414,2025-02-17 05:20:08,Machine Breakdown,18.3,817,394450.32,Open,High
DTE000415,MCH0466,LIN005,FAC002,FLR000415,MWO000415,2024-02-13 20:22:41,Machine Breakdown,14.24,1874,503027.44,Resolved,Medium
DTE000416,MCH0054,LIN006,FAC002,FLR000416,MWO000416,2026-03-11 08:39:24,Machine Breakdown,10.57,537,168252.87,Resolved,Low
DTE000417,MCH0144,LIN010,FAC004,FLR000417,MWO000417,2025-07-13 00:29:08,Machine Breakdown,2.84,124,23757.78,Resolved,High
DTE000418,MCH0396,LIN028,FAC010,FLR000418,MWO000418,2026-03-19 10:08:21,Machine Breakdown,11.31,2451,2585298.18,Resolved,Medium
DTE000419,MCH0251,LIN017,FAC006,FLR000419,MWO000419,2024-08-28 05:32:36,Machine Breakdown,10.86,809,825924.23,Resolved,Medium
DTE000420,MCH0526,LIN028,FAC010,FLR000420,MWO000420,2024-05-15 21:04:17,Machine Breakdown,6.32,512,439680.95,Resolved,Medium
DTE000421,MCH0159,LIN014,FAC005,FLR000421,MWO000421,2025-06-27 20:05:03,Machine Breakdown,27.63,3888,1979563.43,Resolved,Low
DTE000422,MCH0052,LIN006,FAC002,FLR000422,MWO000422,2026-01-15 10:06:00,Machine Breakdown,3.06,155,133182.13,Resolved,Critical
DTE000423,MCH0270,LIN013,FAC005,FLR000423,MWO000423,2025-10-23 00:08:46,Machine Breakdown,7.55,806,717011.95,Resolved,Critical
DTE000424,MCH0330,LIN023,FAC008,FLR000424,MWO000424,2023-08-31 00:14:48,Machine Breakdown,13.51,2829,2881738.32,Resolved,High
DTE000425,MCH0485,LIN007,FAC003,FLR000425,MWO000425,2025-02-08 11:36:12,Machine Breakdown,3.15,570,477345.81,Resolved,High
DTE000426,MCH0088,LIN015,FAC005,FLR000426,MWO000426,2025-06-02 10:15:23,Machine Breakdown,7.4,1353,1387657.87,Resolved,Medium
DTE000427,MCH0120,LIN007,FAC003,FLR000427,MWO000427,2023-12-29 03:36:55,Machine Breakdown,13.13,2893,775147.43,Resolved,Critical
DTE000428,MCH0363,LIN017,FAC006,FLR000428,MWO000428,2025-03-12 09:20:23,Machine Breakdown,2.7,451,437030.02,Resolved,Low
DTE000429,MCH0117,LIN013,FAC005,FLR000429,MWO000429,2023-09-29 09:55:01,Machine Breakdown,7.19,305,191556.72,Open,High
DTE000430,MCH0038,LIN022,FAC008,FLR000430,MWO000430,2023-10-28 00:19:12,Machine Breakdown,16.99,1003,613144.59,Resolved,High
DTE000431,MCH0497,LIN029,FAC010,FLR000431,MWO000431,2024-09-16 09:25:08,Machine Breakdown,9.42,1440,597803.95,Resolved,Medium
DTE000432,MCH0390,LIN011,FAC004,FLR000432,MWO000432,2023-07-06 09:49:03,Machine Breakdown,14.55,1180,389578.81,Resolved,High
DTE000433,MCH0014,LIN029,FAC010,FLR000433,MWO000433,2023-05-08 00:26:20,Machine Breakdown,8.13,705,118473.2,Resolved,Medium
DTE000434,MCH0586,LIN014,FAC005,FLR000434,MWO000434,2023-09-18 11:56:24,Machine Breakdown,4.58,313,198612.03,Resolved,High
DTE000435,MCH0050,LIN017,FAC006,FLR000435,MWO000435,2023-07-12 04:32:45,Machine Breakdown,1.03,189,35560.73,Resolved,Low
DTE000436,MCH0141,LIN006,FAC002,FLR000436,MWO000436,2023-01-17 20:13:40,Machine Breakdown,8.62,689,138451.46,Resolved,Medium
DTE000437,MCH0194,LIN015,FAC005,FLR000437,MWO000437,2023-04-02 04:32:34,Machine Breakdown,2.05,158,121123.25,Resolved,Critical
DTE000438,MCH0147,LIN028,FAC010,FLR000438,MWO000438,2025-09-12 16:07:51,Machine Breakdown,11.92,2545,2513457.31,Resolved,Medium
DTE000439,MCH0257,LIN013,FAC005,FLR000439,MWO000439,2026-03-05 17:18:21,Machine Breakdown,9.62,1788,1769204.33,Resolved,High
DTE000440,MCH0020,LIN001,FAC001,FLR000440,MWO000440,2025-05-12 19:57:20,Machine Breakdown,0.63,71,37437.42,Resolved,Medium
DTE000441,MCH0312,LIN015,FAC005,FLR000441,MWO000441,2024-04-12 00:44:57,Machine Breakdown,7.59,1750,1077634.08,Open,Medium
DTE000442,MCH0377,LIN009,FAC003,FLR000442,MWO000442,2024-07-18 08:30:36,Machine Breakdown,12.62,1244,963148.71,Resolved,Medium
DTE000443,MCH0106,LIN018,FAC006,FLR000443,MWO000443,2024-02-04 23:35:59,Machine Breakdown,7.27,1652,367968.87,Resolved,High
DTE000444,MCH0553,LIN013,FAC005,FLR000444,MWO000444,2025-10-28 08:39:15,Machine Breakdown,5.68,1362,235333.34,Open,Critical
DTE000445,MCH0233,LIN015,FAC005,FLR000445,MWO000445,2024-01-13 00:07:07,Machine Breakdown,3.47,354,307287.51,Resolved,Low
DTE000446,MCH0210,LIN004,FAC002,FLR000446,MWO000446,2026-04-10 01:53:01,Machine Breakdown,11.02,2235,1604845.79,Resolved,Medium
DTE000447,MCH0074,LIN001,FAC001,FLR000447,MWO000447,2026-02-20 20:40:22,Machine Breakdown,11.82,2379,872084.33,Resolved,High
DTE000448,MCH0031,LIN010,FAC004,FLR000448,MWO000448,2023-02-19 00:58:42,Machine Breakdown,2.44,422,456477.15,Resolved,Medium
DTE000449,MCH0036,LIN014,FAC005,FLR000449,MWO000449,2024-02-22 15:08:01,Machine Breakdown,7.0,1426,565193.85,Open,Medium
DTE000450,MCH0457,LIN007,FAC003,FLR000450,MWO000450,2023-09-10 05:29:59,Machine Breakdown,4.63,524,546187.74,Resolved,High
DTE000451,MCH0010,LIN011,FAC004,FLR000451,MWO000451,2026-03-25 19:28:49,Machine Breakdown,13.85,2674,2163847.93,Resolved,Medium
DTE000452,MCH0112,LIN003,FAC001,FLR000452,MWO000452,2026-02-26 22:43:26,Machine Breakdown,9.67,697,235746.75,Resolved,High
DTE000453,MCH0138,LIN003,FAC001,FLR000453,MWO000453,2025-06-21 20:33:37,Machine Breakdown,7.84,911,490521.67,Resolved,High
DTE000454,MCH0600,LIN014,FAC005,FLR000454,MWO000454,2026-04-30 15:11:10,Machine Breakdown,5.47,466,281491.55,Open,Medium
DTE000455,MCH0204,LIN002,FAC001,FLR000455,MWO000455,2026-01-31 22:16:18,Machine Breakdown,15.94,1672,543629.9,Open,Medium
DTE000456,MCH0371,LIN005,FAC002,FLR000456,MWO000456,2025-11-15 05:28:59,Machine Breakdown,17.62,3580,2222633.6,Resolved,Low
DTE000457,MCH0113,LIN015,FAC005,FLR000457,MWO000457,2023-03-11 02:28:01,Machine Breakdown,10.55,634,227465.64,Resolved,Medium
DTE000458,MCH0422,LIN002,FAC001,FLR000458,MWO000458,2025-05-28 22:47:03,Machine Breakdown,5.07,1052,235708.23,Resolved,High
DTE000459,MCH0490,LIN018,FAC006,FLR000459,MWO000459,2026-02-15 01:36:43,Machine Breakdown,12.36,960,524266.24,Open,Low
DTE000460,MCH0510,LIN023,FAC008,FLR000460,MWO000460,2026-05-03 09:11:38,Machine Breakdown,4.64,897,890137.36,Open,Low
DTE000461,MCH0508,LIN010,FAC004,FLR000461,MWO000461,2026-02-26 07:27:10,Machine Breakdown,18.38,3322,2677117.16,Resolved,Low
DTE000462,MCH0026,LIN006,FAC002,FLR000462,MWO000462,2025-10-19 09:27:21,Machine Breakdown,1.74,323,158882.14,Open,High
DTE000463,MCH0074,LIN001,FAC001,FLR000463,MWO000463,2023-07-10 05:49:48,Machine Breakdown,11.74,2113,1442666.63,Resolved,Medium
DTE000464,MCH0133,LIN013,FAC005,FLR000464,MWO000464,2024-04-11 01:35:24,Machine Breakdown,7.29,336,107849.65,Resolved,Low
DTE000465,MCH0161,LIN008,FAC003,FLR000465,MWO000465,2023-09-15 23:43:07,Machine Breakdown,16.0,3532,610336.97,Resolved,High
DTE000466,MCH0521,LIN019,FAC007,FLR000466,MWO000466,2026-02-10 13:06:29,Machine Breakdown,8.49,828,691166.0,Resolved,Low
DTE000467,MCH0468,LIN030,FAC010,FLR000467,MWO000467,2023-04-28 01:57:55,Machine Breakdown,2.75,560,636047.65,Resolved,Medium
DTE000468,MCH0381,LIN011,FAC004,FLR000468,MWO000468,2023-01-26 08:18:03,Machine Breakdown,4.95,1018,845692.95,Resolved,Low
DTE000469,MCH0482,LIN024,FAC008,FLR000469,MWO000469,2025-07-19 04:03:03,Machine Breakdown,11.3,661,362451.2,Resolved,High
DTE000470,MCH0382,LIN018,FAC006,FLR000470,MWO000470,2025-10-02 08:08:49,Machine Breakdown,9.27,941,993616.42,Resolved,High
DTE000471,MCH0295,LIN020,FAC007,FLR000471,MWO000471,2023-07-08 18:43:52,Machine Breakdown,4.96,377,234245.04,Resolved,Medium
DTE000472,MCH0038,LIN022,FAC008,FLR000472,MWO000472,2024-06-01 19:35:25,Machine Breakdown,4.45,631,179100.13,Resolved,High
DTE000473,MCH0349,LIN024,FAC008,FLR000473,MWO000473,2023-08-02 19:47:52,Machine Breakdown,6.42,1373,1241781.23,Resolved,High
DTE000474,MCH0311,LIN023,FAC008,FLR000474,MWO000474,2024-12-18 12:50:08,Machine Breakdown,9.65,2294,770939.62,Open,Low
DTE000475,MCH0595,LIN028,FAC010,FLR000475,MWO000475,2026-01-27 13:48:47,Machine Breakdown,8.76,1210,1005765.35,Resolved,Low
DTE000476,MCH0579,LIN003,FAC001,FLR000476,MWO000476,2023-01-03 03:46:29,Machine Breakdown,15.82,1769,627617.15,Resolved,High
DTE000477,MCH0241,LIN010,FAC004,FLR000477,MWO000477,2024-09-24 23:08:44,Machine Breakdown,7.41,907,982241.55,Resolved,Medium
DTE000478,MCH0318,LIN006,FAC002,FLR000478,MWO000478,2024-10-25 15:56:54,Machine Breakdown,14.34,1486,1141994.25,Resolved,Medium
DTE000479,MCH0057,LIN020,FAC007,FLR000479,MWO000479,2023-01-26 17:37:58,Machine Breakdown,8.07,1776,1847541.12,Resolved,Medium
DTE000480,MCH0376,LIN005,FAC002,FLR000480,MWO000480,2025-06-24 01:50:46,Machine Breakdown,1.74,309,241758.78,Resolved,Low
DTE000481,MCH0382,LIN018,FAC006,FLR000481,MWO000481,2025-01-30 07:10:51,Machine Breakdown,3.25,163,64515.35,Resolved,High
DTE000482,MCH0367,LIN007,FAC003,FLR000482,MWO000482,2025-11-03 16:07:01,Machine Breakdown,2.93,603,122501.89,Resolved,Low
DTE000483,MCH0179,LIN010,FAC004,FLR000483,MWO000483,2023-02-15 13:01:37,Machine Breakdown,3.29,299,297086.07,Resolved,High
DTE000484,MCH0148,LIN009,FAC003,FLR000484,MWO000484,2024-05-05 19:56:41,Machine Breakdown,12.66,1788,814903.78,Resolved,Critical
DTE000485,MCH0597,LIN012,FAC004,FLR000485,MWO000485,2025-09-05 23:02:28,Machine Breakdown,10.54,1590,1181309.87,Resolved,Critical
DTE000486,MCH0014,LIN029,FAC010,FLR000486,MWO000486,2024-04-16 21:08:08,Machine Breakdown,20.93,1784,1097244.43,Resolved,Critical
DTE000487,MCH0551,LIN025,FAC009,FLR000487,MWO000487,2024-07-12 04:09:44,Machine Breakdown,13.72,2665,1379249.53,Resolved,Low
DTE000488,MCH0433,LIN022,FAC008,FLR000488,MWO000488,2025-08-02 01:51:51,Machine Breakdown,11.84,1091,1049628.56,Resolved,High
DTE000489,MCH0485,LIN007,FAC003,FLR000489,MWO000489,2023-08-19 08:48:39,Machine Breakdown,8.85,1040,174584.45,Open,High
DTE000490,MCH0527,LIN027,FAC009,FLR000490,MWO000490,2024-04-01 09:26:48,Machine Breakdown,5.59,607,315532.07,Open,High
DTE000491,MCH0125,LIN008,FAC003,FLR000491,MWO000491,2023-07-11 22:28:15,Machine Breakdown,6.62,940,996075.94,Resolved,Low
DTE000492,MCH0083,LIN010,FAC004,FLR000492,MWO000492,2025-01-09 07:01:54,Machine Breakdown,10.56,2050,2206589.93,Resolved,High
DTE000493,MCH0103,LIN030,FAC010,FLR000493,MWO000493,2025-05-21 22:45:58,Machine Breakdown,17.89,3536,2944773.93,Resolved,Medium
DTE000494,MCH0122,LIN001,FAC001,FLR000494,MWO000494,2026-03-26 04:24:03,Machine Breakdown,11.39,529,558032.61,Resolved,Medium
DTE000495,MCH0507,LIN006,FAC002,FLR000495,MWO000495,2025-02-07 22:12:11,Machine Breakdown,18.71,3845,2819860.46,Resolved,Medium
DTE000496,MCH0321,LIN029,FAC010,FLR000496,MWO000496,2023-02-19 09:19:36,Machine Breakdown,10.75,1273,657079.28,Resolved,Low
DTE000497,MCH0455,LIN030,FAC010,FLR000497,MWO000497,2023-11-09 13:55:00,Machine Breakdown,6.11,695,407692.04,Resolved,High
DTE000498,MCH0098,LIN002,FAC001,FLR000498,MWO000498,2026-03-30 00:42:40,Machine Breakdown,7.18,1465,794329.19,Resolved,Medium
DTE000499,MCH0404,LIN007,FAC003,FLR000499,MWO000499,2025-02-26 19:10:06,Machine Breakdown,0.28,52,14334.23,Resolved,Critical
DTE000500,MCH0378,LIN025,FAC009,FLR000500,MWO000500,2024-10-06 06:34:42,Machine Breakdown,2.56,371,362545.25,Open,High
DTE000501,MCH0551,LIN025,FAC009,FLR000501,MWO000501,2023-04-29 00:29:26,Machine Breakdown,14.41,1157,1022156.75,Resolved,Low
DTE000502,MCH0542,LIN004,FAC002,FLR000502,MWO000502,2025-07-27 11:08:27,Machine Breakdown,9.0,2156,794790.44,Resolved,High
DTE000503,MCH0439,LIN026,FAC009,FLR000503,MWO000503,2025-05-18 05:19:22,Machine Breakdown,4.13,552,577084.88,Resolved,High
DTE000504,MCH0049,LIN007,FAC003,FLR000504,MWO000504,2025-11-20 18:05:01,Machine Breakdown,6.49,544,573318.39,Resolved,High
DTE000505,MCH0040,LIN003,FAC001,FLR000505,MWO000505,2026-02-21 11:54:32,Machine Breakdown,15.51,3226,2482750.01,Resolved,Medium
DTE000506,MCH0529,LIN014,FAC005,FLR000506,MWO000506,2024-04-27 23:17:02,Machine Breakdown,6.44,704,376187.57,Resolved,High
DTE000507,MCH0004,LIN020,FAC007,FLR000507,MWO000507,2023-02-01 04:29:11,Machine Breakdown,5.78,439,308234.82,Resolved,Medium
DTE000508,MCH0595,LIN028,FAC010,FLR000508,MWO000508,2023-02-11 05:26:17,Machine Breakdown,12.54,1798,1080001.87,Resolved,High
DTE000509,MCH0568,LIN019,FAC007,FLR000509,MWO000509,2025-04-20 18:13:13,Machine Breakdown,6.45,1201,1222112.18,Open,Medium
DTE000510,MCH0507,LIN006,FAC002,FLR000510,MWO000510,2025-06-22 07:42:44,Machine Breakdown,6.29,1247,1181699.39,Resolved,Medium
DTE000511,MCH0173,LIN020,FAC007,FLR000511,MWO000511,2025-07-07 17:12:17,Machine Breakdown,1.4,320,155381.98,Resolved,Medium
DTE000512,MCH0139,LIN012,FAC004,FLR000512,MWO000512,2023-07-12 19:29:53,Machine Breakdown,4.57,990,202912.26,Resolved,Low
DTE000513,MCH0025,LIN017,FAC006,FLR000513,MWO000513,2023-04-07 13:59:33,Machine Breakdown,10.39,2392,1080104.51,Resolved,Medium
DTE000514,MCH0069,LIN018,FAC006,FLR000514,MWO000514,2025-11-29 06:26:51,Machine Breakdown,6.91,741,579404.09,Open,Medium
DTE000515,MCH0009,LIN026,FAC009,FLR000515,MWO000515,2025-01-22 23:55:51,Machine Breakdown,2.7,467,345179.38,Resolved,Low
DTE000516,MCH0154,LIN006,FAC002,FLR000516,MWO000516,2024-12-17 11:49:16,Machine Breakdown,11.43,835,240187.48,Resolved,Medium
DTE000517,MCH0504,LIN008,FAC003,FLR000517,MWO000517,2024-11-18 04:52:49,Machine Breakdown,7.02,1567,1502232.0,Resolved,Medium
DTE000518,MCH0309,LIN007,FAC003,FLR000518,MWO000518,2025-03-21 14:09:03,Machine Breakdown,5.61,245,61448.4,Resolved,Critical
DTE000519,MCH0364,LIN029,FAC010,FLR000519,MWO000519,2023-05-29 12:03:30,Machine Breakdown,4.29,533,417886.0,Open,Medium
DTE000520,MCH0393,LIN019,FAC007,FLR000520,MWO000520,2023-09-09 00:37:26,Machine Breakdown,8.83,1184,593496.97,Resolved,Critical
DTE000521,MCH0519,LIN030,FAC010,FLR000521,MWO000521,2024-09-20 01:17:55,Machine Breakdown,5.31,328,179875.18,Resolved,Medium
DTE000522,MCH0225,LIN006,FAC002,FLR000522,MWO000522,2023-06-29 19:14:11,Machine Breakdown,0.9,112,66373.83,Resolved,Medium
DTE000523,MCH0032,LIN023,FAC008,FLR000523,MWO000523,2025-05-25 13:37:54,Machine Breakdown,1.51,328,103237.6,Resolved,High
DTE000524,MCH0344,LIN019,FAC007,FLR000524,MWO000524,2023-08-17 20:17:42,Machine Breakdown,6.31,391,222123.57,Resolved,Low
DTE000525,MCH0413,LIN022,FAC008,FLR000525,MWO000525,2023-12-08 06:21:22,Machine Breakdown,12.64,1784,1200602.92,Resolved,Medium
DTE000526,MCH0593,LIN019,FAC007,FLR000526,MWO000526,2023-01-19 16:55:35,Machine Breakdown,0.62,37,15218.54,Resolved,Medium
DTE000527,MCH0192,LIN007,FAC003,FLR000527,MWO000527,2023-02-07 05:01:02,Machine Breakdown,12.0,2806,1252899.51,Resolved,Medium
DTE000528,MCH0025,LIN017,FAC006,FLR000528,MWO000528,2024-11-20 02:05:25,Machine Breakdown,9.0,1319,1582316.13,Resolved,Medium
DTE000529,MCH0088,LIN015,FAC005,FLR000529,MWO000529,2023-05-19 00:05:48,Machine Breakdown,11.09,2447,2144595.16,Resolved,Medium
DTE000530,MCH0380,LIN003,FAC001,FLR000530,MWO000530,2023-03-02 22:50:06,Machine Breakdown,1.15,70,49721.02,Resolved,High
DTE000531,MCH0492,LIN009,FAC003,FLR000531,MWO000531,2024-09-24 19:13:41,Machine Breakdown,4.85,321,187476.01,Resolved,High
DTE000532,MCH0314,LIN023,FAC008,FLR000532,MWO000532,2023-08-18 12:15:23,Machine Breakdown,14.1,1478,874348.27,Resolved,Medium
DTE000533,MCH0030,LIN022,FAC008,FLR000533,MWO000533,2024-05-29 16:20:18,Machine Breakdown,11.7,1071,285053.73,Resolved,Medium
DTE000534,MCH0471,LIN013,FAC005,FLR000534,MWO000534,2026-06-01 23:32:38,Machine Breakdown,17.37,1361,1522096.97,Resolved,Medium
DTE000535,MCH0258,LIN026,FAC009,FLR000535,MWO000535,2023-12-18 22:25:46,Machine Breakdown,11.1,1295,639092.85,Resolved,Critical
DTE000536,MCH0467,LIN027,FAC009,FLR000536,MWO000536,2024-03-14 18:37:03,Machine Breakdown,7.48,1598,547124.47,Open,High
DTE000537,MCH0047,LIN026,FAC009,FLR000537,MWO000537,2025-11-15 21:45:20,Machine Breakdown,5.41,512,427417.92,Resolved,Medium
DTE000538,MCH0072,LIN011,FAC004,FLR000538,MWO000538,2023-06-13 22:50:14,Machine Breakdown,10.01,1475,1598772.49,Resolved,Medium
DTE000539,MCH0576,LIN020,FAC007,FLR000539,MWO000539,2023-03-28 11:23:26,Machine Breakdown,22.09,1932,1601225.21,Resolved,Low
DTE000540,MCH0475,LIN003,FAC001,FLR000540,MWO000540,2025-03-01 03:50:47,Machine Breakdown,2.98,150,125224.24,Resolved,Low
DTE000541,MCH0269,LIN002,FAC001,FLR000541,MWO000541,2024-06-12 12:23:26,Machine Breakdown,15.01,2744,3172436.09,Resolved,Medium
DTE000542,MCH0150,LIN008,FAC003,FLR000542,MWO000542,2024-12-22 20:49:48,Machine Breakdown,6.27,854,448868.35,Resolved,High
DTE000543,MCH0482,LIN024,FAC008,FLR000543,MWO000543,2023-08-10 18:08:11,Machine Breakdown,3.09,629,699431.48,Resolved,Medium
DTE000544,MCH0014,LIN029,FAC010,FLR000544,MWO000544,2025-10-15 20:32:41,Machine Breakdown,9.71,649,146645.65,Open,High
DTE000545,MCH0099,LIN011,FAC004,FLR000545,MWO000545,2025-04-11 17:28:04,Machine Breakdown,7.53,1396,248101.8,Resolved,Medium
DTE000546,MCH0432,LIN025,FAC009,FLR000546,MWO000546,2024-10-06 03:09:58,Machine Breakdown,7.79,785,926124.42,Resolved,Medium
DTE000547,MCH0140,LIN013,FAC005,FLR000547,MWO000547,2026-06-16 09:41:58,Machine Breakdown,3.16,543,640304.63,Open,Medium
DTE000548,MCH0571,LIN020,FAC007,FLR000548,MWO000548,2023-01-30 11:32:34,Machine Breakdown,11.26,2435,1084390.78,Resolved,Medium
DTE000549,MCH0104,LIN004,FAC002,FLR000549,MWO000549,2024-02-12 21:57:43,Machine Breakdown,4.96,946,1009471.26,Resolved,Medium
DTE000550,MCH0030,LIN022,FAC008,FLR000550,MWO000550,2023-12-26 21:49:22,Machine Breakdown,3.26,237,232028.29,Resolved,High
DTE000551,MCH0598,LIN029,FAC010,FLR000551,MWO000551,2025-12-08 02:25:23,Machine Breakdown,10.64,499,462242.08,Resolved,High
DTE000552,MCH0030,LIN022,FAC008,FLR000552,MWO000552,2023-05-03 03:36:42,Machine Breakdown,10.62,1890,1377642.14,Resolved,High
DTE000553,MCH0563,LIN001,FAC001,FLR000553,MWO000553,2023-04-07 03:10:24,Machine Breakdown,2.25,343,186282.54,Resolved,Medium
DTE000554,MCH0032,LIN023,FAC008,FLR000554,MWO000554,2026-04-20 08:51:52,Machine Breakdown,16.59,2796,1476738.24,Resolved,High
DTE000555,MCH0109,LIN018,FAC006,FLR000555,MWO000555,2026-01-10 08:08:28,Machine Breakdown,4.32,965,693642.5,Resolved,Medium
DTE000556,MCH0391,LIN007,FAC003,FLR000556,MWO000556,2023-12-23 19:37:34,Machine Breakdown,14.4,1824,1934369.29,Resolved,Medium
DTE000557,MCH0423,LIN009,FAC003,FLR000557,MWO000557,2023-09-24 02:04:48,Machine Breakdown,12.33,2138,1808125.72,Resolved,High
DTE000558,MCH0386,LIN012,FAC004,FLR000558,MWO000558,2025-06-09 03:13:44,Machine Breakdown,2.59,417,464045.65,Resolved,High
DTE000559,MCH0526,LIN028,FAC010,FLR000559,MWO000559,2023-02-23 23:57:48,Machine Breakdown,14.56,2929,1051672.36,Resolved,High
DTE000560,MCH0314,LIN023,FAC008,FLR000560,MWO000560,2024-06-24 01:16:59,Machine Breakdown,4.21,654,697012.97,Resolved,Critical
DTE000561,MCH0473,LIN022,FAC008,FLR000561,MWO000561,2023-11-28 03:17:47,Machine Breakdown,14.28,3408,2628464.06,Resolved,High
DTE000562,MCH0587,LIN024,FAC008,FLR000562,MWO000562,2024-11-29 12:31:02,Machine Breakdown,17.58,2828,1226523.16,Resolved,Medium
DTE000563,MCH0566,LIN010,FAC004,FLR000563,MWO000563,2025-05-04 15:39:55,Machine Breakdown,3.68,219,117755.04,Resolved,High
DTE000564,MCH0055,LIN029,FAC010,FLR000564,MWO000564,2026-03-29 17:28:51,Machine Breakdown,0.59,94,66137.9,Resolved,High
DTE000565,MCH0282,LIN001,FAC001,FLR000565,MWO000565,2024-05-07 17:16:56,Machine Breakdown,4.65,381,421657.18,Resolved,Medium
DTE000566,MCH0442,LIN001,FAC001,FLR000566,MWO000566,2025-01-07 09:18:04,Machine Breakdown,4.6,328,234526.09,Resolved,Low
DTE000567,MCH0358,LIN027,FAC009,FLR000567,MWO000567,2025-07-27 02:17:43,Machine Breakdown,17.95,1781,1312860.2,Resolved,High
DTE000568,MCH0399,LIN028,FAC010,FLR000568,MWO000568,2023-07-30 09:18:31,Machine Breakdown,4.97,650,705903.83,Resolved,High
DTE000569,MCH0470,LIN002,FAC001,FLR000569,MWO000569,2024-06-21 01:32:08,Machine Breakdown,6.62,1018,517403.18,Resolved,Low
DTE000570,MCH0373,LIN011,FAC004,FLR000570,MWO000570,2026-04-30 05:47:52,Machine Breakdown,5.02,1036,635499.08,Resolved,Critical
DTE000571,MCH0126,LIN009,FAC003,FLR000571,MWO000571,2026-02-05 12:39:46,Machine Breakdown,5.55,550,144293.26,Open,Critical
DTE000572,MCH0086,LIN003,FAC001,FLR000572,MWO000572,2024-05-05 09:59:34,Machine Breakdown,7.17,318,234339.58,Resolved,Critical
DTE000573,MCH0071,LIN024,FAC008,FLR000573,MWO000573,2025-07-16 04:58:15,Machine Breakdown,11.72,1470,639445.13,Resolved,High
DTE000574,MCH0293,LIN023,FAC008,FLR000574,MWO000574,2024-06-07 22:22:51,Machine Breakdown,5.79,1387,468492.62,Resolved,Medium
DTE000575,MCH0415,LIN008,FAC003,FLR000575,MWO000575,2023-06-05 14:07:33,Machine Breakdown,6.97,542,249193.15,Resolved,Medium
DTE000576,MCH0220,LIN023,FAC008,FLR000576,MWO000576,2024-04-06 00:53:59,Machine Breakdown,5.32,798,465878.34,Open,Low
DTE000577,MCH0415,LIN008,FAC003,FLR000577,MWO000577,2024-12-18 19:32:07,Machine Breakdown,13.82,1767,1713031.32,Resolved,High
DTE000578,MCH0566,LIN010,FAC004,FLR000578,MWO000578,2025-04-27 05:41:22,Machine Breakdown,12.82,2268,1386950.76,Resolved,Medium
DTE000579,MCH0485,LIN007,FAC003,FLR000579,MWO000579,2023-11-15 10:41:48,Machine Breakdown,3.76,612,648408.48,Resolved,Medium
DTE000580,MCH0192,LIN007,FAC003,FLR000580,MWO000580,2025-12-13 22:58:32,Machine Breakdown,3.73,662,684560.39,Resolved,Medium
DTE000581,MCH0044,LIN012,FAC004,FLR000581,MWO000581,2024-11-10 04:08:57,Machine Breakdown,3.31,287,74759.01,Resolved,Medium
DTE000582,MCH0116,LIN010,FAC004,FLR000582,MWO000582,2025-09-24 16:10:40,Machine Breakdown,15.64,3631,742131.09,Resolved,Medium
DTE000583,MCH0396,LIN028,FAC010,FLR000583,MWO000583,2024-05-08 02:39:28,Machine Breakdown,16.0,3648,704279.44,Resolved,Medium
DTE000584,MCH0102,LIN015,FAC005,FLR000584,MWO000584,2025-07-28 05:59:21,Machine Breakdown,3.92,868,455361.0,Resolved,Medium
DTE000585,MCH0058,LIN028,FAC010,FLR000585,MWO000585,2023-07-23 22:33:57,Machine Breakdown,5.14,558,634671.04,Resolved,Critical
DTE000586,MCH0512,LIN030,FAC010,FLR000586,MWO000586,2024-06-18 02:27:32,Machine Breakdown,3.02,130,126057.81,Open,Critical
DTE000587,MCH0486,LIN029,FAC010,FLR000587,MWO000587,2026-03-27 20:13:21,Machine Breakdown,2.75,270,266986.17,Resolved,High
DTE000588,MCH0053,LIN007,FAC003,FLR000588,MWO000588,2023-05-23 20:39:50,Machine Breakdown,4.49,1054,1224468.74,Resolved,High
DTE000589,MCH0114,LIN004,FAC002,FLR000589,MWO000589,2023-02-27 00:19:36,Machine Breakdown,7.03,1452,258083.41,Resolved,Low
DTE000590,MCH0174,LIN023,FAC008,FLR000590,MWO000590,2025-03-12 05:38:37,Machine Breakdown,5.86,347,126820.31,Resolved,Medium
DTE000591,MCH0017,LIN015,FAC005,FLR000591,MWO000591,2025-11-03 11:47:27,Machine Breakdown,22.96,5196,2843697.83,Resolved,Medium
DTE000592,MCH0326,LIN026,FAC009,FLR000592,MWO000592,2025-06-18 13:55:36,Machine Breakdown,9.66,1710,1399284.9,Resolved,Medium
DTE000593,MCH0046,LIN029,FAC010,FLR000593,MWO000593,2026-06-11 14:37:56,Machine Breakdown,10.83,2116,2405041.21,Resolved,High
DTE000594,MCH0039,LIN009,FAC003,FLR000594,MWO000594,2025-08-12 04:57:29,Machine Breakdown,15.2,1260,415033.99,Resolved,Medium
DTE000595,MCH0162,LIN014,FAC005,FLR000595,MWO000595,2025-10-08 06:43:17,Machine Breakdown,12.8,801,346077.37,Resolved,Medium
DTE000596,MCH0446,LIN004,FAC002,FLR000596,MWO000596,2025-01-03 05:23:10,Machine Breakdown,14.52,3417,3098509.73,Resolved,High
DTE000597,MCH0244,LIN007,FAC003,FLR000597,MWO000597,2025-01-16 07:51:14,Machine Breakdown,8.83,1289,1450958.26,Resolved,Medium
DTE000598,MCH0136,LIN019,FAC007,FLR000598,MWO000598,2024-06-02 19:46:54,Machine Breakdown,15.25,1576,621624.07,Resolved,High
DTE000599,MCH0421,LIN007,FAC003,FLR000599,MWO000599,2024-11-29 19:57:50,Machine Breakdown,10.4,934,563583.88,Resolved,High
DTE000600,MCH0060,LIN022,FAC008,FLR000600,MWO000600,2025-03-21 20:30:25,Machine Breakdown,3.38,251,100273.05,Open,High
DTE000601,MCH0198,LIN003,FAC001,FLR000601,MWO000601,2023-04-07 04:32:30,Machine Breakdown,5.22,289,184803.16,Resolved,Medium
DTE000602,MCH0526,LIN028,FAC010,FLR000602,MWO000602,2024-11-07 15:44:57,Machine Breakdown,4.99,241,248908.56,Resolved,Medium
DTE000603,MCH0437,LIN015,FAC005,FLR000603,MWO000603,2023-05-12 23:25:38,Machine Breakdown,2.92,277,202150.94,Resolved,Medium
DTE000604,MCH0062,LIN011,FAC004,FLR000604,MWO000604,2023-02-26 19:14:47,Machine Breakdown,5.78,865,939029.06,Resolved,High
DTE000605,MCH0082,LIN027,FAC009,FLR000605,MWO000605,2023-12-12 10:20:55,Machine Breakdown,6.72,451,91581.58,Resolved,Critical
DTE000606,MCH0204,LIN002,FAC001,FLR000606,MWO000606,2024-01-28 11:22:07,Machine Breakdown,3.07,412,489496.33,Resolved,Low
DTE000607,MCH0408,LIN009,FAC003,FLR000607,MWO000607,2024-05-29 11:11:50,Machine Breakdown,20.65,1638,1576767.05,Resolved,High
DTE000608,MCH0141,LIN006,FAC002,FLR000608,MWO000608,2025-09-29 23:39:10,Machine Breakdown,12.47,1682,552414.4,Resolved,Medium
DTE000609,MCH0209,LIN030,FAC010,FLR000609,MWO000609,2024-11-15 02:10:41,Machine Breakdown,3.25,272,65881.21,Resolved,Medium
DTE000610,MCH0215,LIN014,FAC005,FLR000610,MWO000610,2024-05-16 23:27:07,Machine Breakdown,2.84,399,258157.81,Resolved,Medium
DTE000611,MCH0542,LIN004,FAC002,FLR000611,MWO000611,2023-06-30 21:04:02,Machine Breakdown,11.17,1712,1369643.99,Resolved,High
DTE000612,MCH0422,LIN002,FAC001,FLR000612,MWO000612,2024-03-27 20:48:17,Machine Breakdown,3.2,478,243237.54,Resolved,Critical
DTE000613,MCH0265,LIN011,FAC004,FLR000613,MWO000613,2025-09-06 06:49:46,Machine Breakdown,16.9,3611,3332323.15,Resolved,High
DTE000614,MCH0414,LIN017,FAC006,FLR000614,MWO000614,2024-01-25 17:05:35,Machine Breakdown,5.43,695,711358.72,Resolved,Critical
DTE000615,MCH0252,LIN027,FAC009,FLR000615,MWO000615,2024-06-24 02:00:20,Machine Breakdown,7.03,1546,508746.19,Resolved,Critical
DTE000616,MCH0001,LIN020,FAC007,FLR000616,MWO000616,2025-04-29 14:43:02,Machine Breakdown,2.9,454,325992.18,Resolved,High
DTE000617,MCH0495,LIN009,FAC003,FLR000617,MWO000617,2024-01-17 12:13:01,Machine Breakdown,11.32,2350,814291.15,Resolved,Medium
DTE000618,MCH0145,LIN010,FAC004,FLR000618,MWO000618,2024-01-06 02:29:30,Machine Breakdown,4.2,677,326286.7,Resolved,Low
DTE000619,MCH0554,LIN028,FAC010,FLR000619,MWO000619,2025-10-03 21:49:09,Machine Breakdown,9.18,1474,1587437.35,Resolved,Medium
DTE000620,MCH0446,LIN004,FAC002,FLR000620,MWO000620,2023-10-08 08:24:01,Machine Breakdown,8.31,1335,1071644.92,Resolved,Low
DTE000621,MCH0508,LIN010,FAC004,FLR000621,MWO000621,2026-06-17 18:30:15,Machine Breakdown,12.12,2104,1102437.28,Resolved,High
DTE000622,MCH0237,LIN025,FAC009,FLR000622,MWO000622,2024-12-13 23:38:41,Machine Breakdown,10.69,2170,2518350.36,Resolved,Medium
DTE000623,MCH0287,LIN017,FAC006,FLR000623,MWO000623,2023-05-31 06:48:06,Machine Breakdown,5.92,990,1125291.92,Resolved,Critical
DTE000624,MCH0055,LIN029,FAC010,FLR000624,MWO000624,2023-11-23 13:22:00,Machine Breakdown,1.99,455,203293.33,Resolved,Low
DTE000625,MCH0187,LIN006,FAC002,FLR000625,MWO000625,2024-03-10 08:22:11,Machine Breakdown,6.43,1454,1020722.8,Resolved,Medium
DTE000626,MCH0053,LIN007,FAC003,FLR000626,MWO000626,2024-12-13 04:55:57,Machine Breakdown,9.69,1958,1747881.93,Resolved,Medium
DTE000627,MCH0238,LIN007,FAC003,FLR000627,MWO000627,2025-04-07 10:23:03,Machine Breakdown,15.45,1846,1573122.39,Resolved,Medium
DTE000628,MCH0397,LIN010,FAC004,FLR000628,MWO000628,2024-09-02 22:27:47,Machine Breakdown,2.9,403,269544.27,Resolved,Medium
DTE000629,MCH0348,LIN017,FAC006,FLR000629,MWO000629,2023-07-01 20:21:05,Machine Breakdown,6.67,670,556343.86,Resolved,Critical
DTE000630,MCH0075,LIN003,FAC001,FLR000630,MWO000630,2025-05-19 09:23:02,Machine Breakdown,22.35,3533,631389.31,Open,High
DTE000631,MCH0414,LIN017,FAC006,FLR000631,MWO000631,2025-08-14 04:47:53,Machine Breakdown,4.31,287,262864.31,Resolved,High
DTE000632,MCH0095,LIN022,FAC008,FLR000632,MWO000632,2023-10-10 08:01:56,Machine Breakdown,23.88,3809,1104069.17,Resolved,High
DTE000633,MCH0318,LIN006,FAC002,FLR000633,MWO000633,2023-03-25 22:32:37,Machine Breakdown,10.95,728,289068.73,Resolved,Medium
DTE000634,MCH0574,LIN029,FAC010,FLR000634,MWO000634,2025-03-24 02:39:06,Machine Breakdown,15.8,1187,734415.96,Resolved,Low
DTE000635,MCH0337,LIN028,FAC010,FLR000635,MWO000635,2025-11-11 13:51:26,Machine Breakdown,20.98,1940,1489473.05,Resolved,Medium
DTE000636,MCH0145,LIN010,FAC004,FLR000636,MWO000636,2026-04-18 03:25:55,Machine Breakdown,6.78,636,168262.61,Resolved,Critical
DTE000637,MCH0127,LIN004,FAC002,FLR000637,MWO000637,2026-05-25 06:42:03,Machine Breakdown,1.45,234,56480.56,Resolved,Low
DTE000638,MCH0341,LIN006,FAC002,FLR000638,MWO000638,2024-08-02 08:36:21,Machine Breakdown,14.86,2232,1235616.71,Resolved,Medium
DTE000639,MCH0206,LIN007,FAC003,FLR000639,MWO000639,2025-07-23 10:30:49,Machine Breakdown,8.85,2047,1352103.73,Resolved,Medium
DTE000640,MCH0134,LIN006,FAC002,FLR000640,MWO000640,2026-02-27 02:14:02,Machine Breakdown,2.18,276,211879.39,Resolved,Medium
DTE000641,MCH0157,LIN029,FAC010,FLR000641,MWO000641,2025-11-20 14:01:02,Machine Breakdown,3.84,901,152323.72,Resolved,High
DTE000642,MCH0142,LIN023,FAC008,FLR000642,MWO000642,2025-01-19 09:15:54,Machine Breakdown,12.59,1088,1176002.9,Resolved,Low
DTE000643,MCH0532,LIN007,FAC003,FLR000643,MWO000643,2025-10-21 15:42:50,Machine Breakdown,2.7,290,135597.81,Resolved,Low
DTE000644,MCH0154,LIN006,FAC002,FLR000644,MWO000644,2024-02-03 20:58:22,Machine Breakdown,4.7,1093,1286821.59,Resolved,High
DTE000645,MCH0138,LIN003,FAC001,FLR000645,MWO000645,2023-11-07 12:14:49,Machine Breakdown,1.41,226,59666.38,Resolved,High
DTE000646,MCH0354,LIN005,FAC002,FLR000646,MWO000646,2023-03-14 08:21:28,Machine Breakdown,2.72,495,379783.38,Resolved,Low
DTE000647,MCH0311,LIN023,FAC008,FLR000647,MWO000647,2026-03-08 23:43:03,Machine Breakdown,6.82,1322,564577.7,Resolved,High
DTE000648,MCH0428,LIN011,FAC004,FLR000648,MWO000648,2023-07-06 18:41:28,Machine Breakdown,5.86,896,461406.52,Resolved,High
DTE000649,MCH0214,LIN018,FAC006,FLR000649,MWO000649,2025-08-25 05:53:16,Machine Breakdown,3.7,733,699410.73,Resolved,High
DTE000650,MCH0075,LIN003,FAC001,FLR000650,MWO000650,2024-08-20 20:07:58,Machine Breakdown,12.19,1956,1033933.01,Resolved,Low
DTE000651,MCH0039,LIN009,FAC003,FLR000651,MWO000651,2023-01-06 09:06:09,Machine Breakdown,1.88,217,240135.52,Resolved,High
DTE000652,MCH0080,LIN020,FAC007,FLR000652,MWO000652,2025-08-23 07:52:03,Machine Breakdown,10.32,938,476113.71,Resolved,High
DTE000653,MCH0139,LIN012,FAC004,FLR000653,MWO000653,2026-01-12 11:44:50,Machine Breakdown,9.63,464,395977.24,Resolved,Low
DTE000654,MCH0315,LIN015,FAC005,FLR000654,MWO000654,2025-05-13 17:04:28,Machine Breakdown,7.31,1669,1518380.98,Resolved,Medium
DTE000655,MCH0185,LIN018,FAC006,FLR000655,MWO000655,2023-06-23 01:40:25,Machine Breakdown,10.5,1148,1195354.97,Resolved,Medium
DTE000656,MCH0449,LIN024,FAC008,FLR000656,MWO000656,2023-10-04 08:41:02,Machine Breakdown,2.06,103,71785.78,Resolved,Critical
DTE000657,MCH0148,LIN009,FAC003,FLR000657,MWO000657,2023-03-26 03:29:07,Machine Breakdown,12.42,2290,1586603.54,Resolved,Medium
DTE000658,MCH0565,LIN024,FAC008,FLR000658,MWO000658,2023-04-23 15:24:23,Machine Breakdown,4.04,785,461144.24,Resolved,Low
DTE000659,MCH0058,LIN028,FAC010,FLR000659,MWO000659,2024-04-11 05:23:33,Machine Breakdown,19.26,1707,1979628.96,Open,Critical
DTE000660,MCH0567,LIN016,FAC006,FLR000660,MWO000660,2025-08-15 21:52:07,Machine Breakdown,7.24,764,318157.62,Resolved,Medium
DTE000661,MCH0149,LIN004,FAC002,FLR000661,MWO000661,2026-04-28 09:37:24,Machine Breakdown,3.92,210,130675.99,Open,High
DTE000662,MCH0238,LIN007,FAC003,FLR000662,MWO000662,2024-08-15 19:29:03,Machine Breakdown,9.87,1083,290865.07,Open,Medium
DTE000663,MCH0121,LIN008,FAC003,FLR000663,MWO000663,2024-12-11 18:47:22,Machine Breakdown,5.86,610,454925.72,Resolved,Medium
DTE000664,MCH0188,LIN004,FAC002,FLR000664,MWO000664,2023-05-28 09:13:50,Machine Breakdown,2.09,442,93152.05,Resolved,High
DTE000665,MCH0438,LIN013,FAC005,FLR000665,MWO000665,2026-03-14 07:48:25,Machine Breakdown,7.11,998,436865.79,Resolved,High
DTE000666,MCH0371,LIN005,FAC002,FLR000666,MWO000666,2026-05-28 16:52:57,Machine Breakdown,22.8,3103,2829344.65,Resolved,Critical
DTE000667,MCH0441,LIN020,FAC007,FLR000667,MWO000667,2024-04-09 05:52:55,Machine Breakdown,1.62,225,197511.17,Resolved,Medium
DTE000668,MCH0388,LIN011,FAC004,FLR000668,MWO000668,2024-06-24 22:31:32,Machine Breakdown,9.62,1695,1681801.79,Resolved,Medium
DTE000669,MCH0511,LIN004,FAC002,FLR000669,MWO000669,2026-02-05 10:59:39,Machine Breakdown,10.78,1091,571116.1,Resolved,High
DTE000670,MCH0445,LIN029,FAC010,FLR000670,MWO000670,2023-05-29 00:01:18,Machine Breakdown,3.71,365,181880.05,Resolved,Medium
DTE000671,MCH0166,LIN004,FAC002,FLR000671,MWO000671,2025-05-05 18:53:02,Machine Breakdown,4.09,773,416112.3,Resolved,High
DTE000672,MCH0043,LIN023,FAC008,FLR000672,MWO000672,2024-06-05 18:56:06,Machine Breakdown,16.36,1341,874290.39,Resolved,Medium
DTE000673,MCH0599,LIN003,FAC001,FLR000673,MWO000673,2023-11-22 11:10:21,Machine Breakdown,13.07,2187,2424902.78,Resolved,Medium
DTE000674,MCH0364,LIN029,FAC010,FLR000674,MWO000674,2024-02-23 07:03:11,Machine Breakdown,3.88,476,167749.27,Resolved,Medium
DTE000675,MCH0436,LIN013,FAC005,FLR000675,MWO000675,2025-11-06 23:31:20,Machine Breakdown,1.65,128,96774.58,Resolved,High
DTE000676,MCH0476,LIN023,FAC008,FLR000676,MWO000676,2025-12-30 22:16:16,Machine Breakdown,6.04,880,219286.12,Resolved,High
DTE000677,MCH0049,LIN007,FAC003,FLR000677,MWO000677,2025-02-17 19:08:47,Machine Breakdown,12.99,2214,1105376.55,Resolved,Critical
DTE000678,MCH0071,LIN024,FAC008,FLR000678,MWO000678,2023-05-05 01:21:54,Machine Breakdown,8.31,1178,815533.76,Resolved,Critical
DTE000679,MCH0274,LIN024,FAC008,FLR000679,MWO000679,2024-07-20 03:25:47,Machine Breakdown,3.82,788,286727.06,Resolved,Medium
DTE000680,MCH0125,LIN008,FAC003,FLR000680,MWO000680,2023-06-08 15:22:40,Machine Breakdown,13.16,1144,840570.25,Resolved,High
DTE000681,MCH0100,LIN014,FAC005,FLR000681,MWO000681,2024-12-11 23:00:14,Machine Breakdown,0.49,63,68799.99,Resolved,Medium
DTE000682,MCH0380,LIN003,FAC001,FLR000682,MWO000682,2026-02-25 05:14:03,Machine Breakdown,10.02,448,338305.6,Resolved,Medium
DTE000683,MCH0406,LIN002,FAC001,FLR000683,MWO000683,2025-06-03 22:13:12,Machine Breakdown,9.88,1222,1356008.14,Resolved,Medium
DTE000684,MCH0201,LIN006,FAC002,FLR000684,MWO000684,2023-10-14 16:40:11,Machine Breakdown,3.77,304,219375.97,Resolved,Critical
DTE000685,MCH0344,LIN019,FAC007,FLR000685,MWO000685,2023-12-10 18:03:00,Machine Breakdown,3.94,407,203222.55,Resolved,Low
DTE000686,MCH0006,LIN013,FAC005,FLR000686,MWO000686,2023-05-14 16:51:44,Machine Breakdown,4.95,552,383869.75,Open,High
DTE000687,MCH0320,LIN011,FAC004,FLR000687,MWO000687,2024-12-13 12:57:58,Machine Breakdown,28.54,3072,1644851.89,Resolved,Critical
DTE000688,MCH0414,LIN017,FAC006,FLR000688,MWO000688,2023-11-15 07:16:41,Machine Breakdown,10.81,2194,2593525.47,Resolved,High
DTE000689,MCH0045,LIN029,FAC010,FLR000689,MWO000689,2024-10-27 11:55:51,Machine Breakdown,0.34,31,25720.2,Resolved,Critical
DTE000690,MCH0116,LIN010,FAC004,FLR000690,MWO000690,2025-05-02 05:53:34,Machine Breakdown,3.48,619,185956.76,Resolved,Critical
DTE000691,MCH0145,LIN010,FAC004,FLR000691,MWO000691,2023-04-23 20:59:51,Machine Breakdown,15.32,3453,2555722.62,Open,Medium
DTE000692,MCH0174,LIN023,FAC008,FLR000692,MWO000692,2026-02-21 12:33:08,Machine Breakdown,5.7,230,171259.11,Resolved,Medium
DTE000693,MCH0033,LIN010,FAC004,FLR000693,MWO000693,2023-06-09 09:22:39,Machine Breakdown,6.44,1090,1131905.65,Resolved,High
DTE000694,MCH0438,LIN013,FAC005,FLR000694,MWO000694,2023-02-13 22:04:33,Machine Breakdown,14.54,837,456134.82,Resolved,High
DTE000695,MCH0461,LIN007,FAC003,FLR000695,MWO000695,2024-12-03 06:02:03,Machine Breakdown,1.48,261,149611.8,Resolved,Critical
DTE000696,MCH0225,LIN006,FAC002,FLR000696,MWO000696,2024-05-22 04:38:48,Machine Breakdown,9.24,1711,1474277.74,Resolved,Medium
DTE000697,MCH0570,LIN005,FAC002,FLR000697,MWO000697,2025-03-17 10:25:19,Machine Breakdown,3.06,511,499364.68,Resolved,Medium
DTE000698,MCH0040,LIN003,FAC001,FLR000698,MWO000698,2026-01-13 17:18:42,Machine Breakdown,9.77,1293,830104.1,Resolved,High
DTE000699,MCH0351,LIN021,FAC007,FLR000699,MWO000699,2025-11-18 16:55:54,Machine Breakdown,1.82,221,123480.19,Resolved,High
DTE000700,MCH0520,LIN005,FAC002,FLR000700,MWO000700,2024-11-15 00:04:31,Machine Breakdown,2.51,119,82087.77,Resolved,Medium
DTE000701,MCH0532,LIN007,FAC003,FLR000701,MWO000701,2024-05-27 02:08:21,Machine Breakdown,14.35,3088,3476076.6,Resolved,Critical
DTE000702,MCH0431,LIN023,FAC008,FLR000702,MWO000702,2024-04-14 10:01:37,Machine Breakdown,10.39,668,569199.06,Resolved,Medium
DTE000703,MCH0337,LIN028,FAC010,FLR000703,MWO000703,2025-07-12 06:28:05,Machine Breakdown,14.91,1326,1269572.9,Resolved,Medium
DTE000704,MCH0255,LIN005,FAC002,FLR000704,MWO000704,2024-10-27 19:28:34,Machine Breakdown,10.53,2344,2636234.1,Resolved,Medium
DTE000705,MCH0433,LIN022,FAC008,FLR000705,MWO000705,2023-06-26 04:06:50,Machine Breakdown,5.72,1001,287048.83,Resolved,Critical
DTE000706,MCH0144,LIN010,FAC004,FLR000706,MWO000706,2025-02-12 12:57:55,Machine Breakdown,8.1,875,274108.54,Resolved,Low
DTE000707,MCH0292,LIN015,FAC005,FLR000707,MWO000707,2024-03-16 11:35:39,Machine Breakdown,6.57,452,433887.36,Resolved,Low
DTE000708,MCH0012,LIN030,FAC010,FLR000708,MWO000708,2024-04-28 04:47:25,Machine Breakdown,14.77,3127,3351524.28,Resolved,Low
DTE000709,MCH0442,LIN001,FAC001,FLR000709,MWO000709,2024-07-12 21:03:28,Machine Breakdown,16.58,1715,1972517.63,Open,High
DTE000710,MCH0517,LIN005,FAC002,FLR000710,MWO000710,2025-06-30 23:15:02,Machine Breakdown,11.26,1552,438264.47,Resolved,Low
DTE000711,MCH0237,LIN025,FAC009,FLR000711,MWO000711,2024-02-14 08:36:35,Machine Breakdown,6.05,339,352178.82,Resolved,Critical
DTE000712,MCH0476,LIN023,FAC008,FLR000712,MWO000712,2026-06-28 19:25:07,Machine Breakdown,2.63,360,112243.88,Resolved,Critical
DTE000713,MCH0534,LIN027,FAC009,FLR000713,MWO000713,2025-04-27 16:01:36,Machine Breakdown,9.11,2180,612267.58,Resolved,High
DTE000714,MCH0589,LIN023,FAC008,FLR000714,MWO000714,2023-05-08 08:53:11,Machine Breakdown,0.87,46,8883.89,Resolved,Medium
DTE000715,MCH0514,LIN029,FAC010,FLR000715,MWO000715,2024-01-12 00:56:55,Machine Breakdown,14.92,3567,2034702.16,Resolved,High
DTE000716,MCH0387,LIN005,FAC002,FLR000716,MWO000716,2023-03-25 19:25:14,Machine Breakdown,4.04,285,275581.15,Resolved,Critical
DTE000717,MCH0318,LIN006,FAC002,FLR000717,MWO000717,2024-02-12 06:12:00,Machine Breakdown,4.16,730,388453.96,Resolved,High
DTE000718,MCH0438,LIN013,FAC005,FLR000718,MWO000718,2023-08-01 15:57:53,Machine Breakdown,8.53,363,362838.39,Resolved,Critical
DTE000719,MCH0265,LIN011,FAC004,FLR000719,MWO000719,2024-03-27 14:13:01,Machine Breakdown,3.37,591,184992.78,Resolved,Medium
DTE000720,MCH0278,LIN002,FAC001,FLR000720,MWO000720,2025-07-07 08:24:57,Machine Breakdown,8.93,1156,314856.42,Resolved,Medium
DTE000721,MCH0108,LIN027,FAC009,FLR000721,MWO000721,2025-06-05 00:32:31,Machine Breakdown,17.32,3238,2535012.35,Resolved,High
DTE000722,MCH0409,LIN021,FAC007,FLR000722,MWO000722,2024-06-04 09:52:02,Machine Breakdown,3.73,802,920680.94,Resolved,Critical
DTE000723,MCH0216,LIN028,FAC010,FLR000723,MWO000723,2023-01-14 03:00:30,Machine Breakdown,5.8,281,301401.48,Resolved,High
DTE000724,MCH0421,LIN007,FAC003,FLR000724,MWO000724,2024-12-31 23:14:43,Machine Breakdown,15.06,2018,1047718.94,Open,Critical
DTE000725,MCH0089,LIN017,FAC006,FLR000725,MWO000725,2023-08-21 12:16:00,Machine Breakdown,9.14,2167,578176.25,Resolved,Critical
DTE000726,MCH0579,LIN003,FAC001,FLR000726,MWO000726,2023-05-05 00:46:53,Machine Breakdown,8.58,1420,526686.55,Resolved,Critical
DTE000727,MCH0567,LIN016,FAC006,FLR000727,MWO000727,2024-03-27 08:50:45,Machine Breakdown,5.82,1061,761641.71,Resolved,Critical
DTE000728,MCH0128,LIN027,FAC009,FLR000728,MWO000728,2024-02-26 00:14:10,Machine Breakdown,12.26,2918,988448.02,Resolved,Medium
DTE000729,MCH0113,LIN015,FAC005,FLR000729,MWO000729,2023-01-22 08:19:49,Machine Breakdown,5.48,1147,969782.53,Resolved,Medium
DTE000730,MCH0575,LIN008,FAC003,FLR000730,MWO000730,2023-02-22 21:43:17,Machine Breakdown,4.85,699,125135.85,Open,High
DTE000731,MCH0077,LIN003,FAC001,FLR000731,MWO000731,2024-07-16 18:31:23,Machine Breakdown,13.15,1212,1002544.07,Resolved,Critical
DTE000732,MCH0502,LIN011,FAC004,FLR000732,MWO000732,2026-01-04 08:56:07,Machine Breakdown,5.36,516,584067.46,Resolved,Low
DTE000733,MCH0466,LIN005,FAC002,FLR000733,MWO000733,2023-08-29 03:42:07,Machine Breakdown,2.6,180,42434.91,Resolved,Medium
DTE000734,MCH0160,LIN018,FAC006,FLR000734,MWO000734,2024-12-21 20:18:56,Machine Breakdown,8.99,1548,1490972.96,Resolved,High
DTE000735,MCH0174,LIN023,FAC008,FLR000735,MWO000735,2025-07-21 06:30:15,Machine Breakdown,4.17,487,250387.93,Resolved,Medium
DTE000736,MCH0054,LIN006,FAC002,FLR000736,MWO000736,2023-09-04 02:38:37,Machine Breakdown,6.24,1052,1242067.96,Resolved,Medium
DTE000737,MCH0146,LIN004,FAC002,FLR000737,MWO000737,2025-09-06 06:20:49,Machine Breakdown,12.28,2320,1955393.62,Open,High
DTE000738,MCH0420,LIN015,FAC005,FLR000738,MWO000738,2024-12-19 16:03:47,Machine Breakdown,5.23,277,173804.86,Resolved,High
DTE000739,MCH0166,LIN004,FAC002,FLR000739,MWO000739,2024-05-01 05:29:54,Machine Breakdown,5.97,764,678138.34,Resolved,Medium
DTE000740,MCH0180,LIN011,FAC004,FLR000740,MWO000740,2023-06-19 19:03:59,Machine Breakdown,6.07,600,461376.64,Resolved,Medium
DTE000741,MCH0267,LIN013,FAC005,FLR000741,MWO000741,2024-02-03 14:56:20,Machine Breakdown,16.98,1246,206979.44,Open,Low
DTE000742,MCH0004,LIN020,FAC007,FLR000742,MWO000742,2026-06-21 07:53:14,Machine Breakdown,4.23,858,520950.94,Resolved,Critical
DTE000743,MCH0082,LIN027,FAC009,FLR000743,MWO000743,2023-05-23 11:06:11,Machine Breakdown,1.51,243,244460.63,Resolved,Low
DTE000744,MCH0316,LIN029,FAC010,FLR000744,MWO000744,2024-03-02 23:58:07,Machine Breakdown,4.95,644,575938.88,Resolved,Medium
DTE000745,MCH0052,LIN006,FAC002,FLR000745,MWO000745,2023-12-24 21:06:22,Machine Breakdown,12.39,1876,754194.88,Resolved,High
DTE000746,MCH0429,LIN004,FAC002,FLR000746,MWO000746,2026-04-18 15:32:41,Machine Breakdown,8.91,387,405157.69,Resolved,Medium
DTE000747,MCH0014,LIN029,FAC010,FLR000747,MWO000747,2023-01-15 18:05:53,Machine Breakdown,5.45,346,66173.14,Resolved,Medium
DTE000748,MCH0218,LIN007,FAC003,FLR000748,MWO000748,2024-07-25 17:21:07,Machine Breakdown,12.98,694,209500.75,Resolved,High
DTE000749,MCH0236,LIN021,FAC007,FLR000749,MWO000749,2023-07-15 05:25:55,Machine Breakdown,9.08,364,415215.61,Resolved,Medium
DTE000750,MCH0448,LIN016,FAC006,FLR000750,MWO000750,2024-05-28 06:10:19,Machine Breakdown,8.75,525,475217.61,Resolved,Medium
DTE000751,MCH0176,LIN008,FAC003,FLR000751,MWO000751,2025-07-26 03:28:22,Machine Breakdown,10.17,1789,758783.0,Resolved,Critical
DTE000752,MCH0450,LIN022,FAC008,FLR000752,MWO000752,2025-09-02 18:16:06,Machine Breakdown,5.86,911,374817.94,Resolved,Medium
DTE000753,MCH0524,LIN016,FAC006,FLR000753,MWO000753,2023-08-03 01:36:21,Machine Breakdown,15.17,1079,212257.44,Resolved,High
DTE000754,MCH0273,LIN002,FAC001,FLR000754,MWO000754,2026-03-18 05:33:17,Machine Breakdown,3.58,491,491226.18,Resolved,Medium
DTE000755,MCH0562,LIN011,FAC004,FLR000755,MWO000755,2025-03-23 08:59:37,Machine Breakdown,3.2,139,61365.8,Resolved,Medium
DTE000756,MCH0256,LIN005,FAC002,FLR000756,MWO000756,2024-12-16 15:14:45,Machine Breakdown,9.71,1552,983868.25,Resolved,Critical
DTE000757,MCH0075,LIN003,FAC001,FLR000757,MWO000757,2023-08-18 18:25:03,Machine Breakdown,6.15,678,227529.99,Resolved,Low
DTE000758,MCH0431,LIN023,FAC008,FLR000758,MWO000758,2025-07-04 06:34:08,Machine Breakdown,3.07,320,73536.98,Open,Medium
DTE000759,MCH0291,LIN022,FAC008,FLR000759,MWO000759,2024-05-26 15:27:55,Machine Breakdown,3.54,239,199295.94,Resolved,Critical
DTE000760,MCH0347,LIN015,FAC005,FLR000760,MWO000760,2024-07-10 03:25:34,Machine Breakdown,22.27,4692,4631622.45,Resolved,Critical
DTE000761,MCH0432,LIN025,FAC009,FLR000761,MWO000761,2023-06-18 10:36:41,Machine Breakdown,6.0,538,536168.98,Resolved,Critical
DTE000762,MCH0044,LIN012,FAC004,FLR000762,MWO000762,2026-03-04 09:35:00,Machine Breakdown,13.76,2377,1701267.57,Resolved,Low
DTE000763,MCH0100,LIN014,FAC005,FLR000763,MWO000763,2025-01-22 23:00:53,Machine Breakdown,9.63,501,199877.91,Resolved,Medium
DTE000764,MCH0220,LIN023,FAC008,FLR000764,MWO000764,2023-01-11 23:15:42,Machine Breakdown,5.04,226,186972.05,Resolved,High
DTE000765,MCH0251,LIN017,FAC006,FLR000765,MWO000765,2023-03-24 04:32:15,Machine Breakdown,3.2,631,412490.03,Resolved,Medium
DTE000766,MCH0591,LIN016,FAC006,FLR000766,MWO000766,2026-05-05 10:22:01,Machine Breakdown,3.67,273,239044.69,Resolved,Medium
DTE000767,MCH0436,LIN013,FAC005,FLR000767,MWO000767,2023-01-07 10:39:41,Machine Breakdown,20.7,2381,781915.22,Resolved,Medium
DTE000768,MCH0338,LIN015,FAC005,FLR000768,MWO000768,2023-06-04 03:26:03,Machine Breakdown,5.8,515,158057.69,Resolved,Medium
DTE000769,MCH0494,LIN001,FAC001,FLR000769,MWO000769,2023-01-18 05:11:09,Machine Breakdown,10.15,1776,995535.58,Resolved,Critical
DTE000770,MCH0328,LIN024,FAC008,FLR000770,MWO000770,2025-01-30 14:18:55,Machine Breakdown,9.91,1782,1278250.33,Resolved,Low
DTE000771,MCH0240,LIN015,FAC005,FLR000771,MWO000771,2026-04-17 01:31:52,Machine Breakdown,4.55,385,80826.79,Resolved,Medium
DTE000772,MCH0403,LIN002,FAC001,FLR000772,MWO000772,2023-02-22 07:13:38,Machine Breakdown,17.39,1157,1238758.53,Resolved,Medium
DTE000773,MCH0032,LIN023,FAC008,FLR000773,MWO000773,2024-11-13 10:24:06,Machine Breakdown,7.31,1479,1181101.74,Resolved,Low
DTE000774,MCH0314,LIN023,FAC008,FLR000774,MWO000774,2025-08-15 20:27:59,Machine Breakdown,6.48,533,190174.8,Resolved,Critical
DTE000775,MCH0344,LIN019,FAC007,FLR000775,MWO000775,2024-11-19 14:44:45,Machine Breakdown,4.43,642,144752.37,Resolved,High
DTE000776,MCH0375,LIN005,FAC002,FLR000776,MWO000776,2025-05-02 22:42:07,Machine Breakdown,9.32,690,527975.01,Resolved,High
DTE000777,MCH0506,LIN001,FAC001,FLR000777,MWO000777,2023-04-04 07:41:18,Machine Breakdown,9.37,1809,879025.37,Resolved,Low
DTE000778,MCH0434,LIN011,FAC004,FLR000778,MWO000778,2025-04-25 04:16:09,Machine Breakdown,18.82,4322,4646117.48,Resolved,Medium
DTE000779,MCH0340,LIN012,FAC004,FLR000779,MWO000779,2025-12-07 01:22:37,Machine Breakdown,3.33,507,191817.88,Resolved,Medium
DTE000780,MCH0463,LIN018,FAC006,FLR000780,MWO000780,2025-06-23 18:34:00,Machine Breakdown,2.75,571,248004.42,Resolved,High
DTE000781,MCH0070,LIN030,FAC010,FLR000781,MWO000781,2025-07-23 17:48:15,Machine Breakdown,1.17,176,122738.06,Resolved,Low
DTE000782,MCH0357,LIN029,FAC010,FLR000782,MWO000782,2026-01-30 14:11:53,Machine Breakdown,6.57,672,444789.72,Resolved,High
DTE000783,MCH0007,LIN021,FAC007,FLR000783,MWO000783,2024-04-10 01:34:56,Machine Breakdown,5.67,592,469985.13,Resolved,Low
DTE000784,MCH0014,LIN029,FAC010,FLR000784,MWO000784,2023-07-14 18:55:53,Machine Breakdown,6.02,1423,1447060.68,Resolved,Critical
DTE000785,MCH0435,LIN027,FAC009,FLR000785,MWO000785,2025-04-09 23:20:02,Machine Breakdown,13.23,1073,243602.74,Resolved,Low
DTE000786,MCH0570,LIN005,FAC002,FLR000786,MWO000786,2026-01-27 14:15:04,Machine Breakdown,11.39,2255,2378854.26,Resolved,Medium
DTE000787,MCH0145,LIN010,FAC004,FLR000787,MWO000787,2023-08-28 23:25:51,Machine Breakdown,0.74,48,46558.72,Resolved,Critical
DTE000788,MCH0481,LIN004,FAC002,FLR000788,MWO000788,2024-01-14 23:53:01,Machine Breakdown,2.12,366,220986.38,Resolved,Critical
DTE000789,MCH0591,LIN016,FAC006,FLR000789,MWO000789,2023-05-12 17:32:04,Machine Breakdown,5.82,306,352265.34,Resolved,Critical
DTE000790,MCH0449,LIN024,FAC008,FLR000790,MWO000790,2025-11-02 11:09:09,Machine Breakdown,11.38,1236,895543.74,Open,Low
DTE000791,MCH0382,LIN018,FAC006,FLR000791,MWO000791,2026-01-26 11:50:23,Machine Breakdown,1.56,181,169968.92,Resolved,Medium
DTE000792,MCH0500,LIN025,FAC009,FLR000792,MWO000792,2026-05-20 05:41:58,Machine Breakdown,12.58,1733,829047.08,Resolved,Low
DTE000793,MCH0133,LIN013,FAC005,FLR000793,MWO000793,2024-02-08 20:16:57,Machine Breakdown,6.27,386,453701.29,Resolved,Medium
DTE000794,MCH0144,LIN010,FAC004,FLR000794,MWO000794,2025-01-04 10:24:19,Machine Breakdown,7.05,564,488381.48,Resolved,Low
DTE000795,MCH0084,LIN022,FAC008,FLR000795,MWO000795,2024-05-02 00:11:31,Machine Breakdown,6.69,315,224187.36,Resolved,Medium
DTE000796,MCH0130,LIN020,FAC007,FLR000796,MWO000796,2026-03-04 04:30:59,Machine Breakdown,3.0,375,143751.0,Resolved,Medium
DTE000797,MCH0405,LIN026,FAC009,FLR000797,MWO000797,2026-03-22 13:02:16,Machine Breakdown,14.06,872,357476.91,Open,Medium
DTE000798,MCH0235,LIN025,FAC009,FLR000798,MWO000798,2026-06-30 22:38:57,Machine Breakdown,2.1,386,403394.01,Resolved,Low
DTE000799,MCH0356,LIN005,FAC002,FLR000799,MWO000799,2023-03-26 06:51:42,Machine Breakdown,10.29,1226,1331143.48,Resolved,Medium
DTE000800,MCH0505,LIN023,FAC008,FLR000800,MWO000800,2024-05-29 12:25:52,Machine Breakdown,3.02,399,151035.24,Resolved,High
DTE000801,MCH0064,LIN025,FAC009,FLR000801,MWO000801,2024-04-17 06:30:28,Machine Breakdown,4.91,495,359445.96,Resolved,Low
DTE000802,MCH0504,LIN008,FAC003,FLR000802,MWO000802,2024-09-30 13:15:53,Machine Breakdown,5.56,394,91776.82,Resolved,Medium
DTE000803,MCH0554,LIN028,FAC010,FLR000803,MWO000803,2023-08-03 09:26:04,Machine Breakdown,14.99,1190,1114802.37,Resolved,Low
DTE000804,MCH0276,LIN012,FAC004,FLR000804,MWO000804,2025-06-04 16:06:34,Machine Breakdown,4.36,974,552954.6,Resolved,High
DTE000805,MCH0295,LIN020,FAC007,FLR000805,MWO000805,2023-12-11 12:51:26,Machine Breakdown,9.99,1993,2353127.51,Resolved,Medium
DTE000806,MCH0023,LIN005,FAC002,FLR000806,MWO000806,2024-07-09 12:22:13,Machine Breakdown,3.3,520,206246.98,Resolved,Medium
DTE000807,MCH0001,LIN020,FAC007,FLR000807,MWO000807,2023-01-15 03:07:02,Machine Breakdown,2.77,629,380072.95,Resolved,High
DTE000808,MCH0171,LIN006,FAC002,FLR000808,MWO000808,2023-05-10 12:28:12,Machine Breakdown,4.26,206,37693.88,Resolved,Low
DTE000809,MCH0533,LIN017,FAC006,FLR000809,MWO000809,2026-04-11 01:15:29,Machine Breakdown,9.49,1853,1573268.84,Resolved,Low
DTE000810,MCH0215,LIN014,FAC005,FLR000810,MWO000810,2024-12-12 23:23:08,Machine Breakdown,22.49,2949,2949504.11,Resolved,High
DTE000811,MCH0473,LIN022,FAC008,FLR000811,MWO000811,2025-10-02 21:44:21,Machine Breakdown,22.17,2573,2612290.82,Resolved,Medium
DTE000812,MCH0386,LIN012,FAC004,FLR000812,MWO000812,2025-03-09 05:34:10,Machine Breakdown,4.57,859,689993.41,Resolved,Low
DTE000813,MCH0481,LIN004,FAC002,FLR000813,MWO000813,2023-02-04 18:05:03,Machine Breakdown,3.79,299,114957.61,Resolved,Medium
DTE000814,MCH0479,LIN007,FAC003,FLR000814,MWO000814,2023-03-12 04:49:42,Machine Breakdown,3.24,235,242976.29,Resolved,Medium
DTE000815,MCH0141,LIN006,FAC002,FLR000815,MWO000815,2024-01-19 16:17:02,Machine Breakdown,5.02,494,427047.16,Resolved,Critical
DTE000816,MCH0204,LIN002,FAC001,FLR000816,MWO000816,2023-11-03 16:52:18,Machine Breakdown,7.95,1229,245980.28,Resolved,Critical
DTE000817,MCH0539,LIN017,FAC006,FLR000817,MWO000817,2026-04-07 00:36:15,Machine Breakdown,16.47,3436,2168771.1,Resolved,Critical
DTE000818,MCH0570,LIN005,FAC002,FLR000818,MWO000818,2026-01-15 09:44:01,Machine Breakdown,18.03,3781,1543643.32,Resolved,High
DTE000819,MCH0442,LIN001,FAC001,FLR000819,MWO000819,2024-10-16 01:07:59,Machine Breakdown,15.15,1483,1347274.99,Open,High
DTE000820,MCH0235,LIN025,FAC009,FLR000820,MWO000820,2024-11-12 11:51:36,Machine Breakdown,10.46,1837,448186.8,Resolved,Low
DTE000821,MCH0441,LIN020,FAC007,FLR000821,MWO000821,2025-02-13 13:19:45,Machine Breakdown,9.89,2341,2516761.77,Resolved,Low
DTE000822,MCH0258,LIN026,FAC009,FLR000822,MWO000822,2024-05-14 11:26:51,Machine Breakdown,8.32,1073,257741.48,Resolved,Medium
DTE000823,MCH0404,LIN007,FAC003,FLR000823,MWO000823,2023-12-25 21:54:18,Machine Breakdown,5.49,1178,442674.73,Resolved,Medium
DTE000824,MCH0065,LIN005,FAC002,FLR000824,MWO000824,2024-12-15 16:42:40,Machine Breakdown,7.27,1470,1688922.07,Resolved,Medium
DTE000825,MCH0101,LIN022,FAC008,FLR000825,MWO000825,2026-06-02 17:07:35,Machine Breakdown,7.45,1774,472397.17,Resolved,Medium
DTE000826,MCH0599,LIN003,FAC001,FLR000826,MWO000826,2023-03-30 10:07:20,Machine Breakdown,15.4,3342,2565559.78,Resolved,Critical
DTE000827,MCH0120,LIN007,FAC003,FLR000827,MWO000827,2025-01-05 07:23:58,Machine Breakdown,10.53,2024,2161387.02,Resolved,Low
DTE000828,MCH0517,LIN005,FAC002,FLR000828,MWO000828,2023-09-15 16:54:29,Machine Breakdown,5.01,1034,1182614.55,Resolved,Critical
DTE000829,MCH0284,LIN006,FAC002,FLR000829,MWO000829,2023-09-17 18:51:10,Machine Breakdown,6.39,1168,421081.9,Open,High
DTE000830,MCH0442,LIN001,FAC001,FLR000830,MWO000830,2025-10-26 12:23:44,Machine Breakdown,3.53,746,880889.31,Resolved,High
DTE000831,MCH0040,LIN003,FAC001,FLR000831,MWO000831,2025-10-28 20:38:48,Machine Breakdown,13.06,3071,1538592.23,Resolved,High
DTE000832,MCH0224,LIN018,FAC006,FLR000832,MWO000832,2023-11-01 14:44:25,Machine Breakdown,3.13,270,237527.16,Resolved,Medium
DTE000833,MCH0337,LIN028,FAC010,FLR000833,MWO000833,2024-06-30 01:48:16,Machine Breakdown,0.96,197,88879.88,Resolved,Low
DTE000834,MCH0296,LIN026,FAC009,FLR000834,MWO000834,2026-05-01 09:35:09,Machine Breakdown,11.4,2149,466373.98,Resolved,Medium
DTE000835,MCH0121,LIN008,FAC003,FLR000835,MWO000835,2023-10-21 19:51:10,Machine Breakdown,6.78,581,189679.56,Resolved,Medium
DTE000836,MCH0072,LIN011,FAC004,FLR000836,MWO000836,2024-07-28 21:11:01,Machine Breakdown,14.54,2341,1845637.12,Resolved,Low
DTE000837,MCH0006,LIN013,FAC005,FLR000837,MWO000837,2023-05-03 12:01:24,Machine Breakdown,1.93,222,82448.6,Resolved,Medium
DTE000838,MCH0440,LIN027,FAC009,FLR000838,MWO000838,2024-09-01 05:53:14,Machine Breakdown,4.24,587,168574.27,Resolved,Medium
DTE000839,MCH0133,LIN013,FAC005,FLR000839,MWO000839,2025-02-11 07:15:44,Machine Breakdown,12.35,1265,392546.23,Resolved,Critical
DTE000840,MCH0329,LIN014,FAC005,FLR000840,MWO000840,2023-12-23 15:57:44,Machine Breakdown,4.77,611,231264.2,Resolved,High
DTE000841,MCH0129,LIN003,FAC001,FLR000841,MWO000841,2025-08-28 22:40:22,Machine Breakdown,10.3,583,685928.09,Resolved,Low
DTE000842,MCH0268,LIN013,FAC005,FLR000842,MWO000842,2026-05-31 23:33:50,Machine Breakdown,13.34,1904,794047.77,Resolved,Low
DTE000843,MCH0543,LIN019,FAC007,FLR000843,MWO000843,2023-07-02 19:15:13,Machine Breakdown,7.87,1502,720471.52,Resolved,Medium
DTE000844,MCH0152,LIN010,FAC004,FLR000844,MWO000844,2023-04-19 04:43:24,Machine Breakdown,12.2,900,443641.24,Resolved,Medium
DTE000845,MCH0509,LIN021,FAC007,FLR000845,MWO000845,2024-03-20 06:43:57,Machine Breakdown,10.08,1718,1767707.97,Resolved,High
DTE000846,MCH0258,LIN026,FAC009,FLR000846,MWO000846,2024-03-29 21:18:29,Machine Breakdown,15.43,3569,4130651.82,Resolved,Medium
DTE000847,MCH0101,LIN022,FAC008,FLR000847,MWO000847,2025-03-14 11:11:09,Machine Breakdown,5.65,361,98706.45,Open,Medium
DTE000848,MCH0407,LIN018,FAC006,FLR000848,MWO000848,2024-09-21 02:24:45,Machine Breakdown,3.51,635,314600.29,Resolved,Critical
DTE000849,MCH0026,LIN006,FAC002,FLR000849,MWO000849,2025-07-08 20:45:45,Machine Breakdown,7.1,1338,1187059.18,Resolved,High
DTE000850,MCH0161,LIN008,FAC003,FLR000850,MWO000850,2023-03-16 17:49:39,Machine Breakdown,9.11,1593,821384.93,Resolved,Low
DTE000851,MCH0340,LIN012,FAC004,FLR000851,MWO000851,2025-07-04 20:40:33,Machine Breakdown,7.58,1556,1219621.53,Resolved,Low
DTE000852,MCH0289,LIN010,FAC004,FLR000852,MWO000852,2023-01-29 04:23:43,Machine Breakdown,1.41,155,132395.8,Resolved,High
DTE000853,MCH0391,LIN007,FAC003,FLR000853,MWO000853,2023-06-29 07:00:20,Machine Breakdown,9.27,1321,867606.57,Resolved,Medium
DTE000854,MCH0472,LIN011,FAC004,FLR000854,MWO000854,2023-02-18 12:40:16,Machine Breakdown,18.57,1994,489505.45,Resolved,High
DTE000855,MCH0296,LIN026,FAC009,FLR000855,MWO000855,2025-01-01 20:57:23,Machine Breakdown,4.77,227,79851.67,Resolved,Low
DTE000856,MCH0092,LIN005,FAC002,FLR000856,MWO000856,2024-06-11 19:14:27,Machine Breakdown,5.75,1287,393896.15,Resolved,Medium
DTE000857,MCH0097,LIN022,FAC008,FLR000857,MWO000857,2024-02-26 05:29:09,Machine Breakdown,8.76,1076,1206056.59,Open,Medium
DTE000858,MCH0404,LIN007,FAC003,FLR000858,MWO000858,2025-03-12 08:16:38,Machine Breakdown,8.18,448,138612.13,Resolved,Low
DTE000859,MCH0526,LIN028,FAC010,FLR000859,MWO000859,2023-11-26 19:52:14,Machine Breakdown,10.54,1642,1338542.41,Open,Medium
DTE000860,MCH0373,LIN011,FAC004,FLR000860,MWO000860,2024-09-29 03:55:57,Machine Breakdown,8.23,1274,1426639.01,Resolved,Medium
DTE000861,MCH0237,LIN025,FAC009,FLR000861,MWO000861,2024-12-10 02:18:22,Machine Breakdown,9.41,521,188318.19,Resolved,Low
DTE000862,MCH0071,LIN024,FAC008,FLR000862,MWO000862,2024-03-27 00:35:24,Machine Breakdown,4.45,546,517556.24,Resolved,High
DTE000863,MCH0346,LIN015,FAC005,FLR000863,MWO000863,2023-07-06 20:11:34,Machine Breakdown,10.26,1647,1450466.02,Open,Low
DTE000864,MCH0424,LIN022,FAC008,FLR000864,MWO000864,2025-03-19 12:41:28,Machine Breakdown,6.37,990,319664.84,Resolved,Medium
DTE000865,MCH0309,LIN007,FAC003,FLR000865,MWO000865,2024-04-19 03:17:26,Machine Breakdown,12.79,1976,1107207.75,Resolved,Medium
DTE000866,MCH0179,LIN010,FAC004,FLR000866,MWO000866,2024-07-17 04:08:05,Machine Breakdown,8.46,1201,878712.18,Resolved,Critical
DTE000867,MCH0125,LIN008,FAC003,FLR000867,MWO000867,2024-04-26 15:05:17,Machine Breakdown,3.8,663,333442.47,Resolved,Low
DTE000868,MCH0029,LIN002,FAC001,FLR000868,MWO000868,2025-04-13 02:54:46,Machine Breakdown,9.5,919,522003.69,Resolved,Critical
DTE000869,MCH0320,LIN011,FAC004,FLR000869,MWO000869,2026-01-08 04:26:02,Machine Breakdown,11.4,501,427322.08,Resolved,Medium
DTE000870,MCH0352,LIN027,FAC009,FLR000870,MWO000870,2024-04-16 16:10:04,Machine Breakdown,10.84,1193,1058186.12,Open,High
DTE000871,MCH0048,LIN024,FAC008,FLR000871,MWO000871,2024-05-22 13:43:00,Machine Breakdown,9.6,2237,2498918.2,Resolved,High
DTE000872,MCH0502,LIN011,FAC004,FLR000872,MWO000872,2024-03-22 18:49:53,Machine Breakdown,10.23,2102,605583.79,Resolved,Medium
DTE000873,MCH0220,LIN023,FAC008,FLR000873,MWO000873,2024-03-01 20:25:04,Machine Breakdown,2.27,102,109232.92,Resolved,Critical
DTE000874,MCH0482,LIN024,FAC008,FLR000874,MWO000874,2026-05-11 00:03:21,Machine Breakdown,3.4,393,194492.99,Resolved,High
DTE000875,MCH0008,LIN015,FAC005,FLR000875,MWO000875,2023-02-14 19:25:23,Machine Breakdown,3.03,558,622847.25,Resolved,High
DTE000876,MCH0395,LIN004,FAC002,FLR000876,MWO000876,2024-07-07 09:15:48,Machine Breakdown,3.52,268,68287.35,Resolved,High
DTE000877,MCH0309,LIN007,FAC003,FLR000877,MWO000877,2023-09-12 20:12:05,Machine Breakdown,9.48,1377,1441293.66,Resolved,High
DTE000878,MCH0245,LIN030,FAC010,FLR000878,MWO000878,2025-08-12 04:24:42,Machine Breakdown,1.18,140,66989.94,Resolved,Low
DTE000879,MCH0506,LIN001,FAC001,FLR000879,MWO000879,2023-06-04 07:16:12,Machine Breakdown,14.75,2812,1007153.58,Resolved,Medium
DTE000880,MCH0042,LIN016,FAC006,FLR000880,MWO000880,2025-08-07 02:37:42,Machine Breakdown,0.88,126,44691.22,Resolved,Medium
DTE000881,MCH0518,LIN020,FAC007,FLR000881,MWO000881,2023-02-01 21:59:00,Machine Breakdown,7.12,627,245890.65,Open,Low
DTE000882,MCH0369,LIN012,FAC004,FLR000882,MWO000882,2024-05-19 14:19:35,Machine Breakdown,25.49,1732,1680984.47,Resolved,Low
DTE000883,MCH0041,LIN011,FAC004,FLR000883,MWO000883,2023-03-09 11:02:05,Machine Breakdown,3.42,430,97928.08,Resolved,High
DTE000884,MCH0023,LIN005,FAC002,FLR000884,MWO000884,2024-04-18 20:35:54,Machine Breakdown,5.99,1182,1327708.38,Resolved,High
DTE000885,MCH0011,LIN013,FAC005,FLR000885,MWO000885,2025-09-17 16:52:55,Machine Breakdown,11.06,2424,1135031.13,Resolved,High
DTE000886,MCH0139,LIN012,FAC004,FLR000886,MWO000886,2023-06-04 08:28:36,Machine Breakdown,5.17,947,849232.27,Resolved,Medium
DTE000887,MCH0042,LIN016,FAC006,FLR000887,MWO000887,2023-11-10 12:22:36,Machine Breakdown,22.35,4610,5423430.62,Resolved,Medium
DTE000888,MCH0371,LIN005,FAC002,FLR000888,MWO000888,2023-02-03 23:52:00,Machine Breakdown,3.31,726,795756.96,Resolved,Critical
DTE000889,MCH0456,LIN003,FAC001,FLR000889,MWO000889,2024-01-14 10:13:27,Machine Breakdown,11.79,2244,2059611.98,Resolved,Medium
DTE000890,MCH0008,LIN015,FAC005,FLR000890,MWO000890,2024-12-22 23:42:46,Machine Breakdown,6.08,1139,839525.41,Resolved,Critical
DTE000891,MCH0436,LIN013,FAC005,FLR000891,MWO000891,2023-08-05 19:30:02,Machine Breakdown,12.11,2575,1751895.51,Resolved,Medium
DTE000892,MCH0178,LIN023,FAC008,FLR000892,MWO000892,2024-03-25 02:37:43,Machine Breakdown,5.45,533,581323.85,Resolved,Low
DTE000893,MCH0306,LIN010,FAC004,FLR000893,MWO000893,2024-02-10 10:45:48,Machine Breakdown,4.43,543,111923.6,Resolved,High
DTE000894,MCH0054,LIN006,FAC002,FLR000894,MWO000894,2025-11-16 11:11:21,Machine Breakdown,12.96,2687,555301.32,Resolved,Medium
DTE000895,MCH0063,LIN013,FAC005,FLR000895,MWO000895,2023-02-08 20:58:58,Machine Breakdown,2.36,506,314502.94,Resolved,Medium
DTE000896,MCH0549,LIN013,FAC005,FLR000896,MWO000896,2023-09-05 15:27:48,Machine Breakdown,2.93,294,327139.54,Resolved,High
DTE000897,MCH0017,LIN015,FAC005,FLR000897,MWO000897,2025-01-22 12:28:59,Machine Breakdown,10.09,1339,1304886.37,Resolved,High
DTE000898,MCH0139,LIN012,FAC004,FLR000898,MWO000898,2025-06-13 13:18:25,Machine Breakdown,15.1,3623,1335654.85,Resolved,Medium
DTE000899,MCH0122,LIN001,FAC001,FLR000899,MWO000899,2023-10-06 03:18:18,Machine Breakdown,2.6,191,125303.13,Resolved,Medium
DTE000900,MCH0061,LIN026,FAC009,FLR000900,MWO000900,2026-05-06 18:25:01,Machine Breakdown,3.26,332,363940.43,Resolved,Low
DTE000901,MCH0404,LIN007,FAC003,FLR000901,MWO000901,2026-01-05 19:04:58,Machine Breakdown,4.68,377,118942.39,Resolved,Medium
DTE000902,MCH0577,LIN009,FAC003,FLR000902,MWO000902,2025-03-04 17:16:21,Machine Breakdown,2.28,524,523235.93,Resolved,Low
DTE000903,MCH0459,LIN006,FAC002,FLR000903,MWO000903,2024-07-13 15:41:43,Machine Breakdown,10.65,1817,1867057.52,Resolved,High
DTE000904,MCH0566,LIN010,FAC004,FLR000904,MWO000904,2026-03-04 23:56:30,Machine Breakdown,19.89,4509,2097559.74,Resolved,Critical
DTE000905,MCH0163,LIN007,FAC003,FLR000905,MWO000905,2026-03-15 10:34:28,Machine Breakdown,23.63,5445,5247845.22,Resolved,Medium
DTE000906,MCH0318,LIN006,FAC002,FLR000906,MWO000906,2023-10-10 17:00:37,Machine Breakdown,2.27,220,202720.11,Resolved,Low
DTE000907,MCH0124,LIN013,FAC005,FLR000907,MWO000907,2026-06-16 09:55:29,Machine Breakdown,5.28,1100,301165.95,Resolved,Medium
DTE000908,MCH0374,LIN013,FAC005,FLR000908,MWO000908,2024-07-18 23:59:14,Machine Breakdown,10.14,675,454385.61,Resolved,High
DTE000909,MCH0052,LIN006,FAC002,FLR000909,MWO000909,2023-08-22 17:40:28,Machine Breakdown,16.57,2849,1555576.46,Resolved,Medium
DTE000910,MCH0011,LIN013,FAC005,FLR000910,MWO000910,2023-10-04 08:28:26,Machine Breakdown,5.83,1055,194245.09,Resolved,High
DTE000911,MCH0414,LIN017,FAC006,FLR000911,MWO000911,2023-10-23 05:46:33,Machine Breakdown,9.85,502,166152.79,Resolved,Medium
DTE000912,MCH0587,LIN024,FAC008,FLR000912,MWO000912,2024-04-01 21:20:55,Machine Breakdown,4.34,730,824504.16,Resolved,High
DTE000913,MCH0522,LIN024,FAC008,FLR000913,MWO000913,2024-05-05 16:45:16,Machine Breakdown,2.52,319,352265.25,Resolved,Medium
DTE000914,MCH0162,LIN014,FAC005,FLR000914,MWO000914,2025-08-09 05:29:43,Machine Breakdown,0.59,105,17292.72,Resolved,Low
DTE000915,MCH0415,LIN008,FAC003,FLR000915,MWO000915,2024-03-01 22:14:19,Machine Breakdown,9.65,1313,923960.83,Resolved,High
DTE000916,MCH0262,LIN021,FAC007,FLR000916,MWO000916,2023-06-20 09:04:12,Machine Breakdown,5.63,1137,1001556.65,Open,Medium
DTE000917,MCH0255,LIN005,FAC002,FLR000917,MWO000917,2025-08-15 17:41:24,Machine Breakdown,4.07,300,214952.86,Resolved,Medium
DTE000918,MCH0355,LIN029,FAC010,FLR000918,MWO000918,2023-02-10 22:09:52,Machine Breakdown,10.83,1992,2195550.93,Resolved,High
DTE000919,MCH0464,LIN002,FAC001,FLR000919,MWO000919,2023-10-19 05:42:11,Machine Breakdown,5.31,231,117049.97,Resolved,Medium
DTE000920,MCH0041,LIN011,FAC004,FLR000920,MWO000920,2025-07-05 01:37:07,Machine Breakdown,5.21,280,244833.26,Open,High
DTE000921,MCH0051,LIN011,FAC004,FLR000921,MWO000921,2024-05-09 12:29:20,Machine Breakdown,5.1,1181,788806.63,Resolved,Critical
DTE000922,MCH0075,LIN003,FAC001,FLR000922,MWO000922,2025-06-06 07:41:17,Machine Breakdown,4.85,695,222290.28,Resolved,Medium
DTE000923,MCH0110,LIN002,FAC001,FLR000923,MWO000923,2023-04-23 06:49:38,Machine Breakdown,3.4,776,416016.2,Open,Medium
DTE000924,MCH0083,LIN010,FAC004,FLR000924,MWO000924,2025-04-29 02:57:28,Machine Breakdown,3.7,798,246653.45,Resolved,Critical
DTE000925,MCH0304,LIN026,FAC009,FLR000925,MWO000925,2023-06-01 16:10:48,Machine Breakdown,13.2,815,126577.83,Resolved,Low
DTE000926,MCH0584,LIN009,FAC003,FLR000926,MWO000926,2024-09-22 09:12:42,Machine Breakdown,12.09,2117,1121395.1,Resolved,Medium
DTE000927,MCH0501,LIN019,FAC007,FLR000927,MWO000927,2024-07-10 12:43:33,Machine Breakdown,8.67,1989,652263.1,Resolved,Medium
DTE000928,MCH0537,LIN013,FAC005,FLR000928,MWO000928,2025-05-30 14:37:47,Machine Breakdown,7.28,802,820572.38,Resolved,Medium
DTE000929,MCH0591,LIN016,FAC006,FLR000929,MWO000929,2025-12-02 22:29:15,Machine Breakdown,7.65,1009,530837.91,Open,Critical
DTE000930,MCH0245,LIN030,FAC010,FLR000930,MWO000930,2023-04-22 13:44:14,Machine Breakdown,14.86,2645,3124233.91,Resolved,Medium
DTE000931,MCH0341,LIN006,FAC002,FLR000931,MWO000931,2023-01-31 07:22:57,Machine Breakdown,13.26,1239,1320716.78,Resolved,Medium
DTE000932,MCH0600,LIN014,FAC005,FLR000932,MWO000932,2025-04-18 18:42:05,Machine Breakdown,6.2,823,986662.05,Resolved,Medium
DTE000933,MCH0312,LIN015,FAC005,FLR000933,MWO000933,2023-07-08 11:41:56,Machine Breakdown,11.53,2388,1068917.88,Resolved,Low
DTE000934,MCH0189,LIN004,FAC002,FLR000934,MWO000934,2025-11-20 09:16:25,Machine Breakdown,2.95,628,542812.91,Resolved,Low
DTE000935,MCH0236,LIN021,FAC007,FLR000935,MWO000935,2025-08-06 10:46:24,Machine Breakdown,3.26,440,257267.07,Resolved,High
DTE000936,MCH0543,LIN019,FAC007,FLR000936,MWO000936,2024-06-20 02:44:31,Machine Breakdown,7.47,1530,715018.91,Open,Critical
DTE000937,MCH0220,LIN023,FAC008,FLR000937,MWO000937,2023-06-11 14:10:37,Machine Breakdown,13.41,2867,1521505.38,Resolved,Medium
DTE000938,MCH0199,LIN008,FAC003,FLR000938,MWO000938,2024-02-20 00:43:19,Machine Breakdown,11.44,2742,2408817.53,Resolved,High
DTE000939,MCH0582,LIN013,FAC005,FLR000939,MWO000939,2025-06-29 22:16:57,Machine Breakdown,1.9,134,141724.92,Resolved,High
DTE000940,MCH0592,LIN023,FAC008,FLR000940,MWO000940,2025-12-13 10:34:08,Machine Breakdown,4.75,770,781694.41,Resolved,High
DTE000941,MCH0193,LIN006,FAC002,FLR000941,MWO000941,2023-12-05 02:00:30,Machine Breakdown,5.64,879,1025961.65,Resolved,Critical
DTE000942,MCH0350,LIN021,FAC007,FLR000942,MWO000942,2024-12-24 13:01:59,Machine Breakdown,5.46,996,163682.0,Resolved,Medium
DTE000943,MCH0200,LIN004,FAC002,FLR000943,MWO000943,2025-07-25 12:54:39,Machine Breakdown,11.58,2561,735120.45,Open,Medium
DTE000944,MCH0430,LIN016,FAC006,FLR000944,MWO000944,2023-03-16 17:32:04,Machine Breakdown,2.77,369,140583.62,Resolved,Medium
DTE000945,MCH0547,LIN005,FAC002,FLR000945,MWO000945,2024-08-08 16:57:26,Machine Breakdown,3.95,734,835350.38,Resolved,Medium
DTE000946,MCH0533,LIN017,FAC006,FLR000946,MWO000946,2023-08-06 03:42:30,Machine Breakdown,5.23,963,987278.43,Resolved,Low
DTE000947,MCH0357,LIN029,FAC010,FLR000947,MWO000947,2024-09-26 20:30:07,Machine Breakdown,10.53,1538,908381.89,Resolved,High
DTE000948,MCH0199,LIN008,FAC003,FLR000948,MWO000948,2024-11-26 09:38:59,Machine Breakdown,9.98,2141,1039103.44,Resolved,Critical
DTE000949,MCH0309,LIN007,FAC003,FLR000949,MWO000949,2026-04-25 17:49:37,Machine Breakdown,5.58,532,407402.17,Resolved,Medium
DTE000950,MCH0167,LIN020,FAC007,FLR000950,MWO000950,2023-06-30 04:26:05,Machine Breakdown,12.51,718,466109.29,Resolved,High
DTE000951,MCH0504,LIN008,FAC003,FLR000951,MWO000951,2023-04-29 21:41:21,Machine Breakdown,4.47,476,483649.47,Resolved,Critical
DTE000952,MCH0080,LIN020,FAC007,FLR000952,MWO000952,2023-12-18 03:45:23,Machine Breakdown,12.1,2871,2524219.0,Resolved,Low
DTE000953,MCH0401,LIN015,FAC005,FLR000953,MWO000953,2023-10-12 12:49:54,Machine Breakdown,2.34,286,314755.53,Resolved,High
DTE000954,MCH0245,LIN030,FAC010,FLR000954,MWO000954,2023-01-02 00:11:11,Machine Breakdown,2.56,271,304664.5,Resolved,Medium
DTE000955,MCH0388,LIN011,FAC004,FLR000955,MWO000955,2024-11-14 12:17:22,Machine Breakdown,5.27,857,925299.6,Resolved,Medium
DTE000956,MCH0005,LIN010,FAC004,FLR000956,MWO000956,2024-07-22 08:23:35,Machine Breakdown,2.77,530,150777.43,Resolved,Low
DTE000957,MCH0436,LIN013,FAC005,FLR000957,MWO000957,2025-04-14 22:24:41,Machine Breakdown,0.94,39,37909.49,Resolved,Medium
DTE000958,MCH0454,LIN022,FAC008,FLR000958,MWO000958,2023-07-28 21:42:37,Machine Breakdown,4.64,403,444400.57,Resolved,Medium
DTE000959,MCH0040,LIN003,FAC001,FLR000959,MWO000959,2024-06-14 02:54:55,Machine Breakdown,15.57,2296,1134629.29,Resolved,Medium
DTE000960,MCH0193,LIN006,FAC002,FLR000960,MWO000960,2026-03-06 11:15:18,Machine Breakdown,1.16,169,189978.08,Resolved,Medium
DTE000961,MCH0573,LIN004,FAC002,FLR000961,MWO000961,2024-06-10 10:00:42,Machine Breakdown,15.22,782,781732.02,Resolved,Medium
DTE000962,MCH0299,LIN014,FAC005,FLR000962,MWO000962,2025-02-22 02:27:25,Machine Breakdown,21.43,4233,3734298.03,Resolved,High
DTE000963,MCH0300,LIN002,FAC001,FLR000963,MWO000963,2026-06-02 22:25:50,Machine Breakdown,3.09,446,118916.4,Resolved,Low
DTE000964,MCH0098,LIN002,FAC001,FLR000964,MWO000964,2023-01-07 12:42:10,Machine Breakdown,5.65,1204,425009.28,Resolved,Medium
DTE000965,MCH0248,LIN028,FAC010,FLR000965,MWO000965,2025-07-13 10:24:53,Machine Breakdown,7.65,510,223435.36,Open,Medium
DTE000966,MCH0296,LIN026,FAC009,FLR000966,MWO000966,2023-04-17 05:13:04,Machine Breakdown,12.53,2127,384682.62,Resolved,Critical
DTE000967,MCH0447,LIN011,FAC004,FLR000967,MWO000967,2024-09-09 19:48:38,Machine Breakdown,5.28,607,158949.67,Resolved,High
DTE000968,MCH0042,LIN016,FAC006,FLR000968,MWO000968,2023-01-24 04:21:20,Machine Breakdown,14.81,2921,859940.01,Resolved,Low
DTE000969,MCH0559,LIN019,FAC007,FLR000969,MWO000969,2025-09-17 16:12:35,Machine Breakdown,4.73,339,231779.42,Resolved,Low
DTE000970,MCH0344,LIN019,FAC007,FLR000970,MWO000970,2025-08-14 15:21:08,Machine Breakdown,14.24,2812,2449506.51,Resolved,High
DTE000971,MCH0056,LIN027,FAC009,FLR000971,MWO000971,2023-01-20 05:10:33,Machine Breakdown,5.2,599,698858.63,Resolved,High
DTE000972,MCH0273,LIN002,FAC001,FLR000972,MWO000972,2025-02-04 08:50:34,Machine Breakdown,7.11,1435,674740.44,Resolved,Critical
DTE000973,MCH0261,LIN017,FAC006,FLR000973,MWO000973,2026-03-13 18:30:17,Machine Breakdown,18.68,4247,4406847.07,Resolved,Low
DTE000974,MCH0107,LIN010,FAC004,FLR000974,MWO000974,2025-03-20 17:12:18,Machine Breakdown,7.17,387,443827.85,Open,High
DTE000975,MCH0385,LIN006,FAC002,FLR000975,MWO000975,2026-06-13 08:56:19,Machine Breakdown,7.84,1513,617201.1,Open,Medium
DTE000976,MCH0099,LIN011,FAC004,FLR000976,MWO000976,2024-05-15 18:05:33,Machine Breakdown,2.67,109,124772.93,Resolved,Critical
DTE000977,MCH0244,LIN007,FAC003,FLR000977,MWO000977,2023-01-16 09:34:20,Machine Breakdown,3.6,379,94780.81,Resolved,Medium
DTE000978,MCH0483,LIN029,FAC010,FLR000978,MWO000978,2024-09-17 20:08:33,Machine Breakdown,1.11,129,100134.65,Resolved,Critical
DTE000979,MCH0062,LIN011,FAC004,FLR000979,MWO000979,2024-12-18 07:20:35,Machine Breakdown,16.04,2785,1988221.6,Resolved,Medium
DTE000980,MCH0120,LIN007,FAC003,FLR000980,MWO000980,2025-02-12 17:05:50,Machine Breakdown,0.84,149,116127.99,Open,Medium
DTE000981,MCH0019,LIN029,FAC010,FLR000981,MWO000981,2024-11-03 00:13:47,Machine Breakdown,3.14,249,187272.76,Resolved,Medium
DTE000982,MCH0072,LIN011,FAC004,FLR000982,MWO000982,2023-06-14 10:08:37,Machine Breakdown,15.0,2763,1033335.42,Resolved,Medium
DTE000983,MCH0346,LIN015,FAC005,FLR000983,MWO000983,2024-01-29 09:37:46,Machine Breakdown,1.49,177,202564.77,Resolved,Medium
DTE000984,MCH0425,LIN014,FAC005,FLR000984,MWO000984,2026-03-05 15:40:25,Machine Breakdown,8.68,1866,2048361.68,Resolved,Critical
DTE000985,MCH0531,LIN021,FAC007,FLR000985,MWO000985,2025-04-28 14:55:39,Machine Breakdown,9.05,932,242793.28,Resolved,Low
DTE000986,MCH0357,LIN029,FAC010,FLR000986,MWO000986,2026-04-03 00:19:46,Machine Breakdown,15.09,2105,1077998.62,Resolved,Critical
DTE000987,MCH0027,LIN014,FAC005,FLR000987,MWO000987,2025-09-14 20:29:17,Machine Breakdown,3.98,797,131844.69,Resolved,High
DTE000988,MCH0459,LIN006,FAC002,FLR000988,MWO000988,2023-12-25 14:43:21,Machine Breakdown,8.51,1364,1453231.96,Resolved,Low
DTE000989,MCH0340,LIN012,FAC004,FLR000989,MWO000989,2023-06-26 09:42:08,Machine Breakdown,2.49,120,123946.81,Resolved,High
DTE000990,MCH0057,LIN020,FAC007,FLR000990,MWO000990,2023-03-06 13:47:18,Machine Breakdown,4.36,777,455097.33,Resolved,Medium
DTE000991,MCH0445,LIN029,FAC010,FLR000991,MWO000991,2023-10-17 02:34:22,Machine Breakdown,11.53,1817,1935457.24,Resolved,Medium
DTE000992,MCH0471,LIN013,FAC005,FLR000992,MWO000992,2026-06-19 23:41:53,Machine Breakdown,14.89,3255,1568123.7,Resolved,High
DTE000993,MCH0039,LIN009,FAC003,FLR000993,MWO000993,2023-01-28 22:05:19,Machine Breakdown,12.51,1045,542419.64,Resolved,Critical
DTE000994,MCH0349,LIN024,FAC008,FLR000994,MWO000994,2025-05-16 02:48:04,Machine Breakdown,1.4,75,30558.93,Resolved,High
DTE000995,MCH0487,LIN023,FAC008,FLR000995,MWO000995,2024-02-14 12:47:58,Machine Breakdown,7.99,1334,1234374.15,Resolved,Medium
DTE000996,MCH0331,LIN012,FAC004,FLR000996,MWO000996,2025-09-11 21:57:15,Machine Breakdown,2.37,351,257139.65,Resolved,Medium
DTE000997,MCH0235,LIN025,FAC009,FLR000997,MWO000997,2024-07-06 23:38:39,Machine Breakdown,7.14,580,206922.22,Resolved,Medium
DTE000998,MCH0139,LIN012,FAC004,FLR000998,MWO000998,2025-07-26 07:18:17,Machine Breakdown,3.58,616,501386.24,Resolved,Critical
DTE000999,MCH0190,LIN002,FAC001,FLR000999,MWO000999,2024-05-03 02:02:39,Machine Breakdown,14.0,2617,1122261.78,Resolved,Medium
DTE001000,MCH0064,LIN025,FAC009,FLR001000,MWO001000,2023-02-04 23:57:04,Machine Breakdown,13.24,3043,2082942.31,Resolved,Medium
DTE001001,MCH0505,LIN023,FAC008,FLR001001,MWO001001,2023-09-22 23:37:34,Machine Breakdown,1.78,323,257767.77,Resolved,Medium
DTE001002,MCH0282,LIN001,FAC001,FLR001002,MWO001002,2024-06-17 14:32:20,Machine Breakdown,16.48,1829,1083278.68,Resolved,Low
DTE001003,MCH0167,LIN020,FAC007,FLR001003,MWO001003,2024-11-04 07:25:07,Machine Breakdown,17.23,2184,475363.64,Open,Low
DTE001004,MCH0393,LIN019,FAC007,FLR001004,MWO001004,2025-01-14 19:52:14,Machine Breakdown,14.99,609,445981.27,Resolved,High
DTE001005,MCH0387,LIN005,FAC002,FLR001005,MWO001005,2024-08-19 08:54:42,Machine Breakdown,4.66,893,1028493.53,Resolved,High
DTE001006,MCH0308,LIN025,FAC009,FLR001006,MWO001006,2023-08-17 16:01:10,Machine Breakdown,2.28,461,356131.28,Resolved,Medium
DTE001007,MCH0013,LIN023,FAC008,FLR001007,MWO001007,2026-04-06 13:28:24,Machine Breakdown,10.45,1052,193415.62,Resolved,Critical
DTE001008,MCH0515,LIN012,FAC004,FLR001008,MWO001008,2026-03-19 04:12:28,Machine Breakdown,12.84,514,274081.04,Resolved,High
DTE001009,MCH0275,LIN008,FAC003,FLR001009,MWO001009,2026-05-24 14:06:44,Machine Breakdown,4.67,984,838880.83,Resolved,High
DTE001010,MCH0201,LIN006,FAC002,FLR001010,MWO001010,2023-03-21 02:37:04,Machine Breakdown,6.63,1471,832977.34,Open,Medium
DTE001011,MCH0589,LIN023,FAC008,FLR001011,MWO001011,2023-02-28 03:08:11,Machine Breakdown,10.19,583,609257.07,Resolved,High
DTE001012,MCH0540,LIN026,FAC009,FLR001012,MWO001012,2025-06-23 09:21:00,Machine Breakdown,5.95,608,109200.73,Resolved,Medium
DTE001013,MCH0309,LIN007,FAC003,FLR001013,MWO001013,2024-03-07 05:27:43,Machine Breakdown,6.86,1510,969716.76,Resolved,High
DTE001014,MCH0166,LIN004,FAC002,FLR001014,MWO001014,2025-11-18 12:46:45,Machine Breakdown,4.0,838,853260.76,Resolved,Medium
DTE001015,MCH0587,LIN024,FAC008,FLR001015,MWO001015,2025-02-19 15:57:15,Machine Breakdown,10.52,1100,298161.78,Resolved,Medium
DTE001016,MCH0385,LIN006,FAC002,FLR001016,MWO001016,2023-06-21 20:36:21,Machine Breakdown,7.55,308,341553.73,Resolved,Low
DTE001017,MCH0151,LIN020,FAC007,FLR001017,MWO001017,2023-07-05 09:58:06,Machine Breakdown,1.4,259,250555.11,Open,High
DTE001018,MCH0325,LIN011,FAC004,FLR001018,MWO001018,2026-03-12 07:59:58,Machine Breakdown,4.14,709,132417.39,Resolved,Low
DTE001019,MCH0074,LIN001,FAC001,FLR001019,MWO001019,2026-03-31 14:57:10,Machine Breakdown,7.08,558,403719.44,Resolved,Medium
DTE001020,MCH0294,LIN006,FAC002,FLR001020,MWO001020,2023-11-11 17:18:08,Machine Breakdown,3.39,695,653773.08,Resolved,Low
DTE001021,MCH0234,LIN001,FAC001,FLR001021,MWO001021,2023-12-14 10:05:48,Machine Breakdown,4.18,981,221482.64,Resolved,Low
DTE001022,MCH0537,LIN013,FAC005,FLR001022,MWO001022,2025-09-06 17:22:03,Machine Breakdown,2.31,216,100626.0,Resolved,Medium
DTE001023,MCH0580,LIN007,FAC003,FLR001023,MWO001023,2025-04-02 04:02:59,Machine Breakdown,2.54,497,566201.9,Resolved,Low
DTE001024,MCH0577,LIN009,FAC003,FLR001024,MWO001024,2024-11-06 04:05:33,Machine Breakdown,6.1,854,304926.04,Resolved,Medium
DTE001025,MCH0595,LIN028,FAC010,FLR001025,MWO001025,2024-05-16 16:49:59,Machine Breakdown,4.58,1039,749033.28,Resolved,Low
DTE001026,MCH0332,LIN025,FAC009,FLR001026,MWO001026,2026-06-23 09:36:29,Machine Breakdown,12.37,777,906539.84,Resolved,Low
DTE001027,MCH0465,LIN002,FAC001,FLR001027,MWO001027,2024-11-30 16:07:24,Machine Breakdown,13.02,1337,1413883.77,Resolved,High
DTE001028,MCH0367,LIN007,FAC003,FLR001028,MWO001028,2025-05-31 16:59:19,Machine Breakdown,0.7,80,67569.19,Resolved,Critical
DTE001029,MCH0214,LIN018,FAC006,FLR001029,MWO001029,2023-10-28 12:33:12,Machine Breakdown,16.01,2627,902989.35,Resolved,Medium
DTE001030,MCH0453,LIN010,FAC004,FLR001030,MWO001030,2023-05-12 13:52:16,Machine Breakdown,1.8,142,159513.62,Resolved,Medium
DTE001031,MCH0137,LIN006,FAC002,FLR001031,MWO001031,2024-08-04 23:22:05,Machine Breakdown,3.85,220,199861.87,Open,Medium
DTE001032,MCH0382,LIN018,FAC006,FLR001032,MWO001032,2026-04-22 18:30:26,Machine Breakdown,3.2,538,498991.55,Resolved,High
DTE001033,MCH0286,LIN023,FAC008,FLR001033,MWO001033,2023-03-14 08:27:01,Machine Breakdown,12.72,843,557562.66,Resolved,High
DTE001034,MCH0475,LIN003,FAC001,FLR001034,MWO001034,2026-06-22 21:42:56,Machine Breakdown,25.84,5447,4766715.06,Resolved,Medium
DTE001035,MCH0366,LIN019,FAC007,FLR001035,MWO001035,2023-04-24 08:11:08,Machine Breakdown,13.67,918,351183.63,Resolved,Critical
DTE001036,MCH0058,LIN028,FAC010,FLR001036,MWO001036,2023-03-04 00:05:04,Machine Breakdown,3.95,622,409083.24,Resolved,Medium
DTE001037,MCH0360,LIN028,FAC010,FLR001037,MWO001037,2023-11-12 02:35:40,Machine Breakdown,6.49,625,327818.36,Resolved,Low
DTE001038,MCH0577,LIN009,FAC003,FLR001038,MWO001038,2024-08-03 15:39:28,Machine Breakdown,7.08,1594,1839085.68,Resolved,Medium
DTE001039,MCH0576,LIN020,FAC007,FLR001039,MWO001039,2025-08-31 14:19:30,Machine Breakdown,14.42,2130,1585360.6,Resolved,Medium
DTE001040,MCH0019,LIN029,FAC010,FLR001040,MWO001040,2025-12-13 20:44:50,Machine Breakdown,2.78,611,493591.8,Resolved,Medium
DTE001041,MCH0548,LIN011,FAC004,FLR001041,MWO001041,2023-02-28 10:20:41,Machine Breakdown,3.96,359,350271.88,Resolved,Medium
DTE001042,MCH0232,LIN030,FAC010,FLR001042,MWO001042,2024-12-04 23:44:12,Machine Breakdown,8.19,1599,278194.92,Resolved,Low
DTE001043,MCH0415,LIN008,FAC003,FLR001043,MWO001043,2025-03-04 23:59:04,Machine Breakdown,5.39,737,380767.52,Resolved,Critical
DTE001044,MCH0135,LIN015,FAC005,FLR001044,MWO001044,2024-01-18 20:41:28,Machine Breakdown,3.11,390,92998.03,Resolved,Low
DTE001045,MCH0476,LIN023,FAC008,FLR001045,MWO001045,2024-07-20 17:40:10,Machine Breakdown,3.36,499,133991.86,Resolved,Medium
DTE001046,MCH0060,LIN022,FAC008,FLR001046,MWO001046,2023-04-06 08:05:09,Machine Breakdown,2.2,200,197347.47,Resolved,Critical
DTE001047,MCH0558,LIN025,FAC009,FLR001047,MWO001047,2025-07-25 07:13:43,Machine Breakdown,2.5,367,70508.29,Open,High
DTE001048,MCH0009,LIN026,FAC009,FLR001048,MWO001048,2023-05-16 14:02:25,Machine Breakdown,14.36,591,543247.07,Resolved,Medium
DTE001049,MCH0467,LIN027,FAC009,FLR001049,MWO001049,2025-06-21 23:19:16,Machine Breakdown,4.72,630,327166.42,Resolved,Medium
DTE001050,MCH0282,LIN001,FAC001,FLR001050,MWO001050,2023-07-04 05:16:44,Machine Breakdown,3.21,216,149961.48,Resolved,Medium
DTE001051,MCH0212,LIN030,FAC010,FLR001051,MWO001051,2026-06-11 06:43:31,Machine Breakdown,14.12,717,798906.64,Resolved,High
DTE001052,MCH0006,LIN013,FAC005,FLR001052,MWO001052,2025-05-16 11:15:12,Machine Breakdown,2.96,567,578893.93,Resolved,Medium
DTE001053,MCH0060,LIN022,FAC008,FLR001053,MWO001053,2025-02-23 10:52:37,Machine Breakdown,2.22,260,49067.93,Resolved,High
DTE001054,MCH0078,LIN001,FAC001,FLR001054,MWO001054,2025-08-23 14:27:51,Machine Breakdown,1.95,241,142896.4,Resolved,Medium
DTE001055,MCH0548,LIN011,FAC004,FLR001055,MWO001055,2025-09-10 00:01:16,Machine Breakdown,12.44,2683,1780070.05,Resolved,Medium
DTE001056,MCH0242,LIN001,FAC001,FLR001056,MWO001056,2026-05-15 11:46:34,Machine Breakdown,18.21,2158,822305.72,Resolved,High
DTE001057,MCH0164,LIN029,FAC010,FLR001057,MWO001057,2023-11-29 20:50:26,Machine Breakdown,2.79,435,176191.83,Resolved,Low
DTE001058,MCH0338,LIN015,FAC005,FLR001058,MWO001058,2026-06-30 07:53:01,Machine Breakdown,2.78,634,232001.14,Resolved,Low
DTE001059,MCH0087,LIN028,FAC010,FLR001059,MWO001059,2024-11-28 20:46:39,Machine Breakdown,3.74,702,281945.59,Resolved,High
DTE001060,MCH0375,LIN005,FAC002,FLR001060,MWO001060,2025-03-19 17:36:11,Machine Breakdown,3.84,405,446022.19,Resolved,Medium
DTE001061,MCH0173,LIN020,FAC007,FLR001061,MWO001061,2025-01-18 22:39:30,Machine Breakdown,10.15,2053,2008506.95,Resolved,High
DTE001062,MCH0310,LIN029,FAC010,FLR001062,MWO001062,2023-12-10 13:49:37,Machine Breakdown,18.47,924,831983.85,Resolved,Critical
DTE001063,MCH0025,LIN017,FAC006,FLR001063,MWO001063,2025-03-12 09:21:39,Machine Breakdown,13.97,674,140669.29,Resolved,High
DTE001064,MCH0295,LIN020,FAC007,FLR001064,MWO001064,2026-04-04 09:53:41,Machine Breakdown,10.71,665,563279.28,Resolved,High
DTE001065,MCH0139,LIN012,FAC004,FLR001065,MWO001065,2026-06-09 19:11:25,Machine Breakdown,18.67,2319,2001633.81,Resolved,High
DTE001066,MCH0440,LIN027,FAC009,FLR001066,MWO001066,2024-07-16 02:41:27,Machine Breakdown,8.92,1284,308636.01,Resolved,Medium
DTE001067,MCH0193,LIN006,FAC002,FLR001067,MWO001067,2023-04-14 02:43:34,Machine Breakdown,7.48,607,504747.79,Resolved,Medium
DTE001068,MCH0498,LIN011,FAC004,FLR001068,MWO001068,2025-08-12 17:44:42,Machine Breakdown,8.98,486,416855.16,Resolved,Medium
DTE001069,MCH0107,LIN010,FAC004,FLR001069,MWO001069,2025-11-28 09:57:56,Machine Breakdown,2.51,480,522683.61,Open,Medium
DTE001070,MCH0308,LIN025,FAC009,FLR001070,MWO001070,2023-09-20 20:50:21,Machine Breakdown,6.85,527,349558.27,Resolved,Medium
DTE001071,MCH0073,LIN002,FAC001,FLR001071,MWO001071,2025-08-01 06:51:35,Machine Breakdown,8.64,418,353470.92,Resolved,High
DTE001072,MCH0416,LIN002,FAC001,FLR001072,MWO001072,2025-08-11 19:27:27,Machine Breakdown,3.63,199,117164.91,Resolved,Critical
DTE001073,MCH0229,LIN014,FAC005,FLR001073,MWO001073,2023-08-29 21:10:57,Machine Breakdown,13.23,2090,2395776.29,Resolved,Medium
DTE001074,MCH0015,LIN014,FAC005,FLR001074,MWO001074,2025-11-26 18:10:39,Machine Breakdown,12.51,1333,807187.83,Resolved,Critical
DTE001075,MCH0157,LIN029,FAC010,FLR001075,MWO001075,2023-12-26 20:00:37,Machine Breakdown,12.3,909,471795.26,Resolved,High
DTE001076,MCH0035,LIN005,FAC002,FLR001076,MWO001076,2023-01-05 03:22:55,Machine Breakdown,12.33,1002,175276.23,Resolved,Medium
DTE001077,MCH0212,LIN030,FAC010,FLR001077,MWO001077,2023-06-27 09:54:13,Machine Breakdown,17.89,733,740249.03,Resolved,High
DTE001078,MCH0559,LIN019,FAC007,FLR001078,MWO001078,2025-03-06 19:16:32,Machine Breakdown,25.53,5946,6643194.06,Resolved,High
DTE001079,MCH0568,LIN019,FAC007,FLR001079,MWO001079,2026-02-20 11:24:51,Machine Breakdown,1.77,385,295014.9,Open,High
DTE001080,MCH0234,LIN001,FAC001,FLR001080,MWO001080,2024-05-26 12:48:39,Machine Breakdown,14.85,3465,2838526.71,Resolved,Medium
DTE001081,MCH0465,LIN002,FAC001,FLR001081,MWO001081,2023-12-29 16:59:06,Machine Breakdown,7.85,710,679885.2,Resolved,Medium
DTE001082,MCH0496,LIN024,FAC008,FLR001082,MWO001082,2024-02-10 11:56:06,Machine Breakdown,2.49,99,72367.11,Resolved,Critical
DTE001083,MCH0008,LIN015,FAC005,FLR001083,MWO001083,2023-12-19 04:37:21,Machine Breakdown,15.78,3514,531597.22,Resolved,Medium
DTE001084,MCH0066,LIN011,FAC004,FLR001084,MWO001084,2024-07-10 17:54:05,Machine Breakdown,12.84,2631,1978526.98,Resolved,Medium
DTE001085,MCH0486,LIN029,FAC010,FLR001085,MWO001085,2023-01-28 21:10:11,Machine Breakdown,18.01,3843,1519001.76,Resolved,High
DTE001086,MCH0227,LIN023,FAC008,FLR001086,MWO001086,2025-01-21 00:31:07,Machine Breakdown,2.5,542,353035.77,Resolved,Critical
DTE001087,MCH0512,LIN030,FAC010,FLR001087,MWO001087,2023-07-09 22:25:21,Machine Breakdown,4.98,882,826789.95,Resolved,Medium
DTE001088,MCH0444,LIN012,FAC004,FLR001088,MWO001088,2023-11-20 21:41:04,Machine Breakdown,3.15,140,127767.31,Resolved,Low
DTE001089,MCH0116,LIN010,FAC004,FLR001089,MWO001089,2025-09-24 08:37:37,Machine Breakdown,1.11,220,38487.5,Resolved,Medium
DTE001090,MCH0348,LIN017,FAC006,FLR001090,MWO001090,2024-10-02 11:45:16,Machine Breakdown,9.0,363,411685.7,Open,Medium
DTE001091,MCH0347,LIN015,FAC005,FLR001091,MWO001091,2024-01-27 05:04:33,Machine Breakdown,7.89,1347,1055264.96,Resolved,Medium
DTE001092,MCH0076,LIN008,FAC003,FLR001092,MWO001092,2023-07-19 09:06:03,Machine Breakdown,14.15,1429,1008535.92,Resolved,High
DTE001093,MCH0579,LIN003,FAC001,FLR001093,MWO001093,2026-06-24 12:44:00,Machine Breakdown,11.56,1478,822345.38,Open,High
DTE001094,MCH0459,LIN006,FAC002,FLR001094,MWO001094,2023-12-27 05:59:30,Machine Breakdown,2.79,617,670422.08,Resolved,High
DTE001095,MCH0429,LIN004,FAC002,FLR001095,MWO001095,2025-03-27 07:52:06,Machine Breakdown,2.22,139,135841.71,Resolved,Medium
DTE001096,MCH0360,LIN028,FAC010,FLR001096,MWO001096,2025-06-23 08:42:30,Machine Breakdown,15.61,2756,2385708.66,Resolved,High
DTE001097,MCH0087,LIN028,FAC010,FLR001097,MWO001097,2024-08-25 06:21:32,Machine Breakdown,6.19,1452,1728409.0,Open,High
DTE001098,MCH0104,LIN004,FAC002,FLR001098,MWO001098,2025-07-01 05:32:47,Machine Breakdown,4.22,723,137999.51,Resolved,Medium
DTE001099,MCH0489,LIN003,FAC001,FLR001099,MWO001099,2023-02-24 06:08:29,Machine Breakdown,0.59,40,28082.52,Resolved,Low
DTE001100,MCH0312,LIN015,FAC005,FLR001100,MWO001100,2023-01-04 08:05:50,Machine Breakdown,1.59,254,70766.76,Resolved,High
DTE001101,MCH0035,LIN005,FAC002,FLR001101,MWO001101,2026-04-27 13:36:44,Machine Breakdown,4.97,1025,501961.17,Open,High
DTE001102,MCH0567,LIN016,FAC006,FLR001102,MWO001102,2024-12-08 07:38:50,Machine Breakdown,12.85,1385,1234178.43,Resolved,Medium
DTE001103,MCH0412,LIN021,FAC007,FLR001103,MWO001103,2024-06-15 23:27:45,Machine Breakdown,13.77,1033,426729.76,Resolved,Medium
DTE001104,MCH0411,LIN006,FAC002,FLR001104,MWO001104,2023-03-03 00:16:31,Machine Breakdown,4.73,956,458125.97,Resolved,High
DTE001105,MCH0267,LIN013,FAC005,FLR001105,MWO001105,2023-09-19 21:42:28,Machine Breakdown,16.2,1465,836877.3,Resolved,Low
DTE001106,MCH0241,LIN010,FAC004,FLR001106,MWO001106,2025-04-28 20:18:25,Machine Breakdown,11.3,2659,2303292.36,Open,High
DTE001107,MCH0175,LIN019,FAC007,FLR001107,MWO001107,2023-02-13 16:05:02,Machine Breakdown,6.19,1418,691669.84,Resolved,Medium
DTE001108,MCH0228,LIN011,FAC004,FLR001108,MWO001108,2025-11-15 05:33:47,Machine Breakdown,1.98,244,60257.5,Resolved,Low
DTE001109,MCH0467,LIN027,FAC009,FLR001109,MWO001109,2024-12-18 14:48:57,Machine Breakdown,6.67,1064,1244015.05,Resolved,Critical
DTE001110,MCH0123,LIN019,FAC007,FLR001110,MWO001110,2024-12-26 14:12:17,Machine Breakdown,1.7,222,197954.79,Open,Low
DTE001111,MCH0202,LIN009,FAC003,FLR001111,MWO001111,2023-12-25 11:07:11,Machine Breakdown,4.23,406,201760.16,Resolved,High
DTE001112,MCH0166,LIN004,FAC002,FLR001112,MWO001112,2023-12-15 14:24:52,Machine Breakdown,2.24,504,294184.49,Resolved,Critical
DTE001113,MCH0469,LIN025,FAC009,FLR001113,MWO001113,2025-01-10 01:38:16,Machine Breakdown,4.38,637,202969.04,Resolved,Low
DTE001114,MCH0181,LIN020,FAC007,FLR001114,MWO001114,2024-04-27 11:43:29,Machine Breakdown,2.81,310,198816.05,Resolved,Medium
DTE001115,MCH0387,LIN005,FAC002,FLR001115,MWO001115,2024-03-22 16:53:08,Machine Breakdown,16.09,3459,2566344.23,Resolved,Medium
DTE001116,MCH0389,LIN002,FAC001,FLR001116,MWO001116,2024-09-03 22:26:31,Machine Breakdown,2.61,288,194823.21,Resolved,Medium
DTE001117,MCH0522,LIN024,FAC008,FLR001117,MWO001117,2023-12-05 02:54:41,Machine Breakdown,5.58,675,480525.2,Resolved,Medium
DTE001118,MCH0526,LIN028,FAC010,FLR001118,MWO001118,2024-06-10 05:20:32,Machine Breakdown,4.96,758,264770.35,Resolved,Critical
DTE001119,MCH0302,LIN016,FAC006,FLR001119,MWO001119,2026-03-22 20:09:40,Machine Breakdown,15.2,3245,2637508.31,Resolved,Medium
DTE001120,MCH0391,LIN007,FAC003,FLR001120,MWO001120,2025-11-01 09:07:10,Machine Breakdown,2.2,431,136914.32,Resolved,High
DTE001121,MCH0308,LIN025,FAC009,FLR001121,MWO001121,2026-01-24 01:47:52,Machine Breakdown,6.32,665,725173.07,Resolved,Critical
DTE001122,MCH0529,LIN014,FAC005,FLR001122,MWO001122,2023-04-07 02:26:00,Machine Breakdown,2.13,451,229412.08,Resolved,Low
DTE001123,MCH0059,LIN012,FAC004,FLR001123,MWO001123,2025-02-18 13:41:41,Machine Breakdown,3.94,638,110764.89,Resolved,Critical
DTE001124,MCH0261,LIN017,FAC006,FLR001124,MWO001124,2023-07-17 04:46:16,Machine Breakdown,12.47,715,164040.14,Resolved,Medium
DTE001125,MCH0453,LIN010,FAC004,FLR001125,MWO001125,2026-06-08 00:32:51,Machine Breakdown,3.21,735,218212.83,Open,High
DTE001126,MCH0415,LIN008,FAC003,FLR001126,MWO001126,2024-01-05 18:51:29,Machine Breakdown,19.67,1358,644154.55,Open,High
DTE001127,MCH0510,LIN023,FAC008,FLR001127,MWO001127,2024-01-02 23:52:29,Machine Breakdown,6.2,601,634871.95,Resolved,Medium
DTE001128,MCH0513,LIN027,FAC009,FLR001128,MWO001128,2026-04-04 11:17:34,Machine Breakdown,8.79,931,608398.83,Resolved,Medium
DTE001129,MCH0215,LIN014,FAC005,FLR001129,MWO001129,2023-08-12 21:21:50,Machine Breakdown,9.39,813,411284.57,Resolved,High
DTE001130,MCH0529,LIN014,FAC005,FLR001130,MWO001130,2023-06-25 14:17:35,Machine Breakdown,5.39,886,312838.55,Resolved,Medium
DTE001131,MCH0023,LIN005,FAC002,FLR001131,MWO001131,2024-05-20 08:36:30,Machine Breakdown,3.34,222,143826.2,Resolved,High
DTE001132,MCH0111,LIN012,FAC004,FLR001132,MWO001132,2023-08-10 21:32:18,Machine Breakdown,23.79,2582,780055.28,Resolved,Medium
DTE001133,MCH0262,LIN021,FAC007,FLR001133,MWO001133,2025-09-29 05:09:50,Machine Breakdown,8.45,1701,1302844.33,Resolved,Medium
DTE001134,MCH0162,LIN014,FAC005,FLR001134,MWO001134,2026-03-23 00:31:43,Machine Breakdown,18.53,2591,2328310.55,Resolved,High
DTE001135,MCH0263,LIN018,FAC006,FLR001135,MWO001135,2023-09-07 15:51:16,Machine Breakdown,6.53,1544,394169.37,Resolved,High
DTE001136,MCH0301,LIN019,FAC007,FLR001136,MWO001136,2024-08-13 18:25:05,Machine Breakdown,3.2,496,223657.89,Resolved,Critical
DTE001137,MCH0549,LIN013,FAC005,FLR001137,MWO001137,2023-10-12 12:59:01,Machine Breakdown,10.17,1850,977204.59,Resolved,Medium
DTE001138,MCH0306,LIN010,FAC004,FLR001138,MWO001138,2026-01-12 06:32:13,Machine Breakdown,4.83,919,478826.34,Resolved,Medium
DTE001139,MCH0235,LIN025,FAC009,FLR001139,MWO001139,2023-04-04 06:46:49,Machine Breakdown,16.83,2082,1641712.52,Resolved,Critical
DTE001140,MCH0169,LIN003,FAC001,FLR001140,MWO001140,2025-04-02 13:10:33,Machine Breakdown,16.91,945,1039685.61,Resolved,Low
DTE001141,MCH0243,LIN001,FAC001,FLR001141,MWO001141,2024-06-01 09:35:26,Machine Breakdown,2.62,195,49977.92,Resolved,Low
DTE001142,MCH0508,LIN010,FAC004,FLR001142,MWO001142,2023-09-20 22:20:50,Machine Breakdown,10.98,725,138113.35,Resolved,Medium
DTE001143,MCH0159,LIN014,FAC005,FLR001143,MWO001143,2025-10-02 07:17:26,Machine Breakdown,5.44,587,557721.86,Resolved,Critical
DTE001144,MCH0122,LIN001,FAC001,FLR001144,MWO001144,2024-03-11 23:13:27,Machine Breakdown,2.54,604,132976.5,Resolved,Medium
DTE001145,MCH0354,LIN005,FAC002,FLR001145,MWO001145,2023-02-13 21:55:39,Machine Breakdown,5.1,1168,1290381.29,Resolved,Medium
DTE001146,MCH0109,LIN018,FAC006,FLR001146,MWO001146,2025-12-10 13:09:38,Machine Breakdown,3.66,558,273284.8,Open,Medium
DTE001147,MCH0030,LIN022,FAC008,FLR001147,MWO001147,2024-07-22 03:08:27,Machine Breakdown,8.2,821,243029.72,Resolved,Critical
DTE001148,MCH0573,LIN004,FAC002,FLR001148,MWO001148,2025-07-16 07:40:53,Machine Breakdown,11.04,509,216803.93,Resolved,Critical
DTE001149,MCH0398,LIN029,FAC010,FLR001149,MWO001149,2025-02-23 05:32:51,Machine Breakdown,7.69,1234,1457727.67,Resolved,Medium
DTE001150,MCH0548,LIN011,FAC004,FLR001150,MWO001150,2025-10-17 04:16:33,Machine Breakdown,24.92,1168,1220109.06,Resolved,High
DTE001151,MCH0238,LIN007,FAC003,FLR001151,MWO001151,2024-08-05 09:58:00,Machine Breakdown,4.72,946,837865.79,Resolved,Medium
DTE001152,MCH0058,LIN028,FAC010,FLR001152,MWO001152,2026-04-01 10:47:28,Machine Breakdown,20.67,2332,442751.17,Resolved,Low
DTE001153,MCH0347,LIN015,FAC005,FLR001153,MWO001153,2024-09-13 14:29:14,Machine Breakdown,4.8,486,234208.6,Resolved,Critical
DTE001154,MCH0366,LIN019,FAC007,FLR001154,MWO001154,2025-04-15 04:55:32,Machine Breakdown,6.83,1615,1891357.43,Open,Medium
DTE001155,MCH0191,LIN025,FAC009,FLR001155,MWO001155,2026-05-11 10:45:48,Machine Breakdown,5.27,532,200408.74,Resolved,Low
DTE001156,MCH0304,LIN026,FAC009,FLR001156,MWO001156,2025-09-29 19:24:23,Machine Breakdown,13.44,2941,1498365.73,Resolved,High
DTE001157,MCH0239,LIN015,FAC005,FLR001157,MWO001157,2024-08-01 07:08:21,Machine Breakdown,2.07,404,195452.95,Resolved,Medium
DTE001158,MCH0500,LIN025,FAC009,FLR001158,MWO001158,2024-11-16 14:51:09,Machine Breakdown,4.13,820,948399.8,Resolved,Low
DTE001159,MCH0077,LIN003,FAC001,FLR001159,MWO001159,2025-05-06 20:17:06,Machine Breakdown,6.15,1331,998959.57,Resolved,High
DTE001160,MCH0256,LIN005,FAC002,FLR001160,MWO001160,2024-01-19 11:57:22,Machine Breakdown,2.28,277,244122.67,Resolved,High
DTE001161,MCH0033,LIN010,FAC004,FLR001161,MWO001161,2025-02-07 14:24:50,Machine Breakdown,10.27,538,376910.69,Resolved,High
DTE001162,MCH0166,LIN004,FAC002,FLR001162,MWO001162,2023-02-20 08:38:36,Machine Breakdown,12.24,1754,1765333.16,Resolved,Critical
DTE001163,MCH0595,LIN028,FAC010,FLR001163,MWO001163,2024-05-27 02:50:55,Machine Breakdown,0.91,200,151844.67,Resolved,Low
DTE001164,MCH0528,LIN005,FAC002,FLR001164,MWO001164,2023-10-13 19:18:59,Machine Breakdown,1.18,278,119923.08,Open,High
DTE001165,MCH0480,LIN019,FAC007,FLR001165,MWO001165,2024-01-07 01:25:33,Machine Breakdown,0.87,128,102316.31,Resolved,Medium
DTE001166,MCH0361,LIN024,FAC008,FLR001166,MWO001166,2023-12-02 06:43:37,Machine Breakdown,12.74,903,909089.88,Resolved,Low
DTE001167,MCH0389,LIN002,FAC001,FLR001167,MWO001167,2023-06-27 06:34:29,Machine Breakdown,8.98,515,580515.15,Resolved,Medium
DTE001168,MCH0295,LIN020,FAC007,FLR001168,MWO001168,2025-08-14 16:12:01,Machine Breakdown,3.37,194,45223.41,Resolved,High
DTE001169,MCH0580,LIN007,FAC003,FLR001169,MWO001169,2023-11-28 19:55:42,Machine Breakdown,3.33,641,675489.97,Resolved,Low
DTE001170,MCH0419,LIN008,FAC003,FLR001170,MWO001170,2023-02-23 09:58:32,Machine Breakdown,15.67,2829,763184.09,Resolved,Low
DTE001171,MCH0581,LIN004,FAC002,FLR001171,MWO001171,2026-01-04 04:22:48,Machine Breakdown,9.58,1147,1045200.25,Resolved,Medium
DTE001172,MCH0562,LIN011,FAC004,FLR001172,MWO001172,2025-08-30 08:56:20,Machine Breakdown,17.18,1336,625712.44,Resolved,Critical
DTE001173,MCH0380,LIN003,FAC001,FLR001173,MWO001173,2026-02-07 20:59:16,Machine Breakdown,7.4,692,711453.51,Resolved,Low
DTE001174,MCH0132,LIN018,FAC006,FLR001174,MWO001174,2026-04-04 21:02:47,Machine Breakdown,11.35,1465,293574.98,Resolved,Medium
DTE001175,MCH0250,LIN007,FAC003,FLR001175,MWO001175,2024-01-04 02:06:46,Machine Breakdown,6.86,1598,990656.68,Resolved,High
DTE001176,MCH0482,LIN024,FAC008,FLR001176,MWO001176,2025-09-13 18:37:08,Machine Breakdown,12.91,1414,455466.38,Resolved,Medium
DTE001177,MCH0087,LIN028,FAC010,FLR001177,MWO001177,2023-10-23 03:49:44,Machine Breakdown,11.14,1218,1036757.09,Open,Critical
DTE001178,MCH0162,LIN014,FAC005,FLR001178,MWO001178,2023-03-24 14:30:59,Machine Breakdown,2.99,169,144439.0,Resolved,Low
DTE001179,MCH0333,LIN028,FAC010,FLR001179,MWO001179,2025-05-27 03:04:09,Machine Breakdown,17.31,2010,2267473.64,Resolved,Critical
DTE001180,MCH0107,LIN010,FAC004,FLR001180,MWO001180,2025-08-16 21:39:02,Machine Breakdown,5.75,1375,1220217.99,Resolved,Medium
DTE001181,MCH0017,LIN015,FAC005,FLR001181,MWO001181,2024-08-06 17:30:34,Machine Breakdown,6.34,1422,1547844.3,Resolved,High
DTE001182,MCH0294,LIN006,FAC002,FLR001182,MWO001182,2025-05-20 17:48:10,Machine Breakdown,7.86,476,562544.86,Resolved,High
DTE001183,MCH0142,LIN023,FAC008,FLR001183,MWO001183,2024-04-26 11:48:07,Machine Breakdown,18.17,1421,536248.86,Resolved,Low
DTE001184,MCH0088,LIN015,FAC005,FLR001184,MWO001184,2024-07-11 12:10:41,Machine Breakdown,8.47,1683,1247100.69,Resolved,Medium
DTE001185,MCH0315,LIN015,FAC005,FLR001185,MWO001185,2024-07-27 20:32:10,Machine Breakdown,11.13,2034,1214795.99,Resolved,Medium
DTE001186,MCH0322,LIN010,FAC004,FLR001186,MWO001186,2026-05-15 17:01:32,Machine Breakdown,11.28,987,355991.14,Resolved,Critical
DTE001187,MCH0078,LIN001,FAC001,FLR001187,MWO001187,2023-06-02 21:40:29,Machine Breakdown,14.38,1755,1440218.59,Resolved,Critical
DTE001188,MCH0400,LIN002,FAC001,FLR001188,MWO001188,2025-01-07 15:58:20,Machine Breakdown,6.57,1083,1058540.31,Resolved,Medium
DTE001189,MCH0261,LIN017,FAC006,FLR001189,MWO001189,2023-09-20 19:43:33,Machine Breakdown,0.98,108,58871.49,Resolved,High
DTE001190,MCH0058,LIN028,FAC010,FLR001190,MWO001190,2025-11-23 06:34:39,Machine Breakdown,11.17,1228,770688.26,Resolved,Medium
DTE001191,MCH0126,LIN009,FAC003,FLR001191,MWO001191,2024-12-23 15:15:11,Machine Breakdown,9.07,2030,646457.02,Resolved,High
DTE001192,MCH0199,LIN008,FAC003,FLR001192,MWO001192,2026-05-09 23:55:04,Machine Breakdown,7.44,1174,1379313.07,Resolved,Low
DTE001193,MCH0017,LIN015,FAC005,FLR001193,MWO001193,2026-05-05 13:10:08,Machine Breakdown,3.22,271,56797.3,Resolved,Low
DTE001194,MCH0487,LIN023,FAC008,FLR001194,MWO001194,2023-03-06 03:27:02,Machine Breakdown,9.66,498,98868.83,Open,High
DTE001195,MCH0289,LIN010,FAC004,FLR001195,MWO001195,2026-05-19 14:05:52,Machine Breakdown,9.16,1491,1614108.86,Resolved,High
DTE001196,MCH0509,LIN021,FAC007,FLR001196,MWO001196,2023-12-17 20:03:21,Machine Breakdown,12.71,3010,542027.87,Resolved,Low
DTE001197,MCH0202,LIN009,FAC003,FLR001197,MWO001197,2023-07-07 07:20:28,Machine Breakdown,2.53,269,90199.46,Resolved,High
DTE001198,MCH0519,LIN030,FAC010,FLR001198,MWO001198,2023-05-17 11:57:35,Machine Breakdown,6.06,781,557693.76,Resolved,Medium
DTE001199,MCH0267,LIN013,FAC005,FLR001199,MWO001199,2025-06-13 15:45:04,Machine Breakdown,22.04,4690,4875418.49,Open,Medium
DTE001200,MCH0534,LIN027,FAC009,FLR001200,MWO001200,2026-02-05 11:58:28,Machine Breakdown,18.97,1302,1319835.77,Resolved,Medium
DTE001201,MCH0283,LIN027,FAC009,FLR001201,MWO001201,2024-06-09 00:39:50,Machine Breakdown,8.61,1394,1015954.25,Resolved,Medium
DTE001202,MCH0315,LIN015,FAC005,FLR001202,MWO001202,2023-12-07 17:52:08,Machine Breakdown,5.37,1013,256433.56,Resolved,High
DTE001203,MCH0477,LIN007,FAC003,FLR001203,MWO001203,2025-04-21 18:20:09,Machine Breakdown,7.31,590,259246.06,Open,Medium
DTE001204,MCH0469,LIN025,FAC009,FLR001204,MWO001204,2025-05-23 01:17:05,Machine Breakdown,4.12,597,616778.57,Resolved,High
DTE001205,MCH0210,LIN004,FAC002,FLR001205,MWO001205,2026-05-21 13:58:19,Machine Breakdown,10.5,1745,567472.59,Resolved,Medium
DTE001206,MCH0103,LIN030,FAC010,FLR001206,MWO001206,2024-08-30 03:12:52,Machine Breakdown,1.56,133,145236.04,Resolved,High
DTE001207,MCH0574,LIN029,FAC010,FLR001207,MWO001207,2024-10-03 05:16:58,Machine Breakdown,1.79,257,85980.54,Resolved,High
DTE001208,MCH0254,LIN013,FAC005,FLR001208,MWO001208,2025-06-18 14:20:15,Machine Breakdown,3.71,690,105339.83,Resolved,High
DTE001209,MCH0271,LIN005,FAC002,FLR001209,MWO001209,2025-01-03 02:51:17,Machine Breakdown,9.71,472,358643.66,Resolved,Medium
DTE001210,MCH0363,LIN017,FAC006,FLR001210,MWO001210,2023-08-26 12:24:54,Machine Breakdown,3.01,262,272630.5,Resolved,Medium
DTE001211,MCH0081,LIN021,FAC007,FLR001211,MWO001211,2024-10-27 23:43:18,Machine Breakdown,3.53,697,264444.14,Resolved,High
DTE001212,MCH0211,LIN018,FAC006,FLR001212,MWO001212,2026-02-21 09:02:36,Machine Breakdown,9.67,650,665659.52,Resolved,Medium
DTE001213,MCH0543,LIN019,FAC007,FLR001213,MWO001213,2024-03-29 03:58:24,Machine Breakdown,9.32,729,169258.97,Resolved,Medium
DTE001214,MCH0031,LIN010,FAC004,FLR001214,MWO001214,2024-05-10 22:12:21,Machine Breakdown,14.66,2670,1660042.2,Resolved,Low
DTE001215,MCH0591,LIN016,FAC006,FLR001215,MWO001215,2023-03-22 06:46:14,Machine Breakdown,1.33,69,59981.1,Resolved,Medium
DTE001216,MCH0271,LIN005,FAC002,FLR001216,MWO001216,2024-09-07 17:21:01,Machine Breakdown,9.73,2038,1708603.62,Open,Medium
DTE001217,MCH0122,LIN001,FAC001,FLR001217,MWO001217,2025-07-06 07:51:45,Machine Breakdown,5.57,726,243220.43,Resolved,Low
DTE001218,MCH0598,LIN029,FAC010,FLR001218,MWO001218,2026-06-16 01:09:38,Machine Breakdown,5.27,782,794605.93,Resolved,Medium
DTE001219,MCH0318,LIN006,FAC002,FLR001219,MWO001219,2024-01-13 23:29:07,Machine Breakdown,10.29,624,336574.67,Resolved,Low
DTE001220,MCH0467,LIN027,FAC009,FLR001220,MWO001220,2023-07-08 05:35:17,Machine Breakdown,5.14,1088,473126.12,Resolved,Medium
DTE001221,MCH0232,LIN030,FAC010,FLR001221,MWO001221,2025-09-08 14:19:16,Machine Breakdown,2.71,607,611658.05,Resolved,Medium
DTE001222,MCH0051,LIN011,FAC004,FLR001222,MWO001222,2023-06-05 17:23:07,Machine Breakdown,5.23,840,303939.18,Resolved,Medium
DTE001223,MCH0085,LIN020,FAC007,FLR001223,MWO001223,2024-10-12 14:36:25,Machine Breakdown,7.91,734,757350.54,Resolved,Low
DTE001224,MCH0311,LIN023,FAC008,FLR001224,MWO001224,2024-05-22 01:12:06,Machine Breakdown,0.96,127,119278.81,Resolved,High
DTE001225,MCH0459,LIN006,FAC002,FLR001225,MWO001225,2023-04-14 07:57:18,Machine Breakdown,7.92,1207,993170.89,Resolved,Medium
DTE001226,MCH0469,LIN025,FAC009,FLR001226,MWO001226,2023-04-11 12:51:11,Machine Breakdown,10.11,1580,920649.05,Resolved,High
DTE001227,MCH0180,LIN011,FAC004,FLR001227,MWO001227,2024-06-11 03:03:10,Machine Breakdown,12.87,3062,2264451.55,Resolved,High
DTE001228,MCH0233,LIN015,FAC005,FLR001228,MWO001228,2023-07-24 06:14:03,Machine Breakdown,19.53,3439,2464351.29,Resolved,High
DTE001229,MCH0204,LIN002,FAC001,FLR001229,MWO001229,2025-12-24 13:34:52,Machine Breakdown,9.1,1380,522794.34,Resolved,Critical
DTE001230,MCH0361,LIN024,FAC008,FLR001230,MWO001230,2025-10-19 07:05:00,Machine Breakdown,0.93,123,35191.01,Resolved,Critical
DTE001231,MCH0322,LIN010,FAC004,FLR001231,MWO001231,2023-09-13 01:38:36,Machine Breakdown,6.29,1397,1134154.78,Resolved,High
DTE001232,MCH0442,LIN001,FAC001,FLR001232,MWO001232,2023-05-28 19:33:38,Machine Breakdown,12.36,2846,2289095.85,Resolved,Low
DTE001233,MCH0090,LIN018,FAC006,FLR001233,MWO001233,2023-01-07 21:06:53,Machine Breakdown,5.92,462,125801.4,Open,Medium
DTE001234,MCH0473,LIN022,FAC008,FLR001234,MWO001234,2023-03-07 22:48:22,Machine Breakdown,5.88,252,155865.26,Resolved,Medium
DTE001235,MCH0551,LIN025,FAC009,FLR001235,MWO001235,2023-09-03 06:18:56,Machine Breakdown,10.38,643,141580.23,Resolved,Low
DTE001236,MCH0092,LIN005,FAC002,FLR001236,MWO001236,2023-07-22 08:04:06,Machine Breakdown,1.52,130,35599.86,Resolved,High
DTE001237,MCH0468,LIN030,FAC010,FLR001237,MWO001237,2026-06-08 14:14:50,Machine Breakdown,3.63,303,115021.75,Resolved,Critical
DTE001238,MCH0563,LIN001,FAC001,FLR001238,MWO001238,2025-08-24 14:28:46,Machine Breakdown,14.35,3174,3629972.35,Resolved,Critical
DTE001239,MCH0005,LIN010,FAC004,FLR001239,MWO001239,2024-01-30 03:13:00,Machine Breakdown,6.86,1527,1242460.91,Resolved,Critical
DTE001240,MCH0523,LIN023,FAC008,FLR001240,MWO001240,2023-05-28 10:16:53,Machine Breakdown,10.95,1283,618785.59,Resolved,Low
DTE001241,MCH0001,LIN020,FAC007,FLR001241,MWO001241,2025-05-09 08:26:15,Machine Breakdown,5.72,253,164538.55,Resolved,Low
DTE001242,MCH0550,LIN019,FAC007,FLR001242,MWO001242,2025-08-13 16:00:11,Machine Breakdown,5.67,1318,323710.98,Resolved,High
DTE001243,MCH0301,LIN019,FAC007,FLR001243,MWO001243,2025-05-09 15:14:55,Machine Breakdown,8.7,1000,828575.56,Open,Medium
DTE001244,MCH0138,LIN003,FAC001,FLR001244,MWO001244,2026-04-26 20:02:10,Machine Breakdown,6.29,482,450842.17,Resolved,Medium
DTE001245,MCH0497,LIN029,FAC010,FLR001245,MWO001245,2023-08-29 12:56:07,Machine Breakdown,2.83,466,535719.84,Resolved,Medium
DTE001246,MCH0023,LIN005,FAC002,FLR001246,MWO001246,2023-11-19 08:53:11,Machine Breakdown,4.78,447,513372.94,Open,Medium
DTE001247,MCH0514,LIN029,FAC010,FLR001247,MWO001247,2024-10-02 03:11:51,Machine Breakdown,10.69,1196,904010.47,Resolved,Medium
DTE001248,MCH0539,LIN017,FAC006,FLR001248,MWO001248,2023-05-14 10:40:48,Machine Breakdown,12.35,942,741087.69,Resolved,High
DTE001249,MCH0179,LIN010,FAC004,FLR001249,MWO001249,2026-04-27 04:44:17,Machine Breakdown,14.37,1714,654109.22,Resolved,Medium
DTE001250,MCH0384,LIN021,FAC007,FLR001250,MWO001250,2025-02-23 04:34:06,Machine Breakdown,5.27,589,274466.28,Resolved,Low
DTE001251,MCH0447,LIN011,FAC004,FLR001251,MWO001251,2023-05-07 16:13:26,Machine Breakdown,2.07,466,215059.53,Resolved,Low
DTE001252,MCH0249,LIN006,FAC002,FLR001252,MWO001252,2023-02-02 10:31:50,Machine Breakdown,13.4,2228,696348.99,Resolved,Low
DTE001253,MCH0056,LIN027,FAC009,FLR001253,MWO001253,2025-09-12 14:59:52,Machine Breakdown,5.08,1040,1088380.37,Resolved,Medium
DTE001254,MCH0522,LIN024,FAC008,FLR001254,MWO001254,2025-08-05 17:42:06,Machine Breakdown,5.96,693,597186.17,Resolved,Critical
DTE001255,MCH0342,LIN026,FAC009,FLR001255,MWO001255,2023-06-19 21:27:29,Machine Breakdown,11.17,2005,1150238.93,Resolved,High
DTE001256,MCH0395,LIN004,FAC002,FLR001256,MWO001256,2023-11-11 02:36:30,Machine Breakdown,9.52,2126,320383.57,Resolved,High
DTE001257,MCH0257,LIN013,FAC005,FLR001257,MWO001257,2025-08-15 20:39:04,Machine Breakdown,20.51,2906,563438.51,Resolved,Medium
DTE001258,MCH0431,LIN023,FAC008,FLR001258,MWO001258,2024-07-31 12:28:17,Machine Breakdown,4.42,824,195661.1,Resolved,High
DTE001259,MCH0039,LIN009,FAC003,FLR001259,MWO001259,2024-05-10 02:45:06,Machine Breakdown,4.8,729,117076.24,Resolved,Medium
DTE001260,MCH0083,LIN010,FAC004,FLR001260,MWO001260,2024-08-06 09:59:30,Machine Breakdown,0.85,71,26492.99,Resolved,Medium
DTE001261,MCH0520,LIN005,FAC002,FLR001261,MWO001261,2026-04-01 12:02:56,Machine Breakdown,8.06,1095,476504.22,Resolved,High
DTE001262,MCH0259,LIN026,FAC009,FLR001262,MWO001262,2023-03-29 15:40:15,Machine Breakdown,10.91,721,690463.24,Open,High
DTE001263,MCH0291,LIN022,FAC008,FLR001263,MWO001263,2026-02-18 15:52:29,Machine Breakdown,4.31,814,416713.51,Resolved,High
DTE001264,MCH0148,LIN009,FAC003,FLR001264,MWO001264,2025-12-20 08:47:20,Machine Breakdown,10.28,767,723035.15,Resolved,High
DTE001265,MCH0241,LIN010,FAC004,FLR001265,MWO001265,2025-01-13 04:18:32,Machine Breakdown,21.95,5146,1194513.63,Resolved,Low
DTE001266,MCH0547,LIN005,FAC002,FLR001266,MWO001266,2026-05-29 05:15:59,Machine Breakdown,30.42,4146,2749979.66,Resolved,High
DTE001267,MCH0074,LIN001,FAC001,FLR001267,MWO001267,2026-03-17 04:39:52,Machine Breakdown,9.81,2292,2481212.23,Resolved,Medium
DTE001268,MCH0430,LIN016,FAC006,FLR001268,MWO001268,2024-02-15 00:32:39,Machine Breakdown,9.48,981,301455.71,Resolved,Critical
DTE001269,MCH0371,LIN005,FAC002,FLR001269,MWO001269,2023-08-11 08:56:18,Machine Breakdown,6.17,1311,256953.41,Resolved,Medium
DTE001270,MCH0073,LIN002,FAC001,FLR001270,MWO001270,2025-02-01 09:33:28,Machine Breakdown,11.73,2066,1770842.81,Resolved,High
DTE001271,MCH0261,LIN017,FAC006,FLR001271,MWO001271,2025-03-20 09:25:37,Machine Breakdown,5.72,1190,1251157.79,Resolved,Medium
DTE001272,MCH0025,LIN017,FAC006,FLR001272,MWO001272,2023-11-21 07:42:00,Machine Breakdown,11.65,874,1014936.16,Resolved,Low
DTE001273,MCH0576,LIN020,FAC007,FLR001273,MWO001273,2025-12-10 01:36:57,Machine Breakdown,8.02,571,663207.51,Resolved,Medium
DTE001274,MCH0102,LIN015,FAC005,FLR001274,MWO001274,2023-01-12 05:13:36,Machine Breakdown,7.49,381,216835.07,Open,Medium
DTE001275,MCH0511,LIN004,FAC002,FLR001275,MWO001275,2025-07-15 12:03:54,Machine Breakdown,3.24,414,337438.04,Resolved,Medium
DTE001276,MCH0450,LIN022,FAC008,FLR001276,MWO001276,2024-10-14 14:42:09,Machine Breakdown,8.35,947,1065204.28,Resolved,Low
DTE001277,MCH0263,LIN018,FAC006,FLR001277,MWO001277,2025-08-27 07:05:44,Machine Breakdown,4.32,308,120484.2,Resolved,High
DTE001278,MCH0450,LIN022,FAC008,FLR001278,MWO001278,2025-02-19 05:31:44,Machine Breakdown,5.29,270,53671.6,Resolved,High
DTE001279,MCH0551,LIN025,FAC009,FLR001279,MWO001279,2025-08-01 09:53:50,Machine Breakdown,17.51,1774,1203561.42,Resolved,High
DTE001280,MCH0502,LIN011,FAC004,FLR001280,MWO001280,2025-11-09 07:17:34,Machine Breakdown,8.94,529,400019.96,Resolved,Low
DTE001281,MCH0519,LIN030,FAC010,FLR001281,MWO001281,2023-03-28 17:22:14,Machine Breakdown,6.81,1127,541106.68,Resolved,High
DTE001282,MCH0591,LIN016,FAC006,FLR001282,MWO001282,2026-01-14 04:51:29,Machine Breakdown,6.18,1017,524598.65,Resolved,High
DTE001283,MCH0176,LIN008,FAC003,FLR001283,MWO001283,2023-04-14 22:41:29,Machine Breakdown,9.16,1744,1917537.19,Resolved,Medium
DTE001284,MCH0023,LIN005,FAC002,FLR001284,MWO001284,2024-03-22 09:06:30,Machine Breakdown,7.39,957,327061.3,Resolved,Medium
DTE001285,MCH0135,LIN015,FAC005,FLR001285,MWO001285,2024-09-02 06:29:35,Machine Breakdown,3.2,467,429395.68,Resolved,High
DTE001286,MCH0522,LIN024,FAC008,FLR001286,MWO001286,2025-08-11 14:14:26,Machine Breakdown,3.55,769,256786.44,Resolved,Medium
DTE001287,MCH0452,LIN026,FAC009,FLR001287,MWO001287,2024-10-28 16:35:25,Machine Breakdown,6.98,950,1029300.44,Resolved,High
DTE001288,MCH0556,LIN013,FAC005,FLR001288,MWO001288,2026-06-04 22:49:25,Machine Breakdown,10.74,1199,1423553.28,Resolved,Medium
DTE001289,MCH0227,LIN023,FAC008,FLR001289,MWO001289,2026-03-15 07:09:15,Machine Breakdown,4.13,865,343124.24,Resolved,High
DTE001290,MCH0520,LIN005,FAC002,FLR001290,MWO001290,2025-07-02 21:44:17,Machine Breakdown,19.89,1661,1864334.57,Resolved,Medium
DTE001291,MCH0016,LIN009,FAC003,FLR001291,MWO001291,2026-06-23 01:38:41,Machine Breakdown,12.91,1928,2106061.63,Resolved,Medium
DTE001292,MCH0062,LIN011,FAC004,FLR001292,MWO001292,2023-10-18 17:08:24,Machine Breakdown,2.72,167,164303.35,Resolved,Medium
DTE001293,MCH0497,LIN029,FAC010,FLR001293,MWO001293,2024-11-24 13:18:43,Machine Breakdown,10.09,2298,1141337.2,Resolved,High
DTE001294,MCH0404,LIN007,FAC003,FLR001294,MWO001294,2026-02-13 18:31:39,Machine Breakdown,15.46,2860,1108256.85,Resolved,Critical
DTE001295,MCH0047,LIN026,FAC009,FLR001295,MWO001295,2024-01-22 18:53:19,Machine Breakdown,7.27,1250,1348547.89,Resolved,Medium
DTE001296,MCH0109,LIN018,FAC006,FLR001296,MWO001296,2023-04-20 18:16:36,Machine Breakdown,6.48,1077,556001.01,Resolved,Medium
DTE001297,MCH0228,LIN011,FAC004,FLR001297,MWO001297,2025-08-03 14:16:28,Machine Breakdown,2.16,366,407758.95,Resolved,High
DTE001298,MCH0375,LIN005,FAC002,FLR001298,MWO001298,2025-12-16 14:19:24,Machine Breakdown,1.5,311,250945.92,Resolved,Medium
DTE001299,MCH0136,LIN019,FAC007,FLR001299,MWO001299,2024-07-22 05:36:56,Machine Breakdown,2.71,471,537404.3,Resolved,High
DTE001300,MCH0590,LIN008,FAC003,FLR001300,MWO001300,2024-09-06 18:38:44,Machine Breakdown,10.31,1432,1069488.66,Resolved,High
DTE001301,MCH0563,LIN001,FAC001,FLR001301,MWO001301,2023-02-13 14:01:07,Machine Breakdown,11.11,2228,928738.39,Resolved,Low
DTE001302,MCH0085,LIN020,FAC007,FLR001302,MWO001302,2023-03-13 09:18:49,Machine Breakdown,13.87,2909,3358867.63,Resolved,Medium
DTE001303,MCH0564,LIN015,FAC005,FLR001303,MWO001303,2024-03-16 09:47:54,Machine Breakdown,2.93,473,500335.6,Resolved,High
DTE001304,MCH0101,LIN022,FAC008,FLR001304,MWO001304,2024-12-31 14:36:58,Machine Breakdown,7.66,1491,454735.45,Resolved,Low
DTE001305,MCH0497,LIN029,FAC010,FLR001305,MWO001305,2025-07-10 04:53:22,Machine Breakdown,9.26,953,583125.06,Resolved,High
DTE001306,MCH0502,LIN011,FAC004,FLR001306,MWO001306,2024-12-16 15:38:58,Machine Breakdown,23.9,4335,1770454.04,Resolved,Medium
DTE001307,MCH0227,LIN023,FAC008,FLR001307,MWO001307,2023-11-01 04:25:13,Machine Breakdown,3.37,150,113604.95,Resolved,Low
DTE001308,MCH0095,LIN022,FAC008,FLR001308,MWO001308,2025-04-12 12:45:01,Machine Breakdown,6.15,1339,1086164.36,Resolved,Medium
DTE001309,MCH0066,LIN011,FAC004,FLR001309,MWO001309,2023-08-21 12:29:18,Machine Breakdown,17.58,2812,2667973.27,Resolved,High
DTE001310,MCH0215,LIN014,FAC005,FLR001310,MWO001310,2024-01-28 09:37:27,Machine Breakdown,12.66,2930,2592468.79,Resolved,Medium
DTE001311,MCH0247,LIN026,FAC009,FLR001311,MWO001311,2025-01-17 06:53:48,Machine Breakdown,1.46,94,71152.28,Resolved,Medium
DTE001312,MCH0582,LIN013,FAC005,FLR001312,MWO001312,2026-03-22 15:48:26,Machine Breakdown,11.83,2140,824696.35,Resolved,High
DTE001313,MCH0137,LIN006,FAC002,FLR001313,MWO001313,2026-05-18 20:36:53,Machine Breakdown,9.76,557,367194.09,Resolved,Low
DTE001314,MCH0443,LIN021,FAC007,FLR001314,MWO001314,2023-05-05 02:00:32,Machine Breakdown,5.22,393,84968.17,Open,Critical
DTE001315,MCH0377,LIN009,FAC003,FLR001315,MWO001315,2023-01-10 23:52:10,Machine Breakdown,4.0,369,135288.12,Resolved,Critical
DTE001316,MCH0443,LIN021,FAC007,FLR001316,MWO001316,2023-04-12 12:36:48,Machine Breakdown,3.83,586,134635.88,Resolved,Low
DTE001317,MCH0218,LIN007,FAC003,FLR001317,MWO001317,2023-04-07 06:16:45,Machine Breakdown,10.35,1743,536062.81,Resolved,Medium
DTE001318,MCH0338,LIN015,FAC005,FLR001318,MWO001318,2024-11-25 10:52:25,Machine Breakdown,5.02,1106,227917.98,Resolved,Medium
DTE001319,MCH0582,LIN013,FAC005,FLR001319,MWO001319,2024-08-15 03:37:10,Machine Breakdown,8.67,1274,940349.4,Resolved,High
DTE001320,MCH0138,LIN003,FAC001,FLR001320,MWO001320,2024-10-12 17:55:49,Machine Breakdown,11.82,2756,2506804.74,Resolved,High
DTE001321,MCH0225,LIN006,FAC002,FLR001321,MWO001321,2023-05-21 18:52:43,Machine Breakdown,6.23,440,525452.24,Resolved,High
DTE001322,MCH0278,LIN002,FAC001,FLR001322,MWO001322,2025-07-04 09:03:41,Machine Breakdown,0.85,40,43265.42,Resolved,Critical
DTE001323,MCH0007,LIN021,FAC007,FLR001323,MWO001323,2024-06-12 11:26:43,Machine Breakdown,1.37,311,121479.08,Resolved,Low
DTE001324,MCH0457,LIN007,FAC003,FLR001324,MWO001324,2024-11-02 05:45:48,Machine Breakdown,4.99,1079,1226012.27,Open,Medium
DTE001325,MCH0426,LIN009,FAC003,FLR001325,MWO001325,2025-01-28 19:27:55,Machine Breakdown,2.18,379,297096.78,Resolved,High
DTE001326,MCH0336,LIN021,FAC007,FLR001326,MWO001326,2025-09-24 18:50:42,Machine Breakdown,4.65,730,257516.22,Resolved,High
DTE001327,MCH0182,LIN025,FAC009,FLR001327,MWO001327,2025-03-09 09:04:51,Machine Breakdown,5.78,918,834300.87,Resolved,Medium
DTE001328,MCH0345,LIN018,FAC006,FLR001328,MWO001328,2025-08-06 20:14:23,Machine Breakdown,13.77,2260,1773243.66,Resolved,High
DTE001329,MCH0122,LIN001,FAC001,FLR001329,MWO001329,2025-06-25 02:41:32,Machine Breakdown,3.13,721,447434.54,Resolved,Critical
DTE001330,MCH0412,LIN021,FAC007,FLR001330,MWO001330,2025-04-08 03:14:41,Machine Breakdown,1.69,163,140071.68,Resolved,Low
DTE001331,MCH0164,LIN029,FAC010,FLR001331,MWO001331,2025-05-03 20:43:26,Machine Breakdown,0.76,125,66413.2,Resolved,Medium
DTE001332,MCH0528,LIN005,FAC002,FLR001332,MWO001332,2024-04-22 06:12:29,Machine Breakdown,12.45,569,87570.79,Resolved,Medium
DTE001333,MCH0573,LIN004,FAC002,FLR001333,MWO001333,2026-01-03 04:41:17,Machine Breakdown,23.52,3906,3510336.31,Resolved,Low
DTE001334,MCH0228,LIN011,FAC004,FLR001334,MWO001334,2025-10-10 16:31:11,Machine Breakdown,21.12,3611,4325603.76,Resolved,High
DTE001335,MCH0503,LIN002,FAC001,FLR001335,MWO001335,2025-09-02 01:29:05,Machine Breakdown,2.43,411,350574.18,Resolved,Medium
DTE001336,MCH0025,LIN017,FAC006,FLR001336,MWO001336,2026-02-22 05:47:55,Machine Breakdown,7.69,684,330597.98,Resolved,High
DTE001337,MCH0441,LIN020,FAC007,FLR001337,MWO001337,2026-03-27 00:12:22,Machine Breakdown,5.52,489,354847.33,Resolved,Medium
DTE001338,MCH0590,LIN008,FAC003,FLR001338,MWO001338,2023-10-08 17:59:08,Machine Breakdown,13.55,2587,579770.93,Resolved,High
DTE001339,MCH0226,LIN027,FAC009,FLR001339,MWO001339,2023-09-30 03:18:17,Machine Breakdown,3.5,820,327193.05,Resolved,Critical
DTE001340,MCH0525,LIN017,FAC006,FLR001340,MWO001340,2024-07-09 05:17:41,Machine Breakdown,14.36,3116,1920624.94,Resolved,Medium
DTE001341,MCH0173,LIN020,FAC007,FLR001341,MWO001341,2023-09-20 17:42:35,Machine Breakdown,11.11,1806,706228.11,Resolved,Medium
DTE001342,MCH0094,LIN005,FAC002,FLR001342,MWO001342,2024-01-14 02:21:27,Machine Breakdown,5.02,824,848496.48,Resolved,Medium
DTE001343,MCH0513,LIN027,FAC009,FLR001343,MWO001343,2025-01-03 20:09:17,Machine Breakdown,4.28,969,576010.45,Resolved,High
DTE001344,MCH0592,LIN023,FAC008,FLR001344,MWO001344,2024-10-18 00:32:09,Machine Breakdown,10.15,2134,2177300.82,Resolved,Medium
DTE001345,MCH0393,LIN019,FAC007,FLR001345,MWO001345,2024-05-17 17:04:54,Machine Breakdown,6.24,376,361330.96,Resolved,High
DTE001346,MCH0168,LIN015,FAC005,FLR001346,MWO001346,2023-02-08 10:21:01,Machine Breakdown,18.92,2549,2520394.58,Resolved,Medium
DTE001347,MCH0335,LIN026,FAC009,FLR001347,MWO001347,2024-02-07 17:00:17,Machine Breakdown,2.75,354,214406.55,Resolved,Medium
DTE001348,MCH0544,LIN003,FAC001,FLR001348,MWO001348,2025-09-30 22:05:04,Machine Breakdown,3.1,406,375072.03,Resolved,Medium
DTE001349,MCH0123,LIN019,FAC007,FLR001349,MWO001349,2024-03-15 14:30:47,Machine Breakdown,3.75,322,328929.4,Resolved,High
DTE001350,MCH0440,LIN027,FAC009,FLR001350,MWO001350,2025-10-16 17:13:52,Machine Breakdown,1.32,122,58118.62,Resolved,Medium
DTE001351,MCH0494,LIN001,FAC001,FLR001351,MWO001351,2023-02-05 05:33:08,Machine Breakdown,10.83,2316,2600640.81,Open,Low
DTE001352,MCH0234,LIN001,FAC001,FLR001352,MWO001352,2023-08-17 05:09:58,Machine Breakdown,14.38,1574,810218.61,Resolved,High
DTE001353,MCH0264,LIN030,FAC010,FLR001353,MWO001353,2026-03-02 21:24:47,Machine Breakdown,11.49,2528,547004.16,Resolved,Medium
DTE001354,MCH0241,LIN010,FAC004,FLR001354,MWO001354,2024-11-21 00:42:08,Machine Breakdown,12.96,1287,808042.17,Resolved,High
DTE001355,MCH0140,LIN013,FAC005,FLR001355,MWO001355,2025-02-13 22:43:18,Machine Breakdown,20.73,1235,643578.53,Open,Low
DTE001356,MCH0441,LIN020,FAC007,FLR001356,MWO001356,2026-02-16 18:46:13,Machine Breakdown,7.61,668,183368.38,Resolved,High
DTE001357,MCH0581,LIN004,FAC002,FLR001357,MWO001357,2024-09-04 23:21:16,Machine Breakdown,8.52,882,800121.78,Resolved,Critical
DTE001358,MCH0088,LIN015,FAC005,FLR001358,MWO001358,2024-12-21 07:34:12,Machine Breakdown,9.52,1862,818276.65,Resolved,High
DTE001359,MCH0170,LIN002,FAC001,FLR001359,MWO001359,2025-07-18 08:06:50,Machine Breakdown,8.31,1585,605311.5,Resolved,High
DTE001360,MCH0425,LIN014,FAC005,FLR001360,MWO001360,2026-02-27 12:21:34,Machine Breakdown,11.93,659,306287.32,Resolved,High
DTE001361,MCH0022,LIN024,FAC008,FLR001361,MWO001361,2023-09-21 19:45:52,Machine Breakdown,12.44,2623,2728197.72,Resolved,Critical
DTE001362,MCH0581,LIN004,FAC002,FLR001362,MWO001362,2024-05-01 08:47:51,Machine Breakdown,5.27,998,903061.29,Resolved,Medium
DTE001363,MCH0166,LIN004,FAC002,FLR001363,MWO001363,2025-04-15 18:34:41,Machine Breakdown,3.91,403,345456.86,Resolved,Medium
DTE001364,MCH0490,LIN018,FAC006,FLR001364,MWO001364,2024-09-15 09:47:09,Machine Breakdown,1.94,387,105791.9,Resolved,Medium
DTE001365,MCH0506,LIN001,FAC001,FLR001365,MWO001365,2024-09-15 14:53:19,Machine Breakdown,18.17,2401,2872459.56,Resolved,Medium
DTE001366,MCH0354,LIN005,FAC002,FLR001366,MWO001366,2023-03-07 19:52:42,Machine Breakdown,2.69,422,190461.29,Resolved,Medium
DTE001367,MCH0129,LIN003,FAC001,FLR001367,MWO001367,2025-08-16 10:18:17,Machine Breakdown,12.06,1718,995909.19,Resolved,High
DTE001368,MCH0003,LIN025,FAC009,FLR001368,MWO001368,2023-12-24 20:42:50,Machine Breakdown,9.38,640,672967.37,Resolved,Medium
DTE001369,MCH0291,LIN022,FAC008,FLR001369,MWO001369,2025-02-16 02:01:51,Machine Breakdown,9.57,598,499604.77,Resolved,High
DTE001370,MCH0407,LIN018,FAC006,FLR001370,MWO001370,2026-05-16 01:33:17,Machine Breakdown,9.1,1446,1243236.46,Resolved,High
DTE001371,MCH0089,LIN017,FAC006,FLR001371,MWO001371,2026-05-12 21:22:42,Machine Breakdown,15.05,629,263071.01,Open,Medium
DTE001372,MCH0445,LIN029,FAC010,FLR001372,MWO001372,2024-01-16 09:09:15,Machine Breakdown,9.81,864,503675.03,Resolved,Medium
DTE001373,MCH0433,LIN022,FAC008,FLR001373,MWO001373,2025-09-27 12:11:46,Machine Breakdown,4.14,527,226438.39,Resolved,High
DTE001374,MCH0008,LIN015,FAC005,FLR001374,MWO001374,2023-03-14 23:25:18,Machine Breakdown,8.33,1596,1429690.27,Resolved,Low
DTE001375,MCH0120,LIN007,FAC003,FLR001375,MWO001375,2024-10-10 11:46:45,Machine Breakdown,8.29,1155,1298935.12,Resolved,Medium
DTE001376,MCH0226,LIN027,FAC009,FLR001376,MWO001376,2025-07-21 18:35:30,Machine Breakdown,10.5,583,156175.46,Resolved,Low
DTE001377,MCH0547,LIN005,FAC002,FLR001377,MWO001377,2024-02-18 15:38:29,Machine Breakdown,13.2,1823,800933.88,Resolved,Critical
DTE001378,MCH0226,LIN027,FAC009,FLR001378,MWO001378,2025-08-28 14:21:52,Machine Breakdown,3.92,396,86163.74,Resolved,Medium
DTE001379,MCH0277,LIN001,FAC001,FLR001379,MWO001379,2024-06-06 02:43:07,Machine Breakdown,11.42,2592,1981486.91,Resolved,High
DTE001380,MCH0165,LIN029,FAC010,FLR001380,MWO001380,2023-11-10 22:17:31,Machine Breakdown,9.08,1541,913622.51,Resolved,High
DTE001381,MCH0169,LIN003,FAC001,FLR001381,MWO001381,2023-07-13 02:14:29,Machine Breakdown,1.38,87,56407.47,Resolved,Critical
DTE001382,MCH0104,LIN004,FAC002,FLR001382,MWO001382,2025-02-14 04:13:12,Machine Breakdown,4.21,908,538038.65,Resolved,High
DTE001383,MCH0373,LIN011,FAC004,FLR001383,MWO001383,2025-06-25 00:49:38,Machine Breakdown,6.8,1209,288959.73,Resolved,Low
DTE001384,MCH0549,LIN013,FAC005,FLR001384,MWO001384,2023-05-07 15:34:15,Machine Breakdown,10.53,1473,1082591.7,Resolved,Critical
DTE001385,MCH0248,LIN028,FAC010,FLR001385,MWO001385,2024-09-14 22:28:43,Machine Breakdown,9.65,917,1075994.45,Resolved,High
DTE001386,MCH0060,LIN022,FAC008,FLR001386,MWO001386,2025-02-14 08:35:44,Machine Breakdown,10.98,1374,251292.82,Resolved,High
DTE001387,MCH0321,LIN029,FAC010,FLR001387,MWO001387,2025-01-13 13:42:18,Machine Breakdown,2.64,174,98322.57,Resolved,Critical
DTE001388,MCH0188,LIN004,FAC002,FLR001388,MWO001388,2025-09-28 06:29:33,Machine Breakdown,3.88,166,37887.93,Open,Medium
DTE001389,MCH0334,LIN018,FAC006,FLR001389,MWO001389,2024-10-31 13:55:45,Machine Breakdown,1.17,164,178935.2,Resolved,Low
DTE001390,MCH0101,LIN022,FAC008,FLR001390,MWO001390,2025-11-16 21:23:17,Machine Breakdown,10.5,2177,1000499.3,Resolved,Medium
DTE001391,MCH0589,LIN023,FAC008,FLR001391,MWO001391,2024-12-13 23:24:17,Machine Breakdown,0.87,97,69641.67,Resolved,Medium
DTE001392,MCH0169,LIN003,FAC001,FLR001392,MWO001392,2026-01-31 18:01:30,Machine Breakdown,16.39,2316,1821546.37,Resolved,Critical
DTE001393,MCH0054,LIN006,FAC002,FLR001393,MWO001393,2024-07-08 14:18:05,Machine Breakdown,5.23,719,541106.02,Resolved,Critical
DTE001394,MCH0158,LIN027,FAC009,FLR001394,MWO001394,2025-01-10 02:36:02,Machine Breakdown,3.14,463,419403.69,Resolved,Low
DTE001395,MCH0032,LIN023,FAC008,FLR001395,MWO001395,2023-12-25 01:36:35,Machine Breakdown,6.95,468,138716.01,Resolved,Medium
DTE001396,MCH0097,LIN022,FAC008,FLR001396,MWO001396,2026-01-16 05:34:24,Machine Breakdown,3.83,270,51926.5,Resolved,High
DTE001397,MCH0016,LIN009,FAC003,FLR001397,MWO001397,2023-02-02 17:56:09,Machine Breakdown,1.39,87,74452.85,Resolved,High
DTE001398,MCH0033,LIN010,FAC004,FLR001398,MWO001398,2024-09-27 04:47:57,Machine Breakdown,8.37,985,1041443.2,Resolved,Critical
DTE001399,MCH0487,LIN023,FAC008,FLR001399,MWO001399,2026-05-19 06:58:29,Machine Breakdown,12.34,1912,1823652.84,Resolved,High
DTE001400,MCH0355,LIN029,FAC010,FLR001400,MWO001400,2025-05-15 12:44:26,Machine Breakdown,17.37,3483,4163165.6,Resolved,High
DTE001401,MCH0070,LIN030,FAC010,FLR001401,MWO001401,2023-02-24 05:19:50,Machine Breakdown,11.65,2660,2709436.76,Resolved,High
DTE001402,MCH0011,LIN013,FAC005,FLR001402,MWO001402,2024-02-13 04:04:08,Machine Breakdown,7.4,623,320318.1,Resolved,High
DTE001403,MCH0400,LIN002,FAC001,FLR001403,MWO001403,2024-04-19 23:27:54,Machine Breakdown,4.64,932,450638.91,Resolved,Low
DTE001404,MCH0302,LIN016,FAC006,FLR001404,MWO001404,2025-10-13 14:02:30,Machine Breakdown,1.42,233,192829.99,Resolved,Medium
DTE001405,MCH0421,LIN007,FAC003,FLR001405,MWO001405,2023-08-13 01:28:51,Machine Breakdown,2.45,545,445797.37,Resolved,High
DTE001406,MCH0153,LIN017,FAC006,FLR001406,MWO001406,2024-07-18 18:01:07,Machine Breakdown,9.29,991,881246.52,Resolved,Medium
DTE001407,MCH0338,LIN015,FAC005,FLR001407,MWO001407,2023-03-02 16:03:43,Machine Breakdown,13.49,2941,936441.91,Resolved,Low
DTE001408,MCH0547,LIN005,FAC002,FLR001408,MWO001408,2025-09-27 15:29:25,Machine Breakdown,6.31,783,324093.59,Resolved,High
DTE001409,MCH0451,LIN013,FAC005,FLR001409,MWO001409,2025-06-03 07:00:19,Machine Breakdown,7.53,1700,1463871.41,Resolved,Medium
DTE001410,MCH0243,LIN001,FAC001,FLR001410,MWO001410,2026-01-06 14:45:14,Machine Breakdown,25.61,3652,1150179.29,Resolved,Low
DTE001411,MCH0503,LIN002,FAC001,FLR001411,MWO001411,2023-12-24 10:23:06,Machine Breakdown,8.96,1006,479274.26,Resolved,Critical
DTE001412,MCH0515,LIN012,FAC004,FLR001412,MWO001412,2025-02-24 00:23:42,Machine Breakdown,5.78,1187,222610.66,Resolved,Medium
DTE001413,MCH0256,LIN005,FAC002,FLR001413,MWO001413,2023-08-25 09:06:04,Machine Breakdown,8.75,1667,1460579.81,Resolved,Critical
DTE001414,MCH0093,LIN027,FAC009,FLR001414,MWO001414,2023-08-05 16:41:24,Machine Breakdown,11.92,2078,1304459.15,Resolved,Medium
DTE001415,MCH0281,LIN027,FAC009,FLR001415,MWO001415,2025-01-04 16:14:20,Machine Breakdown,19.31,2632,2324501.18,Resolved,High
DTE001416,MCH0597,LIN012,FAC004,FLR001416,MWO001416,2024-03-31 21:27:30,Machine Breakdown,6.86,1251,586857.29,Resolved,Low
DTE001417,MCH0593,LIN019,FAC007,FLR001417,MWO001417,2023-12-30 14:31:44,Machine Breakdown,3.46,743,205331.16,Resolved,High
DTE001418,MCH0177,LIN009,FAC003,FLR001418,MWO001418,2024-03-20 08:18:37,Machine Breakdown,23.64,5297,4634313.92,Resolved,High
DTE001419,MCH0537,LIN013,FAC005,FLR001419,MWO001419,2025-05-31 01:18:56,Machine Breakdown,11.69,1992,508376.65,Resolved,Critical
DTE001420,MCH0458,LIN007,FAC003,FLR001420,MWO001420,2024-05-26 09:45:36,Machine Breakdown,7.4,446,74356.66,Resolved,Medium
DTE001421,MCH0276,LIN012,FAC004,FLR001421,MWO001421,2024-01-26 14:09:26,Machine Breakdown,19.23,3517,2408572.39,Resolved,Medium
DTE001422,MCH0374,LIN013,FAC005,FLR001422,MWO001422,2024-08-26 03:46:37,Machine Breakdown,8.15,533,596162.14,Resolved,High
DTE001423,MCH0458,LIN007,FAC003,FLR001423,MWO001423,2024-12-10 00:17:00,Machine Breakdown,18.0,2506,2903180.82,Resolved,Critical
DTE001424,MCH0553,LIN013,FAC005,FLR001424,MWO001424,2025-08-14 01:13:14,Machine Breakdown,9.4,1789,1878121.67,Resolved,Medium
DTE001425,MCH0176,LIN008,FAC003,FLR001425,MWO001425,2023-06-18 20:59:02,Machine Breakdown,13.28,1558,1011263.52,Resolved,Medium
DTE001426,MCH0470,LIN002,FAC001,FLR001426,MWO001426,2024-06-21 22:15:50,Machine Breakdown,15.82,948,587063.13,Resolved,Medium
DTE001427,MCH0485,LIN007,FAC003,FLR001427,MWO001427,2023-11-06 23:30:55,Machine Breakdown,0.9,192,174920.3,Resolved,Critical
DTE001428,MCH0186,LIN010,FAC004,FLR001428,MWO001428,2025-02-17 06:42:52,Machine Breakdown,5.18,361,132477.98,Resolved,Low
DTE001429,MCH0360,LIN028,FAC010,FLR001429,MWO001429,2026-05-17 13:16:24,Machine Breakdown,6.72,1602,360653.5,Resolved,Low
DTE001430,MCH0324,LIN024,FAC008,FLR001430,MWO001430,2023-04-02 08:59:32,Machine Breakdown,5.55,546,228595.56,Open,High
DTE001431,MCH0300,LIN002,FAC001,FLR001431,MWO001431,2025-09-27 23:31:34,Machine Breakdown,1.53,150,152216.9,Resolved,High
DTE001432,MCH0313,LIN018,FAC006,FLR001432,MWO001432,2025-03-27 21:55:57,Machine Breakdown,3.75,191,42639.87,Resolved,High
DTE001433,MCH0195,LIN014,FAC005,FLR001433,MWO001433,2025-02-23 10:43:21,Machine Breakdown,7.62,1220,982919.35,Resolved,Medium
DTE001434,MCH0075,LIN003,FAC001,FLR001434,MWO001434,2026-03-05 13:21:53,Machine Breakdown,5.85,609,206708.55,Resolved,Medium
DTE001435,MCH0133,LIN013,FAC005,FLR001435,MWO001435,2025-10-26 16:33:56,Machine Breakdown,4.71,210,233144.31,Resolved,High
DTE001436,MCH0083,LIN010,FAC004,FLR001436,MWO001436,2023-06-15 08:13:21,Machine Breakdown,7.57,856,299200.04,Resolved,High
DTE001437,MCH0074,LIN001,FAC001,FLR001437,MWO001437,2024-10-18 12:06:22,Machine Breakdown,3.36,225,141218.2,Resolved,Low
DTE001438,MCH0326,LIN026,FAC009,FLR001438,MWO001438,2024-02-06 19:46:05,Machine Breakdown,6.25,274,85140.57,Resolved,Medium
DTE001439,MCH0532,LIN007,FAC003,FLR001439,MWO001439,2026-02-03 04:51:17,Machine Breakdown,3.64,776,893287.91,Resolved,Medium
DTE001440,MCH0440,LIN027,FAC009,FLR001440,MWO001440,2026-01-22 17:16:48,Machine Breakdown,12.81,2399,1939863.96,Resolved,High
DTE001441,MCH0509,LIN021,FAC007,FLR001441,MWO001441,2024-02-25 15:43:22,Machine Breakdown,15.43,625,297868.02,Resolved,High
DTE001442,MCH0343,LIN003,FAC001,FLR001442,MWO001442,2024-04-20 05:48:37,Machine Breakdown,5.67,870,982523.19,Resolved,Medium
DTE001443,MCH0149,LIN004,FAC002,FLR001443,MWO001443,2024-11-27 07:01:04,Machine Breakdown,14.84,1367,1081305.25,Resolved,Medium
DTE001444,MCH0467,LIN027,FAC009,FLR001444,MWO001444,2023-10-19 17:48:25,Machine Breakdown,9.76,2328,1869063.54,Resolved,Critical
DTE001445,MCH0525,LIN017,FAC006,FLR001445,MWO001445,2023-01-31 19:14:45,Machine Breakdown,7.87,1632,1826911.06,Resolved,Medium
DTE001446,MCH0325,LIN011,FAC004,FLR001446,MWO001446,2025-11-20 01:33:35,Machine Breakdown,8.95,2067,719937.82,Resolved,Medium
DTE001447,MCH0476,LIN023,FAC008,FLR001447,MWO001447,2024-10-21 02:31:29,Machine Breakdown,3.83,545,305824.15,Resolved,Medium
DTE001448,MCH0563,LIN001,FAC001,FLR001448,MWO001448,2023-08-19 13:57:47,Machine Breakdown,10.73,1793,752900.71,Resolved,Medium
DTE001449,MCH0033,LIN010,FAC004,FLR001449,MWO001449,2025-10-18 19:24:06,Machine Breakdown,19.77,4139,2701030.3,Resolved,High
DTE001450,MCH0508,LIN010,FAC004,FLR001450,MWO001450,2023-08-02 12:55:10,Machine Breakdown,23.7,2863,1386639.49,Resolved,High
DTE001451,MCH0361,LIN024,FAC008,FLR001451,MWO001451,2025-05-15 05:12:35,Machine Breakdown,7.77,642,359317.89,Resolved,High
DTE001452,MCH0585,LIN026,FAC009,FLR001452,MWO001452,2023-02-15 03:43:29,Machine Breakdown,17.11,2362,428613.83,Resolved,High
DTE001453,MCH0505,LIN023,FAC008,FLR001453,MWO001453,2024-04-22 21:44:47,Machine Breakdown,13.65,1964,1682693.12,Resolved,Medium
DTE001454,MCH0387,LIN005,FAC002,FLR001454,MWO001454,2024-06-13 05:43:23,Machine Breakdown,7.64,1805,1436423.76,Resolved,Low
DTE001455,MCH0544,LIN003,FAC001,FLR001455,MWO001455,2023-01-29 07:49:09,Machine Breakdown,13.52,1997,1924791.26,Resolved,High
DTE001456,MCH0520,LIN005,FAC002,FLR001456,MWO001456,2026-02-07 23:31:08,Machine Breakdown,3.83,876,137897.53,Resolved,High
DTE001457,MCH0390,LIN011,FAC004,FLR001457,MWO001457,2023-10-14 20:45:16,Machine Breakdown,1.12,127,33298.57,Resolved,Medium
DTE001458,MCH0268,LIN013,FAC005,FLR001458,MWO001458,2025-03-28 15:22:40,Machine Breakdown,5.73,273,92688.66,Resolved,Medium
DTE001459,MCH0589,LIN023,FAC008,FLR001459,MWO001459,2023-12-21 07:49:36,Machine Breakdown,9.96,1647,774096.04,Open,Medium
DTE001460,MCH0051,LIN011,FAC004,FLR001460,MWO001460,2023-06-11 03:24:38,Machine Breakdown,9.18,2080,2217192.5,Resolved,Medium
DTE001461,MCH0448,LIN016,FAC006,FLR001461,MWO001461,2024-02-10 06:22:46,Machine Breakdown,5.36,1192,954433.67,Resolved,High
DTE001462,MCH0281,LIN027,FAC009,FLR001462,MWO001462,2026-01-27 04:14:53,Machine Breakdown,3.07,406,266547.05,Resolved,Low
DTE001463,MCH0151,LIN020,FAC007,FLR001463,MWO001463,2024-09-05 23:09:48,Machine Breakdown,17.81,4026,4431192.52,Resolved,Low
DTE001464,MCH0522,LIN024,FAC008,FLR001464,MWO001464,2023-11-18 23:42:02,Machine Breakdown,7.53,1048,868926.71,Resolved,Medium
DTE001465,MCH0572,LIN017,FAC006,FLR001465,MWO001465,2024-11-01 19:49:24,Machine Breakdown,9.15,932,249906.48,Resolved,High
DTE001466,MCH0441,LIN020,FAC007,FLR001466,MWO001466,2023-03-12 02:23:20,Machine Breakdown,10.4,1937,776962.91,Resolved,Medium
DTE001467,MCH0390,LIN011,FAC004,FLR001467,MWO001467,2024-06-27 02:11:58,Machine Breakdown,1.84,376,360264.84,Resolved,Medium
DTE001468,MCH0230,LIN017,FAC006,FLR001468,MWO001468,2024-07-13 06:43:45,Machine Breakdown,25.22,1205,516772.39,Resolved,High
DTE001469,MCH0291,LIN022,FAC008,FLR001469,MWO001469,2024-01-31 12:34:16,Machine Breakdown,1.74,250,251498.18,Open,Low
DTE001470,MCH0022,LIN024,FAC008,FLR001470,MWO001470,2023-10-03 20:02:32,Machine Breakdown,7.94,881,143985.14,Open,Medium
DTE001471,MCH0523,LIN023,FAC008,FLR001471,MWO001471,2026-05-26 10:12:51,Machine Breakdown,6.89,785,332079.63,Open,Medium
DTE001472,MCH0303,LIN020,FAC007,FLR001472,MWO001472,2025-06-18 13:11:17,Machine Breakdown,2.93,632,442360.8,Resolved,Medium
DTE001473,MCH0465,LIN002,FAC001,FLR001473,MWO001473,2025-03-09 08:15:24,Machine Breakdown,5.56,938,987731.28,Resolved,Medium
DTE001474,MCH0240,LIN015,FAC005,FLR001474,MWO001474,2024-06-16 18:35:46,Machine Breakdown,4.45,929,724392.08,Open,Medium
DTE001475,MCH0396,LIN028,FAC010,FLR001475,MWO001475,2023-07-24 10:36:11,Machine Breakdown,6.68,1146,1313975.82,Resolved,High
DTE001476,MCH0449,LIN024,FAC008,FLR001476,MWO001476,2025-09-09 15:09:56,Machine Breakdown,1.13,164,67250.48,Resolved,High
DTE001477,MCH0291,LIN022,FAC008,FLR001477,MWO001477,2023-12-04 14:27:57,Machine Breakdown,14.05,847,138500.89,Resolved,Medium
DTE001478,MCH0593,LIN019,FAC007,FLR001478,MWO001478,2025-10-18 23:42:23,Machine Breakdown,3.47,246,178563.14,Resolved,Medium
DTE001479,MCH0398,LIN029,FAC010,FLR001479,MWO001479,2024-02-04 14:13:55,Machine Breakdown,4.94,1031,589067.46,Resolved,Critical
DTE001480,MCH0502,LIN011,FAC004,FLR001480,MWO001480,2023-03-19 10:35:12,Machine Breakdown,4.17,245,181078.28,Resolved,High
DTE001481,MCH0426,LIN009,FAC003,FLR001481,MWO001481,2024-07-01 15:47:15,Machine Breakdown,3.09,634,407360.38,Resolved,Medium
DTE001482,MCH0118,LIN016,FAC006,FLR001482,MWO001482,2026-03-14 09:53:39,Machine Breakdown,12.39,2440,785280.59,Resolved,High
DTE001483,MCH0084,LIN022,FAC008,FLR001483,MWO001483,2024-08-05 03:00:35,Machine Breakdown,12.08,2043,326819.71,Resolved,Low
DTE001484,MCH0478,LIN008,FAC003,FLR001484,MWO001484,2023-11-25 23:45:49,Machine Breakdown,14.83,2304,1732143.22,Resolved,Medium
DTE001485,MCH0524,LIN016,FAC006,FLR001485,MWO001485,2024-06-24 03:18:55,Machine Breakdown,3.27,590,609401.9,Resolved,Medium
DTE001486,MCH0566,LIN010,FAC004,FLR001486,MWO001486,2023-05-24 04:41:52,Machine Breakdown,10.48,741,853666.81,Resolved,High
DTE001487,MCH0344,LIN019,FAC007,FLR001487,MWO001487,2025-04-22 06:25:44,Machine Breakdown,6.44,909,715550.23,Resolved,Medium
DTE001488,MCH0189,LIN004,FAC002,FLR001488,MWO001488,2024-04-09 11:45:44,Machine Breakdown,9.92,1508,607517.52,Resolved,Medium
DTE001489,MCH0596,LIN022,FAC008,FLR001489,MWO001489,2023-03-24 15:12:27,Machine Breakdown,3.42,584,388155.58,Resolved,Critical
DTE001490,MCH0504,LIN008,FAC003,FLR001490,MWO001490,2026-06-15 15:52:15,Machine Breakdown,12.02,1808,1967650.16,Resolved,High
DTE001491,MCH0533,LIN017,FAC006,FLR001491,MWO001491,2023-05-30 07:57:01,Machine Breakdown,3.16,684,744036.13,Resolved,High
DTE001492,MCH0134,LIN006,FAC002,FLR001492,MWO001492,2025-03-29 23:11:14,Machine Breakdown,28.47,2348,2501036.46,Resolved,High
DTE001493,MCH0344,LIN019,FAC007,FLR001493,MWO001493,2023-09-16 22:17:15,Machine Breakdown,4.46,580,611741.19,Open,High
DTE001494,MCH0070,LIN030,FAC010,FLR001494,MWO001494,2025-07-07 14:42:41,Machine Breakdown,10.3,1251,1094474.79,Resolved,Medium
DTE001495,MCH0097,LIN022,FAC008,FLR001495,MWO001495,2023-08-12 14:25:05,Machine Breakdown,10.04,1912,1811331.15,Resolved,Critical
DTE001496,MCH0237,LIN025,FAC009,FLR001496,MWO001496,2023-08-07 18:45:47,Machine Breakdown,5.32,951,868454.14,Open,Low
DTE001497,MCH0005,LIN010,FAC004,FLR001497,MWO001497,2024-01-07 23:59:03,Machine Breakdown,9.4,553,131968.85,Resolved,Critical
DTE001498,MCH0234,LIN001,FAC001,FLR001498,MWO001498,2024-09-24 13:54:56,Machine Breakdown,6.94,745,868917.73,Resolved,High
DTE001499,MCH0445,LIN029,FAC010,FLR001499,MWO001499,2026-04-18 10:33:58,Machine Breakdown,23.25,4089,3274952.37,Open,Medium
DTE001500,MCH0232,LIN030,FAC010,FLR001500,MWO001500,2023-04-20 22:20:14,Machine Breakdown,3.61,342,168922.09,Resolved,Medium
DTE001501,MCH0070,LIN030,FAC010,FLR001501,MWO001501,2026-02-20 10:41:52,Machine Breakdown,9.51,1096,1222622.48,Open,High
DTE001502,MCH0357,LIN029,FAC010,FLR001502,MWO001502,2025-01-04 22:21:30,Machine Breakdown,3.59,525,149545.71,Open,High
DTE001503,MCH0191,LIN025,FAC009,FLR001503,MWO001503,2025-05-15 08:24:14,Machine Breakdown,4.9,591,202954.51,Resolved,Medium
DTE001504,MCH0303,LIN020,FAC007,FLR001504,MWO001504,2026-04-08 22:34:43,Machine Breakdown,2.91,526,224120.05,Resolved,Medium
DTE001505,MCH0194,LIN015,FAC005,FLR001505,MWO001505,2023-07-08 11:52:38,Machine Breakdown,10.91,503,254933.75,Resolved,High
DTE001506,MCH0101,LIN022,FAC008,FLR001506,MWO001506,2025-05-04 23:08:23,Machine Breakdown,30.59,2583,2067369.3,Resolved,Medium
DTE001507,MCH0238,LIN007,FAC003,FLR001507,MWO001507,2023-02-13 15:25:32,Machine Breakdown,13.56,2607,1590299.91,Resolved,Low
DTE001508,MCH0377,LIN009,FAC003,FLR001508,MWO001508,2023-04-18 01:56:33,Machine Breakdown,4.5,500,189626.18,Resolved,Medium
DTE001509,MCH0109,LIN018,FAC006,FLR001509,MWO001509,2025-04-13 14:38:42,Machine Breakdown,4.63,848,978413.29,Resolved,Medium
DTE001510,MCH0419,LIN008,FAC003,FLR001510,MWO001510,2024-06-22 22:56:08,Machine Breakdown,4.33,495,351414.2,Resolved,Medium
DTE001511,MCH0331,LIN012,FAC004,FLR001511,MWO001511,2023-09-05 17:03:05,Machine Breakdown,1.99,270,46696.33,Resolved,Critical
DTE001512,MCH0290,LIN027,FAC009,FLR001512,MWO001512,2025-08-23 04:42:39,Machine Breakdown,15.02,1080,1015587.65,Open,Medium
DTE001513,MCH0441,LIN020,FAC007,FLR001513,MWO001513,2026-04-16 13:58:59,Machine Breakdown,9.26,1775,1771218.12,Open,Medium
DTE001514,MCH0098,LIN002,FAC001,FLR001514,MWO001514,2023-01-18 06:42:59,Machine Breakdown,10.04,408,95761.19,Resolved,Critical
DTE001515,MCH0491,LIN021,FAC007,FLR001515,MWO001515,2025-11-08 11:38:04,Machine Breakdown,5.1,378,208704.73,Resolved,Medium
DTE001516,MCH0056,LIN027,FAC009,FLR001516,MWO001516,2026-01-03 18:33:51,Machine Breakdown,13.21,1693,819880.97,Resolved,Medium
DTE001517,MCH0459,LIN006,FAC002,FLR001517,MWO001517,2026-02-06 07:05:59,Machine Breakdown,8.04,1257,1260641.27,Resolved,Medium
DTE001518,MCH0310,LIN029,FAC010,FLR001518,MWO001518,2026-02-14 07:09:13,Machine Breakdown,6.18,692,330315.49,Resolved,High
DTE001519,MCH0230,LIN017,FAC006,FLR001519,MWO001519,2024-07-29 18:34:17,Machine Breakdown,6.83,699,737319.31,Resolved,Critical
DTE001520,MCH0463,LIN018,FAC006,FLR001520,MWO001520,2023-11-28 16:45:36,Machine Breakdown,4.76,657,227567.01,Resolved,Medium
DTE001521,MCH0098,LIN002,FAC001,FLR001521,MWO001521,2025-06-16 03:48:36,Machine Breakdown,2.15,213,91602.87,Resolved,Medium
DTE001522,MCH0045,LIN029,FAC010,FLR001522,MWO001522,2025-02-03 13:53:04,Machine Breakdown,2.23,373,136031.94,Resolved,High
DTE001523,MCH0373,LIN011,FAC004,FLR001523,MWO001523,2025-09-18 22:08:08,Machine Breakdown,5.43,392,282940.71,Open,High
DTE001524,MCH0110,LIN002,FAC001,FLR001524,MWO001524,2025-02-11 18:02:35,Machine Breakdown,3.99,634,274453.36,Resolved,Medium
DTE001525,MCH0313,LIN018,FAC006,FLR001525,MWO001525,2023-09-11 20:02:18,Machine Breakdown,6.26,936,234259.98,Resolved,Medium
DTE001526,MCH0383,LIN005,FAC002,FLR001526,MWO001526,2023-02-11 14:01:03,Machine Breakdown,7.63,761,467654.02,Resolved,High
DTE001527,MCH0574,LIN029,FAC010,FLR001527,MWO001527,2026-06-03 08:06:15,Machine Breakdown,3.68,245,119596.76,Resolved,Medium
DTE001528,MCH0029,LIN002,FAC001,FLR001528,MWO001528,2025-03-10 01:40:08,Machine Breakdown,7.56,1629,326368.94,Open,High
DTE001529,MCH0089,LIN017,FAC006,FLR001529,MWO001529,2026-04-17 00:46:50,Machine Breakdown,12.35,2591,1984468.82,Resolved,Low
DTE001530,MCH0437,LIN015,FAC005,FLR001530,MWO001530,2024-10-31 15:24:31,Machine Breakdown,11.85,1764,1823046.49,Resolved,Critical
DTE001531,MCH0526,LIN028,FAC010,FLR001531,MWO001531,2026-06-06 19:34:41,Machine Breakdown,8.33,714,734799.12,Resolved,High
DTE001532,MCH0027,LIN014,FAC005,FLR001532,MWO001532,2026-05-17 23:49:56,Machine Breakdown,4.71,493,417401.52,Resolved,Low
DTE001533,MCH0250,LIN007,FAC003,FLR001533,MWO001533,2025-04-14 07:47:45,Machine Breakdown,6.28,264,156035.23,Resolved,Medium
DTE001534,MCH0279,LIN001,FAC001,FLR001534,MWO001534,2024-05-26 23:30:39,Machine Breakdown,12.83,845,484794.27,Resolved,High
DTE001535,MCH0030,LIN022,FAC008,FLR001535,MWO001535,2023-03-25 17:36:26,Machine Breakdown,12.52,2686,1596251.84,Resolved,Low
DTE001536,MCH0551,LIN025,FAC009,FLR001536,MWO001536,2023-01-30 04:24:59,Machine Breakdown,17.73,2336,2736559.21,Open,Medium
DTE001537,MCH0547,LIN005,FAC002,FLR001537,MWO001537,2025-12-25 12:21:05,Machine Breakdown,16.89,2012,649600.05,Resolved,Medium
DTE001538,MCH0242,LIN001,FAC001,FLR001538,MWO001538,2023-02-26 00:41:01,Machine Breakdown,2.02,263,171607.38,Resolved,Medium
DTE001539,MCH0382,LIN018,FAC006,FLR001539,MWO001539,2025-11-30 03:52:44,Machine Breakdown,5.84,307,344600.3,Resolved,Low
DTE001540,MCH0372,LIN025,FAC009,FLR001540,MWO001540,2024-04-11 19:25:55,Machine Breakdown,6.89,592,313141.32,Resolved,Medium
DTE001541,MCH0201,LIN006,FAC002,FLR001541,MWO001541,2023-04-27 15:38:25,Machine Breakdown,7.61,1791,322641.46,Resolved,Critical
DTE001542,MCH0255,LIN005,FAC002,FLR001542,MWO001542,2023-09-04 04:57:19,Machine Breakdown,11.87,617,131219.16,Resolved,Medium
DTE001543,MCH0276,LIN012,FAC004,FLR001543,MWO001543,2025-12-10 13:30:20,Machine Breakdown,5.61,1237,931457.2,Resolved,Critical
DTE001544,MCH0276,LIN012,FAC004,FLR001544,MWO001544,2025-08-25 09:10:28,Machine Breakdown,3.18,689,119141.3,Resolved,High
DTE001545,MCH0505,LIN023,FAC008,FLR001545,MWO001545,2024-04-25 05:14:43,Machine Breakdown,3.05,439,460853.09,Resolved,Low
DTE001546,MCH0408,LIN009,FAC003,FLR001546,MWO001546,2024-04-10 08:15:23,Machine Breakdown,5.82,1330,1047564.21,Resolved,High
DTE001547,MCH0505,LIN023,FAC008,FLR001547,MWO001547,2025-01-29 02:37:39,Machine Breakdown,4.9,1038,780602.6,Resolved,High
DTE001548,MCH0398,LIN029,FAC010,FLR001548,MWO001548,2024-05-20 10:53:45,Machine Breakdown,8.34,1602,545300.28,Resolved,High
DTE001549,MCH0284,LIN006,FAC002,FLR001549,MWO001549,2025-04-16 08:14:30,Machine Breakdown,6.17,1363,366122.63,Resolved,Low
DTE001550,MCH0566,LIN010,FAC004,FLR001550,MWO001550,2023-08-07 07:50:17,Machine Breakdown,2.54,419,445423.23,Resolved,High
DTE001551,MCH0331,LIN012,FAC004,FLR001551,MWO001551,2023-09-24 22:27:54,Machine Breakdown,5.35,459,185199.72,Resolved,Critical
DTE001552,MCH0159,LIN014,FAC005,FLR001552,MWO001552,2026-03-28 14:42:51,Machine Breakdown,7.56,870,640866.3,Resolved,Medium
DTE001553,MCH0214,LIN018,FAC006,FLR001553,MWO001553,2023-03-10 04:57:25,Machine Breakdown,12.31,877,542551.56,Resolved,Medium
DTE001554,MCH0495,LIN009,FAC003,FLR001554,MWO001554,2024-02-25 07:52:49,Machine Breakdown,15.46,1003,908169.22,Resolved,Medium
DTE001555,MCH0112,LIN003,FAC001,FLR001555,MWO001555,2023-08-23 17:45:08,Machine Breakdown,8.48,1422,499605.12,Resolved,Medium
DTE001556,MCH0045,LIN029,FAC010,FLR001556,MWO001556,2025-04-28 21:52:28,Machine Breakdown,5.84,1167,415493.9,Resolved,Medium
DTE001557,MCH0226,LIN027,FAC009,FLR001557,MWO001557,2023-02-13 06:04:57,Machine Breakdown,7.46,837,549135.28,Resolved,Medium
DTE001558,MCH0483,LIN029,FAC010,FLR001558,MWO001558,2026-05-08 21:26:54,Machine Breakdown,9.91,1795,353288.11,Resolved,Medium
DTE001559,MCH0235,LIN025,FAC009,FLR001559,MWO001559,2023-07-08 08:04:55,Machine Breakdown,8.17,334,105791.9,Resolved,High
DTE001560,MCH0365,LIN014,FAC005,FLR001560,MWO001560,2026-02-19 02:12:36,Machine Breakdown,1.79,289,230617.57,Resolved,Medium
DTE001561,MCH0106,LIN018,FAC006,FLR001561,MWO001561,2025-04-27 06:04:34,Machine Breakdown,9.49,1845,1703841.88,Resolved,Low
DTE001562,MCH0082,LIN027,FAC009,FLR001562,MWO001562,2024-02-02 05:36:37,Machine Breakdown,2.46,452,266823.9,Resolved,Medium
DTE001563,MCH0563,LIN001,FAC001,FLR001563,MWO001563,2025-12-17 07:40:02,Machine Breakdown,2.85,603,548350.23,Resolved,Critical
DTE001564,MCH0325,LIN011,FAC004,FLR001564,MWO001564,2023-01-07 16:04:05,Machine Breakdown,9.16,1875,870450.64,Resolved,Critical
DTE001565,MCH0299,LIN014,FAC005,FLR001565,MWO001565,2025-02-02 04:40:11,Machine Breakdown,0.31,50,52442.7,Resolved,High
DTE001566,MCH0298,LIN016,FAC006,FLR001566,MWO001566,2026-03-30 16:18:23,Machine Breakdown,2.37,491,551005.28,Resolved,High
DTE001567,MCH0195,LIN014,FAC005,FLR001567,MWO001567,2025-06-11 16:40:46,Machine Breakdown,0.84,156,56942.41,Resolved,Critical
DTE001568,MCH0528,LIN005,FAC002,FLR001568,MWO001568,2026-03-17 16:01:32,Machine Breakdown,9.42,506,413854.55,Open,High
DTE001569,MCH0289,LIN010,FAC004,FLR001569,MWO001569,2024-08-08 01:43:49,Machine Breakdown,7.37,700,253170.83,Resolved,High
DTE001570,MCH0588,LIN006,FAC002,FLR001570,MWO001570,2025-03-01 11:19:46,Machine Breakdown,12.6,2733,2416308.55,Resolved,Medium
DTE001571,MCH0341,LIN006,FAC002,FLR001571,MWO001571,2024-05-29 15:46:59,Machine Breakdown,8.13,1809,1286071.31,Resolved,Medium
DTE001572,MCH0074,LIN001,FAC001,FLR001572,MWO001572,2023-12-09 12:44:45,Machine Breakdown,16.74,1403,314322.35,Open,Medium
DTE001573,MCH0571,LIN020,FAC007,FLR001573,MWO001573,2023-12-01 19:57:22,Machine Breakdown,2.23,138,25910.29,Open,High
DTE001574,MCH0553,LIN013,FAC005,FLR001574,MWO001574,2026-01-18 09:21:59,Machine Breakdown,1.83,376,438594.26,Resolved,Medium
DTE001575,MCH0498,LIN011,FAC004,FLR001575,MWO001575,2024-09-11 02:52:29,Machine Breakdown,14.18,1098,1202189.21,Resolved,Medium
DTE001576,MCH0344,LIN019,FAC007,FLR001576,MWO001576,2024-09-07 07:48:49,Machine Breakdown,6.36,1409,923130.95,Resolved,Medium
DTE001577,MCH0555,LIN021,FAC007,FLR001577,MWO001577,2025-06-09 13:12:39,Machine Breakdown,27.95,3766,1348569.2,Resolved,High
DTE001578,MCH0180,LIN011,FAC004,FLR001578,MWO001578,2024-03-06 07:13:44,Machine Breakdown,2.65,211,212428.83,Resolved,Low
DTE001579,MCH0299,LIN014,FAC005,FLR001579,MWO001579,2023-10-12 21:55:09,Machine Breakdown,1.82,381,78658.56,Resolved,High
DTE001580,MCH0454,LIN022,FAC008,FLR001580,MWO001580,2024-04-13 00:13:11,Machine Breakdown,7.62,538,551039.07,Open,Medium
DTE001581,MCH0217,LIN009,FAC003,FLR001581,MWO001581,2025-04-14 01:40:37,Machine Breakdown,1.32,137,37308.66,Resolved,Medium
DTE001582,MCH0042,LIN016,FAC006,FLR001582,MWO001582,2023-05-20 13:52:25,Machine Breakdown,3.47,382,373024.48,Resolved,High
DTE001583,MCH0392,LIN005,FAC002,FLR001583,MWO001583,2024-01-22 20:46:22,Machine Breakdown,14.1,1986,1464725.83,Resolved,Critical
DTE001584,MCH0584,LIN009,FAC003,FLR001584,MWO001584,2023-04-24 15:05:57,Machine Breakdown,6.45,586,253177.86,Resolved,Medium
DTE001585,MCH0424,LIN022,FAC008,FLR001585,MWO001585,2024-12-15 17:27:52,Machine Breakdown,14.0,1766,2070473.01,Resolved,High
DTE001586,MCH0507,LIN006,FAC002,FLR001586,MWO001586,2025-06-16 18:20:42,Machine Breakdown,8.01,336,307159.36,Resolved,Medium
DTE001587,MCH0513,LIN027,FAC009,FLR001587,MWO001587,2025-05-11 16:55:34,Machine Breakdown,4.03,304,358493.35,Resolved,Critical
DTE001588,MCH0379,LIN027,FAC009,FLR001588,MWO001588,2025-02-20 12:10:00,Machine Breakdown,3.03,379,334369.19,Resolved,High
DTE001589,MCH0533,LIN017,FAC006,FLR001589,MWO001589,2025-05-14 07:56:59,Machine Breakdown,2.58,419,270833.31,Resolved,Medium
DTE001590,MCH0157,LIN029,FAC010,FLR001590,MWO001590,2024-07-17 21:12:54,Machine Breakdown,12.19,1481,1344055.08,Resolved,Medium
DTE001591,MCH0266,LIN021,FAC007,FLR001591,MWO001591,2024-12-14 00:47:57,Machine Breakdown,13.32,2317,2334279.82,Open,High
DTE001592,MCH0153,LIN017,FAC006,FLR001592,MWO001592,2023-05-07 20:35:28,Machine Breakdown,2.22,421,422243.18,Resolved,Medium
DTE001593,MCH0366,LIN019,FAC007,FLR001593,MWO001593,2023-11-07 02:03:57,Machine Breakdown,10.6,2227,759058.98,Resolved,High
DTE001594,MCH0287,LIN017,FAC006,FLR001594,MWO001594,2023-08-18 03:30:24,Machine Breakdown,8.06,1349,568146.46,Resolved,Medium
DTE001595,MCH0474,LIN003,FAC001,FLR001595,MWO001595,2025-12-06 18:27:09,Machine Breakdown,12.62,1206,846375.92,Resolved,High
DTE001596,MCH0515,LIN012,FAC004,FLR001596,MWO001596,2026-03-06 01:29:06,Machine Breakdown,13.61,1281,783140.84,Resolved,Low
DTE001597,MCH0062,LIN011,FAC004,FLR001597,MWO001597,2026-05-18 17:30:00,Machine Breakdown,6.88,1078,565993.91,Resolved,Medium
DTE001598,MCH0557,LIN030,FAC010,FLR001598,MWO001598,2025-10-03 07:37:51,Machine Breakdown,13.22,2205,1541261.58,Resolved,Medium
DTE001599,MCH0370,LIN029,FAC010,FLR001599,MWO001599,2025-11-26 13:03:02,Machine Breakdown,11.62,609,314702.79,Resolved,Low
DTE001600,MCH0163,LIN007,FAC003,FLR001600,MWO001600,2024-03-03 13:23:51,Machine Breakdown,1.82,424,189809.28,Open,Medium
DTE001601,MCH0437,LIN015,FAC005,FLR001601,MWO001601,2023-02-27 06:18:16,Machine Breakdown,3.82,487,103120.23,Open,Medium
DTE001602,MCH0376,LIN005,FAC002,FLR001602,MWO001602,2025-05-23 19:06:12,Machine Breakdown,14.37,1190,939008.97,Resolved,Low
DTE001603,MCH0451,LIN013,FAC005,FLR001603,MWO001603,2024-04-02 08:45:42,Machine Breakdown,2.42,399,127098.72,Resolved,Medium
DTE001604,MCH0065,LIN005,FAC002,FLR001604,MWO001604,2024-11-04 06:50:02,Machine Breakdown,12.11,2822,1499674.62,Resolved,Medium
DTE001605,MCH0032,LIN023,FAC008,FLR001605,MWO001605,2025-08-20 12:47:03,Machine Breakdown,9.05,2094,2502371.16,Resolved,Low
DTE001606,MCH0349,LIN024,FAC008,FLR001606,MWO001606,2023-08-28 19:12:56,Machine Breakdown,3.39,400,165698.78,Resolved,High
DTE001607,MCH0211,LIN018,FAC006,FLR001607,MWO001607,2026-06-06 12:01:48,Machine Breakdown,13.45,2644,605660.08,Resolved,High
DTE001608,MCH0594,LIN016,FAC006,FLR001608,MWO001608,2024-12-27 04:06:23,Machine Breakdown,11.13,594,397953.53,Resolved,Low
DTE001609,MCH0006,LIN013,FAC005,FLR001609,MWO001609,2024-08-15 03:22:16,Machine Breakdown,1.42,164,133054.8,Resolved,Medium
DTE001610,MCH0019,LIN029,FAC010,FLR001610,MWO001610,2024-07-02 13:45:21,Machine Breakdown,4.78,941,400995.6,Resolved,Low
DTE001611,MCH0315,LIN015,FAC005,FLR001611,MWO001611,2023-09-07 08:34:03,Machine Breakdown,10.53,1336,1217795.61,Resolved,Critical
DTE001612,MCH0283,LIN027,FAC009,FLR001612,MWO001612,2023-01-11 12:45:35,Machine Breakdown,27.55,4246,3504022.7,Resolved,High
DTE001613,MCH0219,LIN012,FAC004,FLR001613,MWO001613,2026-03-02 12:19:47,Machine Breakdown,9.84,1774,1960289.67,Resolved,Medium
DTE001614,MCH0531,LIN021,FAC007,FLR001614,MWO001614,2023-06-10 19:52:06,Machine Breakdown,21.24,3540,1083995.51,Open,High
DTE001615,MCH0302,LIN016,FAC006,FLR001615,MWO001615,2024-12-13 03:05:48,Machine Breakdown,12.62,1012,404495.9,Resolved,Low
DTE001616,MCH0549,LIN013,FAC005,FLR001616,MWO001616,2025-04-10 08:06:19,Machine Breakdown,7.57,1195,271079.05,Resolved,Medium
DTE001617,MCH0261,LIN017,FAC006,FLR001617,MWO001617,2026-03-30 10:47:40,Machine Breakdown,2.02,213,244210.18,Resolved,Medium
DTE001618,MCH0522,LIN024,FAC008,FLR001618,MWO001618,2026-06-26 22:47:12,Machine Breakdown,1.29,229,135088.5,Resolved,Low
DTE001619,MCH0473,LIN022,FAC008,FLR001619,MWO001619,2025-08-04 23:15:48,Machine Breakdown,12.63,2166,354879.15,Resolved,Medium
DTE001620,MCH0248,LIN028,FAC010,FLR001620,MWO001620,2023-04-08 13:08:52,Machine Breakdown,6.38,1387,1658427.45,Resolved,Medium
DTE001621,MCH0556,LIN013,FAC005,FLR001621,MWO001621,2023-01-21 14:08:35,Machine Breakdown,1.77,186,100320.66,Resolved,High
DTE001622,MCH0568,LIN019,FAC007,FLR001622,MWO001622,2026-02-08 21:47:30,Machine Breakdown,0.5,83,13971.95,Resolved,High
DTE001623,MCH0115,LIN002,FAC001,FLR001623,MWO001623,2025-11-12 12:21:36,Machine Breakdown,15.09,1871,1950694.79,Resolved,High
DTE001624,MCH0212,LIN030,FAC010,FLR001624,MWO001624,2025-02-25 19:21:00,Machine Breakdown,12.72,1545,1189279.9,Resolved,Medium
DTE001625,MCH0057,LIN020,FAC007,FLR001625,MWO001625,2026-05-08 11:31:11,Machine Breakdown,6.9,1129,1044422.26,Resolved,High
DTE001626,MCH0312,LIN015,FAC005,FLR001626,MWO001626,2023-10-09 10:15:00,Machine Breakdown,1.24,79,55973.38,Resolved,Low
DTE001627,MCH0070,LIN030,FAC010,FLR001627,MWO001627,2023-08-23 08:52:30,Machine Breakdown,16.28,1182,963492.95,Resolved,High
DTE001628,MCH0552,LIN012,FAC004,FLR001628,MWO001628,2025-12-16 04:22:32,Machine Breakdown,5.08,975,877089.75,Resolved,Low
DTE001629,MCH0190,LIN002,FAC001,FLR001629,MWO001629,2024-07-08 08:08:51,Machine Breakdown,4.45,804,386176.47,Resolved,Medium
DTE001630,MCH0323,LIN027,FAC009,FLR001630,MWO001630,2023-10-01 23:07:31,Machine Breakdown,2.34,353,159639.49,Resolved,Low
DTE001631,MCH0059,LIN012,FAC004,FLR001631,MWO001631,2023-04-23 06:15:12,Machine Breakdown,14.04,2990,1583872.89,Resolved,High
DTE001632,MCH0452,LIN026,FAC009,FLR001632,MWO001632,2024-09-03 15:35:46,Machine Breakdown,11.44,2677,696712.85,Resolved,Low
DTE001633,MCH0134,LIN006,FAC002,FLR001633,MWO001633,2025-04-11 13:09:41,Machine Breakdown,1.9,145,75643.14,Resolved,Medium
DTE001634,MCH0255,LIN005,FAC002,FLR001634,MWO001634,2024-12-31 16:53:54,Machine Breakdown,11.77,1221,1395691.31,Resolved,High
DTE001635,MCH0494,LIN001,FAC001,FLR001635,MWO001635,2026-06-24 18:43:57,Machine Breakdown,14.28,2279,1419019.42,Resolved,Medium
DTE001636,MCH0417,LIN001,FAC001,FLR001636,MWO001636,2024-11-28 21:10:09,Machine Breakdown,13.2,3045,1404127.52,Resolved,Medium
DTE001637,MCH0142,LIN023,FAC008,FLR001637,MWO001637,2025-08-30 04:05:04,Machine Breakdown,25.43,4231,1396725.48,Resolved,High
DTE001638,MCH0257,LIN013,FAC005,FLR001638,MWO001638,2025-12-24 17:37:56,Machine Breakdown,10.15,2010,2105883.45,Resolved,Medium
DTE001639,MCH0107,LIN010,FAC004,FLR001639,MWO001639,2023-09-07 11:59:04,Machine Breakdown,5.58,625,444025.7,Resolved,Critical
DTE001640,MCH0072,LIN011,FAC004,FLR001640,MWO001640,2024-07-15 03:30:29,Machine Breakdown,13.17,2691,3062952.31,Resolved,Medium
DTE001641,MCH0163,LIN007,FAC003,FLR001641,MWO001641,2024-02-18 23:02:44,Machine Breakdown,1.54,312,135760.95,Resolved,High
DTE001642,MCH0510,LIN023,FAC008,FLR001642,MWO001642,2025-02-10 05:25:38,Machine Breakdown,5.73,933,900601.45,Resolved,Critical
DTE001643,MCH0233,LIN015,FAC005,FLR001643,MWO001643,2023-04-25 02:07:52,Machine Breakdown,6.43,1058,297679.27,Resolved,Medium
DTE001644,MCH0436,LIN013,FAC005,FLR001644,MWO001644,2023-02-09 08:07:54,Machine Breakdown,1.37,56,12008.86,Resolved,High
DTE001645,MCH0171,LIN006,FAC002,FLR001645,MWO001645,2023-11-29 10:56:56,Machine Breakdown,26.46,5860,5136282.97,Resolved,Critical
DTE001646,MCH0064,LIN025,FAC009,FLR001646,MWO001646,2023-05-03 14:50:45,Machine Breakdown,5.37,1039,435111.49,Resolved,Medium
DTE001647,MCH0027,LIN014,FAC005,FLR001647,MWO001647,2025-03-30 13:57:46,Machine Breakdown,6.86,1532,1004513.76,Resolved,Medium
DTE001648,MCH0063,LIN013,FAC005,FLR001648,MWO001648,2026-06-30 18:02:35,Machine Breakdown,10.47,2074,938902.54,Resolved,Critical
DTE001649,MCH0312,LIN015,FAC005,FLR001649,MWO001649,2026-05-28 17:20:24,Machine Breakdown,16.31,1406,335762.77,Open,Medium
DTE001650,MCH0148,LIN009,FAC003,FLR001650,MWO001650,2024-08-30 19:28:07,Machine Breakdown,9.82,2159,2001105.14,Resolved,Medium
DTE001651,MCH0103,LIN030,FAC010,FLR001651,MWO001651,2025-06-04 06:18:40,Machine Breakdown,1.09,55,29090.44,Resolved,Medium
DTE001652,MCH0582,LIN013,FAC005,FLR001652,MWO001652,2025-01-28 07:24:30,Machine Breakdown,12.86,981,268166.7,Resolved,Low
DTE001653,MCH0574,LIN029,FAC010,FLR001653,MWO001653,2026-03-31 01:40:28,Machine Breakdown,16.13,1382,1325699.49,Resolved,Critical
DTE001654,MCH0412,LIN021,FAC007,FLR001654,MWO001654,2023-08-16 10:35:52,Machine Breakdown,11.78,512,245843.15,Resolved,Medium
DTE001655,MCH0427,LIN027,FAC009,FLR001655,MWO001655,2024-04-26 23:02:48,Machine Breakdown,32.77,1357,1385529.24,Resolved,Low
DTE001656,MCH0379,LIN027,FAC009,FLR001656,MWO001656,2024-02-08 00:03:43,Machine Breakdown,6.16,1381,1555158.94,Resolved,Medium
DTE001657,MCH0337,LIN028,FAC010,FLR001657,MWO001657,2023-01-11 07:42:19,Machine Breakdown,10.36,1479,1235863.62,Resolved,High
DTE001658,MCH0484,LIN019,FAC007,FLR001658,MWO001658,2025-11-18 03:59:38,Machine Breakdown,19.5,2155,2031251.34,Resolved,Low
DTE001659,MCH0254,LIN013,FAC005,FLR001659,MWO001659,2023-12-10 02:28:34,Machine Breakdown,8.7,622,685523.33,Resolved,Medium
DTE001660,MCH0427,LIN027,FAC009,FLR001660,MWO001660,2025-03-06 15:44:15,Machine Breakdown,8.44,1225,597037.1,Resolved,High
DTE001661,MCH0182,LIN025,FAC009,FLR001661,MWO001661,2025-12-25 03:29:45,Machine Breakdown,5.54,1131,501032.57,Resolved,Low
DTE001662,MCH0552,LIN012,FAC004,FLR001662,MWO001662,2024-07-31 18:23:53,Machine Breakdown,11.38,2582,1845793.32,Open,High
DTE001663,MCH0388,LIN011,FAC004,FLR001663,MWO001663,2025-04-20 17:18:59,Machine Breakdown,7.6,373,421592.22,Resolved,Medium
DTE001664,MCH0241,LIN010,FAC004,FLR001664,MWO001664,2023-12-19 21:51:49,Machine Breakdown,2.85,538,253625.68,Resolved,Medium
DTE001665,MCH0066,LIN011,FAC004,FLR001665,MWO001665,2025-03-07 12:51:19,Machine Breakdown,15.78,3746,1783934.57,Resolved,Medium
DTE001666,MCH0282,LIN001,FAC001,FLR001666,MWO001666,2025-11-25 22:31:58,Machine Breakdown,2.27,501,596166.96,Resolved,Medium
DTE001667,MCH0598,LIN029,FAC010,FLR001667,MWO001667,2025-11-16 08:55:03,Machine Breakdown,5.43,919,1058892.54,Resolved,Low
DTE001668,MCH0152,LIN010,FAC004,FLR001668,MWO001668,2023-10-25 14:16:44,Machine Breakdown,5.76,1008,667398.73,Resolved,Critical
DTE001669,MCH0455,LIN030,FAC010,FLR001669,MWO001669,2023-09-10 12:50:30,Machine Breakdown,14.89,2291,1292529.0,Resolved,High
DTE001670,MCH0221,LIN027,FAC009,FLR001670,MWO001670,2026-06-03 02:42:38,Machine Breakdown,5.04,941,392061.05,Resolved,High
DTE001671,MCH0041,LIN011,FAC004,FLR001671,MWO001671,2025-12-18 22:22:51,Machine Breakdown,10.01,2021,1758955.96,Resolved,Medium
DTE001672,MCH0295,LIN020,FAC007,FLR001672,MWO001672,2023-01-17 08:11:34,Machine Breakdown,17.27,3647,813895.33,Resolved,Low
DTE001673,MCH0215,LIN014,FAC005,FLR001673,MWO001673,2025-04-06 16:08:03,Machine Breakdown,1.89,287,173042.25,Resolved,Medium
DTE001674,MCH0380,LIN003,FAC001,FLR001674,MWO001674,2026-04-19 00:07:09,Machine Breakdown,5.39,1160,928439.68,Resolved,High
DTE001675,MCH0192,LIN007,FAC003,FLR001675,MWO001675,2026-01-06 16:35:00,Machine Breakdown,1.17,252,136324.91,Resolved,Medium
DTE001676,MCH0487,LIN023,FAC008,FLR001676,MWO001676,2023-05-29 23:49:13,Machine Breakdown,9.23,374,430149.22,Resolved,Medium
DTE001677,MCH0346,LIN015,FAC005,FLR001677,MWO001677,2024-10-11 09:06:15,Machine Breakdown,2.9,433,203961.36,Resolved,Medium
DTE001678,MCH0067,LIN005,FAC002,FLR001678,MWO001678,2025-01-11 16:06:17,Machine Breakdown,3.35,402,386085.24,Resolved,Low
DTE001679,MCH0308,LIN025,FAC009,FLR001679,MWO001679,2024-11-20 15:54:05,Machine Breakdown,9.59,1205,534690.02,Resolved,High
DTE001680,MCH0158,LIN027,FAC009,FLR001680,MWO001680,2026-05-29 06:44:42,Machine Breakdown,5.01,924,914063.08,Resolved,Medium
DTE001681,MCH0108,LIN027,FAC009,FLR001681,MWO001681,2024-12-19 15:49:08,Machine Breakdown,0.88,71,27976.85,Resolved,Critical
DTE001682,MCH0233,LIN015,FAC005,FLR001682,MWO001682,2024-05-17 23:03:17,Machine Breakdown,14.82,1279,797936.27,Resolved,Medium
DTE001683,MCH0537,LIN013,FAC005,FLR001683,MWO001683,2024-05-15 06:39:48,Machine Breakdown,3.57,415,496194.29,Resolved,Medium
DTE001684,MCH0128,LIN027,FAC009,FLR001684,MWO001684,2026-03-07 02:09:05,Machine Breakdown,3.13,724,416427.0,Resolved,Medium
DTE001685,MCH0339,LIN019,FAC007,FLR001685,MWO001685,2024-02-13 03:36:18,Machine Breakdown,11.16,1864,1033959.79,Resolved,Medium
DTE001686,MCH0354,LIN005,FAC002,FLR001686,MWO001686,2023-09-27 21:53:27,Machine Breakdown,12.31,1173,874647.55,Resolved,High
DTE001687,MCH0596,LIN022,FAC008,FLR001687,MWO001687,2025-12-11 14:35:15,Machine Breakdown,9.98,1099,395031.14,Resolved,Low
DTE001688,MCH0354,LIN005,FAC002,FLR001688,MWO001688,2026-02-23 03:11:27,Machine Breakdown,11.32,1121,489639.72,Resolved,High
DTE001689,MCH0068,LIN009,FAC003,FLR001689,MWO001689,2025-03-07 15:16:59,Machine Breakdown,3.82,536,601566.73,Resolved,Medium
DTE001690,MCH0529,LIN014,FAC005,FLR001690,MWO001690,2024-03-17 02:16:17,Machine Breakdown,3.27,219,35957.93,Resolved,Low
DTE001691,MCH0402,LIN028,FAC010,FLR001691,MWO001691,2024-09-11 05:55:29,Machine Breakdown,5.84,513,479937.68,Resolved,High
DTE001692,MCH0269,LIN002,FAC001,FLR001692,MWO001692,2025-12-26 01:52:02,Machine Breakdown,3.86,552,486452.58,Open,Low
DTE001693,MCH0577,LIN009,FAC003,FLR001693,MWO001693,2026-01-16 06:56:55,Machine Breakdown,6.37,1024,182915.15,Resolved,Medium
DTE001694,MCH0011,LIN013,FAC005,FLR001694,MWO001694,2026-05-19 23:00:16,Machine Breakdown,23.5,4222,2641584.3,Open,Medium
DTE001695,MCH0124,LIN013,FAC005,FLR001695,MWO001695,2024-06-14 21:57:03,Machine Breakdown,9.38,1963,1180834.92,Resolved,Low
DTE001696,MCH0038,LIN022,FAC008,FLR001696,MWO001696,2024-04-09 13:57:07,Machine Breakdown,12.16,1873,2166989.81,Resolved,Critical
DTE001697,MCH0457,LIN007,FAC003,FLR001697,MWO001697,2025-03-22 14:58:16,Machine Breakdown,6.73,1001,694058.4,Resolved,Medium
DTE001698,MCH0264,LIN030,FAC010,FLR001698,MWO001698,2024-07-31 01:33:21,Machine Breakdown,0.75,139,115301.85,Resolved,Medium
DTE001699,MCH0234,LIN001,FAC001,FLR001699,MWO001699,2024-02-19 07:23:04,Machine Breakdown,2.79,564,492421.67,Resolved,Medium
DTE001700,MCH0199,LIN008,FAC003,FLR001700,MWO001700,2025-07-16 18:12:38,Machine Breakdown,4.72,1003,467185.06,Open,Low
DTE001701,MCH0429,LIN004,FAC002,FLR001701,MWO001701,2024-02-09 23:05:19,Machine Breakdown,9.94,1952,2177782.61,Resolved,Critical
DTE001702,MCH0427,LIN027,FAC009,FLR001702,MWO001702,2024-12-18 05:13:07,Machine Breakdown,14.2,653,701139.86,Resolved,High
DTE001703,MCH0042,LIN016,FAC006,FLR001703,MWO001703,2025-01-12 11:50:47,Machine Breakdown,4.56,341,301124.13,Resolved,Medium
DTE001704,MCH0495,LIN009,FAC003,FLR001704,MWO001704,2025-08-29 04:28:45,Machine Breakdown,1.87,311,71477.41,Resolved,Medium
DTE001705,MCH0043,LIN023,FAC008,FLR001705,MWO001705,2025-12-18 04:11:09,Machine Breakdown,4.22,961,575299.88,Resolved,High
DTE001706,MCH0385,LIN006,FAC002,FLR001706,MWO001706,2024-01-11 12:24:46,Machine Breakdown,4.41,1035,604888.42,Resolved,High
DTE001707,MCH0317,LIN021,FAC007,FLR001707,MWO001707,2024-09-06 09:34:06,Machine Breakdown,8.58,1275,523886.46,Resolved,Medium
DTE001708,MCH0395,LIN004,FAC002,FLR001708,MWO001708,2024-05-04 07:03:11,Machine Breakdown,6.82,356,291563.27,Resolved,High
DTE001709,MCH0285,LIN007,FAC003,FLR001709,MWO001709,2024-04-10 13:51:15,Machine Breakdown,16.2,2244,2585985.8,Resolved,Medium
DTE001710,MCH0430,LIN016,FAC006,FLR001710,MWO001710,2025-11-26 17:47:06,Machine Breakdown,14.03,2551,466388.14,Resolved,High
DTE001711,MCH0145,LIN010,FAC004,FLR001711,MWO001711,2024-09-07 10:25:31,Machine Breakdown,6.88,420,94904.84,Resolved,Medium
DTE001712,MCH0180,LIN011,FAC004,FLR001712,MWO001712,2025-04-10 12:07:18,Machine Breakdown,12.0,1371,1194124.34,Resolved,Medium
DTE001713,MCH0197,LIN001,FAC001,FLR001713,MWO001713,2024-03-02 05:58:47,Machine Breakdown,7.48,1651,1972345.5,Resolved,Low
DTE001714,MCH0485,LIN007,FAC003,FLR001714,MWO001714,2024-04-23 17:15:44,Machine Breakdown,5.6,1196,414488.05,Resolved,Medium
DTE001715,MCH0025,LIN017,FAC006,FLR001715,MWO001715,2023-11-09 09:01:47,Machine Breakdown,3.49,795,396704.39,Resolved,Low
DTE001716,MCH0580,LIN007,FAC003,FLR001716,MWO001716,2023-06-17 18:01:32,Machine Breakdown,8.28,942,305842.53,Resolved,High
DTE001717,MCH0055,LIN029,FAC010,FLR001717,MWO001717,2023-01-14 05:49:09,Machine Breakdown,10.33,1163,447107.08,Resolved,High
DTE001718,MCH0590,LIN008,FAC003,FLR001718,MWO001718,2025-07-14 15:54:07,Machine Breakdown,5.53,1070,1082425.91,Resolved,Critical
DTE001719,MCH0245,LIN030,FAC010,FLR001719,MWO001719,2023-02-23 05:59:38,Machine Breakdown,11.14,917,448756.8,Resolved,High
DTE001720,MCH0120,LIN007,FAC003,FLR001720,MWO001720,2024-11-24 06:55:29,Machine Breakdown,20.98,3247,3241053.06,Resolved,High
DTE001721,MCH0477,LIN007,FAC003,FLR001721,MWO001721,2025-10-28 15:39:16,Machine Breakdown,18.17,3312,3073883.51,Open,High
DTE001722,MCH0063,LIN013,FAC005,FLR001722,MWO001722,2023-09-26 23:32:00,Machine Breakdown,7.56,757,802208.1,Resolved,High
DTE001723,MCH0510,LIN023,FAC008,FLR001723,MWO001723,2025-09-26 08:48:32,Machine Breakdown,20.67,1577,1861536.57,Resolved,Low
DTE001724,MCH0475,LIN003,FAC001,FLR001724,MWO001724,2023-04-12 22:31:00,Machine Breakdown,1.45,336,355034.03,Resolved,Medium
DTE001725,MCH0041,LIN011,FAC004,FLR001725,MWO001725,2025-12-31 20:25:20,Machine Breakdown,11.86,2625,447792.37,Resolved,High
DTE001726,MCH0145,LIN010,FAC004,FLR001726,MWO001726,2024-12-02 18:25:21,Machine Breakdown,5.9,890,1016466.02,Resolved,Low
DTE001727,MCH0523,LIN023,FAC008,FLR001727,MWO001727,2023-09-08 17:21:36,Machine Breakdown,14.28,1692,439692.89,Resolved,Low
DTE001728,MCH0208,LIN030,FAC010,FLR001728,MWO001728,2024-03-23 05:41:16,Machine Breakdown,11.61,1140,541973.76,Open,High
DTE001729,MCH0172,LIN008,FAC003,FLR001729,MWO001729,2025-05-23 09:00:24,Machine Breakdown,1.36,200,186052.84,Resolved,Critical
DTE001730,MCH0438,LIN013,FAC005,FLR001730,MWO001730,2025-07-17 23:32:01,Machine Breakdown,7.59,1672,1408257.89,Resolved,High
DTE001731,MCH0463,LIN018,FAC006,FLR001731,MWO001731,2026-03-04 19:11:28,Machine Breakdown,10.78,1674,1278902.31,Resolved,Low
DTE001732,MCH0473,LIN022,FAC008,FLR001732,MWO001732,2026-04-01 16:05:01,Machine Breakdown,11.95,612,288372.38,Resolved,High
DTE001733,MCH0523,LIN023,FAC008,FLR001733,MWO001733,2023-06-03 09:50:33,Machine Breakdown,13.08,2466,1497161.9,Resolved,Low
DTE001734,MCH0228,LIN011,FAC004,FLR001734,MWO001734,2024-09-27 10:45:20,Machine Breakdown,2.79,224,147412.39,Resolved,Low
DTE001735,MCH0424,LIN022,FAC008,FLR001735,MWO001735,2025-06-29 06:38:34,Machine Breakdown,11.73,1033,408550.87,Resolved,Low
DTE001736,MCH0240,LIN015,FAC005,FLR001736,MWO001736,2023-03-07 18:53:21,Machine Breakdown,12.57,1136,547730.42,Resolved,Critical
DTE001737,MCH0008,LIN015,FAC005,FLR001737,MWO001737,2023-10-25 09:07:43,Machine Breakdown,2.05,103,55222.68,Resolved,Medium
DTE001738,MCH0474,LIN003,FAC001,FLR001738,MWO001738,2025-06-24 14:04:39,Machine Breakdown,12.55,513,278868.55,Resolved,Critical
DTE001739,MCH0367,LIN007,FAC003,FLR001739,MWO001739,2026-06-19 23:15:45,Machine Breakdown,8.24,1827,644073.68,Resolved,Medium
DTE001740,MCH0072,LIN011,FAC004,FLR001740,MWO001740,2026-03-28 09:31:53,Machine Breakdown,6.74,1574,724527.61,Resolved,High
DTE001741,MCH0127,LIN004,FAC002,FLR001741,MWO001741,2025-09-24 09:29:52,Machine Breakdown,8.18,1660,1535843.61,Resolved,Medium
DTE001742,MCH0170,LIN002,FAC001,FLR001742,MWO001742,2023-08-22 23:58:19,Machine Breakdown,2.24,293,190189.54,Resolved,Critical
DTE001743,MCH0006,LIN013,FAC005,FLR001743,MWO001743,2024-06-23 22:48:15,Machine Breakdown,3.7,304,304667.12,Resolved,Medium
DTE001744,MCH0403,LIN002,FAC001,FLR001744,MWO001744,2024-07-11 11:56:39,Machine Breakdown,0.95,227,253806.2,Resolved,Critical
DTE001745,MCH0346,LIN015,FAC005,FLR001745,MWO001745,2024-11-08 13:09:21,Machine Breakdown,11.69,2247,2588479.69,Resolved,Medium
DTE001746,MCH0552,LIN012,FAC004,FLR001746,MWO001746,2024-07-30 11:54:19,Machine Breakdown,14.4,2756,3241666.64,Resolved,Medium
DTE001747,MCH0357,LIN029,FAC010,FLR001747,MWO001747,2025-01-31 18:56:10,Machine Breakdown,7.25,1058,168590.58,Resolved,High
DTE001748,MCH0425,LIN014,FAC005,FLR001748,MWO001748,2023-02-11 04:16:47,Machine Breakdown,13.04,1392,571152.9,Resolved,Medium
DTE001749,MCH0575,LIN008,FAC003,FLR001749,MWO001749,2025-01-30 21:58:56,Machine Breakdown,5.87,1176,349525.36,Resolved,Medium
DTE001750,MCH0121,LIN008,FAC003,FLR001750,MWO001750,2024-07-20 17:10:03,Machine Breakdown,11.54,527,143182.24,Resolved,High
DTE001751,MCH0453,LIN010,FAC004,FLR001751,MWO001751,2023-04-03 07:46:26,Machine Breakdown,8.82,1356,532901.37,Resolved,Critical
DTE001752,MCH0321,LIN029,FAC010,FLR001752,MWO001752,2024-09-08 10:48:43,Machine Breakdown,3.39,146,56496.71,Resolved,High
DTE001753,MCH0251,LIN017,FAC006,FLR001753,MWO001753,2024-07-05 22:20:04,Machine Breakdown,1.19,228,177413.28,Resolved,High
DTE001754,MCH0179,LIN010,FAC004,FLR001754,MWO001754,2024-01-22 12:37:08,Machine Breakdown,2.79,603,608320.17,Resolved,High
DTE001755,MCH0129,LIN003,FAC001,FLR001755,MWO001755,2024-07-27 13:09:21,Machine Breakdown,2.71,581,560989.54,Resolved,High
DTE001756,MCH0359,LIN019,FAC007,FLR001756,MWO001756,2024-08-02 20:33:39,Machine Breakdown,4.69,382,291373.97,Resolved,Critical
DTE001757,MCH0213,LIN007,FAC003,FLR001757,MWO001757,2023-10-15 02:04:52,Machine Breakdown,5.16,447,386857.98,Resolved,Critical
DTE001758,MCH0482,LIN024,FAC008,FLR001758,MWO001758,2023-07-01 21:15:00,Machine Breakdown,5.26,1019,195593.46,Resolved,Low
DTE001759,MCH0450,LIN022,FAC008,FLR001759,MWO001759,2023-07-03 05:21:55,Machine Breakdown,4.55,362,292274.81,Resolved,Low
DTE001760,MCH0299,LIN014,FAC005,FLR001760,MWO001760,2023-03-07 00:24:08,Machine Breakdown,13.66,657,756694.29,Resolved,Medium
DTE001761,MCH0447,LIN011,FAC004,FLR001761,MWO001761,2025-11-30 04:04:23,Machine Breakdown,1.52,100,46597.33,Resolved,Medium
DTE001762,MCH0261,LIN017,FAC006,FLR001762,MWO001762,2025-11-17 03:09:44,Machine Breakdown,10.19,1383,1328446.62,Resolved,Medium
DTE001763,MCH0353,LIN002,FAC001,FLR001763,MWO001763,2023-06-09 20:28:37,Machine Breakdown,8.9,439,399867.63,Resolved,Medium
DTE001764,MCH0369,LIN012,FAC004,FLR001764,MWO001764,2025-06-11 07:20:10,Machine Breakdown,1.77,161,144868.0,Resolved,Medium
DTE001765,MCH0533,LIN017,FAC006,FLR001765,MWO001765,2026-06-09 11:08:29,Machine Breakdown,9.64,1293,830181.59,Resolved,High
DTE001766,MCH0055,LIN029,FAC010,FLR001766,MWO001766,2024-05-09 17:22:34,Machine Breakdown,1.44,345,216113.62,Resolved,Medium
DTE001767,MCH0545,LIN004,FAC002,FLR001767,MWO001767,2025-01-21 01:04:01,Machine Breakdown,9.23,1268,350442.16,Resolved,Medium
DTE001768,MCH0454,LIN022,FAC008,FLR001768,MWO001768,2026-02-28 05:23:58,Machine Breakdown,8.5,1417,1230183.79,Resolved,Medium
DTE001769,MCH0004,LIN020,FAC007,FLR001769,MWO001769,2025-05-20 04:39:26,Machine Breakdown,3.19,510,181552.36,Resolved,Medium
DTE001770,MCH0571,LIN020,FAC007,FLR001770,MWO001770,2023-11-07 21:36:07,Machine Breakdown,3.55,387,293008.05,Resolved,High
DTE001771,MCH0511,LIN004,FAC002,FLR001771,MWO001771,2025-01-16 09:56:24,Machine Breakdown,1.85,418,68299.04,Resolved,Low
DTE001772,MCH0396,LIN028,FAC010,FLR001772,MWO001772,2024-09-09 03:34:55,Machine Breakdown,6.95,642,758813.28,Resolved,Medium
DTE001773,MCH0066,LIN011,FAC004,FLR001773,MWO001773,2024-08-19 19:06:04,Machine Breakdown,3.62,623,626567.24,Resolved,Medium
DTE001774,MCH0470,LIN002,FAC001,FLR001774,MWO001774,2023-07-16 08:56:30,Machine Breakdown,19.87,3190,1441499.66,Resolved,Medium
DTE001775,MCH0274,LIN024,FAC008,FLR001775,MWO001775,2024-07-25 01:31:20,Machine Breakdown,11.96,2288,426315.84,Resolved,Critical
DTE001776,MCH0026,LIN006,FAC002,FLR001776,MWO001776,2025-12-15 10:17:33,Machine Breakdown,7.99,865,954112.56,Resolved,Low
DTE001777,MCH0167,LIN020,FAC007,FLR001777,MWO001777,2024-02-27 09:20:41,Machine Breakdown,4.14,839,665073.84,Resolved,Medium
DTE001778,MCH0536,LIN030,FAC010,FLR001778,MWO001778,2025-07-25 20:59:41,Machine Breakdown,14.35,897,162421.01,Resolved,Low
DTE001779,MCH0477,LIN007,FAC003,FLR001779,MWO001779,2024-04-01 16:59:19,Machine Breakdown,1.83,279,297239.86,Resolved,Medium
DTE001780,MCH0587,LIN024,FAC008,FLR001780,MWO001780,2023-10-31 20:42:23,Machine Breakdown,12.79,705,149356.72,Resolved,High
DTE001781,MCH0326,LIN026,FAC009,FLR001781,MWO001781,2023-07-23 16:15:45,Machine Breakdown,9.41,1562,617356.16,Resolved,High
DTE001782,MCH0343,LIN003,FAC001,FLR001782,MWO001782,2023-09-13 12:23:26,Machine Breakdown,5.52,735,726836.74,Resolved,High
DTE001783,MCH0020,LIN001,FAC001,FLR001783,MWO001783,2023-11-12 04:16:27,Machine Breakdown,23.74,5354,6319812.9,Resolved,Critical
DTE001784,MCH0350,LIN021,FAC007,FLR001784,MWO001784,2024-02-29 07:08:30,Machine Breakdown,17.58,3519,791616.45,Resolved,Medium
DTE001785,MCH0140,LIN013,FAC005,FLR001785,MWO001785,2025-02-15 06:08:59,Machine Breakdown,12.64,2141,698207.08,Resolved,High
DTE001786,MCH0057,LIN020,FAC007,FLR001786,MWO001786,2025-05-02 01:03:03,Machine Breakdown,14.4,931,194248.6,Resolved,Critical
DTE001787,MCH0410,LIN016,FAC006,FLR001787,MWO001787,2024-05-16 09:18:58,Machine Breakdown,7.62,1208,882117.11,Resolved,Low
DTE001788,MCH0228,LIN011,FAC004,FLR001788,MWO001788,2023-07-12 07:39:02,Machine Breakdown,3.69,337,53799.36,Resolved,High
DTE001789,MCH0092,LIN005,FAC002,FLR001789,MWO001789,2023-02-07 08:49:48,Machine Breakdown,18.45,822,258959.91,Resolved,Medium
DTE001790,MCH0120,LIN007,FAC003,FLR001790,MWO001790,2026-06-16 15:39:40,Machine Breakdown,0.93,199,232683.36,Resolved,High
DTE001791,MCH0154,LIN006,FAC002,FLR001791,MWO001791,2023-04-15 03:54:15,Machine Breakdown,5.7,1098,545312.08,Resolved,High
DTE001792,MCH0138,LIN003,FAC001,FLR001792,MWO001792,2023-01-19 22:12:55,Machine Breakdown,3.86,563,242916.79,Resolved,Medium
DTE001793,MCH0069,LIN018,FAC006,FLR001793,MWO001793,2026-06-11 07:16:43,Machine Breakdown,6.02,383,257817.72,Resolved,Critical
DTE001794,MCH0246,LIN029,FAC010,FLR001794,MWO001794,2024-12-10 23:04:02,Machine Breakdown,4.05,162,102987.23,Resolved,Medium
DTE001795,MCH0254,LIN013,FAC005,FLR001795,MWO001795,2025-05-30 21:12:44,Machine Breakdown,16.58,2714,3067036.36,Resolved,Low
DTE001796,MCH0029,LIN002,FAC001,FLR001796,MWO001796,2023-05-07 17:22:04,Machine Breakdown,4.99,287,243480.69,Resolved,High
DTE001797,MCH0055,LIN029,FAC010,FLR001797,MWO001797,2024-11-27 09:24:47,Machine Breakdown,5.3,212,199579.02,Resolved,Critical
DTE001798,MCH0324,LIN024,FAC008,FLR001798,MWO001798,2025-11-23 22:41:41,Machine Breakdown,3.64,537,429659.84,Resolved,Medium
DTE001799,MCH0522,LIN024,FAC008,FLR001799,MWO001799,2023-07-18 15:19:20,Machine Breakdown,3.22,192,150142.2,Resolved,Medium
DTE001800,MCH0469,LIN025,FAC009,FLR001800,MWO001800,2023-10-19 14:25:51,Machine Breakdown,2.92,361,322996.26,Resolved,Medium
DTE001801,MCH0245,LIN030,FAC010,FLR001801,MWO001801,2024-12-19 02:49:24,Machine Breakdown,10.53,1126,943931.04,Resolved,High
DTE001802,MCH0171,LIN006,FAC002,FLR001802,MWO001802,2024-07-23 08:00:26,Machine Breakdown,6.95,508,275354.46,Resolved,Medium
DTE001803,MCH0477,LIN007,FAC003,FLR001803,MWO001803,2025-04-22 04:49:50,Machine Breakdown,8.5,662,234219.11,Resolved,High
DTE001804,MCH0555,LIN021,FAC007,FLR001804,MWO001804,2024-12-21 15:08:42,Machine Breakdown,1.48,249,44201.98,Resolved,Critical
DTE001805,MCH0074,LIN001,FAC001,FLR001805,MWO001805,2023-01-03 17:22:13,Machine Breakdown,7.75,1173,1205310.67,Resolved,Medium
DTE001806,MCH0024,LIN022,FAC008,FLR001806,MWO001806,2025-11-04 14:13:12,Machine Breakdown,11.15,1245,844900.28,Resolved,High
DTE001807,MCH0553,LIN013,FAC005,FLR001807,MWO001807,2023-01-22 05:30:03,Machine Breakdown,7.12,733,832333.71,Resolved,High
DTE001808,MCH0134,LIN006,FAC002,FLR001808,MWO001808,2025-03-17 22:21:56,Machine Breakdown,9.08,1583,786359.93,Resolved,Low
DTE001809,MCH0190,LIN002,FAC001,FLR001809,MWO001809,2025-10-25 09:47:05,Machine Breakdown,6.55,1119,1149540.27,Resolved,High
DTE001810,MCH0499,LIN017,FAC006,FLR001810,MWO001810,2024-02-01 05:17:41,Machine Breakdown,11.8,2216,674728.82,Resolved,Medium
DTE001811,MCH0532,LIN007,FAC003,FLR001811,MWO001811,2024-07-25 12:38:57,Machine Breakdown,11.95,2594,417241.94,Resolved,High
DTE001812,MCH0583,LIN027,FAC009,FLR001812,MWO001812,2025-04-30 05:52:56,Machine Breakdown,10.54,1192,1343684.19,Resolved,Critical
DTE001813,MCH0312,LIN015,FAC005,FLR001813,MWO001813,2025-03-02 10:11:42,Machine Breakdown,4.51,399,229894.93,Resolved,High
DTE001814,MCH0528,LIN005,FAC002,FLR001814,MWO001814,2025-04-06 22:45:38,Machine Breakdown,2.95,431,291693.88,Resolved,Medium
DTE001815,MCH0056,LIN027,FAC009,FLR001815,MWO001815,2025-06-04 07:19:20,Machine Breakdown,0.7,70,56586.7,Resolved,Medium
DTE001816,MCH0465,LIN002,FAC001,FLR001816,MWO001816,2023-01-03 09:26:43,Machine Breakdown,5.15,821,561421.52,Resolved,High
DTE001817,MCH0106,LIN018,FAC006,FLR001817,MWO001817,2023-05-17 23:24:13,Machine Breakdown,2.49,224,204887.96,Resolved,High
DTE001818,MCH0549,LIN013,FAC005,FLR001818,MWO001818,2024-06-03 15:58:40,Machine Breakdown,8.65,1280,1400717.89,Open,Medium
DTE001819,MCH0414,LIN017,FAC006,FLR001819,MWO001819,2025-03-10 22:33:53,Machine Breakdown,24.03,1670,723297.64,Resolved,High
DTE001820,MCH0371,LIN005,FAC002,FLR001820,MWO001820,2023-09-21 00:44:27,Machine Breakdown,12.38,1751,1704099.46,Resolved,Medium
DTE001821,MCH0093,LIN027,FAC009,FLR001821,MWO001821,2025-12-12 03:37:00,Machine Breakdown,14.24,2007,2218277.09,Resolved,High
DTE001822,MCH0465,LIN002,FAC001,FLR001822,MWO001822,2026-04-16 16:41:55,Machine Breakdown,7.73,482,414036.01,Open,High
DTE001823,MCH0429,LIN004,FAC002,FLR001823,MWO001823,2023-09-17 09:59:22,Machine Breakdown,1.55,299,113069.37,Resolved,Critical
DTE001824,MCH0459,LIN006,FAC002,FLR001824,MWO001824,2026-05-16 04:49:29,Machine Breakdown,17.71,2152,1166288.73,Resolved,Low
DTE001825,MCH0048,LIN024,FAC008,FLR001825,MWO001825,2023-07-11 21:35:04,Machine Breakdown,8.85,751,289010.7,Resolved,High
DTE001826,MCH0396,LIN028,FAC010,FLR001826,MWO001826,2023-08-28 22:17:37,Machine Breakdown,10.4,1834,1783069.74,Resolved,High
DTE001827,MCH0415,LIN008,FAC003,FLR001827,MWO001827,2023-12-07 00:17:07,Machine Breakdown,5.05,894,953126.32,Resolved,Low
DTE001828,MCH0201,LIN006,FAC002,FLR001828,MWO001828,2023-08-29 02:30:17,Machine Breakdown,2.41,564,611207.3,Resolved,High
DTE001829,MCH0054,LIN006,FAC002,FLR001829,MWO001829,2025-02-15 16:01:25,Machine Breakdown,4.39,981,318003.73,Resolved,High
DTE001830,MCH0565,LIN024,FAC008,FLR001830,MWO001830,2025-07-14 18:36:00,Machine Breakdown,2.41,477,388657.35,Resolved,Medium
DTE001831,MCH0506,LIN001,FAC001,FLR001831,MWO001831,2023-12-23 09:34:31,Machine Breakdown,4.55,625,500938.57,Resolved,Low
DTE001832,MCH0001,LIN020,FAC007,FLR001832,MWO001832,2024-07-22 05:39:04,Machine Breakdown,11.3,2660,1546886.37,Resolved,Critical
DTE001833,MCH0449,LIN024,FAC008,FLR001833,MWO001833,2025-06-17 08:52:06,Machine Breakdown,2.95,477,354033.32,Resolved,Medium
DTE001834,MCH0450,LIN022,FAC008,FLR001834,MWO001834,2024-02-23 01:40:52,Machine Breakdown,11.55,2419,578657.59,Resolved,High
DTE001835,MCH0472,LIN011,FAC004,FLR001835,MWO001835,2025-05-28 01:12:20,Machine Breakdown,5.06,457,487257.54,Resolved,High
DTE001836,MCH0506,LIN001,FAC001,FLR001836,MWO001836,2024-06-21 10:20:23,Machine Breakdown,3.86,199,199860.77,Resolved,Critical
DTE001837,MCH0178,LIN023,FAC008,FLR001837,MWO001837,2026-04-30 17:25:21,Machine Breakdown,2.98,388,79096.43,Resolved,Medium
DTE001838,MCH0144,LIN010,FAC004,FLR001838,MWO001838,2023-09-20 09:35:19,Machine Breakdown,5.5,833,143335.64,Resolved,Medium
DTE001839,MCH0264,LIN030,FAC010,FLR001839,MWO001839,2026-02-10 06:46:10,Machine Breakdown,8.25,1960,1691890.23,Resolved,High
DTE001840,MCH0057,LIN020,FAC007,FLR001840,MWO001840,2026-03-20 19:00:54,Machine Breakdown,4.92,923,680110.31,Resolved,High
DTE001841,MCH0552,LIN012,FAC004,FLR001841,MWO001841,2023-05-31 09:52:11,Machine Breakdown,13.78,3180,503688.37,Resolved,Medium
DTE001842,MCH0075,LIN003,FAC001,FLR001842,MWO001842,2023-12-09 22:57:40,Machine Breakdown,6.07,1014,851430.6,Resolved,High
DTE001843,MCH0331,LIN012,FAC004,FLR001843,MWO001843,2023-07-10 09:20:37,Machine Breakdown,6.61,1499,463785.92,Resolved,Medium
DTE001844,MCH0097,LIN022,FAC008,FLR001844,MWO001844,2025-11-08 10:35:14,Machine Breakdown,4.51,742,792335.24,Resolved,Medium
DTE001845,MCH0519,LIN030,FAC010,FLR001845,MWO001845,2023-05-27 10:37:19,Machine Breakdown,4.34,249,217263.78,Open,Medium
DTE001846,MCH0168,LIN015,FAC005,FLR001846,MWO001846,2024-01-13 23:40:16,Machine Breakdown,7.57,1587,967346.23,Resolved,Medium
DTE001847,MCH0423,LIN009,FAC003,FLR001847,MWO001847,2023-04-28 18:02:41,Machine Breakdown,6.63,478,460961.38,Resolved,Medium
DTE001848,MCH0034,LIN007,FAC003,FLR001848,MWO001848,2024-04-10 20:09:54,Machine Breakdown,7.7,766,163097.27,Resolved,Medium
DTE001849,MCH0389,LIN002,FAC001,FLR001849,MWO001849,2023-02-06 10:17:37,Machine Breakdown,9.84,1005,338782.66,Resolved,Low
DTE001850,MCH0464,LIN002,FAC001,FLR001850,MWO001850,2026-05-06 14:41:58,Machine Breakdown,5.48,770,846837.54,Resolved,Low
DTE001851,MCH0315,LIN015,FAC005,FLR001851,MWO001851,2023-07-19 08:34:42,Machine Breakdown,7.05,1343,337007.19,Resolved,High
DTE001852,MCH0380,LIN003,FAC001,FLR001852,MWO001852,2024-02-06 21:32:37,Machine Breakdown,3.15,586,178367.13,Resolved,Medium
DTE001853,MCH0555,LIN021,FAC007,FLR001853,MWO001853,2025-01-07 16:31:28,Machine Breakdown,14.48,2979,2812855.7,Resolved,High
DTE001854,MCH0056,LIN027,FAC009,FLR001854,MWO001854,2023-12-09 08:58:03,Machine Breakdown,11.29,1365,289897.84,Resolved,Critical
DTE001855,MCH0579,LIN003,FAC001,FLR001855,MWO001855,2025-04-13 05:01:19,Machine Breakdown,6.23,1307,704639.35,Resolved,Low
DTE001856,MCH0467,LIN027,FAC009,FLR001856,MWO001856,2026-05-18 09:57:07,Machine Breakdown,13.05,1451,461293.49,Open,Low
DTE001857,MCH0064,LIN025,FAC009,FLR001857,MWO001857,2023-11-06 17:54:08,Machine Breakdown,14.45,860,227359.86,Resolved,Low
DTE001858,MCH0120,LIN007,FAC003,FLR001858,MWO001858,2024-11-21 20:46:20,Machine Breakdown,8.24,1028,779979.72,Resolved,Medium
DTE001859,MCH0070,LIN030,FAC010,FLR001859,MWO001859,2023-04-09 17:08:42,Machine Breakdown,4.15,886,673228.38,Resolved,High
DTE001860,MCH0141,LIN006,FAC002,FLR001860,MWO001860,2024-06-27 04:33:59,Machine Breakdown,5.92,1007,192729.35,Resolved,Low
DTE001861,MCH0555,LIN021,FAC007,FLR001861,MWO001861,2025-04-03 08:51:46,Machine Breakdown,11.46,1151,1031228.56,Resolved,High
DTE001862,MCH0569,LIN014,FAC005,FLR001862,MWO001862,2024-06-03 21:44:40,Machine Breakdown,13.37,1276,1209357.72,Resolved,High
DTE001863,MCH0364,LIN029,FAC010,FLR001863,MWO001863,2025-03-07 01:03:43,Machine Breakdown,18.66,4157,4743680.94,Resolved,Critical
DTE001864,MCH0470,LIN002,FAC001,FLR001864,MWO001864,2023-08-07 11:45:04,Machine Breakdown,11.12,1402,428248.22,Resolved,High
DTE001865,MCH0071,LIN024,FAC008,FLR001865,MWO001865,2025-12-13 05:42:25,Machine Breakdown,15.46,2804,1272676.27,Resolved,Critical
DTE001866,MCH0250,LIN007,FAC003,FLR001866,MWO001866,2023-09-18 00:54:11,Machine Breakdown,3.8,519,104022.88,Resolved,High
DTE001867,MCH0018,LIN026,FAC009,FLR001867,MWO001867,2026-03-18 03:21:56,Machine Breakdown,7.47,1007,597209.09,Resolved,High
DTE001868,MCH0144,LIN010,FAC004,FLR001868,MWO001868,2025-05-22 23:48:15,Machine Breakdown,4.48,998,850023.65,Resolved,Medium
DTE001869,MCH0049,LIN007,FAC003,FLR001869,MWO001869,2023-04-07 11:48:57,Machine Breakdown,1.55,194,50094.88,Resolved,High
DTE001870,MCH0253,LIN016,FAC006,FLR001870,MWO001870,2024-02-16 23:46:05,Machine Breakdown,3.49,596,532076.54,Resolved,Medium
DTE001871,MCH0316,LIN029,FAC010,FLR001871,MWO001871,2024-10-01 17:30:11,Machine Breakdown,7.87,323,274897.84,Open,Medium
DTE001872,MCH0409,LIN021,FAC007,FLR001872,MWO001872,2024-09-30 19:47:38,Machine Breakdown,7.58,1410,353062.96,Resolved,High
DTE001873,MCH0279,LIN001,FAC001,FLR001873,MWO001873,2025-02-27 08:32:20,Machine Breakdown,3.63,483,278596.04,Resolved,Medium
DTE001874,MCH0173,LIN020,FAC007,FLR001874,MWO001874,2024-06-11 08:17:02,Machine Breakdown,2.47,487,221597.56,Resolved,Medium
DTE001875,MCH0531,LIN021,FAC007,FLR001875,MWO001875,2023-02-18 04:27:13,Machine Breakdown,2.91,552,518114.71,Resolved,Medium
DTE001876,MCH0077,LIN003,FAC001,FLR001876,MWO001876,2023-11-18 03:28:48,Machine Breakdown,5.02,667,419471.86,Open,Medium
DTE001877,MCH0524,LIN016,FAC006,FLR001877,MWO001877,2024-11-12 07:46:53,Machine Breakdown,4.36,621,666963.03,Resolved,Medium
DTE001878,MCH0351,LIN021,FAC007,FLR001878,MWO001878,2023-02-01 16:46:08,Machine Breakdown,16.04,2337,2604518.65,Resolved,Medium
DTE001879,MCH0430,LIN016,FAC006,FLR001879,MWO001879,2023-01-23 19:26:16,Machine Breakdown,2.26,170,141116.33,Resolved,High
DTE001880,MCH0517,LIN005,FAC002,FLR001880,MWO001880,2026-04-11 15:06:54,Machine Breakdown,3.62,192,117855.18,Resolved,Medium
DTE001881,MCH0140,LIN013,FAC005,FLR001881,MWO001881,2025-03-10 19:06:25,Machine Breakdown,8.12,1367,1372193.68,Resolved,Low
DTE001882,MCH0041,LIN011,FAC004,FLR001882,MWO001882,2024-05-14 15:38:10,Machine Breakdown,8.92,1462,1053425.57,Resolved,Medium
DTE001883,MCH0521,LIN019,FAC007,FLR001883,MWO001883,2024-12-18 06:20:54,Machine Breakdown,14.67,2117,1466274.62,Resolved,Medium
DTE001884,MCH0014,LIN029,FAC010,FLR001884,MWO001884,2026-02-03 12:10:43,Machine Breakdown,2.18,332,363966.95,Resolved,Low
DTE001885,MCH0552,LIN012,FAC004,FLR001885,MWO001885,2025-07-22 02:01:46,Machine Breakdown,6.75,496,492868.26,Open,High
DTE001886,MCH0382,LIN018,FAC006,FLR001886,MWO001886,2024-12-01 09:51:50,Machine Breakdown,20.34,1759,1575879.31,Resolved,High
DTE001887,MCH0427,LIN027,FAC009,FLR001887,MWO001887,2023-09-08 10:05:44,Machine Breakdown,2.76,375,114748.46,Resolved,High
DTE001888,MCH0357,LIN029,FAC010,FLR001888,MWO001888,2023-10-18 11:49:12,Machine Breakdown,5.44,943,472782.79,Resolved,Critical
DTE001889,MCH0103,LIN030,FAC010,FLR001889,MWO001889,2025-12-03 18:44:29,Machine Breakdown,2.19,375,115670.12,Open,High
DTE001890,MCH0101,LIN022,FAC008,FLR001890,MWO001890,2024-05-18 04:31:51,Machine Breakdown,14.77,1215,1451312.12,Resolved,Medium
DTE001891,MCH0047,LIN026,FAC009,FLR001891,MWO001891,2023-12-23 14:36:02,Machine Breakdown,3.81,370,108888.53,Resolved,Critical
DTE001892,MCH0300,LIN002,FAC001,FLR001892,MWO001892,2023-05-29 12:12:46,Machine Breakdown,2.39,134,94936.02,Resolved,Medium
DTE001893,MCH0365,LIN014,FAC005,FLR001893,MWO001893,2025-08-10 06:24:22,Machine Breakdown,13.56,2457,1709395.62,Resolved,High
DTE001894,MCH0126,LIN009,FAC003,FLR001894,MWO001894,2023-09-18 00:02:59,Machine Breakdown,12.85,1360,1582405.49,Resolved,High
DTE001895,MCH0477,LIN007,FAC003,FLR001895,MWO001895,2023-10-04 17:29:30,Machine Breakdown,5.27,541,314820.73,Resolved,Low
DTE001896,MCH0170,LIN002,FAC001,FLR001896,MWO001896,2025-10-18 19:46:58,Machine Breakdown,9.45,1177,328348.15,Resolved,Medium
DTE001897,MCH0563,LIN001,FAC001,FLR001897,MWO001897,2023-12-30 00:37:56,Machine Breakdown,13.22,2705,687518.48,Resolved,Medium
DTE001898,MCH0385,LIN006,FAC002,FLR001898,MWO001898,2025-11-20 22:57:08,Machine Breakdown,0.62,43,47824.06,Open,Critical
DTE001899,MCH0160,LIN018,FAC006,FLR001899,MWO001899,2025-04-26 11:06:27,Machine Breakdown,10.56,789,648843.78,Resolved,Critical
DTE001900,MCH0178,LIN023,FAC008,FLR001900,MWO001900,2025-07-18 09:08:12,Machine Breakdown,12.47,1971,558055.62,Resolved,Low
DTE001901,MCH0456,LIN003,FAC001,FLR001901,MWO001901,2025-04-06 12:58:21,Machine Breakdown,5.58,646,585676.88,Resolved,Medium
DTE001902,MCH0468,LIN030,FAC010,FLR001902,MWO001902,2025-09-22 06:55:05,Machine Breakdown,17.61,1504,909544.69,Resolved,High
DTE001903,MCH0228,LIN011,FAC004,FLR001903,MWO001903,2024-04-29 06:54:02,Machine Breakdown,1.14,126,121084.55,Resolved,Medium
DTE001904,MCH0365,LIN014,FAC005,FLR001904,MWO001904,2024-06-18 07:14:41,Machine Breakdown,5.36,1198,1041493.45,Resolved,High
DTE001905,MCH0414,LIN017,FAC006,FLR001905,MWO001905,2023-02-09 13:25:58,Machine Breakdown,12.12,1438,1015540.4,Resolved,Medium
DTE001906,MCH0443,LIN021,FAC007,FLR001906,MWO001906,2024-11-30 10:53:50,Machine Breakdown,8.08,553,189255.99,Resolved,Medium
DTE001907,MCH0246,LIN029,FAC010,FLR001907,MWO001907,2023-02-04 17:53:02,Machine Breakdown,8.48,1775,1791270.24,Resolved,High
DTE001908,MCH0206,LIN007,FAC003,FLR001908,MWO001908,2025-03-26 17:11:59,Machine Breakdown,0.92,94,61181.79,Resolved,High
DTE001909,MCH0466,LIN005,FAC002,FLR001909,MWO001909,2023-02-15 11:46:18,Machine Breakdown,13.67,1580,1403127.38,Resolved,Medium
DTE001910,MCH0587,LIN024,FAC008,FLR001910,MWO001910,2024-12-02 06:11:47,Machine Breakdown,16.94,1289,465592.81,Resolved,Low
DTE001911,MCH0263,LIN018,FAC006,FLR001911,MWO001911,2026-01-25 19:34:45,Machine Breakdown,10.11,1219,1108091.16,Resolved,High
DTE001912,MCH0155,LIN022,FAC008,FLR001912,MWO001912,2024-02-25 20:22:48,Machine Breakdown,7.23,301,200066.0,Resolved,High
DTE001913,MCH0488,LIN023,FAC008,FLR001913,MWO001913,2023-09-10 09:08:20,Machine Breakdown,12.97,899,812414.62,Resolved,Medium
DTE001914,MCH0087,LIN028,FAC010,FLR001914,MWO001914,2024-11-04 01:49:27,Machine Breakdown,5.61,734,360625.29,Resolved,Low
DTE001915,MCH0223,LIN025,FAC009,FLR001915,MWO001915,2023-01-04 15:58:31,Machine Breakdown,9.24,417,149595.42,Resolved,Low
DTE001916,MCH0480,LIN019,FAC007,FLR001916,MWO001916,2023-09-05 03:52:45,Machine Breakdown,7.68,1775,1164244.38,Resolved,Medium
DTE001917,MCH0146,LIN004,FAC002,FLR001917,MWO001917,2023-05-25 10:33:58,Machine Breakdown,0.88,134,61155.52,Open,High
DTE001918,MCH0054,LIN006,FAC002,FLR001918,MWO001918,2024-04-24 04:03:46,Machine Breakdown,7.78,319,172887.2,Resolved,Medium
DTE001919,MCH0242,LIN001,FAC001,FLR001919,MWO001919,2023-08-11 15:19:55,Machine Breakdown,11.0,510,343950.4,Resolved,Critical
DTE001920,MCH0008,LIN015,FAC005,FLR001920,MWO001920,2026-06-25 23:59:31,Machine Breakdown,2.25,259,99981.91,Open,High
DTE001921,MCH0074,LIN001,FAC001,FLR001921,MWO001921,2023-06-08 10:12:10,Machine Breakdown,9.17,1432,745845.07,Resolved,Critical
DTE001922,MCH0275,LIN008,FAC003,FLR001922,MWO001922,2025-06-04 20:23:30,Machine Breakdown,5.83,990,280950.35,Resolved,High
DTE001923,MCH0174,LIN023,FAC008,FLR001923,MWO001923,2025-08-04 10:49:33,Machine Breakdown,9.7,1918,1777706.21,Resolved,Low
DTE001924,MCH0317,LIN021,FAC007,FLR001924,MWO001924,2023-04-12 05:28:36,Machine Breakdown,2.14,273,279118.73,Resolved,Medium
DTE001925,MCH0239,LIN015,FAC005,FLR001925,MWO001925,2025-10-03 15:29:43,Machine Breakdown,9.98,1226,427192.95,Resolved,High
DTE001926,MCH0307,LIN024,FAC008,FLR001926,MWO001926,2024-10-18 17:11:42,Machine Breakdown,4.61,311,354246.35,Resolved,Medium
DTE001927,MCH0206,LIN007,FAC003,FLR001927,MWO001927,2023-04-10 18:58:56,Machine Breakdown,6.75,1300,301134.86,Resolved,Critical
DTE001928,MCH0514,LIN029,FAC010,FLR001928,MWO001928,2024-03-09 19:24:41,Machine Breakdown,3.67,622,542112.65,Resolved,Medium
DTE001929,MCH0518,LIN020,FAC007,FLR001929,MWO001929,2024-06-23 15:13:07,Machine Breakdown,7.15,1151,1038353.69,Resolved,High
DTE001930,MCH0079,LIN008,FAC003,FLR001930,MWO001930,2024-09-13 21:49:21,Machine Breakdown,9.9,1147,1293845.86,Resolved,High
DTE001931,MCH0564,LIN015,FAC005,FLR001931,MWO001931,2025-01-03 22:08:32,Machine Breakdown,5.98,521,606925.89,Resolved,High
DTE001932,MCH0508,LIN010,FAC004,FLR001932,MWO001932,2026-03-16 18:39:02,Machine Breakdown,6.73,362,269128.76,Resolved,Medium
DTE001933,MCH0271,LIN005,FAC002,FLR001933,MWO001933,2024-03-29 19:10:50,Machine Breakdown,8.53,411,136674.27,Resolved,Medium
DTE001934,MCH0289,LIN010,FAC004,FLR001934,MWO001934,2024-04-13 21:43:49,Machine Breakdown,10.01,1552,1850426.58,Resolved,Critical
DTE001935,MCH0439,LIN026,FAC009,FLR001935,MWO001935,2023-10-31 11:41:22,Machine Breakdown,20.05,4396,2861274.98,Resolved,Medium
DTE001936,MCH0297,LIN018,FAC006,FLR001936,MWO001936,2025-04-26 21:35:08,Machine Breakdown,12.08,1870,398070.23,Resolved,High
DTE001937,MCH0496,LIN024,FAC008,FLR001937,MWO001937,2024-03-20 21:00:38,Machine Breakdown,9.11,858,853197.41,Resolved,Low
DTE001938,MCH0297,LIN018,FAC006,FLR001938,MWO001938,2026-01-15 11:23:50,Machine Breakdown,9.3,1286,728153.57,Resolved,Medium
DTE001939,MCH0146,LIN004,FAC002,FLR001939,MWO001939,2023-11-23 14:27:26,Machine Breakdown,19.71,4695,4355469.3,Open,Medium
DTE001940,MCH0056,LIN027,FAC009,FLR001940,MWO001940,2023-04-16 02:13:54,Machine Breakdown,12.06,2068,1869506.85,Resolved,Low
DTE001941,MCH0386,LIN012,FAC004,FLR001941,MWO001941,2025-12-17 01:18:12,Machine Breakdown,18.46,3122,3636524.91,Resolved,Medium
DTE001942,MCH0032,LIN023,FAC008,FLR001942,MWO001942,2025-03-25 20:03:43,Machine Breakdown,2.08,465,337229.52,Resolved,Medium
DTE001943,MCH0485,LIN007,FAC003,FLR001943,MWO001943,2025-01-21 06:02:28,Machine Breakdown,13.06,1022,617137.7,Resolved,Low
DTE001944,MCH0323,LIN027,FAC009,FLR001944,MWO001944,2025-01-21 08:42:03,Machine Breakdown,2.39,346,232452.49,Resolved,High
DTE001945,MCH0048,LIN024,FAC008,FLR001945,MWO001945,2025-02-12 12:50:38,Machine Breakdown,10.53,1672,293898.5,Open,High
DTE001946,MCH0422,LIN002,FAC001,FLR001946,MWO001946,2024-07-11 23:37:34,Machine Breakdown,10.65,2417,870037.1,Resolved,High
DTE001947,MCH0102,LIN015,FAC005,FLR001947,MWO001947,2023-04-24 18:02:53,Machine Breakdown,2.48,545,383690.06,Resolved,Medium
DTE001948,MCH0427,LIN027,FAC009,FLR001948,MWO001948,2025-01-03 19:50:10,Machine Breakdown,15.98,3291,3192798.57,Resolved,Medium
DTE001949,MCH0033,LIN010,FAC004,FLR001949,MWO001949,2025-12-17 17:44:31,Machine Breakdown,3.48,307,136919.81,Resolved,Low
DTE001950,MCH0251,LIN017,FAC006,FLR001950,MWO001950,2023-01-06 12:39:17,Machine Breakdown,21.01,891,1028982.08,Resolved,Medium
DTE001951,MCH0298,LIN016,FAC006,FLR001951,MWO001951,2023-06-20 05:13:54,Machine Breakdown,6.45,802,843678.77,Resolved,High
DTE001952,MCH0298,LIN016,FAC006,FLR001952,MWO001952,2025-04-09 00:16:59,Machine Breakdown,4.93,709,539204.44,Resolved,Medium
DTE001953,MCH0496,LIN024,FAC008,FLR001953,MWO001953,2023-03-29 10:45:30,Machine Breakdown,8.13,748,144450.32,Resolved,Low
DTE001954,MCH0468,LIN030,FAC010,FLR001954,MWO001954,2023-08-10 13:43:56,Machine Breakdown,0.99,183,124704.04,Resolved,High
DTE001955,MCH0320,LIN011,FAC004,FLR001955,MWO001955,2025-04-25 17:42:53,Machine Breakdown,8.88,737,655996.09,Resolved,High
DTE001956,MCH0424,LIN022,FAC008,FLR001956,MWO001956,2025-06-30 02:47:30,Machine Breakdown,15.1,2737,2804305.7,Resolved,High
DTE001957,MCH0237,LIN025,FAC009,FLR001957,MWO001957,2026-04-28 20:36:57,Machine Breakdown,18.13,2366,772879.37,Open,Medium
DTE001958,MCH0300,LIN002,FAC001,FLR001958,MWO001958,2023-03-05 20:09:15,Machine Breakdown,12.89,1438,1692328.03,Resolved,Low
DTE001959,MCH0551,LIN025,FAC009,FLR001959,MWO001959,2024-02-13 16:01:10,Machine Breakdown,2.53,337,253576.78,Resolved,Medium
DTE001960,MCH0143,LIN020,FAC007,FLR001960,MWO001960,2024-04-18 05:01:44,Machine Breakdown,12.91,2033,679006.15,Resolved,Low
DTE001961,MCH0593,LIN019,FAC007,FLR001961,MWO001961,2023-07-18 20:12:31,Machine Breakdown,2.21,198,231111.22,Resolved,Critical
DTE001962,MCH0228,LIN011,FAC004,FLR001962,MWO001962,2025-02-28 23:09:57,Machine Breakdown,10.95,2119,1293405.56,Resolved,High
DTE001963,MCH0077,LIN003,FAC001,FLR001963,MWO001963,2025-05-18 13:21:08,Machine Breakdown,3.18,435,263204.84,Resolved,Medium
DTE001964,MCH0472,LIN011,FAC004,FLR001964,MWO001964,2025-08-22 10:29:03,Machine Breakdown,15.47,626,573743.39,Resolved,Medium
DTE001965,MCH0523,LIN023,FAC008,FLR001965,MWO001965,2026-06-13 07:42:53,Machine Breakdown,10.58,1667,528539.96,Resolved,Critical
DTE001966,MCH0156,LIN017,FAC006,FLR001966,MWO001966,2024-09-11 13:51:20,Machine Breakdown,4.86,477,263123.09,Resolved,Low
DTE001967,MCH0090,LIN018,FAC006,FLR001967,MWO001967,2023-01-23 12:49:46,Machine Breakdown,3.1,483,108389.28,Resolved,Medium
DTE001968,MCH0549,LIN013,FAC005,FLR001968,MWO001968,2024-09-14 12:46:27,Machine Breakdown,1.75,231,110306.39,Resolved,Medium
DTE001969,MCH0128,LIN027,FAC009,FLR001969,MWO001969,2023-12-23 06:42:51,Machine Breakdown,16.72,2797,2875903.41,Open,Critical
DTE001970,MCH0107,LIN010,FAC004,FLR001970,MWO001970,2024-07-18 09:46:02,Machine Breakdown,23.55,2717,420346.21,Resolved,High
DTE001971,MCH0439,LIN026,FAC009,FLR001971,MWO001971,2025-10-18 13:17:03,Machine Breakdown,10.08,781,340491.8,Resolved,Medium
DTE001972,MCH0534,LIN027,FAC009,FLR001972,MWO001972,2025-05-04 19:29:29,Machine Breakdown,14.83,1605,1535969.88,Resolved,Medium
DTE001973,MCH0087,LIN028,FAC010,FLR001973,MWO001973,2025-12-23 17:28:05,Machine Breakdown,15.44,3059,1616959.23,Open,High
DTE001974,MCH0593,LIN019,FAC007,FLR001974,MWO001974,2024-11-17 19:00:27,Machine Breakdown,2.86,115,61263.13,Resolved,High
DTE001975,MCH0511,LIN004,FAC002,FLR001975,MWO001975,2024-11-03 09:35:14,Machine Breakdown,6.79,1010,334004.65,Resolved,Medium
DTE001976,MCH0001,LIN020,FAC007,FLR001976,MWO001976,2024-09-19 12:51:47,Machine Breakdown,2.68,485,137598.53,Resolved,High
DTE001977,MCH0433,LIN022,FAC008,FLR001977,MWO001977,2024-11-24 18:44:48,Machine Breakdown,7.6,620,236879.2,Resolved,High
DTE001978,MCH0595,LIN028,FAC010,FLR001978,MWO001978,2025-08-26 21:53:16,Machine Breakdown,0.64,51,30054.25,Resolved,High
DTE001979,MCH0082,LIN027,FAC009,FLR001979,MWO001979,2023-11-25 19:06:41,Machine Breakdown,3.1,383,300388.75,Resolved,Low
DTE001980,MCH0100,LIN014,FAC005,FLR001980,MWO001980,2024-07-02 12:00:32,Machine Breakdown,5.58,1003,671814.82,Resolved,Medium
DTE001981,MCH0424,LIN022,FAC008,FLR001981,MWO001981,2025-07-22 21:28:55,Machine Breakdown,8.13,850,266323.16,Resolved,High
DTE001982,MCH0105,LIN004,FAC002,FLR001982,MWO001982,2025-03-25 10:29:54,Machine Breakdown,4.2,801,875665.38,Resolved,Medium
DTE001983,MCH0235,LIN025,FAC009,FLR001983,MWO001983,2023-01-30 08:58:51,Machine Breakdown,5.91,246,108524.32,Resolved,Medium
DTE001984,MCH0093,LIN027,FAC009,FLR001984,MWO001984,2024-06-12 20:26:14,Machine Breakdown,15.14,2701,1764034.13,Resolved,Medium
DTE001985,MCH0230,LIN017,FAC006,FLR001985,MWO001985,2023-03-20 03:01:05,Machine Breakdown,3.29,724,647639.99,Resolved,Medium
DTE001986,MCH0299,LIN014,FAC005,FLR001986,MWO001986,2025-05-04 20:11:46,Machine Breakdown,5.67,1197,1376576.12,Resolved,Medium
DTE001987,MCH0423,LIN009,FAC003,FLR001987,MWO001987,2023-09-10 20:58:24,Machine Breakdown,27.28,5221,2307294.06,Resolved,Medium
DTE001988,MCH0600,LIN014,FAC005,FLR001988,MWO001988,2025-05-17 06:36:01,Machine Breakdown,14.6,2515,1167641.45,Resolved,High
DTE001989,MCH0340,LIN012,FAC004,FLR001989,MWO001989,2025-10-03 03:31:42,Machine Breakdown,10.8,941,730752.81,Open,High
DTE001990,MCH0081,LIN021,FAC007,FLR001990,MWO001990,2024-11-28 04:41:32,Machine Breakdown,3.79,388,427440.31,Resolved,Medium
DTE001991,MCH0297,LIN018,FAC006,FLR001991,MWO001991,2023-06-04 15:34:24,Machine Breakdown,10.39,2215,2584346.48,Resolved,Medium
DTE001992,MCH0581,LIN004,FAC002,FLR001992,MWO001992,2024-01-07 09:39:14,Machine Breakdown,8.53,1722,605046.0,Resolved,Critical
DTE001993,MCH0285,LIN007,FAC003,FLR001993,MWO001993,2024-01-11 21:48:03,Machine Breakdown,6.7,1601,1577102.88,Resolved,High
DTE001994,MCH0558,LIN025,FAC009,FLR001994,MWO001994,2025-08-25 13:18:49,Machine Breakdown,8.2,1021,1072890.37,Resolved,Low
DTE001995,MCH0086,LIN003,FAC001,FLR001995,MWO001995,2025-08-28 11:56:25,Machine Breakdown,4.72,251,262457.2,Resolved,High
DTE001996,MCH0258,LIN026,FAC009,FLR001996,MWO001996,2025-04-27 03:30:00,Machine Breakdown,6.1,1383,911128.85,Resolved,High
DTE001997,MCH0144,LIN010,FAC004,FLR001997,MWO001997,2023-07-18 09:36:49,Machine Breakdown,9.76,650,408763.49,Resolved,Critical
DTE001998,MCH0352,LIN027,FAC009,FLR001998,MWO001998,2025-03-16 00:40:08,Machine Breakdown,5.1,237,129186.59,Resolved,Low
DTE001999,MCH0115,LIN002,FAC001,FLR001999,MWO001999,2024-02-20 22:40:00,Machine Breakdown,7.55,1010,954322.6,Resolved,Medium
DTE002000,MCH0061,LIN026,FAC009,FLR002000,MWO002000,2023-02-13 23:09:50,Machine Breakdown,13.18,2190,1034986.29,Resolved,Critical
DTE002001,MCH0479,LIN007,FAC003,FLR002001,MWO002001,2023-11-07 11:45:24,Machine Breakdown,5.85,1101,1191775.05,Open,Critical
DTE002002,MCH0589,LIN023,FAC008,FLR002002,MWO002002,2023-10-26 22:03:33,Machine Breakdown,7.91,1669,1734949.23,Resolved,Critical
DTE002003,MCH0259,LIN026,FAC009,FLR002003,MWO002003,2024-07-06 02:59:01,Machine Breakdown,4.04,350,271165.84,Resolved,Low
DTE002004,MCH0572,LIN017,FAC006,FLR002004,MWO002004,2026-02-07 15:24:39,Machine Breakdown,5.48,1232,1249546.7,Resolved,High
DTE002005,MCH0109,LIN018,FAC006,FLR002005,MWO002005,2023-08-17 15:59:05,Machine Breakdown,7.14,890,555322.01,Open,High
DTE002006,MCH0186,LIN010,FAC004,FLR002006,MWO002006,2023-08-17 22:32:27,Machine Breakdown,15.22,3498,3830780.24,Resolved,Medium
DTE002007,MCH0047,LIN026,FAC009,FLR002007,MWO002007,2024-01-13 04:41:08,Machine Breakdown,11.15,643,615167.15,Resolved,Critical
DTE002008,MCH0254,LIN013,FAC005,FLR002008,MWO002008,2025-02-23 14:13:01,Machine Breakdown,5.61,1049,601370.87,Resolved,High
DTE002009,MCH0101,LIN022,FAC008,FLR002009,MWO002009,2023-07-02 12:10:33,Machine Breakdown,9.21,1663,1336213.17,Resolved,Medium
DTE002010,MCH0017,LIN015,FAC005,FLR002010,MWO002010,2025-05-08 12:08:36,Machine Breakdown,2.33,368,242695.58,Resolved,High
DTE002011,MCH0508,LIN010,FAC004,FLR002011,MWO002011,2023-06-16 17:45:18,Machine Breakdown,16.12,724,655104.23,Resolved,Low
DTE002012,MCH0053,LIN007,FAC003,FLR002012,MWO002012,2023-03-01 17:41:59,Machine Breakdown,8.22,648,309662.92,Open,Low
DTE002013,MCH0048,LIN024,FAC008,FLR002013,MWO002013,2024-09-25 14:44:25,Machine Breakdown,12.14,2669,2508000.14,Open,Medium
DTE002014,MCH0559,LIN019,FAC007,FLR002014,MWO002014,2024-03-20 00:43:15,Machine Breakdown,11.98,1641,827436.37,Resolved,Medium
DTE002015,MCH0330,LIN023,FAC008,FLR002015,MWO002015,2023-09-10 16:20:05,Machine Breakdown,6.66,792,886445.6,Resolved,Medium
DTE002016,MCH0596,LIN022,FAC008,FLR002016,MWO002016,2023-08-01 23:32:57,Machine Breakdown,13.11,2414,2653349.91,Resolved,High
DTE002017,MCH0250,LIN007,FAC003,FLR002017,MWO002017,2023-12-30 10:06:18,Machine Breakdown,14.8,2266,2303344.21,Resolved,High
DTE002018,MCH0366,LIN019,FAC007,FLR002018,MWO002018,2023-08-11 00:19:29,Machine Breakdown,6.39,917,626739.81,Resolved,Critical
DTE002019,MCH0360,LIN028,FAC010,FLR002019,MWO002019,2023-12-05 03:11:57,Machine Breakdown,14.89,2521,1590597.26,Resolved,Medium
DTE002020,MCH0363,LIN017,FAC006,FLR002020,MWO002020,2023-01-13 00:17:21,Machine Breakdown,0.27,57,67167.14,Resolved,Medium
DTE002021,MCH0339,LIN019,FAC007,FLR002021,MWO002021,2025-09-06 05:45:28,Machine Breakdown,4.42,800,625125.76,Resolved,High
DTE002022,MCH0031,LIN010,FAC004,FLR002022,MWO002022,2025-08-07 20:12:25,Machine Breakdown,3.96,320,214700.02,Resolved,Critical
DTE002023,MCH0005,LIN010,FAC004,FLR002023,MWO002023,2024-09-29 20:23:44,Machine Breakdown,18.2,1413,1076661.06,Resolved,High
DTE002024,MCH0114,LIN004,FAC002,FLR002024,MWO002024,2023-09-25 18:15:12,Machine Breakdown,13.97,2356,1006970.1,Resolved,Medium
DTE002025,MCH0543,LIN019,FAC007,FLR002025,MWO002025,2025-05-23 18:53:57,Machine Breakdown,9.47,1310,792897.03,Resolved,Medium
DTE002026,MCH0441,LIN020,FAC007,FLR002026,MWO002026,2024-02-13 02:06:26,Machine Breakdown,4.1,734,428979.23,Resolved,Medium
DTE002027,MCH0043,LIN023,FAC008,FLR002027,MWO002027,2023-12-29 14:37:38,Machine Breakdown,15.95,2339,2001318.36,Resolved,Medium
DTE002028,MCH0019,LIN029,FAC010,FLR002028,MWO002028,2025-04-01 07:04:37,Machine Breakdown,5.97,1217,1376374.48,Resolved,Critical
DTE002029,MCH0172,LIN008,FAC003,FLR002029,MWO002029,2023-03-30 22:16:59,Machine Breakdown,4.36,539,621399.33,Open,Medium
DTE002030,MCH0289,LIN010,FAC004,FLR002030,MWO002030,2025-07-17 01:56:47,Machine Breakdown,7.79,1153,983067.34,Resolved,High
DTE002031,MCH0572,LIN017,FAC006,FLR002031,MWO002031,2025-01-12 10:14:21,Machine Breakdown,1.38,208,98324.61,Resolved,High
DTE002032,MCH0304,LIN026,FAC009,FLR002032,MWO002032,2023-12-16 22:48:45,Machine Breakdown,16.23,1766,1600448.93,Resolved,Low
DTE002033,MCH0202,LIN009,FAC003,FLR002033,MWO002033,2023-03-19 01:45:00,Machine Breakdown,9.21,402,97242.84,Resolved,Medium
DTE002034,MCH0050,LIN017,FAC006,FLR002034,MWO002034,2023-09-28 09:24:28,Machine Breakdown,4.28,764,258617.9,Resolved,Medium
DTE002035,MCH0323,LIN027,FAC009,FLR002035,MWO002035,2024-01-06 23:03:26,Machine Breakdown,4.74,604,634678.0,Resolved,Low
DTE002036,MCH0237,LIN025,FAC009,FLR002036,MWO002036,2026-03-29 15:40:53,Machine Breakdown,11.45,1599,319602.92,Resolved,High
DTE002037,MCH0257,LIN013,FAC005,FLR002037,MWO002037,2025-11-09 03:45:53,Machine Breakdown,16.1,1816,950729.06,Resolved,Critical
DTE002038,MCH0131,LIN006,FAC002,FLR002038,MWO002038,2023-10-13 11:49:09,Machine Breakdown,10.91,1027,563809.41,Resolved,Critical
DTE002039,MCH0427,LIN027,FAC009,FLR002039,MWO002039,2023-04-06 22:46:50,Machine Breakdown,10.09,885,988878.69,Resolved,Medium
DTE002040,MCH0180,LIN011,FAC004,FLR002040,MWO002040,2024-12-14 03:06:31,Machine Breakdown,11.12,960,474686.69,Resolved,Low
DTE002041,MCH0455,LIN030,FAC010,FLR002041,MWO002041,2023-10-05 05:22:35,Machine Breakdown,13.13,615,645442.48,Resolved,High
DTE002042,MCH0377,LIN009,FAC003,FLR002042,MWO002042,2023-01-16 04:19:36,Machine Breakdown,12.81,2451,2515529.55,Resolved,Medium
DTE002043,MCH0058,LIN028,FAC010,FLR002043,MWO002043,2025-06-01 21:19:41,Machine Breakdown,5.15,345,57875.19,Resolved,Medium
DTE002044,MCH0258,LIN026,FAC009,FLR002044,MWO002044,2025-04-24 09:02:54,Machine Breakdown,10.05,1693,1872095.78,Resolved,High
DTE002045,MCH0052,LIN006,FAC002,FLR002045,MWO002045,2024-07-20 20:40:42,Machine Breakdown,2.32,272,216982.61,Resolved,High
DTE002046,MCH0473,LIN022,FAC008,FLR002046,MWO002046,2025-03-10 23:49:44,Machine Breakdown,11.92,701,222007.43,Resolved,High
DTE002047,MCH0004,LIN020,FAC007,FLR002047,MWO002047,2025-02-25 03:22:45,Machine Breakdown,18.92,1366,244780.62,Resolved,High
DTE002048,MCH0576,LIN020,FAC007,FLR002048,MWO002048,2023-12-29 06:44:59,Machine Breakdown,1.22,147,146330.36,Resolved,High
DTE002049,MCH0098,LIN002,FAC001,FLR002049,MWO002049,2026-03-31 03:59:12,Machine Breakdown,10.3,519,313774.19,Resolved,Medium
DTE002050,MCH0057,LIN020,FAC007,FLR002050,MWO002050,2025-08-22 20:04:29,Machine Breakdown,0.12,19,8005.63,Resolved,High
DTE002051,MCH0378,LIN025,FAC009,FLR002051,MWO002051,2024-01-08 22:34:18,Machine Breakdown,8.02,1067,799591.68,Resolved,Critical
DTE002052,MCH0049,LIN007,FAC003,FLR002052,MWO002052,2023-09-25 00:07:31,Machine Breakdown,9.45,897,795306.09,Resolved,High
DTE002053,MCH0144,LIN010,FAC004,FLR002053,MWO002053,2023-04-15 15:25:23,Machine Breakdown,5.9,837,449359.2,Resolved,Medium
DTE002054,MCH0552,LIN012,FAC004,FLR002054,MWO002054,2025-05-30 12:06:56,Machine Breakdown,10.48,1649,1619168.68,Resolved,High
DTE002055,MCH0582,LIN013,FAC005,FLR002055,MWO002055,2024-11-02 19:28:47,Machine Breakdown,4.54,331,195156.19,Resolved,Low
DTE002056,MCH0053,LIN007,FAC003,FLR002056,MWO002056,2023-03-19 18:34:41,Machine Breakdown,5.21,445,231559.33,Resolved,High
DTE002057,MCH0553,LIN013,FAC005,FLR002057,MWO002057,2023-12-31 21:01:04,Machine Breakdown,1.5,156,102136.91,Open,Medium
DTE002058,MCH0153,LIN017,FAC006,FLR002058,MWO002058,2024-07-09 08:51:53,Machine Breakdown,3.01,361,286540.46,Resolved,Medium
DTE002059,MCH0095,LIN022,FAC008,FLR002059,MWO002059,2024-06-11 08:58:09,Machine Breakdown,6.91,851,347517.99,Resolved,Medium
DTE002060,MCH0273,LIN002,FAC001,FLR002060,MWO002060,2026-06-14 00:59:07,Machine Breakdown,3.48,445,158442.16,Resolved,High
DTE002061,MCH0327,LIN009,FAC003,FLR002061,MWO002061,2026-02-21 06:08:55,Machine Breakdown,4.78,983,625610.12,Resolved,Critical
DTE002062,MCH0275,LIN008,FAC003,FLR002062,MWO002062,2024-01-30 10:27:58,Machine Breakdown,3.03,191,52135.44,Resolved,Medium
DTE002063,MCH0153,LIN017,FAC006,FLR002063,MWO002063,2025-01-24 16:50:20,Machine Breakdown,6.33,901,1026116.08,Resolved,Medium
DTE002064,MCH0341,LIN006,FAC002,FLR002064,MWO002064,2026-06-14 16:25:07,Machine Breakdown,11.59,767,366181.86,Resolved,Medium
DTE002065,MCH0120,LIN007,FAC003,FLR002065,MWO002065,2024-09-14 09:05:20,Machine Breakdown,1.94,158,50799.92,Resolved,Low
DTE002066,MCH0376,LIN005,FAC002,FLR002066,MWO002066,2026-06-09 08:20:57,Machine Breakdown,5.61,586,642045.86,Resolved,Critical
DTE002067,MCH0005,LIN010,FAC004,FLR002067,MWO002067,2025-09-15 18:12:02,Machine Breakdown,9.09,783,162415.13,Resolved,Critical
DTE002068,MCH0185,LIN018,FAC006,FLR002068,MWO002068,2024-05-21 01:49:19,Machine Breakdown,8.13,1171,835429.36,Resolved,Medium
DTE002069,MCH0293,LIN023,FAC008,FLR002069,MWO002069,2025-08-15 09:37:39,Machine Breakdown,8.66,1982,810197.66,Resolved,Medium
DTE002070,MCH0303,LIN020,FAC007,FLR002070,MWO002070,2023-11-29 00:01:44,Machine Breakdown,3.6,584,488788.77,Resolved,High
DTE002071,MCH0022,LIN024,FAC008,FLR002071,MWO002071,2025-09-04 23:47:52,Machine Breakdown,4.6,573,575169.54,Resolved,High
DTE002072,MCH0047,LIN026,FAC009,FLR002072,MWO002072,2025-05-05 10:00:28,Machine Breakdown,1.07,83,93184.83,Open,Medium
DTE002073,MCH0119,LIN019,FAC007,FLR002073,MWO002073,2024-02-20 21:21:09,Machine Breakdown,15.83,913,535244.29,Resolved,Critical
DTE002074,MCH0038,LIN022,FAC008,FLR002074,MWO002074,2025-05-21 01:41:33,Machine Breakdown,11.07,1202,1358218.97,Resolved,High
DTE002075,MCH0329,LIN014,FAC005,FLR002075,MWO002075,2025-06-24 07:35:47,Machine Breakdown,3.65,801,875363.41,Resolved,High
DTE002076,MCH0477,LIN007,FAC003,FLR002076,MWO002076,2023-11-21 21:23:35,Machine Breakdown,6.57,1518,1077569.89,Resolved,Medium
DTE002077,MCH0594,LIN016,FAC006,FLR002077,MWO002077,2023-12-02 23:15:44,Machine Breakdown,3.15,569,129774.65,Resolved,Medium
DTE002078,MCH0123,LIN019,FAC007,FLR002078,MWO002078,2026-02-15 18:37:56,Machine Breakdown,4.45,339,314922.17,Resolved,High
DTE002079,MCH0198,LIN003,FAC001,FLR002079,MWO002079,2024-03-02 00:49:23,Machine Breakdown,2.37,351,181999.8,Resolved,Low
DTE002080,MCH0234,LIN001,FAC001,FLR002080,MWO002080,2025-07-26 20:09:46,Machine Breakdown,7.9,570,584441.51,Open,High
DTE002081,MCH0238,LIN007,FAC003,FLR002081,MWO002081,2024-02-03 03:10:34,Machine Breakdown,12.35,937,212171.88,Resolved,High
DTE002082,MCH0122,LIN001,FAC001,FLR002082,MWO002082,2024-08-12 01:55:14,Machine Breakdown,4.25,893,825853.64,Resolved,Medium
DTE002083,MCH0226,LIN027,FAC009,FLR002083,MWO002083,2024-10-21 10:30:11,Machine Breakdown,0.81,83,18022.17,Resolved,Medium
DTE002084,MCH0493,LIN008,FAC003,FLR002084,MWO002084,2026-05-29 05:02:43,Machine Breakdown,9.08,1484,1208254.21,Resolved,Medium
DTE002085,MCH0298,LIN016,FAC006,FLR002085,MWO002085,2023-11-14 10:58:45,Machine Breakdown,9.45,1727,1386474.46,Resolved,Medium
DTE002086,MCH0273,LIN002,FAC001,FLR002086,MWO002086,2025-03-16 19:09:03,Machine Breakdown,1.97,205,240549.5,Resolved,Medium
DTE002087,MCH0261,LIN017,FAC006,FLR002087,MWO002087,2025-11-20 02:40:56,Machine Breakdown,2.68,151,107167.59,Resolved,High
DTE002088,MCH0485,LIN007,FAC003,FLR002088,MWO002088,2024-04-29 09:14:44,Machine Breakdown,0.99,92,66802.19,Resolved,Low
DTE002089,MCH0298,LIN016,FAC006,FLR002089,MWO002089,2023-05-11 12:23:55,Machine Breakdown,12.36,2153,332487.5,Resolved,Medium
DTE002090,MCH0328,LIN024,FAC008,FLR002090,MWO002090,2023-04-30 15:09:43,Machine Breakdown,2.05,317,100936.15,Resolved,Low
DTE002091,MCH0008,LIN015,FAC005,FLR002091,MWO002091,2023-12-06 22:15:31,Machine Breakdown,2.95,560,444511.67,Resolved,Low
DTE002092,MCH0579,LIN003,FAC001,FLR002092,MWO002092,2024-04-21 20:00:27,Machine Breakdown,1.57,119,74666.42,Resolved,Medium
DTE002093,MCH0573,LIN004,FAC002,FLR002093,MWO002093,2023-05-25 23:15:24,Machine Breakdown,1.92,427,155132.33,Resolved,Medium
DTE002094,MCH0039,LIN009,FAC003,FLR002094,MWO002094,2026-03-08 07:33:34,Machine Breakdown,11.1,953,961499.61,Resolved,Medium
DTE002095,MCH0417,LIN001,FAC001,FLR002095,MWO002095,2025-03-13 22:09:50,Machine Breakdown,6.58,1409,1094303.98,Resolved,Low
DTE002096,MCH0159,LIN014,FAC005,FLR002096,MWO002096,2023-04-14 06:29:38,Machine Breakdown,6.14,1163,389887.99,Resolved,Medium
DTE002097,MCH0245,LIN030,FAC010,FLR002097,MWO002097,2025-07-12 19:32:07,Machine Breakdown,4.89,1124,802541.38,Open,Medium
DTE002098,MCH0141,LIN006,FAC002,FLR002098,MWO002098,2024-02-01 09:45:29,Machine Breakdown,15.81,1176,1243467.65,Resolved,Critical
DTE002099,MCH0250,LIN007,FAC003,FLR002099,MWO002099,2025-01-03 08:32:35,Machine Breakdown,9.38,486,579519.54,Resolved,Medium
DTE002100,MCH0337,LIN028,FAC010,FLR002100,MWO002100,2023-02-23 12:40:52,Machine Breakdown,6.2,1124,276057.02,Resolved,High
DTE002101,MCH0393,LIN019,FAC007,FLR002101,MWO002101,2024-02-01 14:10:39,Machine Breakdown,16.07,2981,3105049.2,Resolved,Low
DTE002102,MCH0234,LIN001,FAC001,FLR002102,MWO002102,2024-06-20 21:50:55,Machine Breakdown,3.72,198,73446.54,Resolved,Critical
DTE002103,MCH0514,LIN029,FAC010,FLR002103,MWO002103,2025-11-19 18:52:43,Machine Breakdown,4.91,877,398978.38,Resolved,High
DTE002104,MCH0358,LIN027,FAC009,FLR002104,MWO002104,2024-08-06 20:58:35,Machine Breakdown,4.33,341,101529.7,Resolved,Medium
DTE002105,MCH0285,LIN007,FAC003,FLR002105,MWO002105,2026-03-02 06:24:46,Machine Breakdown,2.83,636,591866.13,Resolved,High
DTE002106,MCH0470,LIN002,FAC001,FLR002106,MWO002106,2025-11-30 10:15:59,Machine Breakdown,3.15,708,264356.99,Resolved,Medium
DTE002107,MCH0057,LIN020,FAC007,FLR002107,MWO002107,2023-04-09 20:25:44,Machine Breakdown,9.85,623,723216.2,Resolved,Medium
DTE002108,MCH0062,LIN011,FAC004,FLR002108,MWO002108,2024-07-17 20:33:18,Machine Breakdown,6.93,353,377660.54,Resolved,Low
DTE002109,MCH0596,LIN022,FAC008,FLR002109,MWO002109,2024-07-11 12:35:55,Machine Breakdown,13.91,3318,914351.03,Resolved,Low
DTE002110,MCH0447,LIN011,FAC004,FLR002110,MWO002110,2025-04-12 05:01:10,Machine Breakdown,10.97,1163,561005.78,Resolved,Medium
DTE002111,MCH0088,LIN015,FAC005,FLR002111,MWO002111,2023-06-03 01:12:52,Machine Breakdown,10.13,2272,2679301.48,Resolved,Critical
DTE002112,MCH0441,LIN020,FAC007,FLR002112,MWO002112,2023-04-04 09:34:58,Machine Breakdown,0.32,65,73641.94,Resolved,Critical
DTE002113,MCH0270,LIN013,FAC005,FLR002113,MWO002113,2023-07-10 14:43:46,Machine Breakdown,10.18,553,299153.59,Resolved,High
DTE002114,MCH0412,LIN021,FAC007,FLR002114,MWO002114,2025-09-12 00:29:58,Machine Breakdown,1.75,147,109272.22,Open,High
DTE002115,MCH0049,LIN007,FAC003,FLR002115,MWO002115,2026-05-18 21:50:18,Machine Breakdown,1.92,322,140941.77,Open,Medium
DTE002116,MCH0155,LIN022,FAC008,FLR002116,MWO002116,2024-10-02 12:41:41,Machine Breakdown,9.65,674,129425.38,Open,High
DTE002117,MCH0594,LIN016,FAC006,FLR002117,MWO002117,2023-12-29 08:51:58,Machine Breakdown,15.28,3004,1641806.55,Resolved,Medium
DTE002118,MCH0350,LIN021,FAC007,FLR002118,MWO002118,2023-07-14 00:33:03,Machine Breakdown,11.68,2003,759024.81,Resolved,Low
DTE002119,MCH0351,LIN021,FAC007,FLR002119,MWO002119,2025-05-10 14:46:18,Machine Breakdown,6.1,1093,430826.3,Resolved,High
DTE002120,MCH0554,LIN028,FAC010,FLR002120,MWO002120,2024-09-03 03:42:13,Machine Breakdown,12.28,1215,1370363.4,Resolved,Low
DTE002121,MCH0453,LIN010,FAC004,FLR002121,MWO002121,2025-05-10 00:37:40,Machine Breakdown,5.54,846,207325.6,Resolved,High
DTE002122,MCH0511,LIN004,FAC002,FLR002122,MWO002122,2023-04-28 03:21:57,Machine Breakdown,6.55,1069,1234803.43,Resolved,Medium
DTE002123,MCH0032,LIN023,FAC008,FLR002123,MWO002123,2026-05-13 10:30:02,Machine Breakdown,11.35,1968,891451.28,Resolved,Medium
DTE002124,MCH0289,LIN010,FAC004,FLR002124,MWO002124,2024-09-17 13:52:09,Machine Breakdown,8.16,1609,1216017.0,Resolved,High
DTE002125,MCH0258,LIN026,FAC009,FLR002125,MWO002125,2025-02-17 11:02:05,Machine Breakdown,1.86,97,99108.43,Resolved,Medium
DTE002126,MCH0362,LIN007,FAC003,FLR002126,MWO002126,2024-07-04 07:35:08,Machine Breakdown,8.61,792,373492.03,Resolved,Medium
DTE002127,MCH0388,LIN011,FAC004,FLR002127,MWO002127,2023-06-22 01:21:56,Machine Breakdown,2.14,226,195810.67,Resolved,Medium
DTE002128,MCH0031,LIN010,FAC004,FLR002128,MWO002128,2026-02-22 02:09:14,Machine Breakdown,3.64,247,105656.49,Resolved,High
DTE002129,MCH0504,LIN008,FAC003,FLR002129,MWO002129,2026-06-16 09:47:14,Machine Breakdown,13.6,3091,2018877.85,Open,Low
DTE002130,MCH0499,LIN017,FAC006,FLR002130,MWO002130,2025-05-09 21:00:05,Machine Breakdown,20.94,4036,1530137.22,Resolved,Critical
DTE002131,MCH0504,LIN008,FAC003,FLR002131,MWO002131,2023-04-22 22:42:16,Machine Breakdown,4.49,437,303888.79,Resolved,High
DTE002132,MCH0237,LIN025,FAC009,FLR002132,MWO002132,2023-09-28 18:46:31,Machine Breakdown,1.26,298,311211.27,Resolved,High
DTE002133,MCH0472,LIN011,FAC004,FLR002133,MWO002133,2023-10-20 09:35:56,Machine Breakdown,3.54,809,790217.94,Resolved,Medium
DTE002134,MCH0281,LIN027,FAC009,FLR002134,MWO002134,2026-01-30 13:27:34,Machine Breakdown,2.15,447,236404.35,Resolved,Medium
DTE002135,MCH0244,LIN007,FAC003,FLR002135,MWO002135,2023-04-04 21:59:35,Machine Breakdown,15.08,1260,629740.89,Resolved,High
DTE002136,MCH0436,LIN013,FAC005,FLR002136,MWO002136,2025-08-25 19:00:59,Machine Breakdown,7.17,1288,1337033.61,Open,Low
DTE002137,MCH0449,LIN024,FAC008,FLR002137,MWO002137,2024-02-01 17:19:43,Machine Breakdown,3.6,707,420767.92,Resolved,Medium
DTE002138,MCH0074,LIN001,FAC001,FLR002138,MWO002138,2025-07-31 04:36:43,Machine Breakdown,3.36,213,224601.33,Resolved,Medium
DTE002139,MCH0528,LIN005,FAC002,FLR002139,MWO002139,2024-06-20 10:24:23,Machine Breakdown,11.41,1191,394876.42,Resolved,Medium
DTE002140,MCH0411,LIN006,FAC002,FLR002140,MWO002140,2024-07-30 14:36:28,Machine Breakdown,8.25,1275,661462.65,Resolved,Medium
DTE002141,MCH0228,LIN011,FAC004,FLR002141,MWO002141,2023-11-10 02:08:14,Machine Breakdown,4.29,357,382788.15,Resolved,High
DTE002142,MCH0410,LIN016,FAC006,FLR002142,MWO002142,2025-08-01 04:32:04,Machine Breakdown,0.45,42,12934.88,Resolved,Critical
DTE002143,MCH0556,LIN013,FAC005,FLR002143,MWO002143,2023-09-03 14:03:01,Machine Breakdown,13.4,1120,193194.22,Open,Critical
DTE002144,MCH0020,LIN001,FAC001,FLR002144,MWO002144,2023-09-02 20:52:16,Machine Breakdown,10.05,1869,1923400.75,Resolved,High
DTE002145,MCH0161,LIN008,FAC003,FLR002145,MWO002145,2023-07-20 01:02:06,Machine Breakdown,12.28,2694,640359.08,Resolved,Medium
DTE002146,MCH0594,LIN016,FAC006,FLR002146,MWO002146,2023-11-03 17:25:29,Machine Breakdown,3.89,562,581379.04,Resolved,Medium
DTE002147,MCH0257,LIN013,FAC005,FLR002147,MWO002147,2024-01-16 16:01:14,Machine Breakdown,10.33,797,219251.96,Resolved,Low
DTE002148,MCH0446,LIN004,FAC002,FLR002148,MWO002148,2026-02-25 13:11:12,Machine Breakdown,2.79,403,85185.25,Resolved,Medium
DTE002149,MCH0403,LIN002,FAC001,FLR002149,MWO002149,2025-04-21 08:44:48,Machine Breakdown,3.54,330,314574.87,Resolved,Low
DTE002150,MCH0382,LIN018,FAC006,FLR002150,MWO002150,2026-05-02 21:16:50,Machine Breakdown,0.67,77,15983.72,Resolved,Medium
DTE002151,MCH0078,LIN001,FAC001,FLR002151,MWO002151,2023-06-14 00:08:52,Machine Breakdown,8.76,1900,1434043.78,Resolved,High
DTE002152,MCH0322,LIN010,FAC004,FLR002152,MWO002152,2023-05-14 01:19:40,Machine Breakdown,10.43,433,173903.08,Resolved,High
DTE002153,MCH0347,LIN015,FAC005,FLR002153,MWO002153,2023-12-08 00:33:45,Machine Breakdown,10.49,1613,1558995.5,Resolved,Medium
DTE002154,MCH0276,LIN012,FAC004,FLR002154,MWO002154,2026-01-21 11:49:31,Machine Breakdown,4.52,357,356331.07,Resolved,Medium
DTE002155,MCH0306,LIN010,FAC004,FLR002155,MWO002155,2023-07-05 03:16:12,Machine Breakdown,6.62,689,548720.75,Resolved,Low
DTE002156,MCH0350,LIN021,FAC007,FLR002156,MWO002156,2025-02-20 03:36:58,Machine Breakdown,2.53,252,80902.52,Resolved,High
DTE002157,MCH0086,LIN003,FAC001,FLR002157,MWO002157,2025-11-10 04:39:31,Machine Breakdown,13.95,2312,2275384.92,Resolved,Low
DTE002158,MCH0390,LIN011,FAC004,FLR002158,MWO002158,2024-11-19 17:26:35,Machine Breakdown,14.96,3445,865920.0,Resolved,Medium
DTE002159,MCH0058,LIN028,FAC010,FLR002159,MWO002159,2024-01-12 13:51:14,Machine Breakdown,4.6,682,734099.16,Resolved,Critical
DTE002160,MCH0284,LIN006,FAC002,FLR002160,MWO002160,2023-01-15 22:14:33,Machine Breakdown,3.73,361,413340.89,Resolved,Medium
DTE002161,MCH0106,LIN018,FAC006,FLR002161,MWO002161,2023-09-20 13:01:15,Machine Breakdown,2.84,561,486819.98,Resolved,Low
DTE002162,MCH0252,LIN027,FAC009,FLR002162,MWO002162,2025-08-14 13:31:18,Machine Breakdown,14.33,2338,2466938.42,Resolved,Medium
DTE002163,MCH0370,LIN029,FAC010,FLR002163,MWO002163,2026-04-15 22:35:41,Machine Breakdown,6.79,1473,1377418.8,Open,High
DTE002164,MCH0052,LIN006,FAC002,FLR002164,MWO002164,2023-11-13 06:28:33,Machine Breakdown,14.48,727,615214.92,Resolved,Medium
DTE002165,MCH0297,LIN018,FAC006,FLR002165,MWO002165,2025-11-21 00:07:33,Machine Breakdown,8.17,353,369361.91,Resolved,Medium
DTE002166,MCH0254,LIN013,FAC005,FLR002166,MWO002166,2024-04-17 00:12:32,Machine Breakdown,10.81,2441,2472569.34,Resolved,Medium
DTE002167,MCH0531,LIN021,FAC007,FLR002167,MWO002167,2023-07-31 18:13:30,Machine Breakdown,5.25,1189,284152.31,Resolved,Medium
DTE002168,MCH0230,LIN017,FAC006,FLR002168,MWO002168,2023-10-09 06:56:15,Machine Breakdown,14.61,2792,2039619.86,Resolved,Critical
DTE002169,MCH0466,LIN005,FAC002,FLR002169,MWO002169,2023-05-14 16:07:48,Machine Breakdown,5.26,213,73633.74,Resolved,Low
DTE002170,MCH0073,LIN002,FAC001,FLR002170,MWO002170,2024-10-03 09:44:24,Machine Breakdown,15.17,3185,682673.97,Resolved,Medium
DTE002171,MCH0365,LIN014,FAC005,FLR002171,MWO002171,2025-05-22 14:09:00,Machine Breakdown,2.77,262,247149.24,Resolved,High
DTE002172,MCH0590,LIN008,FAC003,FLR002172,MWO002172,2025-12-13 22:16:34,Machine Breakdown,7.98,1188,1104189.84,Open,Medium
DTE002173,MCH0035,LIN005,FAC002,FLR002173,MWO002173,2025-05-09 03:09:03,Machine Breakdown,6.25,344,57880.69,Resolved,Critical
DTE002174,MCH0144,LIN010,FAC004,FLR002174,MWO002174,2026-05-19 08:30:42,Machine Breakdown,3.67,800,163064.69,Resolved,Medium
DTE002175,MCH0008,LIN015,FAC005,FLR002175,MWO002175,2026-01-04 10:25:16,Machine Breakdown,2.02,176,157503.62,Resolved,High
DTE002176,MCH0202,LIN009,FAC003,FLR002176,MWO002176,2023-07-15 20:58:01,Machine Breakdown,19.44,800,183169.25,Resolved,High
DTE002177,MCH0003,LIN025,FAC009,FLR002177,MWO002177,2025-02-21 18:23:22,Machine Breakdown,14.97,858,392047.8,Resolved,High
DTE002178,MCH0535,LIN025,FAC009,FLR002178,MWO002178,2024-09-15 22:41:26,Machine Breakdown,2.68,169,142338.45,Resolved,High
DTE002179,MCH0265,LIN011,FAC004,FLR002179,MWO002179,2025-08-30 17:57:07,Machine Breakdown,14.08,1592,868614.97,Resolved,High
DTE002180,MCH0075,LIN003,FAC001,FLR002180,MWO002180,2026-05-20 18:54:08,Machine Breakdown,10.11,1025,311052.63,Resolved,Medium
DTE002181,MCH0046,LIN029,FAC010,FLR002181,MWO002181,2024-09-07 08:16:44,Machine Breakdown,12.94,935,317760.24,Resolved,Medium
DTE002182,MCH0583,LIN027,FAC009,FLR002182,MWO002182,2024-08-11 13:33:16,Machine Breakdown,12.37,1014,921907.79,Resolved,Low
DTE002183,MCH0089,LIN017,FAC006,FLR002183,MWO002183,2024-04-07 18:37:59,Machine Breakdown,2.62,224,71212.85,Resolved,Low
DTE002184,MCH0504,LIN008,FAC003,FLR002184,MWO002184,2025-04-07 06:50:00,Machine Breakdown,5.08,336,183951.27,Resolved,Medium
DTE002185,MCH0382,LIN018,FAC006,FLR002185,MWO002185,2026-02-03 20:43:17,Machine Breakdown,11.28,2259,746428.16,Resolved,Medium
DTE002186,MCH0255,LIN005,FAC002,FLR002186,MWO002186,2023-07-07 00:36:45,Machine Breakdown,1.89,260,159676.52,Resolved,Medium
DTE002187,MCH0465,LIN002,FAC001,FLR002187,MWO002187,2024-11-10 23:46:05,Machine Breakdown,11.02,721,419306.57,Resolved,Medium
DTE002188,MCH0222,LIN028,FAC010,FLR002188,MWO002188,2025-07-30 06:05:56,Machine Breakdown,16.46,1810,1014375.89,Resolved,Critical
DTE002189,MCH0476,LIN023,FAC008,FLR002189,MWO002189,2024-01-17 13:26:53,Machine Breakdown,5.73,686,798846.58,Resolved,High
DTE002190,MCH0055,LIN029,FAC010,FLR002190,MWO002190,2024-04-10 06:12:29,Machine Breakdown,4.66,622,511016.48,Resolved,High
DTE002191,MCH0152,LIN010,FAC004,FLR002191,MWO002191,2023-12-28 01:24:56,Machine Breakdown,3.54,716,707092.26,Resolved,Medium
DTE002192,MCH0594,LIN016,FAC006,FLR002192,MWO002192,2025-08-18 20:06:49,Machine Breakdown,18.36,1197,920905.64,Resolved,Critical
DTE002193,MCH0140,LIN013,FAC005,FLR002193,MWO002193,2025-12-18 09:15:12,Machine Breakdown,5.34,970,252649.43,Resolved,Medium
DTE002194,MCH0189,LIN004,FAC002,FLR002194,MWO002194,2026-04-25 09:25:49,Machine Breakdown,14.37,583,480212.07,Resolved,High
DTE002195,MCH0159,LIN014,FAC005,FLR002195,MWO002195,2025-04-20 15:21:05,Machine Breakdown,19.27,2828,1450282.58,Resolved,Low
DTE002196,MCH0271,LIN005,FAC002,FLR002196,MWO002196,2025-04-02 23:28:34,Machine Breakdown,10.5,2514,2057763.4,Resolved,Medium
DTE002197,MCH0220,LIN023,FAC008,FLR002197,MWO002197,2025-05-16 17:06:39,Machine Breakdown,1.7,173,192181.48,Open,Medium
DTE002198,MCH0021,LIN007,FAC003,FLR002198,MWO002198,2026-05-20 08:08:33,Machine Breakdown,1.0,206,205353.36,Resolved,Medium
DTE002199,MCH0202,LIN009,FAC003,FLR002199,MWO002199,2024-12-31 06:06:20,Machine Breakdown,12.3,2528,1660196.75,Resolved,Medium
DTE002200,MCH0282,LIN001,FAC001,FLR002200,MWO002200,2024-12-20 21:40:29,Machine Breakdown,4.38,398,441885.35,Resolved,Medium
DTE002201,MCH0370,LIN029,FAC010,FLR002201,MWO002201,2023-06-23 03:09:41,Machine Breakdown,2.58,617,699145.03,Resolved,High
DTE002202,MCH0113,LIN015,FAC005,FLR002202,MWO002202,2023-03-13 09:04:05,Machine Breakdown,2.25,434,374973.88,Open,High
DTE002203,MCH0219,LIN012,FAC004,FLR002203,MWO002203,2023-05-13 20:25:49,Machine Breakdown,8.04,1101,255261.64,Resolved,High
DTE002204,MCH0372,LIN025,FAC009,FLR002204,MWO002204,2023-04-04 09:51:05,Machine Breakdown,11.09,2547,1463428.35,Resolved,Medium
DTE002205,MCH0387,LIN005,FAC002,FLR002205,MWO002205,2024-01-08 08:41:56,Machine Breakdown,5.57,1335,946731.09,Resolved,Medium
DTE002206,MCH0222,LIN028,FAC010,FLR002206,MWO002206,2024-09-06 12:02:51,Machine Breakdown,30.29,4196,4411016.38,Resolved,Low
DTE002207,MCH0231,LIN008,FAC003,FLR002207,MWO002207,2026-02-14 11:38:08,Machine Breakdown,9.14,1144,888012.16,Open,Critical
DTE002208,MCH0299,LIN014,FAC005,FLR002208,MWO002208,2023-02-05 12:57:51,Machine Breakdown,5.36,428,366963.72,Resolved,Critical
DTE002209,MCH0511,LIN004,FAC002,FLR002209,MWO002209,2023-10-06 01:49:55,Machine Breakdown,24.36,2365,652717.69,Resolved,Critical
DTE002210,MCH0523,LIN023,FAC008,FLR002210,MWO002210,2024-04-19 03:14:11,Machine Breakdown,0.4,77,31082.42,Resolved,Medium
DTE002211,MCH0499,LIN017,FAC006,FLR002211,MWO002211,2023-07-21 16:14:01,Machine Breakdown,6.48,1302,445373.55,Resolved,Critical
DTE002212,MCH0090,LIN018,FAC006,FLR002212,MWO002212,2023-04-04 08:10:56,Machine Breakdown,1.1,73,12972.73,Resolved,Critical
DTE002213,MCH0354,LIN005,FAC002,FLR002213,MWO002213,2023-02-01 17:01:34,Machine Breakdown,11.47,2251,2553525.08,Resolved,Critical
DTE002214,MCH0024,LIN022,FAC008,FLR002214,MWO002214,2024-03-20 07:59:11,Machine Breakdown,10.63,2294,1987511.22,Resolved,Medium
DTE002215,MCH0441,LIN020,FAC007,FLR002215,MWO002215,2026-06-14 05:17:20,Machine Breakdown,1.82,290,82475.59,Resolved,Critical
DTE002216,MCH0567,LIN016,FAC006,FLR002216,MWO002216,2025-01-22 09:55:52,Machine Breakdown,3.0,372,433901.9,Resolved,Critical
DTE002217,MCH0545,LIN004,FAC002,FLR002217,MWO002217,2026-04-23 12:26:08,Machine Breakdown,4.82,467,114129.24,Resolved,Critical
DTE002218,MCH0272,LIN002,FAC001,FLR002218,MWO002218,2025-02-24 18:31:48,Machine Breakdown,6.94,1658,1884923.6,Open,High
DTE002219,MCH0193,LIN006,FAC002,FLR002219,MWO002219,2024-01-16 21:59:19,Machine Breakdown,8.39,552,335389.38,Resolved,High
DTE002220,MCH0168,LIN015,FAC005,FLR002220,MWO002220,2024-02-16 23:12:53,Machine Breakdown,7.88,439,172420.41,Resolved,Low
DTE002221,MCH0038,LIN022,FAC008,FLR002221,MWO002221,2025-09-02 11:05:13,Machine Breakdown,8.89,1280,438530.48,Resolved,High
DTE002222,MCH0314,LIN023,FAC008,FLR002222,MWO002222,2024-12-24 23:44:52,Machine Breakdown,22.82,3637,3157963.0,Resolved,Critical
DTE002223,MCH0043,LIN023,FAC008,FLR002223,MWO002223,2024-07-31 17:06:39,Machine Breakdown,7.21,1099,1171186.99,Open,Medium
DTE002224,MCH0072,LIN011,FAC004,FLR002224,MWO002224,2024-12-01 09:43:00,Machine Breakdown,12.99,1817,570666.46,Resolved,Medium
DTE002225,MCH0306,LIN010,FAC004,FLR002225,MWO002225,2023-12-29 13:55:44,Machine Breakdown,2.12,433,460923.54,Resolved,Low
DTE002226,MCH0582,LIN013,FAC005,FLR002226,MWO002226,2023-03-14 05:53:31,Machine Breakdown,3.72,874,400884.91,Open,Medium
DTE002227,MCH0223,LIN025,FAC009,FLR002227,MWO002227,2023-10-22 12:49:14,Machine Breakdown,2.26,260,129677.26,Resolved,Medium
DTE002228,MCH0358,LIN027,FAC009,FLR002228,MWO002228,2025-12-12 12:48:25,Machine Breakdown,4.09,793,421651.25,Resolved,Medium
DTE002229,MCH0265,LIN011,FAC004,FLR002229,MWO002229,2026-01-26 19:58:22,Machine Breakdown,1.92,166,31164.61,Open,Critical
DTE002230,MCH0549,LIN013,FAC005,FLR002230,MWO002230,2024-11-16 17:29:41,Machine Breakdown,7.73,892,637332.12,Resolved,Critical
DTE002231,MCH0278,LIN002,FAC001,FLR002231,MWO002231,2023-06-05 07:30:46,Machine Breakdown,11.14,1755,397899.49,Resolved,High
DTE002232,MCH0078,LIN001,FAC001,FLR002232,MWO002232,2024-05-24 16:52:28,Machine Breakdown,4.34,389,367162.88,Resolved,High
DTE002233,MCH0388,LIN011,FAC004,FLR002233,MWO002233,2025-04-21 06:25:17,Machine Breakdown,7.36,560,100836.53,Resolved,Low
DTE002234,MCH0508,LIN010,FAC004,FLR002234,MWO002234,2023-09-24 09:57:41,Machine Breakdown,6.93,958,766690.51,Resolved,Medium
DTE002235,MCH0111,LIN012,FAC004,FLR002235,MWO002235,2023-06-17 13:42:03,Machine Breakdown,2.28,352,94491.95,Resolved,Low
DTE002236,MCH0004,LIN020,FAC007,FLR002236,MWO002236,2024-11-22 19:48:16,Machine Breakdown,5.3,653,240993.5,Resolved,Medium
DTE002237,MCH0557,LIN030,FAC010,FLR002237,MWO002237,2024-07-16 18:40:22,Machine Breakdown,14.63,1102,215822.26,Resolved,High
DTE002238,MCH0240,LIN015,FAC005,FLR002238,MWO002238,2023-01-24 18:35:07,Machine Breakdown,16.54,2031,2078715.79,Resolved,High
DTE002239,MCH0114,LIN004,FAC002,FLR002239,MWO002239,2024-08-01 00:12:14,Machine Breakdown,11.67,2419,2674341.9,Resolved,Low
DTE002240,MCH0349,LIN024,FAC008,FLR002240,MWO002240,2025-03-11 22:16:54,Machine Breakdown,3.46,371,114730.15,Resolved,Low
DTE002241,MCH0567,LIN016,FAC006,FLR002241,MWO002241,2023-04-17 13:42:25,Machine Breakdown,1.35,228,56981.54,Resolved,High
DTE002242,MCH0333,LIN028,FAC010,FLR002242,MWO002242,2025-05-10 13:07:03,Machine Breakdown,6.66,1185,495751.85,Resolved,Medium
DTE002243,MCH0092,LIN005,FAC002,FLR002243,MWO002243,2025-06-17 11:06:55,Machine Breakdown,14.73,791,928137.27,Resolved,High
DTE002244,MCH0463,LIN018,FAC006,FLR002244,MWO002244,2025-12-14 11:45:39,Machine Breakdown,13.47,1816,671062.9,Resolved,Medium
DTE002245,MCH0155,LIN022,FAC008,FLR002245,MWO002245,2023-11-27 03:23:44,Machine Breakdown,6.99,1355,985922.14,Resolved,Critical
DTE002246,MCH0142,LIN023,FAC008,FLR002246,MWO002246,2024-03-04 09:08:40,Machine Breakdown,2.4,366,231449.74,Resolved,Medium
DTE002247,MCH0101,LIN022,FAC008,FLR002247,MWO002247,2025-05-18 12:00:27,Machine Breakdown,3.33,174,74584.86,Resolved,Low
DTE002248,MCH0383,LIN005,FAC002,FLR002248,MWO002248,2024-12-26 23:14:43,Machine Breakdown,20.45,1297,335789.34,Resolved,High
DTE002249,MCH0385,LIN006,FAC002,FLR002249,MWO002249,2023-07-25 22:13:44,Machine Breakdown,9.5,754,155006.42,Resolved,Critical
DTE002250,MCH0351,LIN021,FAC007,FLR002250,MWO002250,2026-04-12 08:13:11,Machine Breakdown,6.09,1282,934568.92,Resolved,Medium
DTE002251,MCH0272,LIN002,FAC001,FLR002251,MWO002251,2024-10-04 23:42:29,Machine Breakdown,2.58,222,242160.28,Open,Low
DTE002252,MCH0035,LIN005,FAC002,FLR002252,MWO002252,2023-02-28 07:18:26,Machine Breakdown,3.81,264,226551.05,Resolved,High
DTE002253,MCH0042,LIN016,FAC006,FLR002253,MWO002253,2024-12-02 21:48:51,Machine Breakdown,11.55,894,552552.0,Resolved,Medium
DTE002254,MCH0083,LIN010,FAC004,FLR002254,MWO002254,2026-05-21 03:33:05,Machine Breakdown,4.76,672,275395.39,Resolved,High
DTE002255,MCH0132,LIN018,FAC006,FLR002255,MWO002255,2024-04-04 18:35:37,Machine Breakdown,9.93,2344,1438170.09,Resolved,High
DTE002256,MCH0156,LIN017,FAC006,FLR002256,MWO002256,2023-02-03 12:50:49,Machine Breakdown,6.28,391,193332.26,Resolved,High
DTE002257,MCH0312,LIN015,FAC005,FLR002257,MWO002257,2026-01-31 03:52:49,Machine Breakdown,11.35,1627,1898625.53,Resolved,Medium
DTE002258,MCH0030,LIN022,FAC008,FLR002258,MWO002258,2024-02-26 19:22:30,Machine Breakdown,15.92,2188,412440.13,Open,Low
DTE002259,MCH0335,LIN026,FAC009,FLR002259,MWO002259,2024-06-25 16:47:15,Machine Breakdown,10.81,563,224387.18,Resolved,High
DTE002260,MCH0146,LIN004,FAC002,FLR002260,MWO002260,2026-05-15 16:32:11,Machine Breakdown,8.98,984,279987.61,Resolved,High
DTE002261,MCH0228,LIN011,FAC004,FLR002261,MWO002261,2026-06-04 21:27:17,Machine Breakdown,7.08,980,204040.85,Resolved,High
DTE002262,MCH0428,LIN011,FAC004,FLR002262,MWO002262,2023-06-02 12:26:38,Machine Breakdown,13.55,1952,1638210.95,Resolved,Low
DTE002263,MCH0065,LIN005,FAC002,FLR002263,MWO002263,2023-08-12 17:26:18,Machine Breakdown,20.41,1663,611776.66,Resolved,Medium
DTE002264,MCH0005,LIN010,FAC004,FLR002264,MWO002264,2024-02-17 12:09:02,Machine Breakdown,8.97,520,378380.63,Resolved,High
DTE002265,MCH0156,LIN017,FAC006,FLR002265,MWO002265,2023-03-09 01:47:01,Machine Breakdown,9.13,702,708462.99,Open,Critical
DTE002266,MCH0330,LIN023,FAC008,FLR002266,MWO002266,2023-06-03 09:59:41,Machine Breakdown,17.8,4081,4552131.25,Resolved,Critical
DTE002267,MCH0026,LIN006,FAC002,FLR002267,MWO002267,2025-03-17 08:48:21,Machine Breakdown,12.92,1015,951659.14,Resolved,Critical
DTE002268,MCH0495,LIN009,FAC003,FLR002268,MWO002268,2025-02-19 11:46:37,Machine Breakdown,6.04,684,464165.21,Resolved,Medium
DTE002269,MCH0078,LIN001,FAC001,FLR002269,MWO002269,2026-05-04 00:59:51,Machine Breakdown,12.41,2257,2474472.06,Resolved,Low
DTE002270,MCH0537,LIN013,FAC005,FLR002270,MWO002270,2024-07-26 22:19:17,Machine Breakdown,8.71,1115,485987.03,Resolved,Medium
DTE002271,MCH0563,LIN001,FAC001,FLR002271,MWO002271,2025-08-23 05:23:26,Machine Breakdown,13.77,2868,2945399.74,Resolved,Medium
DTE002272,MCH0380,LIN003,FAC001,FLR002272,MWO002272,2026-05-26 19:34:53,Machine Breakdown,7.41,1033,392809.98,Resolved,Medium
DTE002273,MCH0056,LIN027,FAC009,FLR002273,MWO002273,2025-07-26 20:40:48,Machine Breakdown,11.34,472,90881.95,Resolved,High
DTE002274,MCH0353,LIN002,FAC001,FLR002274,MWO002274,2023-01-13 11:53:47,Machine Breakdown,4.73,832,629477.65,Open,Medium
DTE002275,MCH0554,LIN028,FAC010,FLR002275,MWO002275,2023-05-03 06:21:13,Machine Breakdown,2.62,259,310232.9,Resolved,Medium
DTE002276,MCH0450,LIN022,FAC008,FLR002276,MWO002276,2025-11-01 22:05:46,Machine Breakdown,16.05,1326,268172.28,Resolved,Critical
DTE002277,MCH0482,LIN024,FAC008,FLR002277,MWO002277,2025-06-12 13:48:33,Machine Breakdown,6.97,999,1090389.52,Resolved,High
DTE002278,MCH0484,LIN019,FAC007,FLR002278,MWO002278,2024-12-23 05:03:50,Machine Breakdown,11.6,1971,2050349.58,Resolved,Medium
DTE002279,MCH0216,LIN028,FAC010,FLR002279,MWO002279,2023-09-12 10:57:27,Machine Breakdown,13.26,2619,2801399.87,Resolved,High
DTE002280,MCH0424,LIN022,FAC008,FLR002280,MWO002280,2024-02-05 18:43:48,Machine Breakdown,4.17,389,175859.25,Open,Medium
DTE002281,MCH0529,LIN014,FAC005,FLR002281,MWO002281,2023-04-25 10:52:02,Machine Breakdown,29.97,1925,2131832.76,Open,Medium
DTE002282,MCH0097,LIN022,FAC008,FLR002282,MWO002282,2024-09-13 13:43:04,Machine Breakdown,1.24,251,159785.89,Resolved,Medium
DTE002283,MCH0031,LIN010,FAC004,FLR002283,MWO002283,2023-06-05 08:40:40,Machine Breakdown,9.59,1619,937766.44,Open,Medium
DTE002284,MCH0134,LIN006,FAC002,FLR002284,MWO002284,2025-05-23 20:44:07,Machine Breakdown,0.93,126,21382.32,Resolved,High
DTE002285,MCH0193,LIN006,FAC002,FLR002285,MWO002285,2026-01-05 03:00:45,Machine Breakdown,9.63,689,688647.76,Resolved,High
DTE002286,MCH0044,LIN012,FAC004,FLR002286,MWO002286,2025-12-01 10:27:39,Machine Breakdown,1.57,123,85722.26,Resolved,Medium
DTE002287,MCH0589,LIN023,FAC008,FLR002287,MWO002287,2023-01-30 12:04:04,Machine Breakdown,4.64,662,459261.15,Open,Medium
DTE002288,MCH0451,LIN013,FAC005,FLR002288,MWO002288,2025-08-15 20:13:15,Machine Breakdown,8.7,1296,1227228.97,Resolved,High
DTE002289,MCH0097,LIN022,FAC008,FLR002289,MWO002289,2024-04-06 10:55:34,Machine Breakdown,5.97,682,428032.83,Resolved,High
DTE002290,MCH0532,LIN007,FAC003,FLR002290,MWO002290,2024-11-12 06:47:54,Machine Breakdown,2.51,287,225094.15,Open,High
DTE002291,MCH0070,LIN030,FAC010,FLR002291,MWO002291,2024-06-23 13:01:48,Machine Breakdown,7.53,1580,1008288.26,Resolved,High
DTE002292,MCH0152,LIN010,FAC004,FLR002292,MWO002292,2023-08-20 22:16:44,Machine Breakdown,7.33,1072,891303.38,Resolved,High
DTE002293,MCH0186,LIN010,FAC004,FLR002293,MWO002293,2025-02-12 19:11:08,Machine Breakdown,9.87,2154,516044.53,Resolved,High
DTE002294,MCH0001,LIN020,FAC007,FLR002294,MWO002294,2025-06-11 17:46:52,Machine Breakdown,12.99,2559,831201.14,Resolved,High
DTE002295,MCH0396,LIN028,FAC010,FLR002295,MWO002295,2024-01-10 00:42:42,Machine Breakdown,9.41,964,1069175.51,Resolved,Medium
DTE002296,MCH0163,LIN007,FAC003,FLR002296,MWO002296,2023-10-13 06:14:06,Machine Breakdown,2.06,428,308718.73,Resolved,High
DTE002297,MCH0020,LIN001,FAC001,FLR002297,MWO002297,2025-08-28 03:03:31,Machine Breakdown,13.43,640,679064.45,Resolved,Medium
DTE002298,MCH0544,LIN003,FAC001,FLR002298,MWO002298,2024-03-02 16:04:29,Machine Breakdown,11.66,1033,525746.38,Resolved,Medium
DTE002299,MCH0170,LIN002,FAC001,FLR002299,MWO002299,2025-02-28 10:27:28,Machine Breakdown,8.02,851,456046.94,Resolved,Critical
DTE002300,MCH0001,LIN020,FAC007,FLR002300,MWO002300,2025-03-16 02:42:18,Machine Breakdown,7.4,785,491292.19,Resolved,High
DTE002301,MCH0054,LIN006,FAC002,FLR002301,MWO002301,2026-04-30 09:11:28,Machine Breakdown,12.47,2583,2753886.3,Resolved,High
DTE002302,MCH0302,LIN016,FAC006,FLR002302,MWO002302,2024-06-09 17:13:17,Machine Breakdown,12.22,1597,1794589.46,Resolved,High
DTE002303,MCH0297,LIN018,FAC006,FLR002303,MWO002303,2023-07-22 23:38:21,Machine Breakdown,13.07,625,464828.09,Resolved,High
DTE002304,MCH0309,LIN007,FAC003,FLR002304,MWO002304,2026-01-27 22:31:46,Machine Breakdown,17.39,1199,1085058.63,Resolved,Medium
DTE002305,MCH0568,LIN019,FAC007,FLR002305,MWO002305,2023-08-23 18:49:40,Machine Breakdown,2.74,208,204175.11,Resolved,Low
DTE002306,MCH0177,LIN009,FAC003,FLR002306,MWO002306,2025-11-04 00:34:00,Machine Breakdown,4.58,432,93457.41,Resolved,High
DTE002307,MCH0012,LIN030,FAC010,FLR002307,MWO002307,2026-06-10 06:50:44,Machine Breakdown,16.26,984,858045.2,Open,Low
DTE002308,MCH0047,LIN026,FAC009,FLR002308,MWO002308,2026-05-16 01:54:49,Machine Breakdown,1.04,127,62246.95,Resolved,High
DTE002309,MCH0598,LIN029,FAC010,FLR002309,MWO002309,2024-09-01 20:28:49,Machine Breakdown,1.9,360,146940.48,Resolved,Medium
DTE002310,MCH0287,LIN017,FAC006,FLR002310,MWO002310,2025-06-04 23:54:09,Machine Breakdown,10.18,2185,1379577.46,Resolved,High
DTE002311,MCH0118,LIN016,FAC006,FLR002311,MWO002311,2024-12-15 08:13:58,Machine Breakdown,8.32,1789,372492.63,Resolved,High
DTE002312,MCH0039,LIN009,FAC003,FLR002312,MWO002312,2024-04-21 09:39:16,Machine Breakdown,3.17,135,38108.99,Open,Medium
DTE002313,MCH0048,LIN024,FAC008,FLR002313,MWO002313,2024-05-22 12:42:12,Machine Breakdown,6.19,1007,951715.57,Resolved,Medium
DTE002314,MCH0341,LIN006,FAC002,FLR002314,MWO002314,2024-10-17 22:56:50,Machine Breakdown,27.84,6159,3704630.24,Resolved,Low
DTE002315,MCH0435,LIN027,FAC009,FLR002315,MWO002315,2023-09-04 10:23:07,Machine Breakdown,3.28,614,435701.62,Resolved,Medium
DTE002316,MCH0517,LIN005,FAC002,FLR002316,MWO002316,2025-06-21 23:33:12,Machine Breakdown,1.74,272,198744.51,Resolved,Medium
DTE002317,MCH0086,LIN003,FAC001,FLR002317,MWO002317,2024-02-04 17:31:20,Machine Breakdown,1.89,209,113002.0,Resolved,Low
DTE002318,MCH0416,LIN002,FAC001,FLR002318,MWO002318,2025-08-17 03:19:22,Machine Breakdown,20.05,2308,965436.21,Resolved,High
DTE002319,MCH0528,LIN005,FAC002,FLR002319,MWO002319,2023-12-16 14:24:23,Machine Breakdown,3.5,719,783265.39,Resolved,Medium
DTE002320,MCH0368,LIN016,FAC006,FLR002320,MWO002320,2025-04-18 04:46:47,Machine Breakdown,5.92,675,681029.64,Resolved,Medium
DTE002321,MCH0203,LIN016,FAC006,FLR002321,MWO002321,2024-11-14 21:54:39,Machine Breakdown,11.03,2632,1972291.33,Resolved,Medium
DTE002322,MCH0356,LIN005,FAC002,FLR002322,MWO002322,2026-06-26 09:46:46,Machine Breakdown,4.4,182,177952.7,Resolved,Medium
DTE002323,MCH0183,LIN025,FAC009,FLR002323,MWO002323,2025-08-23 19:16:53,Machine Breakdown,4.07,471,211232.65,Resolved,Medium
DTE002324,MCH0370,LIN029,FAC010,FLR002324,MWO002324,2026-04-25 08:16:00,Machine Breakdown,13.8,2524,1229612.19,Resolved,High
DTE002325,MCH0543,LIN019,FAC007,FLR002325,MWO002325,2026-01-18 03:36:33,Machine Breakdown,11.4,1662,1773400.45,Resolved,Medium
DTE002326,MCH0150,LIN008,FAC003,FLR002326,MWO002326,2023-02-23 20:59:13,Machine Breakdown,21.26,4721,3442912.56,Resolved,Medium
DTE002327,MCH0288,LIN014,FAC005,FLR002327,MWO002327,2024-07-18 10:56:41,Machine Breakdown,9.42,1636,1678545.06,Resolved,Medium
DTE002328,MCH0059,LIN012,FAC004,FLR002328,MWO002328,2025-09-16 19:20:28,Machine Breakdown,10.38,1607,1025709.06,Resolved,Low
DTE002329,MCH0242,LIN001,FAC001,FLR002329,MWO002329,2025-01-29 18:40:15,Machine Breakdown,4.85,214,39938.62,Resolved,High
DTE002330,MCH0296,LIN026,FAC009,FLR002330,MWO002330,2024-02-05 18:42:51,Machine Breakdown,12.82,698,829378.3,Resolved,High
DTE002331,MCH0464,LIN002,FAC001,FLR002331,MWO002331,2023-04-25 07:24:57,Machine Breakdown,18.87,4005,2375465.64,Resolved,Critical
DTE002332,MCH0060,LIN022,FAC008,FLR002332,MWO002332,2024-06-19 02:44:27,Machine Breakdown,4.45,520,554878.82,Resolved,Low
DTE002333,MCH0335,LIN026,FAC009,FLR002333,MWO002333,2023-08-29 16:23:59,Machine Breakdown,2.58,257,111717.96,Resolved,Medium
DTE002334,MCH0249,LIN006,FAC002,FLR002334,MWO002334,2025-05-27 23:36:41,Machine Breakdown,15.34,676,182393.99,Resolved,Low
DTE002335,MCH0171,LIN006,FAC002,FLR002335,MWO002335,2023-10-22 20:52:44,Machine Breakdown,7.92,584,411693.73,Resolved,Medium
DTE002336,MCH0153,LIN017,FAC006,FLR002336,MWO002336,2025-08-20 06:36:04,Machine Breakdown,2.63,251,94532.04,Resolved,Medium
DTE002337,MCH0543,LIN019,FAC007,FLR002337,MWO002337,2025-07-01 02:27:42,Machine Breakdown,3.93,514,374275.09,Resolved,High
DTE002338,MCH0251,LIN017,FAC006,FLR002338,MWO002338,2023-02-18 14:59:35,Machine Breakdown,5.32,1052,349464.92,Resolved,Low
DTE002339,MCH0565,LIN024,FAC008,FLR002339,MWO002339,2026-04-13 20:56:22,Machine Breakdown,9.59,2242,2273256.41,Resolved,High
DTE002340,MCH0549,LIN013,FAC005,FLR002340,MWO002340,2023-04-07 07:52:45,Machine Breakdown,5.4,691,236333.98,Resolved,Critical
DTE002341,MCH0422,LIN002,FAC001,FLR002341,MWO002341,2024-09-11 19:09:20,Machine Breakdown,15.13,2332,654206.44,Resolved,Medium
DTE002342,MCH0467,LIN027,FAC009,FLR002342,MWO002342,2025-12-24 21:53:36,Machine Breakdown,2.47,196,70663.38,Resolved,Critical
DTE002343,MCH0001,LIN020,FAC007,FLR002343,MWO002343,2025-12-04 19:33:40,Machine Breakdown,2.66,172,180587.82,Resolved,High
DTE002344,MCH0291,LIN022,FAC008,FLR002344,MWO002344,2023-01-02 01:25:47,Machine Breakdown,6.97,432,493775.88,Resolved,Medium
DTE002345,MCH0388,LIN011,FAC004,FLR002345,MWO002345,2024-05-06 12:56:38,Machine Breakdown,4.17,302,151602.61,Resolved,High
DTE002346,MCH0558,LIN025,FAC009,FLR002346,MWO002346,2024-12-16 12:35:56,Machine Breakdown,2.13,359,255758.43,Resolved,Medium
DTE002347,MCH0003,LIN025,FAC009,FLR002347,MWO002347,2023-04-16 22:19:05,Machine Breakdown,1.2,203,70620.08,Resolved,Medium
DTE002348,MCH0446,LIN004,FAC002,FLR002348,MWO002348,2023-01-12 23:12:19,Machine Breakdown,13.19,2925,1858013.62,Open,Low
DTE002349,MCH0477,LIN007,FAC003,FLR002349,MWO002349,2026-05-22 23:10:16,Machine Breakdown,11.69,769,715007.66,Resolved,High
DTE002350,MCH0520,LIN005,FAC002,FLR002350,MWO002350,2023-12-27 00:23:30,Machine Breakdown,3.23,647,253659.61,Resolved,Medium
DTE002351,MCH0254,LIN013,FAC005,FLR002351,MWO002351,2023-09-07 21:31:55,Machine Breakdown,5.5,891,451594.19,Resolved,High
DTE002352,MCH0463,LIN018,FAC006,FLR002352,MWO002352,2025-08-06 22:07:54,Machine Breakdown,6.73,582,304889.4,Resolved,High
DTE002353,MCH0493,LIN008,FAC003,FLR002353,MWO002353,2023-04-13 22:13:03,Machine Breakdown,6.44,1061,797223.34,Resolved,Medium
DTE002354,MCH0299,LIN014,FAC005,FLR002354,MWO002354,2025-10-29 19:31:30,Machine Breakdown,2.47,145,166674.45,Resolved,Critical
DTE002355,MCH0157,LIN029,FAC010,FLR002355,MWO002355,2024-05-04 06:55:28,Machine Breakdown,4.03,572,431732.51,Resolved,High
DTE002356,MCH0496,LIN024,FAC008,FLR002356,MWO002356,2025-11-11 03:33:17,Machine Breakdown,6.17,1394,417686.67,Resolved,Low
DTE002357,MCH0337,LIN028,FAC010,FLR002357,MWO002357,2023-02-19 05:05:30,Machine Breakdown,3.38,759,166930.99,Resolved,High
DTE002358,MCH0285,LIN007,FAC003,FLR002358,MWO002358,2023-08-24 06:50:12,Machine Breakdown,5.4,772,655160.42,Resolved,Medium
DTE002359,MCH0562,LIN011,FAC004,FLR002359,MWO002359,2025-07-22 02:36:43,Machine Breakdown,7.58,1095,560411.6,Resolved,Critical
DTE002360,MCH0593,LIN019,FAC007,FLR002360,MWO002360,2026-02-16 20:44:21,Machine Breakdown,1.87,183,201507.49,Resolved,Medium
DTE002361,MCH0315,LIN015,FAC005,FLR002361,MWO002361,2024-04-30 14:26:16,Machine Breakdown,10.98,1234,844978.42,Resolved,Medium
DTE002362,MCH0518,LIN020,FAC007,FLR002362,MWO002362,2026-04-01 12:48:50,Machine Breakdown,1.44,219,101159.19,Resolved,High
DTE002363,MCH0188,LIN004,FAC002,FLR002363,MWO002363,2023-07-25 02:07:15,Machine Breakdown,11.23,1425,1698309.24,Resolved,High
DTE002364,MCH0077,LIN003,FAC001,FLR002364,MWO002364,2024-04-24 01:15:10,Machine Breakdown,9.5,2054,800275.42,Resolved,Medium
DTE002365,MCH0205,LIN030,FAC010,FLR002365,MWO002365,2025-03-17 09:12:11,Machine Breakdown,5.5,498,229607.73,Resolved,High
DTE002366,MCH0566,LIN010,FAC004,FLR002366,MWO002366,2025-03-25 13:34:57,Machine Breakdown,7.64,310,70492.76,Resolved,Low
DTE002367,MCH0306,LIN010,FAC004,FLR002367,MWO002367,2025-10-08 20:27:45,Machine Breakdown,12.55,1921,648458.51,Resolved,Low
DTE002368,MCH0111,LIN012,FAC004,FLR002368,MWO002368,2023-12-04 10:07:22,Machine Breakdown,6.63,1019,1089556.9,Resolved,Medium
DTE002369,MCH0592,LIN023,FAC008,FLR002369,MWO002369,2026-04-02 22:22:43,Machine Breakdown,7.19,932,194343.7,Resolved,High
DTE002370,MCH0555,LIN021,FAC007,FLR002370,MWO002370,2024-04-23 23:11:25,Machine Breakdown,1.21,198,38566.04,Resolved,Low
DTE002371,MCH0056,LIN027,FAC009,FLR002371,MWO002371,2026-03-24 07:43:19,Machine Breakdown,2.3,273,204346.28,Resolved,High
DTE002372,MCH0523,LIN023,FAC008,FLR002372,MWO002372,2023-10-24 03:04:09,Machine Breakdown,2.77,413,409211.54,Resolved,Medium
DTE002373,MCH0462,LIN016,FAC006,FLR002373,MWO002373,2024-05-19 02:52:41,Machine Breakdown,16.12,1926,631592.93,Resolved,Medium
DTE002374,MCH0179,LIN010,FAC004,FLR002374,MWO002374,2026-05-14 04:14:44,Machine Breakdown,3.71,557,224873.88,Resolved,Critical
DTE002375,MCH0397,LIN010,FAC004,FLR002375,MWO002375,2024-07-01 19:42:00,Machine Breakdown,7.15,1394,1269238.53,Resolved,Medium
DTE002376,MCH0320,LIN011,FAC004,FLR002376,MWO002376,2025-10-30 12:23:34,Machine Breakdown,7.09,1076,505649.91,Open,High
DTE002377,MCH0478,LIN008,FAC003,FLR002377,MWO002377,2025-10-28 00:32:09,Machine Breakdown,18.54,1277,638357.26,Resolved,High
DTE002378,MCH0133,LIN013,FAC005,FLR002378,MWO002378,2024-02-04 01:00:18,Machine Breakdown,10.45,960,378254.35,Open,Medium
DTE002379,MCH0595,LIN028,FAC010,FLR002379,MWO002379,2024-06-24 19:18:03,Machine Breakdown,2.62,133,84146.26,Resolved,Low
DTE002380,MCH0473,LIN022,FAC008,FLR002380,MWO002380,2024-03-20 14:52:14,Machine Breakdown,21.51,3093,885321.49,Resolved,High
DTE002381,MCH0179,LIN010,FAC004,FLR002381,MWO002381,2023-05-23 20:33:36,Machine Breakdown,1.95,302,324471.27,Resolved,Medium
DTE002382,MCH0226,LIN027,FAC009,FLR002382,MWO002382,2024-01-06 06:31:47,Machine Breakdown,4.81,879,142545.28,Resolved,Medium
DTE002383,MCH0502,LIN011,FAC004,FLR002383,MWO002383,2023-02-09 06:33:43,Machine Breakdown,17.62,893,772828.08,Resolved,Medium
DTE002384,MCH0220,LIN023,FAC008,FLR002384,MWO002384,2024-07-06 04:09:14,Machine Breakdown,12.14,1138,297939.6,Resolved,High
DTE002385,MCH0333,LIN028,FAC010,FLR002385,MWO002385,2023-03-12 01:52:28,Machine Breakdown,5.39,627,420411.82,Resolved,Medium
DTE002386,MCH0582,LIN013,FAC005,FLR002386,MWO002386,2025-12-09 19:22:59,Machine Breakdown,16.94,3452,725156.27,Resolved,Medium
DTE002387,MCH0525,LIN017,FAC006,FLR002387,MWO002387,2026-04-09 19:10:34,Machine Breakdown,11.99,1674,1704631.42,Resolved,High
DTE002388,MCH0301,LIN019,FAC007,FLR002388,MWO002388,2023-11-09 14:06:44,Machine Breakdown,8.8,375,361155.0,Resolved,High
DTE002389,MCH0425,LIN014,FAC005,FLR002389,MWO002389,2024-10-30 04:22:57,Machine Breakdown,21.97,2855,3000876.62,Resolved,High
DTE002390,MCH0102,LIN015,FAC005,FLR002390,MWO002390,2024-02-20 23:06:59,Machine Breakdown,10.96,2281,2361436.02,Resolved,High
DTE002391,MCH0423,LIN009,FAC003,FLR002391,MWO002391,2026-04-25 04:53:16,Machine Breakdown,13.75,1760,1592443.45,Resolved,Medium
DTE002392,MCH0190,LIN002,FAC001,FLR002392,MWO002392,2026-06-25 18:16:54,Machine Breakdown,14.21,1009,998577.93,Resolved,Medium
DTE002393,MCH0442,LIN001,FAC001,FLR002393,MWO002393,2026-05-15 14:32:17,Machine Breakdown,14.25,747,636098.49,Resolved,High
DTE002394,MCH0539,LIN017,FAC006,FLR002394,MWO002394,2025-03-20 23:19:27,Machine Breakdown,20.99,2585,1045697.72,Open,Medium
DTE002395,MCH0572,LIN017,FAC006,FLR002395,MWO002395,2023-12-05 11:08:45,Machine Breakdown,10.15,764,199459.71,Resolved,High
DTE002396,MCH0466,LIN005,FAC002,FLR002396,MWO002396,2024-08-06 17:59:43,Machine Breakdown,19.89,924,998081.63,Resolved,Medium
DTE002397,MCH0434,LIN011,FAC004,FLR002397,MWO002397,2024-09-12 13:12:49,Machine Breakdown,6.78,1595,643013.18,Resolved,High
DTE002398,MCH0584,LIN009,FAC003,FLR002398,MWO002398,2025-04-22 04:02:16,Machine Breakdown,14.51,1367,1023947.78,Resolved,High
DTE002399,MCH0508,LIN010,FAC004,FLR002399,MWO002399,2025-08-04 03:14:30,Machine Breakdown,10.28,474,433359.83,Resolved,Medium
DTE002400,MCH0218,LIN007,FAC003,FLR002400,MWO002400,2023-01-19 00:46:58,Machine Breakdown,2.13,111,127165.8,Resolved,Medium
DTE002401,MCH0272,LIN002,FAC001,FLR002401,MWO002401,2024-07-08 16:57:24,Machine Breakdown,8.13,837,385038.52,Resolved,Low
DTE002402,MCH0306,LIN010,FAC004,FLR002402,MWO002402,2024-12-12 09:52:42,Machine Breakdown,6.38,900,395392.41,Resolved,Critical
DTE002403,MCH0534,LIN027,FAC009,FLR002403,MWO002403,2024-02-18 15:54:27,Machine Breakdown,7.09,1517,1014626.75,Resolved,Low
DTE002404,MCH0318,LIN006,FAC002,FLR002404,MWO002404,2025-01-20 05:21:05,Machine Breakdown,5.86,698,618705.82,Resolved,Low
DTE002405,MCH0472,LIN011,FAC004,FLR002405,MWO002405,2024-06-01 09:48:53,Machine Breakdown,12.15,1618,867391.42,Resolved,Medium
DTE002406,MCH0038,LIN022,FAC008,FLR002406,MWO002406,2024-11-29 19:29:27,Machine Breakdown,10.76,811,960770.94,Resolved,Medium
DTE002407,MCH0546,LIN024,FAC008,FLR002407,MWO002407,2024-07-02 04:13:25,Machine Breakdown,12.17,573,355211.47,Resolved,Medium
DTE002408,MCH0045,LIN029,FAC010,FLR002408,MWO002408,2026-05-12 02:55:23,Machine Breakdown,7.16,1498,867786.63,Resolved,Medium
DTE002409,MCH0157,LIN029,FAC010,FLR002409,MWO002409,2025-05-09 05:29:19,Machine Breakdown,11.59,2277,461366.22,Resolved,High
DTE002410,MCH0333,LIN028,FAC010,FLR002410,MWO002410,2025-11-03 14:09:56,Machine Breakdown,11.63,2515,1364199.91,Resolved,Critical
DTE002411,MCH0592,LIN023,FAC008,FLR002411,MWO002411,2025-10-06 16:42:15,Machine Breakdown,2.84,340,192205.53,Resolved,Low
DTE002412,MCH0417,LIN001,FAC001,FLR002412,MWO002412,2025-04-30 22:55:35,Machine Breakdown,2.43,311,144406.17,Open,High
DTE002413,MCH0051,LIN011,FAC004,FLR002413,MWO002413,2023-11-15 12:05:15,Machine Breakdown,15.79,1403,916035.31,Resolved,Low
DTE002414,MCH0418,LIN013,FAC005,FLR002414,MWO002414,2026-06-15 10:04:06,Machine Breakdown,2.22,423,87652.36,Resolved,Critical
DTE002415,MCH0519,LIN030,FAC010,FLR002415,MWO002415,2025-04-28 15:21:19,Machine Breakdown,15.92,3044,3300922.39,Open,High
DTE002416,MCH0135,LIN015,FAC005,FLR002416,MWO002416,2024-06-26 10:49:33,Machine Breakdown,6.66,1462,506166.79,Resolved,High
DTE002417,MCH0408,LIN009,FAC003,FLR002417,MWO002417,2025-09-20 03:38:19,Machine Breakdown,2.97,217,111470.36,Resolved,High
DTE002418,MCH0130,LIN020,FAC007,FLR002418,MWO002418,2025-10-04 03:56:14,Machine Breakdown,12.36,1580,824856.54,Resolved,Medium
DTE002419,MCH0026,LIN006,FAC002,FLR002419,MWO002419,2023-11-14 07:20:09,Machine Breakdown,8.14,1060,207882.65,Resolved,Medium
DTE002420,MCH0571,LIN020,FAC007,FLR002420,MWO002420,2025-10-11 09:23:03,Machine Breakdown,14.09,3222,1594076.76,Resolved,High
DTE002421,MCH0407,LIN018,FAC006,FLR002421,MWO002421,2023-07-18 18:47:39,Machine Breakdown,11.48,675,614106.1,Open,Medium
DTE002422,MCH0353,LIN002,FAC001,FLR002422,MWO002422,2024-02-24 00:11:41,Machine Breakdown,14.56,2182,2423797.93,Resolved,High
DTE002423,MCH0506,LIN001,FAC001,FLR002423,MWO002423,2025-05-29 15:28:46,Machine Breakdown,5.51,921,283115.27,Resolved,Medium
DTE002424,MCH0085,LIN020,FAC007,FLR002424,MWO002424,2023-10-14 14:46:40,Machine Breakdown,8.47,1707,1671413.65,Resolved,Critical
DTE002425,MCH0418,LIN013,FAC005,FLR002425,MWO002425,2026-02-11 03:27:18,Machine Breakdown,3.77,369,350454.12,Resolved,Low
DTE002426,MCH0491,LIN021,FAC007,FLR002426,MWO002426,2024-01-31 10:20:20,Machine Breakdown,4.94,831,800346.24,Resolved,Low
DTE002427,MCH0204,LIN002,FAC001,FLR002427,MWO002427,2026-06-18 11:31:45,Machine Breakdown,6.53,1525,1045717.97,Resolved,Medium
DTE002428,MCH0269,LIN002,FAC001,FLR002428,MWO002428,2026-02-28 06:04:19,Machine Breakdown,6.54,1434,934133.92,Resolved,Medium
DTE002429,MCH0082,LIN027,FAC009,FLR002429,MWO002429,2025-01-08 01:26:21,Machine Breakdown,8.15,1637,942578.02,Resolved,Medium
DTE002430,MCH0372,LIN025,FAC009,FLR002430,MWO002430,2025-03-12 12:15:10,Machine Breakdown,4.92,526,573256.45,Open,Medium
DTE002431,MCH0505,LIN023,FAC008,FLR002431,MWO002431,2026-06-21 00:07:06,Machine Breakdown,17.68,1351,1617854.79,Resolved,High
DTE002432,MCH0339,LIN019,FAC007,FLR002432,MWO002432,2026-02-08 14:57:30,Machine Breakdown,8.19,1327,662961.17,Resolved,Low
DTE002433,MCH0263,LIN018,FAC006,FLR002433,MWO002433,2024-06-07 05:55:59,Machine Breakdown,4.68,814,604275.61,Resolved,High
DTE002434,MCH0346,LIN015,FAC005,FLR002434,MWO002434,2024-01-15 22:42:06,Machine Breakdown,23.26,2647,1670776.8,Resolved,Medium
DTE002435,MCH0308,LIN025,FAC009,FLR002435,MWO002435,2025-01-08 20:27:42,Machine Breakdown,2.66,473,536448.36,Resolved,Medium
DTE002436,MCH0278,LIN002,FAC001,FLR002436,MWO002436,2024-07-22 18:10:33,Machine Breakdown,1.21,157,143862.5,Resolved,Medium
DTE002437,MCH0358,LIN027,FAC009,FLR002437,MWO002437,2025-07-15 11:29:26,Machine Breakdown,9.59,1708,1075732.03,Resolved,Medium
DTE002438,MCH0216,LIN028,FAC010,FLR002438,MWO002438,2026-05-29 06:54:32,Machine Breakdown,3.79,205,216982.91,Resolved,High
DTE002439,MCH0332,LIN025,FAC009,FLR002439,MWO002439,2024-02-28 22:06:56,Machine Breakdown,18.41,3740,3803802.8,Resolved,Critical
DTE002440,MCH0382,LIN018,FAC006,FLR002440,MWO002440,2024-11-02 17:22:18,Machine Breakdown,7.03,1073,582534.38,Resolved,High
DTE002441,MCH0521,LIN019,FAC007,FLR002441,MWO002441,2023-08-17 15:29:13,Machine Breakdown,15.3,1727,1244343.9,Open,High
DTE002442,MCH0082,LIN027,FAC009,FLR002442,MWO002442,2023-10-19 16:44:41,Machine Breakdown,4.34,309,129720.92,Resolved,High
DTE002443,MCH0574,LIN029,FAC010,FLR002443,MWO002443,2024-05-10 09:50:49,Machine Breakdown,12.14,2358,770288.27,Resolved,High
DTE002444,MCH0528,LIN005,FAC002,FLR002444,MWO002444,2023-09-12 02:01:03,Machine Breakdown,4.17,856,864376.86,Resolved,Critical
DTE002445,MCH0332,LIN025,FAC009,FLR002445,MWO002445,2023-08-07 17:45:15,Machine Breakdown,4.49,1076,750260.57,Resolved,High
DTE002446,MCH0194,LIN015,FAC005,FLR002446,MWO002446,2024-11-24 16:39:33,Machine Breakdown,3.99,569,157025.04,Resolved,Medium
DTE002447,MCH0563,LIN001,FAC001,FLR002447,MWO002447,2024-06-12 15:04:43,Machine Breakdown,4.64,193,226584.07,Resolved,High
DTE002448,MCH0298,LIN016,FAC006,FLR002448,MWO002448,2025-05-26 03:10:33,Machine Breakdown,1.4,193,173183.47,Resolved,Medium
DTE002449,MCH0201,LIN006,FAC002,FLR002449,MWO002449,2026-06-14 08:53:12,Machine Breakdown,5.58,1144,384272.01,Resolved,High
DTE002450,MCH0353,LIN002,FAC001,FLR002450,MWO002450,2024-09-22 01:56:13,Machine Breakdown,14.73,2880,2204419.08,Resolved,Medium
DTE002451,MCH0020,LIN001,FAC001,FLR002451,MWO002451,2023-06-06 01:10:22,Machine Breakdown,2.06,476,347507.89,Resolved,High
DTE002452,MCH0334,LIN018,FAC006,FLR002452,MWO002452,2023-07-16 06:30:39,Machine Breakdown,9.44,1305,1341605.77,Resolved,High
DTE002453,MCH0296,LIN026,FAC009,FLR002453,MWO002453,2024-05-24 21:59:02,Machine Breakdown,1.46,255,69175.63,Resolved,Medium
DTE002454,MCH0077,LIN003,FAC001,FLR002454,MWO002454,2026-06-05 11:37:28,Machine Breakdown,3.25,183,44722.73,Resolved,Low
DTE002455,MCH0180,LIN011,FAC004,FLR002455,MWO002455,2025-12-05 02:08:21,Machine Breakdown,2.15,168,194533.94,Resolved,Medium
DTE002456,MCH0410,LIN016,FAC006,FLR002456,MWO002456,2023-02-16 21:33:03,Machine Breakdown,13.0,546,257752.2,Resolved,Critical
DTE002457,MCH0073,LIN002,FAC001,FLR002457,MWO002457,2024-05-14 09:07:24,Machine Breakdown,11.52,1108,189857.12,Resolved,Critical
DTE002458,MCH0093,LIN027,FAC009,FLR002458,MWO002458,2023-05-16 01:34:29,Machine Breakdown,3.55,592,242353.13,Resolved,High
DTE002459,MCH0264,LIN030,FAC010,FLR002459,MWO002459,2024-12-18 03:04:06,Machine Breakdown,16.08,1487,468716.15,Open,High
DTE002460,MCH0056,LIN027,FAC009,FLR002460,MWO002460,2024-04-02 13:55:37,Machine Breakdown,21.23,3916,3254822.62,Resolved,Low
DTE002461,MCH0592,LIN023,FAC008,FLR002461,MWO002461,2025-11-01 13:22:50,Machine Breakdown,9.71,2170,389710.6,Resolved,High
DTE002462,MCH0121,LIN008,FAC003,FLR002462,MWO002462,2024-03-31 13:20:13,Machine Breakdown,3.26,623,443987.5,Resolved,Medium
DTE002463,MCH0049,LIN007,FAC003,FLR002463,MWO002463,2023-07-21 10:29:35,Machine Breakdown,3.44,413,464808.56,Open,Medium
DTE002464,MCH0011,LIN013,FAC005,FLR002464,MWO002464,2026-03-11 00:33:59,Machine Breakdown,8.23,417,434224.54,Resolved,High
DTE002465,MCH0072,LIN011,FAC004,FLR002465,MWO002465,2025-11-11 00:31:32,Machine Breakdown,10.56,1813,1904636.72,Resolved,Medium
DTE002466,MCH0221,LIN027,FAC009,FLR002466,MWO002466,2023-01-21 10:23:37,Machine Breakdown,5.62,594,209543.99,Resolved,High
DTE002467,MCH0330,LIN023,FAC008,FLR002467,MWO002467,2024-03-22 23:45:04,Machine Breakdown,10.55,1882,1996262.41,Resolved,High
DTE002468,MCH0395,LIN004,FAC002,FLR002468,MWO002468,2023-08-23 08:46:45,Machine Breakdown,18.91,1954,874893.73,Resolved,Critical
DTE002469,MCH0155,LIN022,FAC008,FLR002469,MWO002469,2025-10-14 04:23:08,Machine Breakdown,5.09,805,377815.46,Resolved,Critical
DTE002470,MCH0313,LIN018,FAC006,FLR002470,MWO002470,2023-08-09 11:43:04,Machine Breakdown,6.27,457,544970.22,Resolved,Medium
DTE002471,MCH0040,LIN003,FAC001,FLR002471,MWO002471,2024-02-17 11:17:20,Machine Breakdown,4.03,532,293176.64,Resolved,Medium
DTE002472,MCH0458,LIN007,FAC003,FLR002472,MWO002472,2026-02-18 02:12:09,Machine Breakdown,11.34,1755,1102905.97,Resolved,High
DTE002473,MCH0474,LIN003,FAC001,FLR002473,MWO002473,2023-11-11 22:00:49,Machine Breakdown,3.52,561,527867.75,Resolved,Medium
DTE002474,MCH0240,LIN015,FAC005,FLR002474,MWO002474,2024-04-12 03:41:03,Machine Breakdown,6.06,761,556208.31,Resolved,Low
DTE002475,MCH0371,LIN005,FAC002,FLR002475,MWO002475,2026-02-11 03:43:44,Machine Breakdown,3.5,567,462317.79,Resolved,Medium
DTE002476,MCH0346,LIN015,FAC005,FLR002476,MWO002476,2023-10-02 12:26:02,Machine Breakdown,10.65,2297,2170393.08,Resolved,High
DTE002477,MCH0165,LIN029,FAC010,FLR002477,MWO002477,2025-10-10 23:57:33,Machine Breakdown,11.79,2145,444218.09,Resolved,Critical
DTE002478,MCH0136,LIN019,FAC007,FLR002478,MWO002478,2025-09-02 03:29:20,Machine Breakdown,3.57,815,498777.05,Resolved,High
DTE002479,MCH0348,LIN017,FAC006,FLR002479,MWO002479,2023-12-14 10:56:48,Machine Breakdown,0.39,52,12257.47,Resolved,Medium
DTE002480,MCH0291,LIN022,FAC008,FLR002480,MWO002480,2026-02-12 11:31:59,Machine Breakdown,5.55,991,339322.03,Resolved,High
DTE002481,MCH0220,LIN023,FAC008,FLR002481,MWO002481,2024-05-19 02:13:14,Machine Breakdown,7.22,1385,1471420.54,Resolved,High
DTE002482,MCH0163,LIN007,FAC003,FLR002482,MWO002482,2025-08-17 11:51:04,Machine Breakdown,4.48,189,120372.22,Resolved,Medium
DTE002483,MCH0427,LIN027,FAC009,FLR002483,MWO002483,2025-01-15 07:22:20,Machine Breakdown,8.56,1268,539063.81,Resolved,Medium
DTE002484,MCH0566,LIN010,FAC004,FLR002484,MWO002484,2024-03-22 17:20:07,Machine Breakdown,6.49,979,668530.9,Resolved,Medium
DTE002485,MCH0562,LIN011,FAC004,FLR002485,MWO002485,2023-04-17 15:05:52,Machine Breakdown,8.75,1648,516898.2,Resolved,Medium
DTE002486,MCH0524,LIN016,FAC006,FLR002486,MWO002486,2025-05-03 01:52:00,Machine Breakdown,3.19,486,76230.52,Resolved,High
DTE002487,MCH0180,LIN011,FAC004,FLR002487,MWO002487,2024-06-16 17:31:24,Machine Breakdown,0.94,164,195514.92,Resolved,Medium
DTE002488,MCH0222,LIN028,FAC010,FLR002488,MWO002488,2024-08-31 09:39:37,Machine Breakdown,8.47,1509,1550964.6,Resolved,High
DTE002489,MCH0358,LIN027,FAC009,FLR002489,MWO002489,2025-04-07 10:28:33,Machine Breakdown,10.26,593,265979.17,Resolved,Critical
DTE002490,MCH0591,LIN016,FAC006,FLR002490,MWO002490,2024-01-08 23:25:43,Machine Breakdown,6.77,816,287740.67,Open,Medium
DTE002491,MCH0569,LIN014,FAC005,FLR002491,MWO002491,2025-08-25 00:34:38,Machine Breakdown,4.26,346,153980.71,Resolved,Medium
DTE002492,MCH0216,LIN028,FAC010,FLR002492,MWO002492,2023-05-23 15:09:26,Machine Breakdown,4.29,892,852990.07,Resolved,Critical
DTE002493,MCH0516,LIN030,FAC010,FLR002493,MWO002493,2024-06-23 17:55:04,Machine Breakdown,4.32,579,514656.17,Resolved,Critical
DTE002494,MCH0206,LIN007,FAC003,FLR002494,MWO002494,2024-09-26 04:10:51,Machine Breakdown,18.99,2133,852098.6,Resolved,Medium
DTE002495,MCH0105,LIN004,FAC002,FLR002495,MWO002495,2023-02-07 14:55:30,Machine Breakdown,2.27,356,356689.56,Resolved,Low
DTE002496,MCH0488,LIN023,FAC008,FLR002496,MWO002496,2023-01-16 18:33:31,Machine Breakdown,8.6,1894,564979.82,Resolved,High
DTE002497,MCH0445,LIN029,FAC010,FLR002497,MWO002497,2025-06-15 05:52:44,Machine Breakdown,7.04,888,1042678.99,Resolved,Medium
DTE002498,MCH0369,LIN012,FAC004,FLR002498,MWO002498,2026-04-26 06:43:01,Machine Breakdown,4.11,326,281768.92,Resolved,High
DTE002499,MCH0165,LIN029,FAC010,FLR002499,MWO002499,2023-06-17 20:14:11,Machine Breakdown,11.99,502,79273.44,Resolved,Critical
DTE002500,MCH0390,LIN011,FAC004,FLR002500,MWO002500,2025-03-08 14:20:47,Machine Breakdown,17.54,750,784585.39,Resolved,Low
DTE002501,MCH0533,LIN017,FAC006,FLR002501,MWO002501,2023-09-21 00:53:59,Machine Breakdown,4.11,561,403695.02,Resolved,High
DTE002502,MCH0328,LIN024,FAC008,FLR002502,MWO002502,2023-04-10 05:05:25,Machine Breakdown,2.77,492,269096.1,Resolved,Medium
DTE002503,MCH0232,LIN030,FAC010,FLR002503,MWO002503,2026-05-07 07:30:04,Machine Breakdown,3.7,388,141600.35,Resolved,Medium
DTE002504,MCH0555,LIN021,FAC007,FLR002504,MWO002504,2025-07-21 15:37:14,Machine Breakdown,6.4,1228,830867.86,Resolved,Critical
DTE002505,MCH0292,LIN015,FAC005,FLR002505,MWO002505,2023-08-17 15:29:18,Machine Breakdown,2.84,361,298190.37,Open,High
DTE002506,MCH0014,LIN029,FAC010,FLR002506,MWO002506,2024-06-14 02:53:19,Machine Breakdown,2.88,609,640181.67,Resolved,Medium
DTE002507,MCH0371,LIN005,FAC002,FLR002507,MWO002507,2026-03-22 05:24:41,Machine Breakdown,1.3,111,113698.4,Resolved,Medium
DTE002508,MCH0300,LIN002,FAC001,FLR002508,MWO002508,2023-08-22 05:49:09,Machine Breakdown,14.1,1044,1214918.15,Resolved,Medium
DTE002509,MCH0229,LIN014,FAC005,FLR002509,MWO002509,2025-05-17 08:34:55,Machine Breakdown,13.42,1331,342824.11,Open,Low
DTE002510,MCH0014,LIN029,FAC010,FLR002510,MWO002510,2025-01-04 18:30:40,Machine Breakdown,9.54,1968,1659104.09,Resolved,Medium
DTE002511,MCH0549,LIN013,FAC005,FLR002511,MWO002511,2025-03-31 09:57:25,Machine Breakdown,1.99,467,101800.19,Resolved,Medium
DTE002512,MCH0396,LIN028,FAC010,FLR002512,MWO002512,2024-02-25 15:39:47,Machine Breakdown,10.38,1086,1220286.56,Resolved,Critical
DTE002513,MCH0375,LIN005,FAC002,FLR002513,MWO002513,2023-09-17 04:39:51,Machine Breakdown,6.99,1149,1189741.55,Resolved,Medium
DTE002514,MCH0544,LIN003,FAC001,FLR002514,MWO002514,2023-12-07 17:56:13,Machine Breakdown,7.01,821,863642.71,Resolved,Medium
DTE002515,MCH0600,LIN014,FAC005,FLR002515,MWO002515,2023-06-05 10:56:55,Machine Breakdown,10.78,1138,689391.54,Resolved,Low
DTE002516,MCH0533,LIN017,FAC006,FLR002516,MWO002516,2023-04-13 13:25:20,Machine Breakdown,3.88,674,730685.93,Resolved,Medium
DTE002517,MCH0266,LIN021,FAC007,FLR002517,MWO002517,2024-11-21 02:41:02,Machine Breakdown,5.85,572,520590.97,Resolved,Medium
DTE002518,MCH0048,LIN024,FAC008,FLR002518,MWO002518,2024-11-21 16:12:27,Machine Breakdown,0.87,170,68603.78,Resolved,Medium
DTE002519,MCH0498,LIN011,FAC004,FLR002519,MWO002519,2024-12-30 13:28:17,Machine Breakdown,16.82,3993,826233.9,Resolved,High
DTE002520,MCH0066,LIN011,FAC004,FLR002520,MWO002520,2024-11-14 15:59:20,Machine Breakdown,11.75,480,254206.57,Resolved,Medium
DTE002521,MCH0299,LIN014,FAC005,FLR002521,MWO002521,2025-05-15 03:04:04,Machine Breakdown,2.57,118,50748.38,Resolved,Medium
DTE002522,MCH0570,LIN005,FAC002,FLR002522,MWO002522,2024-10-15 01:10:25,Machine Breakdown,3.43,612,499240.44,Resolved,Low
DTE002523,MCH0133,LIN013,FAC005,FLR002523,MWO002523,2024-07-09 17:32:06,Machine Breakdown,4.1,519,431171.9,Resolved,Medium
DTE002524,MCH0234,LIN001,FAC001,FLR002524,MWO002524,2024-03-25 14:25:08,Machine Breakdown,5.2,1166,970417.9,Resolved,Medium
DTE002525,MCH0134,LIN006,FAC002,FLR002525,MWO002525,2023-02-24 10:23:58,Machine Breakdown,38.85,8135,9508950.61,Resolved,Medium
DTE002526,MCH0168,LIN015,FAC005,FLR002526,MWO002526,2023-01-23 17:27:43,Machine Breakdown,15.03,2357,1374657.69,Resolved,Medium
DTE002527,MCH0203,LIN016,FAC006,FLR002527,MWO002527,2025-06-15 12:01:11,Machine Breakdown,9.65,2098,2050473.86,Resolved,Critical
DTE002528,MCH0464,LIN002,FAC001,FLR002528,MWO002528,2025-08-14 02:14:28,Machine Breakdown,7.17,986,1155311.05,Resolved,Low
DTE002529,MCH0088,LIN015,FAC005,FLR002529,MWO002529,2023-08-08 10:08:30,Machine Breakdown,21.37,1459,1117448.59,Resolved,High
DTE002530,MCH0088,LIN015,FAC005,FLR002530,MWO002530,2024-06-03 00:01:01,Machine Breakdown,7.07,1227,585829.89,Resolved,Medium
DTE002531,MCH0419,LIN008,FAC003,FLR002531,MWO002531,2024-02-22 00:50:02,Machine Breakdown,3.55,539,566318.38,Resolved,High
DTE002532,MCH0167,LIN020,FAC007,FLR002532,MWO002532,2024-09-28 03:33:08,Machine Breakdown,5.01,375,313965.75,Resolved,Low
DTE002533,MCH0559,LIN019,FAC007,FLR002533,MWO002533,2025-12-05 10:00:13,Machine Breakdown,7.45,1054,632748.06,Resolved,Medium
DTE002534,MCH0317,LIN021,FAC007,FLR002534,MWO002534,2025-01-27 17:05:11,Machine Breakdown,7.92,1342,1558798.43,Resolved,Critical
DTE002535,MCH0315,LIN015,FAC005,FLR002535,MWO002535,2023-09-20 05:54:57,Machine Breakdown,9.52,2198,357034.65,Resolved,Low
DTE002536,MCH0232,LIN030,FAC010,FLR002536,MWO002536,2024-04-09 08:19:02,Machine Breakdown,10.51,1741,501390.12,Resolved,High
DTE002537,MCH0405,LIN026,FAC009,FLR002537,MWO002537,2023-12-22 15:11:16,Machine Breakdown,10.03,1869,1854289.75,Resolved,Medium
DTE002538,MCH0530,LIN014,FAC005,FLR002538,MWO002538,2025-08-24 00:01:01,Machine Breakdown,27.07,2425,1336086.69,Resolved,Medium
DTE002539,MCH0111,LIN012,FAC004,FLR002539,MWO002539,2025-08-23 01:03:23,Machine Breakdown,7.72,1277,1022348.31,Resolved,Low
DTE002540,MCH0017,LIN015,FAC005,FLR002540,MWO002540,2023-08-29 11:38:30,Machine Breakdown,7.17,1356,577879.54,Resolved,Medium
DTE002541,MCH0365,LIN014,FAC005,FLR002541,MWO002541,2023-10-12 12:24:45,Machine Breakdown,13.12,1312,663082.88,Resolved,High
DTE002542,MCH0557,LIN030,FAC010,FLR002542,MWO002542,2025-05-09 20:35:52,Machine Breakdown,18.99,1071,626108.02,Resolved,Low
DTE002543,MCH0153,LIN017,FAC006,FLR002543,MWO002543,2025-12-08 16:16:17,Machine Breakdown,0.37,27,6920.46,Resolved,Medium
DTE002544,MCH0580,LIN007,FAC003,FLR002544,MWO002544,2024-11-06 05:00:45,Machine Breakdown,9.21,1349,331757.99,Resolved,High
DTE002545,MCH0488,LIN023,FAC008,FLR002545,MWO002545,2024-05-14 11:10:22,Machine Breakdown,12.07,1291,1477112.92,Resolved,Medium
DTE002546,MCH0427,LIN027,FAC009,FLR002546,MWO002546,2024-02-27 04:18:44,Machine Breakdown,6.39,1460,1359651.41,Resolved,Medium
DTE002547,MCH0178,LIN023,FAC008,FLR002547,MWO002547,2025-11-15 02:00:14,Machine Breakdown,2.26,223,51746.77,Open,High
DTE002548,MCH0474,LIN003,FAC001,FLR002548,MWO002548,2024-07-03 09:30:26,Machine Breakdown,4.54,1009,329221.6,Resolved,High
DTE002549,MCH0339,LIN019,FAC007,FLR002549,MWO002549,2024-06-28 12:22:56,Machine Breakdown,3.22,772,148899.5,Open,High
DTE002550,MCH0260,LIN005,FAC002,FLR002550,MWO002550,2023-10-08 22:34:30,Machine Breakdown,10.48,1637,1169858.31,Resolved,Medium
DTE002551,MCH0117,LIN013,FAC005,FLR002551,MWO002551,2023-12-01 14:06:39,Machine Breakdown,2.31,340,113583.83,Resolved,Medium
DTE002552,MCH0302,LIN016,FAC006,FLR002552,MWO002552,2025-08-26 10:03:11,Machine Breakdown,1.48,83,25848.74,Resolved,Critical
DTE002553,MCH0578,LIN030,FAC010,FLR002553,MWO002553,2024-01-16 16:00:23,Machine Breakdown,8.0,1095,814665.02,Resolved,Medium
DTE002554,MCH0425,LIN014,FAC005,FLR002554,MWO002554,2024-04-05 07:01:53,Machine Breakdown,5.49,1257,262113.31,Resolved,Medium
DTE002555,MCH0256,LIN005,FAC002,FLR002555,MWO002555,2026-04-13 04:00:03,Machine Breakdown,10.14,1313,608130.29,Resolved,High
DTE002556,MCH0101,LIN022,FAC008,FLR002556,MWO002556,2026-04-05 18:52:35,Machine Breakdown,4.83,654,462584.13,Resolved,Medium
DTE002557,MCH0061,LIN026,FAC009,FLR002557,MWO002557,2025-11-17 15:13:47,Machine Breakdown,16.09,2322,2689602.68,Resolved,Critical
DTE002558,MCH0138,LIN003,FAC001,FLR002558,MWO002558,2023-04-30 12:29:18,Machine Breakdown,9.54,483,142665.06,Resolved,Medium
DTE002559,MCH0377,LIN009,FAC003,FLR002559,MWO002559,2025-04-10 16:24:23,Machine Breakdown,12.51,896,346401.43,Resolved,Low
DTE002560,MCH0394,LIN001,FAC001,FLR002560,MWO002560,2025-04-08 21:23:33,Machine Breakdown,12.02,1285,337304.56,Resolved,Low
DTE002561,MCH0525,LIN017,FAC006,FLR002561,MWO002561,2024-05-24 18:33:26,Machine Breakdown,2.8,263,76460.32,Resolved,Low
DTE002562,MCH0376,LIN005,FAC002,FLR002562,MWO002562,2025-08-05 10:14:24,Machine Breakdown,6.01,937,579286.7,Resolved,Medium
DTE002563,MCH0155,LIN022,FAC008,FLR002563,MWO002563,2024-07-26 18:04:52,Machine Breakdown,15.61,1572,1117575.13,Open,Medium
DTE002564,MCH0486,LIN029,FAC010,FLR002564,MWO002564,2024-03-16 16:19:58,Machine Breakdown,7.88,370,219229.91,Resolved,Medium
DTE002565,MCH0158,LIN027,FAC009,FLR002565,MWO002565,2024-10-15 05:44:50,Machine Breakdown,4.19,368,134190.03,Resolved,Critical
DTE002566,MCH0247,LIN026,FAC009,FLR002566,MWO002566,2026-06-18 05:08:00,Machine Breakdown,2.01,405,434973.56,Resolved,Medium
DTE002567,MCH0518,LIN020,FAC007,FLR002567,MWO002567,2023-09-18 11:08:00,Machine Breakdown,17.25,728,765776.33,Resolved,High
DTE002568,MCH0353,LIN002,FAC001,FLR002568,MWO002568,2025-04-24 04:52:26,Machine Breakdown,10.91,1971,866138.99,Resolved,Medium
DTE002569,MCH0123,LIN019,FAC007,FLR002569,MWO002569,2025-10-09 06:54:24,Machine Breakdown,15.85,3345,2152292.25,Resolved,High
DTE002570,MCH0184,LIN001,FAC001,FLR002570,MWO002570,2023-07-02 17:44:09,Machine Breakdown,4.53,538,533067.48,Resolved,Low
DTE002571,MCH0328,LIN024,FAC008,FLR002571,MWO002571,2024-09-03 14:56:35,Machine Breakdown,3.77,744,666950.69,Resolved,High
DTE002572,MCH0456,LIN003,FAC001,FLR002572,MWO002572,2024-01-28 19:30:09,Machine Breakdown,8.31,725,650272.41,Resolved,Low
DTE002573,MCH0376,LIN005,FAC002,FLR002573,MWO002573,2026-06-17 00:28:08,Machine Breakdown,5.22,1000,586688.59,Resolved,Low
DTE002574,MCH0374,LIN013,FAC005,FLR002574,MWO002574,2023-02-12 04:14:25,Machine Breakdown,6.52,1313,1536295.98,Resolved,Medium
DTE002575,MCH0484,LIN019,FAC007,FLR002575,MWO002575,2024-06-20 11:50:48,Machine Breakdown,8.52,1636,1022058.88,Resolved,Medium
DTE002576,MCH0208,LIN030,FAC010,FLR002576,MWO002576,2025-02-04 02:17:45,Machine Breakdown,4.35,969,703757.82,Resolved,Medium
DTE002577,MCH0100,LIN014,FAC005,FLR002577,MWO002577,2024-07-28 18:02:19,Machine Breakdown,9.47,971,633441.08,Resolved,Critical
DTE002578,MCH0016,LIN009,FAC003,FLR002578,MWO002578,2024-09-03 00:14:23,Machine Breakdown,6.52,774,476314.65,Resolved,High
DTE002579,MCH0049,LIN007,FAC003,FLR002579,MWO002579,2024-05-08 01:33:41,Machine Breakdown,2.43,168,75999.24,Resolved,Medium
DTE002580,MCH0010,LIN011,FAC004,FLR002580,MWO002580,2025-10-20 05:19:23,Machine Breakdown,4.01,960,330692.13,Resolved,Medium
DTE002581,MCH0541,LIN019,FAC007,FLR002581,MWO002581,2023-09-11 23:49:48,Machine Breakdown,6.74,1142,1292717.16,Resolved,High
DTE002582,MCH0173,LIN020,FAC007,FLR002582,MWO002582,2024-09-09 20:41:18,Machine Breakdown,15.59,3344,2417389.58,Resolved,Medium
DTE002583,MCH0536,LIN030,FAC010,FLR002583,MWO002583,2026-03-01 21:26:12,Machine Breakdown,4.31,656,356243.19,Resolved,High
DTE002584,MCH0056,LIN027,FAC009,FLR002584,MWO002584,2023-10-08 20:58:08,Machine Breakdown,9.63,1570,789281.3,Open,Low
DTE002585,MCH0541,LIN019,FAC007,FLR002585,MWO002585,2025-05-26 03:19:09,Machine Breakdown,19.45,4213,1132801.16,Resolved,Low
DTE002586,MCH0349,LIN024,FAC008,FLR002586,MWO002586,2025-07-14 07:50:39,Machine Breakdown,18.55,2276,2693775.07,Resolved,Medium
DTE002587,MCH0478,LIN008,FAC003,FLR002587,MWO002587,2025-03-25 11:17:00,Machine Breakdown,4.99,206,171520.29,Resolved,Medium
DTE002588,MCH0111,LIN012,FAC004,FLR002588,MWO002588,2023-02-02 20:57:03,Machine Breakdown,9.26,807,338716.86,Resolved,Low
DTE002589,MCH0039,LIN009,FAC003,FLR002589,MWO002589,2024-07-28 10:33:38,Machine Breakdown,1.57,145,160248.12,Resolved,High
DTE002590,MCH0024,LIN022,FAC008,FLR002590,MWO002590,2026-03-20 19:37:05,Machine Breakdown,10.27,1912,1376237.93,Resolved,High
DTE002591,MCH0141,LIN006,FAC002,FLR002591,MWO002591,2025-07-07 09:33:11,Machine Breakdown,15.99,2466,1572590.49,Resolved,High
DTE002592,MCH0547,LIN005,FAC002,FLR002592,MWO002592,2025-04-13 08:24:09,Machine Breakdown,8.99,1286,1418164.16,Resolved,Medium
DTE002593,MCH0306,LIN010,FAC004,FLR002593,MWO002593,2026-05-09 00:06:27,Machine Breakdown,3.41,800,435041.34,Resolved,Medium
DTE002594,MCH0472,LIN011,FAC004,FLR002594,MWO002594,2025-09-10 07:16:43,Machine Breakdown,12.01,649,157766.59,Resolved,High
DTE002595,MCH0562,LIN011,FAC004,FLR002595,MWO002595,2026-04-19 00:12:13,Machine Breakdown,0.91,212,235138.11,Open,Medium
DTE002596,MCH0431,LIN023,FAC008,FLR002596,MWO002596,2024-01-05 04:37:11,Machine Breakdown,6.2,1267,1498874.13,Resolved,Medium
DTE002597,MCH0192,LIN007,FAC003,FLR002597,MWO002597,2025-12-27 21:03:14,Machine Breakdown,6.16,758,344473.85,Resolved,High
DTE002598,MCH0258,LIN026,FAC009,FLR002598,MWO002598,2025-02-17 01:51:38,Machine Breakdown,4.56,965,557862.16,Resolved,Medium
DTE002599,MCH0497,LIN029,FAC010,FLR002599,MWO002599,2024-12-12 05:45:07,Machine Breakdown,4.92,529,353741.76,Resolved,Critical
DTE002600,MCH0107,LIN010,FAC004,FLR002600,MWO002600,2024-12-08 07:31:25,Machine Breakdown,13.06,2268,1051343.96,Resolved,Low
DTE002601,MCH0221,LIN027,FAC009,FLR002601,MWO002601,2024-09-03 21:08:19,Machine Breakdown,9.6,1083,790649.9,Resolved,Medium
DTE002602,MCH0437,LIN015,FAC005,FLR002602,MWO002602,2024-07-17 20:04:59,Machine Breakdown,2.48,362,285483.59,Resolved,Medium
DTE002603,MCH0240,LIN015,FAC005,FLR002603,MWO002603,2024-10-22 19:32:24,Machine Breakdown,5.26,1046,476942.9,Resolved,High
DTE002604,MCH0033,LIN010,FAC004,FLR002604,MWO002604,2024-08-20 21:00:59,Machine Breakdown,11.32,1177,341853.94,Resolved,Medium
DTE002605,MCH0367,LIN007,FAC003,FLR002605,MWO002605,2025-11-20 03:17:28,Machine Breakdown,6.36,1197,1262297.76,Resolved,Medium
DTE002606,MCH0274,LIN024,FAC008,FLR002606,MWO002606,2024-04-13 12:00:38,Machine Breakdown,4.28,968,327180.0,Resolved,Low
DTE002607,MCH0457,LIN007,FAC003,FLR002607,MWO002607,2023-09-04 08:02:01,Machine Breakdown,7.95,1520,1214365.53,Resolved,Medium
DTE002608,MCH0376,LIN005,FAC002,FLR002608,MWO002608,2023-10-06 04:22:19,Machine Breakdown,0.63,139,43537.38,Resolved,Medium
DTE002609,MCH0358,LIN027,FAC009,FLR002609,MWO002609,2025-02-05 12:37:39,Machine Breakdown,1.67,97,96766.01,Resolved,Medium
DTE002610,MCH0133,LIN013,FAC005,FLR002610,MWO002610,2024-10-27 02:42:05,Machine Breakdown,4.0,917,655839.53,Resolved,High
DTE002611,MCH0201,LIN006,FAC002,FLR002611,MWO002611,2023-03-22 00:47:20,Machine Breakdown,11.07,2104,2467989.26,Resolved,High
DTE002612,MCH0371,LIN005,FAC002,FLR002612,MWO002612,2025-10-20 09:54:19,Machine Breakdown,5.31,732,654571.24,Resolved,High
DTE002613,MCH0026,LIN006,FAC002,FLR002613,MWO002613,2024-12-26 17:01:30,Machine Breakdown,6.48,1085,722753.21,Resolved,High
DTE002614,MCH0465,LIN002,FAC001,FLR002614,MWO002614,2025-05-06 07:11:27,Machine Breakdown,4.85,553,108975.07,Resolved,High
DTE002615,MCH0399,LIN028,FAC010,FLR002615,MWO002615,2023-04-14 03:33:51,Machine Breakdown,9.91,1887,733151.02,Resolved,High
DTE002616,MCH0485,LIN007,FAC003,FLR002616,MWO002616,2026-04-12 10:53:56,Machine Breakdown,3.89,341,231732.54,Resolved,High
DTE002617,MCH0200,LIN004,FAC002,FLR002617,MWO002617,2023-06-22 22:34:55,Machine Breakdown,6.45,823,372767.34,Resolved,High
DTE002618,MCH0065,LIN005,FAC002,FLR002618,MWO002618,2025-01-22 11:10:00,Machine Breakdown,10.67,2289,1051185.67,Resolved,Medium
DTE002619,MCH0238,LIN007,FAC003,FLR002619,MWO002619,2023-09-22 22:24:19,Machine Breakdown,13.54,3165,2103081.7,Resolved,Medium
DTE002620,MCH0369,LIN012,FAC004,FLR002620,MWO002620,2025-10-16 02:23:37,Machine Breakdown,9.26,2177,1070202.73,Resolved,Medium
DTE002621,MCH0208,LIN030,FAC010,FLR002621,MWO002621,2023-10-22 17:52:30,Machine Breakdown,2.79,583,87686.62,Resolved,High
DTE002622,MCH0435,LIN027,FAC009,FLR002622,MWO002622,2026-04-25 20:22:37,Machine Breakdown,13.68,1360,248565.4,Resolved,Medium
DTE002623,MCH0404,LIN007,FAC003,FLR002623,MWO002623,2025-09-19 22:13:33,Machine Breakdown,7.23,1526,1092196.03,Resolved,High
DTE002624,MCH0478,LIN008,FAC003,FLR002624,MWO002624,2025-08-29 10:04:12,Machine Breakdown,2.64,369,413423.36,Resolved,Critical
DTE002625,MCH0420,LIN015,FAC005,FLR002625,MWO002625,2024-12-02 08:05:35,Machine Breakdown,4.31,298,171623.38,Resolved,Medium
DTE002626,MCH0332,LIN025,FAC009,FLR002626,MWO002626,2024-04-05 01:37:33,Machine Breakdown,4.25,894,951627.27,Resolved,Medium
DTE002627,MCH0114,LIN004,FAC002,FLR002627,MWO002627,2025-02-19 08:55:51,Machine Breakdown,6.03,869,415415.46,Resolved,Medium
DTE002628,MCH0429,LIN004,FAC002,FLR002628,MWO002628,2023-01-31 18:09:29,Machine Breakdown,10.58,2267,762397.07,Resolved,High
DTE002629,MCH0022,LIN024,FAC008,FLR002629,MWO002629,2025-11-07 13:21:30,Machine Breakdown,16.78,3152,2707481.33,Resolved,High
DTE002630,MCH0578,LIN030,FAC010,FLR002630,MWO002630,2024-07-26 15:13:46,Machine Breakdown,21.34,1373,1460096.26,Open,Medium
DTE002631,MCH0138,LIN003,FAC001,FLR002631,MWO002631,2025-10-07 09:46:01,Machine Breakdown,20.73,1305,1409878.77,Open,Low
DTE002632,MCH0572,LIN017,FAC006,FLR002632,MWO002632,2023-09-13 21:33:50,Machine Breakdown,2.74,493,318085.66,Resolved,Critical
DTE002633,MCH0409,LIN021,FAC007,FLR002633,MWO002633,2026-04-10 09:27:50,Machine Breakdown,5.48,945,484521.3,Resolved,Low
DTE002634,MCH0340,LIN012,FAC004,FLR002634,MWO002634,2026-04-12 21:47:46,Machine Breakdown,21.94,2908,2956058.05,Resolved,Medium
DTE002635,MCH0221,LIN027,FAC009,FLR002635,MWO002635,2024-01-10 11:57:26,Machine Breakdown,15.61,893,495829.61,Resolved,High
DTE002636,MCH0466,LIN005,FAC002,FLR002636,MWO002636,2025-12-02 01:26:31,Machine Breakdown,3.02,247,43711.31,Resolved,Critical
DTE002637,MCH0270,LIN013,FAC005,FLR002637,MWO002637,2025-05-21 00:46:02,Machine Breakdown,2.15,199,156778.5,Resolved,Medium
DTE002638,MCH0396,LIN028,FAC010,FLR002638,MWO002638,2024-09-17 22:05:59,Machine Breakdown,9.79,883,741146.31,Resolved,High
DTE002639,MCH0027,LIN014,FAC005,FLR002639,MWO002639,2025-08-02 19:20:14,Machine Breakdown,15.26,2043,1973765.65,Resolved,Critical
DTE002640,MCH0501,LIN019,FAC007,FLR002640,MWO002640,2025-03-09 11:19:28,Machine Breakdown,10.42,888,543300.97,Resolved,Critical
DTE002641,MCH0467,LIN027,FAC009,FLR002641,MWO002641,2023-04-17 08:07:36,Machine Breakdown,8.87,590,624163.34,Resolved,Low
DTE002642,MCH0088,LIN015,FAC005,FLR002642,MWO002642,2025-12-01 13:21:24,Machine Breakdown,1.63,354,91360.44,Resolved,Medium
DTE002643,MCH0078,LIN001,FAC001,FLR002643,MWO002643,2025-07-19 05:14:46,Machine Breakdown,37.13,6835,2182393.7,Resolved,High
DTE002644,MCH0596,LIN022,FAC008,FLR002644,MWO002644,2025-10-18 17:36:54,Machine Breakdown,7.42,1657,259002.91,Resolved,Critical
DTE002645,MCH0358,LIN027,FAC009,FLR002645,MWO002645,2024-04-20 13:31:07,Machine Breakdown,2.39,109,122050.83,Resolved,Critical
DTE002646,MCH0034,LIN007,FAC003,FLR002646,MWO002646,2023-04-06 05:07:38,Machine Breakdown,10.13,757,302756.1,Resolved,Medium
DTE002647,MCH0346,LIN015,FAC005,FLR002647,MWO002647,2024-02-15 00:42:32,Machine Breakdown,3.14,711,434871.01,Resolved,High
DTE002648,MCH0351,LIN021,FAC007,FLR002648,MWO002648,2024-01-09 02:49:44,Machine Breakdown,7.82,1614,815973.12,Resolved,Low
DTE002649,MCH0478,LIN008,FAC003,FLR002649,MWO002649,2025-09-29 06:59:06,Machine Breakdown,10.89,1159,509087.38,Resolved,Medium
DTE002650,MCH0028,LIN004,FAC002,FLR002650,MWO002650,2024-12-29 14:28:41,Machine Breakdown,7.4,645,505516.15,Resolved,Critical
DTE002651,MCH0116,LIN010,FAC004,FLR002651,MWO002651,2023-12-27 14:43:14,Machine Breakdown,3.88,865,693505.33,Resolved,Medium
DTE002652,MCH0326,LIN026,FAC009,FLR002652,MWO002652,2023-05-20 14:16:28,Machine Breakdown,13.28,1125,1223683.97,Resolved,High
DTE002653,MCH0270,LIN013,FAC005,FLR002653,MWO002653,2023-03-01 14:50:32,Machine Breakdown,11.54,1513,271091.8,Resolved,Medium
DTE002654,MCH0120,LIN007,FAC003,FLR002654,MWO002654,2024-09-24 20:00:52,Machine Breakdown,8.56,1215,547010.63,Resolved,Medium
DTE002655,MCH0292,LIN015,FAC005,FLR002655,MWO002655,2026-03-26 07:12:44,Machine Breakdown,2.51,369,257102.43,Resolved,Medium
DTE002656,MCH0122,LIN001,FAC001,FLR002656,MWO002656,2025-03-18 11:10:23,Machine Breakdown,3.96,578,473168.95,Resolved,High
DTE002657,MCH0569,LIN014,FAC005,FLR002657,MWO002657,2023-01-31 13:27:31,Machine Breakdown,2.09,311,213590.55,Resolved,Medium
DTE002658,MCH0316,LIN029,FAC010,FLR002658,MWO002658,2026-03-28 23:25:08,Machine Breakdown,7.09,481,476901.82,Resolved,Critical
DTE002659,MCH0061,LIN026,FAC009,FLR002659,MWO002659,2023-07-28 18:36:52,Machine Breakdown,5.14,552,141976.28,Resolved,Medium
DTE002660,MCH0063,LIN013,FAC005,FLR002660,MWO002660,2025-03-12 05:57:06,Machine Breakdown,13.72,1325,886540.16,Open,High
DTE002661,MCH0396,LIN028,FAC010,FLR002661,MWO002661,2023-08-13 17:49:12,Machine Breakdown,9.39,514,519715.0,Resolved,High
DTE002662,MCH0227,LIN023,FAC008,FLR002662,MWO002662,2024-08-04 13:25:14,Machine Breakdown,5.08,978,1103084.45,Resolved,Medium
DTE002663,MCH0495,LIN009,FAC003,FLR002663,MWO002663,2024-05-09 10:55:42,Machine Breakdown,3.06,609,556739.52,Resolved,Medium
DTE002664,MCH0406,LIN002,FAC001,FLR002664,MWO002664,2024-10-15 11:11:39,Machine Breakdown,13.69,1097,504347.76,Resolved,High
DTE002665,MCH0218,LIN007,FAC003,FLR002665,MWO002665,2023-11-09 01:36:56,Machine Breakdown,8.09,1399,1474567.98,Resolved,High
DTE002666,MCH0443,LIN021,FAC007,FLR002666,MWO002666,2024-10-06 08:57:17,Machine Breakdown,1.89,388,58493.68,Resolved,Medium
DTE002667,MCH0212,LIN030,FAC010,FLR002667,MWO002667,2025-05-07 15:19:49,Machine Breakdown,14.08,590,517716.14,Resolved,Medium
DTE002668,MCH0188,LIN004,FAC002,FLR002668,MWO002668,2026-03-14 22:47:22,Machine Breakdown,10.44,2431,1365507.51,Resolved,Medium
DTE002669,MCH0503,LIN002,FAC001,FLR002669,MWO002669,2025-02-02 17:18:44,Machine Breakdown,9.87,795,514512.04,Resolved,Low
DTE002670,MCH0251,LIN017,FAC006,FLR002670,MWO002670,2025-12-09 20:30:40,Machine Breakdown,8.08,1665,875900.33,Resolved,Medium
DTE002671,MCH0521,LIN019,FAC007,FLR002671,MWO002671,2024-02-04 06:55:57,Machine Breakdown,8.48,1771,753615.87,Resolved,Critical
DTE002672,MCH0046,LIN029,FAC010,FLR002672,MWO002672,2025-12-08 22:49:46,Machine Breakdown,1.82,96,58943.12,Open,Medium
DTE002673,MCH0530,LIN014,FAC005,FLR002673,MWO002673,2023-05-02 14:58:06,Machine Breakdown,3.73,476,158744.66,Resolved,Medium
DTE002674,MCH0135,LIN015,FAC005,FLR002674,MWO002674,2026-01-18 12:20:20,Machine Breakdown,8.59,1173,1266517.89,Resolved,High
DTE002675,MCH0485,LIN007,FAC003,FLR002675,MWO002675,2025-01-07 16:25:15,Machine Breakdown,2.17,219,109651.46,Resolved,High
DTE002676,MCH0194,LIN015,FAC005,FLR002676,MWO002676,2023-04-01 14:44:28,Machine Breakdown,15.39,3097,489604.96,Resolved,Medium
DTE002677,MCH0595,LIN028,FAC010,FLR002677,MWO002677,2024-07-21 02:05:56,Machine Breakdown,2.08,408,346634.13,Resolved,Medium
DTE002678,MCH0344,LIN019,FAC007,FLR002678,MWO002678,2023-09-28 12:01:13,Machine Breakdown,25.35,2442,1193454.63,Resolved,Medium
DTE002679,MCH0053,LIN007,FAC003,FLR002679,MWO002679,2024-10-29 07:57:50,Machine Breakdown,7.82,563,329500.07,Resolved,High
DTE002680,MCH0589,LIN023,FAC008,FLR002680,MWO002680,2024-08-06 11:47:23,Machine Breakdown,14.23,2595,929460.55,Open,High
DTE002681,MCH0122,LIN001,FAC001,FLR002681,MWO002681,2023-10-03 13:14:11,Machine Breakdown,2.42,444,276353.82,Resolved,Low
DTE002682,MCH0491,LIN021,FAC007,FLR002682,MWO002682,2026-02-12 20:06:04,Machine Breakdown,6.0,493,487599.13,Resolved,Medium
DTE002683,MCH0342,LIN026,FAC009,FLR002683,MWO002683,2024-02-17 23:14:37,Machine Breakdown,3.72,803,649995.16,Resolved,Medium
DTE002684,MCH0551,LIN025,FAC009,FLR002684,MWO002684,2023-05-18 04:45:04,Machine Breakdown,9.28,686,475796.7,Resolved,Critical
DTE002685,MCH0073,LIN002,FAC001,FLR002685,MWO002685,2026-01-22 11:19:03,Machine Breakdown,7.75,1333,208159.72,Resolved,High
DTE002686,MCH0483,LIN029,FAC010,FLR002686,MWO002686,2024-02-14 09:06:27,Machine Breakdown,4.54,1041,676101.13,Resolved,Critical
DTE002687,MCH0266,LIN021,FAC007,FLR002687,MWO002687,2025-10-14 01:53:27,Machine Breakdown,18.37,3434,1875342.88,Resolved,Critical
DTE002688,MCH0250,LIN007,FAC003,FLR002688,MWO002688,2023-05-24 23:45:22,Machine Breakdown,9.97,655,647338.22,Resolved,Low
DTE002689,MCH0531,LIN021,FAC007,FLR002689,MWO002689,2025-06-16 19:04:31,Machine Breakdown,13.82,2478,2552539.41,Resolved,Low
DTE002690,MCH0430,LIN016,FAC006,FLR002690,MWO002690,2024-09-11 15:56:58,Machine Breakdown,18.44,1944,1713710.45,Resolved,Low
DTE002691,MCH0007,LIN021,FAC007,FLR002691,MWO002691,2023-03-01 08:12:18,Machine Breakdown,2.91,647,671429.84,Resolved,Medium
DTE002692,MCH0445,LIN029,FAC010,FLR002692,MWO002692,2026-02-13 21:50:51,Machine Breakdown,4.11,870,434857.88,Resolved,Medium
DTE002693,MCH0083,LIN010,FAC004,FLR002693,MWO002693,2023-01-11 10:15:03,Machine Breakdown,20.96,4528,2050382.47,Resolved,High
DTE002694,MCH0188,LIN004,FAC002,FLR002694,MWO002694,2024-06-21 23:33:11,Machine Breakdown,20.14,4477,844002.14,Resolved,Critical
DTE002695,MCH0158,LIN027,FAC009,FLR002695,MWO002695,2024-11-01 22:54:34,Machine Breakdown,10.13,1514,1283519.39,Open,Medium
DTE002696,MCH0542,LIN004,FAC002,FLR002696,MWO002696,2025-07-26 09:14:30,Machine Breakdown,6.1,1076,1133488.81,Resolved,Medium
DTE002697,MCH0442,LIN001,FAC001,FLR002697,MWO002697,2025-09-10 12:49:07,Machine Breakdown,4.78,793,451968.45,Resolved,Medium
DTE002698,MCH0492,LIN009,FAC003,FLR002698,MWO002698,2023-06-02 02:33:26,Machine Breakdown,3.44,656,228200.73,Resolved,Critical
DTE002699,MCH0413,LIN022,FAC008,FLR002699,MWO002699,2023-04-14 18:18:55,Machine Breakdown,5.84,1004,330551.64,Resolved,Medium
DTE002700,MCH0065,LIN005,FAC002,FLR002700,MWO002700,2023-09-20 09:24:59,Machine Breakdown,13.58,1558,1750791.34,Resolved,Low
DTE002701,MCH0439,LIN026,FAC009,FLR002701,MWO002701,2024-11-01 18:14:14,Machine Breakdown,11.1,2121,2386768.63,Resolved,High
DTE002702,MCH0110,LIN002,FAC001,FLR002702,MWO002702,2025-04-24 01:30:40,Machine Breakdown,3.85,816,336826.83,Resolved,Medium
DTE002703,MCH0576,LIN020,FAC007,FLR002703,MWO002703,2023-05-18 01:29:13,Machine Breakdown,4.15,833,277660.99,Resolved,High
DTE002704,MCH0479,LIN007,FAC003,FLR002704,MWO002704,2023-10-14 23:09:05,Machine Breakdown,8.73,627,238847.31,Resolved,Low
DTE002705,MCH0319,LIN007,FAC003,FLR002705,MWO002705,2025-11-21 14:34:19,Machine Breakdown,15.08,1855,886635.47,Open,High
DTE002706,MCH0384,LIN021,FAC007,FLR002706,MWO002706,2023-06-08 05:38:57,Machine Breakdown,13.79,2546,3019795.83,Resolved,High
DTE002707,MCH0596,LIN022,FAC008,FLR002707,MWO002707,2023-06-01 06:56:56,Machine Breakdown,3.97,166,167376.9,Resolved,Low
DTE002708,MCH0510,LIN023,FAC008,FLR002708,MWO002708,2023-05-31 08:44:17,Machine Breakdown,1.78,75,70475.25,Resolved,Medium
DTE002709,MCH0199,LIN008,FAC003,FLR002709,MWO002709,2023-05-07 05:53:53,Machine Breakdown,13.84,2853,1051671.45,Resolved,High
DTE002710,MCH0136,LIN019,FAC007,FLR002710,MWO002710,2023-02-25 14:10:37,Machine Breakdown,9.9,1460,885158.9,Resolved,Medium
DTE002711,MCH0386,LIN012,FAC004,FLR002711,MWO002711,2026-06-25 12:08:01,Machine Breakdown,0.9,201,165078.21,Resolved,Medium
DTE002712,MCH0547,LIN005,FAC002,FLR002712,MWO002712,2024-10-19 13:48:18,Machine Breakdown,7.01,1104,612666.2,Resolved,High
DTE002713,MCH0248,LIN028,FAC010,FLR002713,MWO002713,2024-05-29 16:23:37,Machine Breakdown,6.41,321,342971.26,Resolved,Medium
DTE002714,MCH0230,LIN017,FAC006,FLR002714,MWO002714,2025-04-30 23:05:38,Machine Breakdown,4.94,1111,327091.56,Resolved,Low
DTE002715,MCH0187,LIN006,FAC002,FLR002715,MWO002715,2025-04-24 18:32:26,Machine Breakdown,5.45,1164,1147947.84,Resolved,Medium
DTE002716,MCH0011,LIN013,FAC005,FLR002716,MWO002716,2024-06-17 17:50:20,Machine Breakdown,1.57,249,136009.58,Resolved,Low
DTE002717,MCH0296,LIN026,FAC009,FLR002717,MWO002717,2026-06-10 10:14:09,Machine Breakdown,9.88,1880,2233141.11,Open,Low
DTE002718,MCH0561,LIN029,FAC010,FLR002718,MWO002718,2026-06-03 04:33:21,Machine Breakdown,12.95,2144,1556662.57,Resolved,Medium
DTE002719,MCH0263,LIN018,FAC006,FLR002719,MWO002719,2025-08-05 12:30:02,Machine Breakdown,15.97,3385,524374.27,Resolved,Medium
DTE002720,MCH0026,LIN006,FAC002,FLR002720,MWO002720,2023-07-28 08:34:45,Machine Breakdown,13.79,1601,1520805.38,Resolved,Medium
DTE002721,MCH0482,LIN024,FAC008,FLR002721,MWO002721,2023-10-16 07:29:13,Machine Breakdown,16.68,2266,1553275.98,Resolved,High
DTE002722,MCH0487,LIN023,FAC008,FLR002722,MWO002722,2024-11-28 13:49:14,Machine Breakdown,6.07,691,396454.76,Resolved,Medium
DTE002723,MCH0253,LIN016,FAC006,FLR002723,MWO002723,2026-05-21 16:28:03,Machine Breakdown,20.5,4394,4190338.9,Open,Medium
DTE002724,MCH0465,LIN002,FAC001,FLR002724,MWO002724,2023-03-17 22:36:18,Machine Breakdown,7.37,1571,1082038.26,Resolved,Low
DTE002725,MCH0015,LIN014,FAC005,FLR002725,MWO002725,2025-01-19 16:31:39,Machine Breakdown,0.71,103,26219.6,Resolved,Medium
DTE002726,MCH0003,LIN025,FAC009,FLR002726,MWO002726,2025-09-23 15:59:14,Machine Breakdown,10.01,927,762294.12,Resolved,High
DTE002727,MCH0112,LIN003,FAC001,FLR002727,MWO002727,2024-12-20 14:57:23,Machine Breakdown,4.19,969,638183.99,Resolved,Critical
DTE002728,MCH0499,LIN017,FAC006,FLR002728,MWO002728,2023-11-09 22:25:58,Machine Breakdown,3.66,152,27222.87,Resolved,Medium
DTE002729,MCH0170,LIN002,FAC001,FLR002729,MWO002729,2023-07-06 00:00:43,Machine Breakdown,3.87,285,319116.35,Resolved,High
DTE002730,MCH0599,LIN003,FAC001,FLR002730,MWO002730,2023-01-14 10:51:53,Machine Breakdown,1.78,248,154875.98,Open,Medium
DTE002731,MCH0121,LIN008,FAC003,FLR002731,MWO002731,2023-12-15 01:05:31,Machine Breakdown,3.74,266,228523.36,Resolved,High
DTE002732,MCH0053,LIN007,FAC003,FLR002732,MWO002732,2023-04-28 05:07:24,Machine Breakdown,5.37,836,643224.72,Resolved,High
DTE002733,MCH0414,LIN017,FAC006,FLR002733,MWO002733,2025-02-20 14:47:14,Machine Breakdown,1.28,54,58518.89,Resolved,Critical
DTE002734,MCH0185,LIN018,FAC006,FLR002734,MWO002734,2026-01-18 23:50:17,Machine Breakdown,5.62,634,436607.73,Resolved,High
DTE002735,MCH0294,LIN006,FAC002,FLR002735,MWO002735,2024-04-27 05:23:03,Machine Breakdown,1.84,384,144355.28,Resolved,Medium
DTE002736,MCH0444,LIN012,FAC004,FLR002736,MWO002736,2026-05-11 23:14:49,Machine Breakdown,7.51,1093,209977.55,Resolved,Low
DTE002737,MCH0332,LIN025,FAC009,FLR002737,MWO002737,2023-04-24 12:04:25,Machine Breakdown,9.33,1584,435364.79,Resolved,Critical
DTE002738,MCH0237,LIN025,FAC009,FLR002738,MWO002738,2025-04-24 12:15:25,Machine Breakdown,9.14,1750,1329513.54,Resolved,High
DTE002739,MCH0307,LIN024,FAC008,FLR002739,MWO002739,2024-08-29 16:29:30,Machine Breakdown,10.8,885,185686.97,Resolved,Critical
DTE002740,MCH0496,LIN024,FAC008,FLR002740,MWO002740,2025-02-18 23:29:29,Machine Breakdown,7.33,815,305585.41,Resolved,Medium
DTE002741,MCH0166,LIN004,FAC002,FLR002741,MWO002741,2025-01-25 07:06:57,Machine Breakdown,13.38,837,182389.36,Resolved,Medium
DTE002742,MCH0036,LIN014,FAC005,FLR002742,MWO002742,2024-01-04 14:19:23,Machine Breakdown,9.38,1285,757671.63,Resolved,High
DTE002743,MCH0348,LIN017,FAC006,FLR002743,MWO002743,2025-03-27 05:11:03,Machine Breakdown,12.93,551,252340.38,Resolved,Medium
DTE002744,MCH0029,LIN002,FAC001,FLR002744,MWO002744,2024-06-17 09:26:30,Machine Breakdown,8.35,1461,252445.7,Resolved,Critical
DTE002745,MCH0347,LIN015,FAC005,FLR002745,MWO002745,2023-05-11 06:54:09,Machine Breakdown,3.91,298,335860.49,Resolved,Low
DTE002746,MCH0391,LIN007,FAC003,FLR002746,MWO002746,2025-12-24 10:23:08,Machine Breakdown,3.07,605,377545.31,Resolved,Medium
DTE002747,MCH0181,LIN020,FAC007,FLR002747,MWO002747,2023-08-08 16:09:06,Machine Breakdown,13.9,1401,1251763.26,Resolved,Medium
DTE002748,MCH0011,LIN013,FAC005,FLR002748,MWO002748,2023-09-29 08:21:21,Machine Breakdown,7.99,974,935809.72,Resolved,High
DTE002749,MCH0002,LIN009,FAC003,FLR002749,MWO002749,2025-01-09 22:05:10,Machine Breakdown,4.75,626,108597.52,Resolved,High
DTE002750,MCH0439,LIN026,FAC009,FLR002750,MWO002750,2026-02-06 05:17:34,Machine Breakdown,6.17,669,313487.71,Resolved,Medium
DTE002751,MCH0274,LIN024,FAC008,FLR002751,MWO002751,2026-04-18 08:53:32,Machine Breakdown,20.6,1625,1497281.97,Resolved,Medium
DTE002752,MCH0198,LIN003,FAC001,FLR002752,MWO002752,2025-09-28 04:01:08,Machine Breakdown,3.56,384,260191.41,Resolved,Critical
DTE002753,MCH0019,LIN029,FAC010,FLR002753,MWO002753,2023-05-30 00:08:44,Machine Breakdown,3.06,643,491541.36,Resolved,Medium
DTE002754,MCH0483,LIN029,FAC010,FLR002754,MWO002754,2023-02-11 21:12:36,Machine Breakdown,13.76,2459,1825245.02,Resolved,Medium
DTE002755,MCH0099,LIN011,FAC004,FLR002755,MWO002755,2024-07-16 06:51:25,Machine Breakdown,3.22,240,176951.29,Resolved,Medium
DTE002756,MCH0514,LIN029,FAC010,FLR002756,MWO002756,2024-07-24 07:01:20,Machine Breakdown,9.74,646,728868.71,Resolved,High
DTE002757,MCH0509,LIN021,FAC007,FLR002757,MWO002757,2023-05-09 04:55:18,Machine Breakdown,28.34,2331,2335776.72,Resolved,Medium
DTE002758,MCH0048,LIN024,FAC008,FLR002758,MWO002758,2025-11-11 23:39:54,Machine Breakdown,11.47,2384,1777363.04,Resolved,Low
DTE002759,MCH0073,LIN002,FAC001,FLR002759,MWO002759,2025-11-28 03:24:12,Machine Breakdown,5.37,539,461745.13,Resolved,High
DTE002760,MCH0402,LIN028,FAC010,FLR002760,MWO002760,2024-12-24 19:13:34,Machine Breakdown,6.75,1158,675859.49,Resolved,High
DTE002761,MCH0453,LIN010,FAC004,FLR002761,MWO002761,2025-05-16 02:37:43,Machine Breakdown,9.79,1471,489905.07,Resolved,High
DTE002762,MCH0487,LIN023,FAC008,FLR002762,MWO002762,2024-04-12 20:56:00,Machine Breakdown,1.57,274,300361.51,Open,Critical
DTE002763,MCH0415,LIN008,FAC003,FLR002763,MWO002763,2023-04-05 06:33:41,Machine Breakdown,2.67,541,326245.01,Resolved,Medium
DTE002764,MCH0040,LIN003,FAC001,FLR002764,MWO002764,2026-01-31 05:26:16,Machine Breakdown,12.76,2801,2206531.03,Resolved,High
DTE002765,MCH0142,LIN023,FAC008,FLR002765,MWO002765,2026-04-28 05:52:49,Machine Breakdown,3.43,376,265279.54,Resolved,Medium
DTE002766,MCH0567,LIN016,FAC006,FLR002766,MWO002766,2026-03-28 23:14:53,Machine Breakdown,5.05,580,544520.8,Resolved,High
DTE002767,MCH0504,LIN008,FAC003,FLR002767,MWO002767,2025-03-26 16:27:34,Machine Breakdown,4.59,551,235590.14,Resolved,Low
DTE002768,MCH0078,LIN001,FAC001,FLR002768,MWO002768,2024-03-12 23:55:03,Machine Breakdown,20.55,2026,1609710.79,Resolved,High
DTE002769,MCH0015,LIN014,FAC005,FLR002769,MWO002769,2024-02-12 12:39:17,Machine Breakdown,10.0,2211,2103493.25,Resolved,Low
DTE002770,MCH0172,LIN008,FAC003,FLR002770,MWO002770,2023-03-04 04:03:28,Machine Breakdown,5.01,287,44598.14,Open,Medium
DTE002771,MCH0376,LIN005,FAC002,FLR002771,MWO002771,2023-07-03 19:37:34,Machine Breakdown,2.62,224,169328.47,Resolved,Medium
DTE002772,MCH0158,LIN027,FAC009,FLR002772,MWO002772,2026-03-06 23:43:17,Machine Breakdown,5.0,383,419739.87,Resolved,Medium
DTE002773,MCH0497,LIN029,FAC010,FLR002773,MWO002773,2023-08-07 20:01:04,Machine Breakdown,2.58,217,258704.2,Resolved,Medium
DTE002774,MCH0013,LIN023,FAC008,FLR002774,MWO002774,2024-08-30 17:25:01,Machine Breakdown,5.59,1154,1157788.2,Resolved,Medium
DTE002775,MCH0470,LIN002,FAC001,FLR002775,MWO002775,2025-09-01 14:20:56,Machine Breakdown,1.56,136,72288.8,Resolved,Medium
DTE002776,MCH0437,LIN015,FAC005,FLR002776,MWO002776,2024-02-24 16:40:34,Machine Breakdown,9.89,2233,777299.35,Resolved,High
DTE002777,MCH0022,LIN024,FAC008,FLR002777,MWO002777,2025-12-11 16:44:02,Machine Breakdown,5.6,1013,516786.88,Resolved,Medium
DTE002778,MCH0322,LIN010,FAC004,FLR002778,MWO002778,2025-12-17 17:54:14,Machine Breakdown,8.2,1192,788854.93,Resolved,Low
DTE002779,MCH0362,LIN007,FAC003,FLR002779,MWO002779,2026-04-12 10:11:36,Machine Breakdown,4.79,546,640679.6,Resolved,Medium
DTE002780,MCH0045,LIN029,FAC010,FLR002780,MWO002780,2025-01-19 15:10:11,Machine Breakdown,8.1,1118,428929.47,Resolved,Medium
DTE002781,MCH0009,LIN026,FAC009,FLR002781,MWO002781,2024-03-27 11:03:24,Machine Breakdown,8.64,881,331626.75,Resolved,Low
DTE002782,MCH0099,LIN011,FAC004,FLR002782,MWO002782,2023-05-14 12:04:58,Machine Breakdown,4.11,541,388574.42,Open,Medium
DTE002783,MCH0387,LIN005,FAC002,FLR002783,MWO002783,2025-10-04 08:05:01,Machine Breakdown,14.27,1340,922216.55,Resolved,Low
DTE002784,MCH0220,LIN023,FAC008,FLR002784,MWO002784,2024-02-06 19:25:06,Machine Breakdown,16.56,1516,831379.21,Resolved,Critical
DTE002785,MCH0579,LIN003,FAC001,FLR002785,MWO002785,2025-05-25 17:23:05,Machine Breakdown,14.67,1462,657906.95,Resolved,Critical
DTE002786,MCH0157,LIN029,FAC010,FLR002786,MWO002786,2025-02-26 14:05:50,Machine Breakdown,4.06,359,112211.57,Resolved,Critical
DTE002787,MCH0291,LIN022,FAC008,FLR002787,MWO002787,2023-04-19 17:38:53,Machine Breakdown,17.67,3781,1843189.32,Resolved,Medium
DTE002788,MCH0114,LIN004,FAC002,FLR002788,MWO002788,2023-01-10 06:00:30,Machine Breakdown,4.53,670,253594.97,Resolved,Medium
DTE002789,MCH0022,LIN024,FAC008,FLR002789,MWO002789,2026-06-12 05:41:30,Machine Breakdown,4.01,760,625411.44,Resolved,Medium
DTE002790,MCH0107,LIN010,FAC004,FLR002790,MWO002790,2024-07-30 00:50:33,Machine Breakdown,4.1,630,746596.59,Resolved,Medium
DTE002791,MCH0164,LIN029,FAC010,FLR002791,MWO002791,2024-01-14 01:29:37,Machine Breakdown,12.46,1926,928302.32,Resolved,High
DTE002792,MCH0493,LIN008,FAC003,FLR002792,MWO002792,2025-10-20 16:53:38,Machine Breakdown,2.45,242,194128.94,Open,Medium
DTE002793,MCH0490,LIN018,FAC006,FLR002793,MWO002793,2024-11-11 18:59:05,Machine Breakdown,7.64,1173,225913.12,Resolved,High
DTE002794,MCH0268,LIN013,FAC005,FLR002794,MWO002794,2026-04-08 17:52:13,Machine Breakdown,4.99,1049,1204598.18,Resolved,Medium
DTE002795,MCH0121,LIN008,FAC003,FLR002795,MWO002795,2023-07-08 19:18:10,Machine Breakdown,19.93,3415,1588903.14,Resolved,High
DTE002796,MCH0192,LIN007,FAC003,FLR002796,MWO002796,2025-04-02 05:31:41,Machine Breakdown,6.97,346,382641.29,Open,Medium
DTE002797,MCH0259,LIN026,FAC009,FLR002797,MWO002797,2025-01-17 09:50:26,Machine Breakdown,5.72,1334,776916.91,Resolved,Medium
DTE002798,MCH0305,LIN003,FAC001,FLR002798,MWO002798,2023-01-28 11:56:07,Machine Breakdown,11.75,1662,1461896.31,Resolved,Medium
DTE002799,MCH0567,LIN016,FAC006,FLR002799,MWO002799,2026-06-26 08:38:26,Machine Breakdown,9.78,1440,509205.38,Resolved,Medium
DTE002800,MCH0166,LIN004,FAC002,FLR002800,MWO002800,2025-04-30 20:14:56,Machine Breakdown,16.09,3668,3920496.52,Resolved,Medium
DTE002801,MCH0529,LIN014,FAC005,FLR002801,MWO002801,2023-01-09 20:35:01,Machine Breakdown,6.29,1267,217217.61,Resolved,Medium
DTE002802,MCH0095,LIN022,FAC008,FLR002802,MWO002802,2024-06-25 14:55:24,Machine Breakdown,9.98,916,163795.73,Resolved,Low
DTE002803,MCH0330,LIN023,FAC008,FLR002803,MWO002803,2023-07-15 23:59:42,Machine Breakdown,6.59,715,708009.63,Resolved,High
DTE002804,MCH0062,LIN011,FAC004,FLR002804,MWO002804,2024-06-28 04:37:29,Machine Breakdown,16.69,1750,399974.81,Resolved,Medium
DTE002805,MCH0283,LIN027,FAC009,FLR002805,MWO002805,2025-10-23 21:32:28,Machine Breakdown,6.19,1128,882197.02,Resolved,High
DTE002806,MCH0099,LIN011,FAC004,FLR002806,MWO002806,2026-01-21 09:49:17,Machine Breakdown,14.39,2656,1833717.73,Resolved,Medium
DTE002807,MCH0415,LIN008,FAC003,FLR002807,MWO002807,2023-12-13 10:52:58,Machine Breakdown,5.09,577,558706.63,Resolved,Medium
DTE002808,MCH0159,LIN014,FAC005,FLR002808,MWO002808,2024-03-29 05:32:59,Machine Breakdown,5.45,1108,1071618.27,Resolved,Medium
DTE002809,MCH0245,LIN030,FAC010,FLR002809,MWO002809,2023-08-15 22:18:14,Machine Breakdown,4.79,432,181376.33,Resolved,Critical
DTE002810,MCH0172,LIN008,FAC003,FLR002810,MWO002810,2024-01-31 22:00:51,Machine Breakdown,11.87,2429,881752.79,Resolved,High
DTE002811,MCH0086,LIN003,FAC001,FLR002811,MWO002811,2024-04-17 13:19:40,Machine Breakdown,3.42,611,293401.05,Resolved,Medium
DTE002812,MCH0143,LIN020,FAC007,FLR002812,MWO002812,2026-05-31 03:00:09,Machine Breakdown,6.53,1414,483032.26,Resolved,Medium
DTE002813,MCH0013,LIN023,FAC008,FLR002813,MWO002813,2025-12-23 08:56:27,Machine Breakdown,3.18,293,57275.54,Resolved,Medium
DTE002814,MCH0150,LIN008,FAC003,FLR002814,MWO002814,2025-09-18 00:14:31,Machine Breakdown,3.29,380,417181.0,Resolved,Medium
DTE002815,MCH0110,LIN002,FAC001,FLR002815,MWO002815,2024-03-16 18:08:30,Machine Breakdown,6.76,1087,1177203.57,Resolved,High
DTE002816,MCH0126,LIN009,FAC003,FLR002816,MWO002816,2023-08-29 15:06:55,Machine Breakdown,10.76,1487,1186327.28,Resolved,High
DTE002817,MCH0565,LIN024,FAC008,FLR002817,MWO002817,2024-03-21 21:09:21,Machine Breakdown,13.93,1526,1804142.16,Resolved,Medium
DTE002818,MCH0126,LIN009,FAC003,FLR002818,MWO002818,2024-06-23 20:04:47,Machine Breakdown,11.32,1399,962104.83,Resolved,Medium
DTE002819,MCH0030,LIN022,FAC008,FLR002819,MWO002819,2023-11-14 05:30:42,Machine Breakdown,6.84,454,203206.24,Resolved,High
DTE002820,MCH0413,LIN022,FAC008,FLR002820,MWO002820,2023-02-03 13:36:26,Machine Breakdown,12.26,1471,1530897.94,Resolved,High
DTE002821,MCH0117,LIN013,FAC005,FLR002821,MWO002821,2025-07-01 19:43:35,Machine Breakdown,4.46,406,225526.9,Resolved,High
DTE002822,MCH0116,LIN010,FAC004,FLR002822,MWO002822,2024-12-29 16:09:13,Machine Breakdown,6.04,578,166388.17,Resolved,Medium
DTE002823,MCH0011,LIN013,FAC005,FLR002823,MWO002823,2023-06-17 01:54:57,Machine Breakdown,10.99,2392,1414429.31,Resolved,Medium
DTE002824,MCH0441,LIN020,FAC007,FLR002824,MWO002824,2024-02-19 23:19:13,Machine Breakdown,1.62,85,24417.0,Resolved,Low
DTE002825,MCH0093,LIN027,FAC009,FLR002825,MWO002825,2025-07-07 21:06:58,Machine Breakdown,3.29,151,66502.62,Resolved,High
DTE002826,MCH0379,LIN027,FAC009,FLR002826,MWO002826,2025-10-31 13:21:18,Machine Breakdown,10.05,1976,2069093.5,Resolved,Medium
DTE002827,MCH0506,LIN001,FAC001,FLR002827,MWO002827,2025-06-29 00:41:14,Machine Breakdown,1.46,116,84852.67,Resolved,Medium
DTE002828,MCH0085,LIN020,FAC007,FLR002828,MWO002828,2024-09-04 07:04:31,Machine Breakdown,2.24,306,91085.15,Resolved,Low
DTE002829,MCH0393,LIN019,FAC007,FLR002829,MWO002829,2023-08-21 05:58:19,Machine Breakdown,15.34,2471,709379.7,Resolved,High
DTE002830,MCH0093,LIN027,FAC009,FLR002830,MWO002830,2024-05-26 02:27:30,Machine Breakdown,16.65,2723,1960855.05,Open,Medium
DTE002831,MCH0235,LIN025,FAC009,FLR002831,MWO002831,2024-12-19 14:30:26,Machine Breakdown,11.68,2360,1286681.61,Resolved,Low
DTE002832,MCH0394,LIN001,FAC001,FLR002832,MWO002832,2025-04-20 07:31:57,Machine Breakdown,10.34,1830,1138441.7,Resolved,Critical
DTE002833,MCH0588,LIN006,FAC002,FLR002833,MWO002833,2024-01-03 00:00:08,Machine Breakdown,10.03,1722,674116.25,Resolved,High
DTE002834,MCH0028,LIN004,FAC002,FLR002834,MWO002834,2025-04-13 20:54:30,Machine Breakdown,24.59,5085,6053585.95,Resolved,Medium
DTE002835,MCH0485,LIN007,FAC003,FLR002835,MWO002835,2023-03-24 23:58:54,Machine Breakdown,8.55,819,623499.97,Resolved,Medium
DTE002836,MCH0477,LIN007,FAC003,FLR002836,MWO002836,2025-08-30 07:23:56,Machine Breakdown,13.38,1684,618070.57,Resolved,High
DTE002837,MCH0312,LIN015,FAC005,FLR002837,MWO002837,2025-02-15 09:41:40,Machine Breakdown,8.74,1854,1041418.9,Open,Low
DTE002838,MCH0526,LIN028,FAC010,FLR002838,MWO002838,2025-05-03 17:36:49,Machine Breakdown,3.63,237,178525.41,Resolved,Critical
DTE002839,MCH0143,LIN020,FAC007,FLR002839,MWO002839,2025-11-25 06:21:46,Machine Breakdown,6.68,424,153009.59,Resolved,High
DTE002840,MCH0024,LIN022,FAC008,FLR002840,MWO002840,2025-05-30 15:07:34,Machine Breakdown,20.1,1988,1744693.29,Open,Medium
DTE002841,MCH0187,LIN006,FAC002,FLR002841,MWO002841,2023-08-25 16:21:25,Machine Breakdown,6.24,1227,542114.87,Resolved,Medium
DTE002842,MCH0038,LIN022,FAC008,FLR002842,MWO002842,2024-02-11 19:18:08,Machine Breakdown,16.3,3407,3635737.11,Resolved,Medium
DTE002843,MCH0100,LIN014,FAC005,FLR002843,MWO002843,2024-12-01 23:21:07,Machine Breakdown,13.51,1006,1192595.66,Resolved,Medium
DTE002844,MCH0142,LIN023,FAC008,FLR002844,MWO002844,2024-08-13 14:31:06,Machine Breakdown,11.67,2653,2761767.12,Resolved,High
DTE002845,MCH0032,LIN023,FAC008,FLR002845,MWO002845,2024-10-02 06:20:28,Machine Breakdown,6.81,448,117700.23,Resolved,Low
DTE002846,MCH0444,LIN012,FAC004,FLR002846,MWO002846,2023-06-08 03:08:47,Machine Breakdown,3.12,737,324913.59,Resolved,Medium
DTE002847,MCH0217,LIN009,FAC003,FLR002847,MWO002847,2024-09-21 04:48:24,Machine Breakdown,5.36,591,101667.3,Resolved,Low
DTE002848,MCH0302,LIN016,FAC006,FLR002848,MWO002848,2023-08-23 09:41:24,Machine Breakdown,34.15,3685,4329668.53,Resolved,High
DTE002849,MCH0365,LIN014,FAC005,FLR002849,MWO002849,2023-09-03 14:27:21,Machine Breakdown,5.27,1181,419259.4,Resolved,Medium
DTE002850,MCH0188,LIN004,FAC002,FLR002850,MWO002850,2023-07-18 21:22:07,Machine Breakdown,4.11,832,515530.44,Open,Medium
DTE002851,MCH0270,LIN013,FAC005,FLR002851,MWO002851,2023-01-01 20:12:10,Machine Breakdown,7.04,291,339610.71,Resolved,Medium
DTE002852,MCH0323,LIN027,FAC009,FLR002852,MWO002852,2024-10-02 22:11:59,Machine Breakdown,10.47,1458,548398.35,Resolved,High
DTE002853,MCH0538,LIN003,FAC001,FLR002853,MWO002853,2025-09-30 17:26:10,Machine Breakdown,15.49,799,491362.2,Resolved,Low
DTE002854,MCH0463,LIN018,FAC006,FLR002854,MWO002854,2024-10-20 16:49:17,Machine Breakdown,2.43,185,170643.48,Resolved,Critical
DTE002855,MCH0517,LIN005,FAC002,FLR002855,MWO002855,2023-01-21 19:37:03,Machine Breakdown,6.97,713,161659.69,Resolved,Low
DTE002856,MCH0544,LIN003,FAC001,FLR002856,MWO002856,2024-02-23 19:55:51,Machine Breakdown,5.98,598,123675.43,Resolved,Medium
DTE002857,MCH0472,LIN011,FAC004,FLR002857,MWO002857,2025-11-26 14:21:57,Machine Breakdown,1.61,175,40154.49,Resolved,Medium
DTE002858,MCH0312,LIN015,FAC005,FLR002858,MWO002858,2024-05-06 01:46:02,Machine Breakdown,15.39,2358,2472591.61,Resolved,Low
DTE002859,MCH0574,LIN029,FAC010,FLR002859,MWO002859,2023-12-03 07:41:47,Machine Breakdown,9.37,2127,1223079.1,Resolved,Medium
DTE002860,MCH0107,LIN010,FAC004,FLR002860,MWO002860,2024-09-16 10:58:41,Machine Breakdown,12.92,2450,874206.05,Resolved,Medium
DTE002861,MCH0515,LIN012,FAC004,FLR002861,MWO002861,2024-12-30 00:41:17,Machine Breakdown,4.79,493,218499.03,Resolved,Low
DTE002862,MCH0357,LIN029,FAC010,FLR002862,MWO002862,2024-11-02 20:47:55,Machine Breakdown,9.0,1854,433345.38,Resolved,High
DTE002863,MCH0419,LIN008,FAC003,FLR002863,MWO002863,2024-05-06 00:10:11,Machine Breakdown,0.71,97,104631.27,Resolved,High
DTE002864,MCH0169,LIN003,FAC001,FLR002864,MWO002864,2023-01-05 16:49:21,Machine Breakdown,2.5,245,69867.05,Resolved,Low
DTE002865,MCH0529,LIN014,FAC005,FLR002865,MWO002865,2025-12-15 17:55:03,Machine Breakdown,8.85,419,273961.38,Resolved,Medium
DTE002866,MCH0027,LIN014,FAC005,FLR002866,MWO002866,2024-09-26 04:24:33,Machine Breakdown,13.39,2310,1129462.88,Resolved,Medium
DTE002867,MCH0342,LIN026,FAC009,FLR002867,MWO002867,2024-01-12 02:53:50,Machine Breakdown,6.57,574,517937.44,Resolved,High
DTE002868,MCH0367,LIN007,FAC003,FLR002868,MWO002868,2024-07-09 03:59:06,Machine Breakdown,12.03,1048,394346.21,Resolved,Critical
DTE002869,MCH0519,LIN030,FAC010,FLR002869,MWO002869,2025-06-05 07:08:39,Machine Breakdown,3.28,425,234021.92,Resolved,Critical
DTE002870,MCH0268,LIN013,FAC005,FLR002870,MWO002870,2025-11-11 06:04:08,Machine Breakdown,7.76,997,795623.58,Resolved,High
DTE002871,MCH0361,LIN024,FAC008,FLR002871,MWO002871,2025-09-23 13:03:32,Machine Breakdown,12.57,2520,2330939.06,Resolved,Medium
DTE002872,MCH0186,LIN010,FAC004,FLR002872,MWO002872,2024-09-30 13:40:08,Machine Breakdown,2.65,594,702507.94,Resolved,Low
DTE002873,MCH0061,LIN026,FAC009,FLR002873,MWO002873,2023-06-19 00:40:07,Machine Breakdown,8.96,1636,693817.95,Resolved,Low
DTE002874,MCH0196,LIN005,FAC002,FLR002874,MWO002874,2024-10-11 10:58:42,Machine Breakdown,6.66,1116,460337.28,Resolved,Medium
DTE002875,MCH0105,LIN004,FAC002,FLR002875,MWO002875,2025-07-14 13:21:43,Machine Breakdown,11.0,1059,634183.94,Resolved,Low
DTE002876,MCH0151,LIN020,FAC007,FLR002876,MWO002876,2024-11-02 08:52:50,Machine Breakdown,4.61,815,229763.33,Resolved,Critical
DTE002877,MCH0418,LIN013,FAC005,FLR002877,MWO002877,2025-05-25 12:18:19,Machine Breakdown,6.08,1399,1223139.79,Resolved,High
DTE002878,MCH0394,LIN001,FAC001,FLR002878,MWO002878,2024-10-11 07:15:32,Machine Breakdown,5.35,712,167293.47,Resolved,Medium
DTE002879,MCH0559,LIN019,FAC007,FLR002879,MWO002879,2024-06-17 10:54:20,Machine Breakdown,2.64,376,433906.36,Open,Medium
DTE002880,MCH0408,LIN009,FAC003,FLR002880,MWO002880,2024-07-17 06:39:16,Machine Breakdown,18.42,3477,3966110.41,Resolved,Medium
DTE002881,MCH0154,LIN006,FAC002,FLR002881,MWO002881,2023-09-09 11:46:23,Machine Breakdown,6.5,1170,1127372.54,Open,High
DTE002882,MCH0412,LIN021,FAC007,FLR002882,MWO002882,2025-01-15 00:38:29,Machine Breakdown,12.6,2234,1335100.9,Resolved,High
DTE002883,MCH0302,LIN016,FAC006,FLR002883,MWO002883,2025-10-11 06:16:20,Machine Breakdown,13.59,1476,475646.35,Resolved,High
DTE002884,MCH0366,LIN019,FAC007,FLR002884,MWO002884,2025-08-14 09:12:12,Machine Breakdown,13.57,1079,1054322.29,Resolved,High
DTE002885,MCH0004,LIN020,FAC007,FLR002885,MWO002885,2023-10-13 08:37:16,Machine Breakdown,1.36,318,298355.26,Resolved,High
DTE002886,MCH0309,LIN007,FAC003,FLR002886,MWO002886,2026-05-18 22:26:06,Machine Breakdown,11.01,2454,864383.97,Resolved,Medium
DTE002887,MCH0231,LIN008,FAC003,FLR002887,MWO002887,2023-07-04 20:35:18,Machine Breakdown,2.45,399,124379.17,Resolved,Low
DTE002888,MCH0211,LIN018,FAC006,FLR002888,MWO002888,2023-05-19 12:46:31,Machine Breakdown,2.31,272,127723.88,Open,Low
DTE002889,MCH0215,LIN014,FAC005,FLR002889,MWO002889,2025-01-11 03:05:08,Machine Breakdown,6.8,827,780236.46,Resolved,High
DTE002890,MCH0537,LIN013,FAC005,FLR002890,MWO002890,2023-05-05 00:13:06,Machine Breakdown,6.88,888,658463.41,Resolved,Low
DTE002891,MCH0289,LIN010,FAC004,FLR002891,MWO002891,2024-05-11 09:02:58,Machine Breakdown,1.62,69,42883.96,Resolved,Low
DTE002892,MCH0115,LIN002,FAC001,FLR002892,MWO002892,2025-10-29 14:57:53,Machine Breakdown,1.3,105,48087.18,Resolved,Low
DTE002893,MCH0197,LIN001,FAC001,FLR002893,MWO002893,2024-01-02 14:52:43,Machine Breakdown,15.62,2929,1572468.65,Resolved,High
DTE002894,MCH0386,LIN012,FAC004,FLR002894,MWO002894,2026-05-23 15:30:07,Machine Breakdown,12.34,935,291764.14,Resolved,Critical
DTE002895,MCH0434,LIN011,FAC004,FLR002895,MWO002895,2023-12-22 09:07:13,Machine Breakdown,4.16,523,86830.7,Open,Critical
DTE002896,MCH0419,LIN008,FAC003,FLR002896,MWO002896,2024-04-05 13:12:11,Machine Breakdown,4.07,268,308870.5,Resolved,High
DTE002897,MCH0265,LIN011,FAC004,FLR002897,MWO002897,2023-07-24 00:56:41,Machine Breakdown,4.66,891,549571.29,Resolved,Medium
DTE002898,MCH0279,LIN001,FAC001,FLR002898,MWO002898,2023-11-02 01:04:28,Machine Breakdown,1.93,397,227861.77,Resolved,High
DTE002899,MCH0338,LIN015,FAC005,FLR002899,MWO002899,2026-01-22 08:59:15,Machine Breakdown,2.99,519,489753.13,Open,Low
DTE002900,MCH0268,LIN013,FAC005,FLR002900,MWO002900,2024-10-05 08:57:50,Machine Breakdown,3.69,445,449336.99,Resolved,High
DTE002901,MCH0512,LIN030,FAC010,FLR002901,MWO002901,2023-10-09 02:10:48,Machine Breakdown,12.56,788,209244.57,Resolved,Critical
DTE002902,MCH0531,LIN021,FAC007,FLR002902,MWO002902,2023-05-24 10:45:56,Machine Breakdown,6.33,687,355492.19,Resolved,High
DTE002903,MCH0315,LIN015,FAC005,FLR002903,MWO002903,2026-03-12 06:32:38,Machine Breakdown,4.13,315,103268.0,Resolved,Critical
DTE002904,MCH0180,LIN011,FAC004,FLR002904,MWO002904,2026-04-12 11:41:21,Machine Breakdown,3.78,178,103666.13,Open,High
DTE002905,MCH0547,LIN005,FAC002,FLR002905,MWO002905,2024-06-30 22:10:19,Machine Breakdown,3.04,441,105052.19,Resolved,Medium
DTE002906,MCH0551,LIN025,FAC009,FLR002906,MWO002906,2025-09-10 23:17:02,Machine Breakdown,8.42,730,143730.06,Resolved,High
DTE002907,MCH0167,LIN020,FAC007,FLR002907,MWO002907,2023-07-01 14:21:39,Machine Breakdown,11.65,2708,1486920.66,Resolved,Medium
DTE002908,MCH0221,LIN027,FAC009,FLR002908,MWO002908,2024-11-27 23:06:52,Machine Breakdown,7.29,1134,730901.46,Resolved,Medium
DTE002909,MCH0510,LIN023,FAC008,FLR002909,MWO002909,2023-01-17 05:10:29,Machine Breakdown,12.34,951,208969.3,Resolved,Low
DTE002910,MCH0369,LIN012,FAC004,FLR002910,MWO002910,2026-04-29 23:54:52,Machine Breakdown,13.91,3248,2228740.06,Resolved,High
DTE002911,MCH0450,LIN022,FAC008,FLR002911,MWO002911,2026-06-04 10:32:32,Machine Breakdown,14.08,2919,467036.72,Resolved,Low
DTE002912,MCH0005,LIN010,FAC004,FLR002912,MWO002912,2025-09-25 22:30:25,Machine Breakdown,14.0,2089,819095.86,Open,High
DTE002913,MCH0466,LIN005,FAC002,FLR002913,MWO002913,2025-10-09 23:43:44,Machine Breakdown,3.03,698,264676.02,Resolved,Medium
DTE002914,MCH0196,LIN005,FAC002,FLR002914,MWO002914,2026-02-02 23:53:48,Machine Breakdown,2.52,280,325235.62,Resolved,Medium
DTE002915,MCH0534,LIN027,FAC009,FLR002915,MWO002915,2026-05-06 22:24:18,Machine Breakdown,3.9,642,697780.37,Resolved,Medium
DTE002916,MCH0216,LIN028,FAC010,FLR002916,MWO002916,2023-01-27 20:24:30,Machine Breakdown,5.44,1115,1049477.2,Resolved,Critical
DTE002917,MCH0429,LIN004,FAC002,FLR002917,MWO002917,2023-05-16 11:58:38,Machine Breakdown,6.71,451,447648.93,Resolved,Critical
DTE002918,MCH0173,LIN020,FAC007,FLR002918,MWO002918,2026-05-09 11:07:08,Machine Breakdown,5.69,569,356718.94,Resolved,High
DTE002919,MCH0488,LIN023,FAC008,FLR002919,MWO002919,2023-02-26 22:50:34,Machine Breakdown,2.54,264,162672.97,Resolved,High
DTE002920,MCH0281,LIN027,FAC009,FLR002920,MWO002920,2024-03-20 10:35:51,Machine Breakdown,9.21,1726,1229780.35,Resolved,Medium
DTE002921,MCH0162,LIN014,FAC005,FLR002921,MWO002921,2023-11-04 03:12:33,Machine Breakdown,9.23,1475,371932.0,Resolved,Critical
DTE002922,MCH0342,LIN026,FAC009,FLR002922,MWO002922,2023-02-16 10:50:27,Machine Breakdown,9.69,1088,1256113.22,Resolved,High
DTE002923,MCH0514,LIN029,FAC010,FLR002923,MWO002923,2025-11-13 00:24:32,Machine Breakdown,13.29,1890,617251.41,Resolved,Low
DTE002924,MCH0403,LIN002,FAC001,FLR002924,MWO002924,2023-04-07 09:02:36,Machine Breakdown,16.01,1654,357343.19,Resolved,Medium
DTE002925,MCH0120,LIN007,FAC003,FLR002925,MWO002925,2026-06-23 07:03:29,Machine Breakdown,9.67,766,400507.04,Resolved,High
DTE002926,MCH0267,LIN013,FAC005,FLR002926,MWO002926,2023-12-06 07:31:14,Machine Breakdown,13.01,1302,955560.68,Resolved,High
DTE002927,MCH0522,LIN024,FAC008,FLR002927,MWO002927,2025-04-12 08:38:56,Machine Breakdown,6.06,1273,1516679.38,Open,Medium
DTE002928,MCH0240,LIN015,FAC005,FLR002928,MWO002928,2025-06-19 11:51:26,Machine Breakdown,15.18,1290,437258.34,Resolved,Critical
DTE002929,MCH0480,LIN019,FAC007,FLR002929,MWO002929,2026-06-28 22:15:21,Machine Breakdown,5.66,541,646760.14,Resolved,High
DTE002930,MCH0059,LIN012,FAC004,FLR002930,MWO002930,2024-01-10 02:10:44,Machine Breakdown,2.04,117,126452.98,Resolved,High
DTE002931,MCH0423,LIN009,FAC003,FLR002931,MWO002931,2023-04-24 08:54:34,Machine Breakdown,7.14,1601,1114990.25,Open,High
DTE002932,MCH0436,LIN013,FAC005,FLR002932,MWO002932,2024-04-26 11:13:42,Machine Breakdown,2.18,144,121125.14,Resolved,Medium
DTE002933,MCH0328,LIN024,FAC008,FLR002933,MWO002933,2025-04-13 04:29:53,Machine Breakdown,3.46,577,403551.12,Resolved,Low
DTE002934,MCH0530,LIN014,FAC005,FLR002934,MWO002934,2026-06-18 10:37:18,Machine Breakdown,8.55,606,612270.08,Resolved,Medium
DTE002935,MCH0522,LIN024,FAC008,FLR002935,MWO002935,2024-05-20 17:30:23,Machine Breakdown,19.4,4354,1567525.28,Resolved,High
DTE002936,MCH0579,LIN003,FAC001,FLR002936,MWO002936,2025-12-21 09:49:41,Machine Breakdown,9.2,610,553940.68,Resolved,Low
DTE002937,MCH0235,LIN025,FAC009,FLR002937,MWO002937,2024-11-02 10:08:35,Machine Breakdown,2.61,116,103832.55,Resolved,Medium
DTE002938,MCH0187,LIN006,FAC002,FLR002938,MWO002938,2023-06-24 22:43:48,Machine Breakdown,7.57,790,839315.27,Resolved,High
DTE002939,MCH0482,LIN024,FAC008,FLR002939,MWO002939,2024-04-14 09:40:56,Machine Breakdown,2.05,440,97628.51,Resolved,Low
DTE002940,MCH0540,LIN026,FAC009,FLR002940,MWO002940,2023-11-15 18:50:16,Machine Breakdown,19.62,3429,2386878.72,Resolved,High
DTE002941,MCH0012,LIN030,FAC010,FLR002941,MWO002941,2025-01-25 22:22:32,Machine Breakdown,6.3,959,188909.11,Resolved,Medium
DTE002942,MCH0097,LIN022,FAC008,FLR002942,MWO002942,2023-06-03 14:34:31,Machine Breakdown,5.75,925,578673.69,Resolved,Medium
DTE002943,MCH0467,LIN027,FAC009,FLR002943,MWO002943,2025-03-12 17:13:19,Machine Breakdown,4.88,647,268496.5,Resolved,Low
DTE002944,MCH0531,LIN021,FAC007,FLR002944,MWO002944,2023-05-01 20:53:45,Machine Breakdown,10.44,1421,1319815.91,Resolved,Medium
DTE002945,MCH0344,LIN019,FAC007,FLR002945,MWO002945,2024-06-17 19:51:57,Machine Breakdown,8.85,938,476571.56,Resolved,Medium
DTE002946,MCH0401,LIN015,FAC005,FLR002946,MWO002946,2024-07-23 04:07:42,Machine Breakdown,8.87,674,406581.13,Resolved,High
DTE002947,MCH0542,LIN004,FAC002,FLR002947,MWO002947,2024-08-28 21:21:20,Machine Breakdown,5.23,692,135755.62,Resolved,High
DTE002948,MCH0160,LIN018,FAC006,FLR002948,MWO002948,2024-08-21 18:32:28,Machine Breakdown,7.36,1375,935754.04,Resolved,Medium
DTE002949,MCH0109,LIN018,FAC006,FLR002949,MWO002949,2026-01-11 07:05:26,Machine Breakdown,1.68,129,63481.25,Resolved,High
DTE002950,MCH0341,LIN006,FAC002,FLR002950,MWO002950,2023-12-16 03:37:35,Machine Breakdown,8.29,600,569726.51,Resolved,Low
DTE002951,MCH0073,LIN002,FAC001,FLR002951,MWO002951,2024-02-01 22:28:06,Machine Breakdown,3.77,327,62229.28,Resolved,Medium
DTE002952,MCH0571,LIN020,FAC007,FLR002952,MWO002952,2024-04-25 07:23:09,Machine Breakdown,5.35,618,373553.92,Resolved,Critical
DTE002953,MCH0183,LIN025,FAC009,FLR002953,MWO002953,2025-07-03 20:09:23,Machine Breakdown,8.81,504,235798.45,Resolved,Critical
DTE002954,MCH0148,LIN009,FAC003,FLR002954,MWO002954,2025-02-21 17:46:45,Machine Breakdown,10.25,2343,2549301.79,Resolved,Critical
DTE002955,MCH0375,LIN005,FAC002,FLR002955,MWO002955,2023-07-06 02:26:08,Machine Breakdown,14.79,3233,1143396.93,Resolved,Medium
DTE002956,MCH0047,LIN026,FAC009,FLR002956,MWO002956,2026-04-17 00:34:27,Machine Breakdown,9.97,1014,1128649.48,Resolved,High
DTE002957,MCH0490,LIN018,FAC006,FLR002957,MWO002957,2025-11-30 15:42:00,Machine Breakdown,2.65,498,409966.77,Resolved,Medium
DTE002958,MCH0184,LIN001,FAC001,FLR002958,MWO002958,2024-02-24 20:19:34,Machine Breakdown,9.34,1408,229556.32,Resolved,Medium
DTE002959,MCH0562,LIN011,FAC004,FLR002959,MWO002959,2023-07-12 03:10:29,Machine Breakdown,3.54,551,151630.02,Resolved,Medium
DTE002960,MCH0038,LIN022,FAC008,FLR002960,MWO002960,2026-03-19 03:45:45,Machine Breakdown,6.99,1673,1917058.87,Resolved,Medium
DTE002961,MCH0303,LIN020,FAC007,FLR002961,MWO002961,2026-05-05 15:10:18,Machine Breakdown,1.8,281,69608.41,Resolved,Critical
DTE002962,MCH0585,LIN026,FAC009,FLR002962,MWO002962,2024-01-22 22:16:04,Machine Breakdown,7.81,768,129494.26,Resolved,Medium
DTE002963,MCH0309,LIN007,FAC003,FLR002963,MWO002963,2023-08-24 12:29:47,Machine Breakdown,3.39,153,151036.16,Resolved,Medium
DTE002964,MCH0414,LIN017,FAC006,FLR002964,MWO002964,2024-06-15 22:17:09,Machine Breakdown,2.76,319,159829.28,Resolved,Low
DTE002965,MCH0482,LIN024,FAC008,FLR002965,MWO002965,2026-02-13 13:00:28,Machine Breakdown,8.68,778,879586.75,Resolved,High
DTE002966,MCH0118,LIN016,FAC006,FLR002966,MWO002966,2025-02-25 01:59:07,Machine Breakdown,1.58,246,280143.45,Resolved,Medium
DTE002967,MCH0579,LIN003,FAC001,FLR002967,MWO002967,2025-08-31 19:34:15,Machine Breakdown,11.17,2558,2933167.83,Resolved,Medium
DTE002968,MCH0210,LIN004,FAC002,FLR002968,MWO002968,2025-09-04 08:17:57,Machine Breakdown,10.06,1876,369958.55,Resolved,Medium
DTE002969,MCH0059,LIN012,FAC004,FLR002969,MWO002969,2023-07-26 22:50:32,Machine Breakdown,14.74,3517,2856814.4,Resolved,Medium
DTE002970,MCH0524,LIN016,FAC006,FLR002970,MWO002970,2023-02-06 04:15:41,Machine Breakdown,5.44,1054,1058836.5,Resolved,High
DTE002971,MCH0598,LIN029,FAC010,FLR002971,MWO002971,2026-03-22 05:25:13,Machine Breakdown,30.8,3670,4238975.44,Resolved,High
DTE002972,MCH0043,LIN023,FAC008,FLR002972,MWO002972,2025-07-14 16:37:47,Machine Breakdown,8.9,1115,364945.9,Resolved,Critical
DTE002973,MCH0020,LIN001,FAC001,FLR002973,MWO002973,2023-09-17 03:51:37,Machine Breakdown,8.94,1316,749893.36,Open,High
DTE002974,MCH0532,LIN007,FAC003,FLR002974,MWO002974,2023-07-01 18:31:35,Machine Breakdown,13.47,3177,797563.95,Open,Critical
DTE002975,MCH0316,LIN029,FAC010,FLR002975,MWO002975,2025-07-11 22:59:33,Machine Breakdown,15.49,2067,1879128.09,Open,Medium
DTE002976,MCH0010,LIN011,FAC004,FLR002976,MWO002976,2023-04-15 00:10:12,Machine Breakdown,1.83,289,230989.39,Resolved,Low
DTE002977,MCH0107,LIN010,FAC004,FLR002977,MWO002977,2026-04-04 17:59:08,Machine Breakdown,5.18,681,405047.78,Resolved,High
DTE002978,MCH0591,LIN016,FAC006,FLR002978,MWO002978,2024-06-14 08:39:23,Machine Breakdown,23.84,5381,6206180.68,Resolved,Medium
DTE002979,MCH0212,LIN030,FAC010,FLR002979,MWO002979,2023-06-12 01:38:09,Machine Breakdown,4.81,978,1008175.14,Resolved,High
DTE002980,MCH0586,LIN014,FAC005,FLR002980,MWO002980,2025-11-30 07:31:24,Machine Breakdown,4.73,210,59719.43,Resolved,Critical
DTE002981,MCH0187,LIN006,FAC002,FLR002981,MWO002981,2025-01-07 17:37:55,Machine Breakdown,1.62,338,276874.28,Resolved,Medium
DTE002982,MCH0227,LIN023,FAC008,FLR002982,MWO002982,2025-12-22 17:20:24,Machine Breakdown,13.77,1273,1479230.82,Resolved,Low
DTE002983,MCH0462,LIN016,FAC006,FLR002983,MWO002983,2025-05-10 22:02:32,Machine Breakdown,1.51,137,159878.23,Resolved,Medium
DTE002984,MCH0354,LIN005,FAC002,FLR002984,MWO002984,2023-04-02 21:13:01,Machine Breakdown,3.98,835,617047.98,Resolved,Low
DTE002985,MCH0041,LIN011,FAC004,FLR002985,MWO002985,2023-12-10 14:22:38,Machine Breakdown,5.3,439,454692.48,Resolved,Medium
DTE002986,MCH0084,LIN022,FAC008,FLR002986,MWO002986,2024-08-09 17:11:51,Machine Breakdown,3.27,147,156370.78,Resolved,Medium
DTE002987,MCH0478,LIN008,FAC003,FLR002987,MWO002987,2023-06-13 01:19:29,Machine Breakdown,3.3,455,95940.82,Resolved,Medium
DTE002988,MCH0086,LIN003,FAC001,FLR002988,MWO002988,2023-05-18 17:35:09,Machine Breakdown,12.81,2951,3133819.44,Open,High
DTE002989,MCH0111,LIN012,FAC004,FLR002989,MWO002989,2026-04-05 23:23:41,Machine Breakdown,6.48,1088,684172.52,Resolved,Medium
DTE002990,MCH0290,LIN027,FAC009,FLR002990,MWO002990,2025-06-10 09:34:41,Machine Breakdown,3.53,318,76308.71,Resolved,Medium
DTE002991,MCH0212,LIN030,FAC010,FLR002991,MWO002991,2025-07-25 13:37:41,Machine Breakdown,9.01,470,429187.12,Resolved,High
DTE002992,MCH0422,LIN002,FAC001,FLR002992,MWO002992,2024-12-06 00:59:39,Machine Breakdown,4.2,335,166969.01,Resolved,Medium
DTE002993,MCH0392,LIN005,FAC002,FLR002993,MWO002993,2025-04-14 06:10:48,Machine Breakdown,3.31,456,170497.04,Resolved,High
DTE002994,MCH0344,LIN019,FAC007,FLR002994,MWO002994,2024-03-27 13:30:18,Machine Breakdown,1.16,135,26925.3,Resolved,High
DTE002995,MCH0285,LIN007,FAC003,FLR002995,MWO002995,2024-03-12 11:23:15,Machine Breakdown,23.95,1928,1689723.46,Resolved,High
DTE002996,MCH0555,LIN021,FAC007,FLR002996,MWO002996,2023-10-28 12:37:45,Machine Breakdown,8.1,706,448610.12,Resolved,Low
DTE002997,MCH0545,LIN004,FAC002,FLR002997,MWO002997,2024-10-15 11:39:15,Machine Breakdown,11.57,2369,561155.46,Open,Critical
DTE002998,MCH0096,LIN010,FAC004,FLR002998,MWO002998,2023-02-21 04:19:54,Machine Breakdown,7.08,954,403056.77,Resolved,Medium
DTE002999,MCH0361,LIN024,FAC008,FLR002999,MWO002999,2026-03-05 06:34:30,Machine Breakdown,0.96,219,118105.52,Resolved,Medium
DTE003000,MCH0403,LIN002,FAC001,FLR003000,MWO003000,2023-05-07 17:07:17,Machine Breakdown,3.39,751,189000.84,Resolved,Medium
DTE003001,MCH0447,LIN011,FAC004,,MWO011106,2024-05-06 22:52:35,Changeover,5.57,633,432707.32,Resolved,Low
DTE003002,MCH0396,LIN028,FAC010,,MWO006099,2026-03-17 21:58:50,Material Shortage,0.96,196,193509.71,Resolved,High
DTE003003,MCH0149,LIN004,FAC002,,MWO011988,2023-02-21 03:32:46,Changeover,6.31,752,805516.9,Resolved,Medium
DTE003004,MCH0474,LIN003,FAC001,,MWO003229,2026-04-13 17:21:36,Tool Change,6.41,1345,209795.0,Resolved,Medium
DTE003005,MCH0220,LIN023,FAC008,,MWO011352,2023-05-14 04:27:20,Changeover,1.12,65,23413.86,Resolved,High
DTE003006,MCH0051,LIN011,FAC004,,MWO005138,2025-03-18 04:02:20,Quality Hold,3.49,459,411105.2,Resolved,High
DTE003007,MCH0120,LIN007,FAC003,,MWO004899,2023-06-21 02:17:32,Tool Change,4.04,517,81113.86,Resolved,High
DTE003008,MCH0165,LIN029,FAC010,FLR000410,MWO000024,2023-08-15 18:40:59,Tool Change,12.48,1820,1670156.07,Open,Low
DTE003009,MCH0346,LIN015,FAC005,,MWO009803,2024-07-26 11:19:47,Material Shortage,3.48,510,537842.67,Resolved,High
DTE003010,MCH0599,LIN003,FAC001,,MWO008070,2025-07-23 14:10:32,Material Shortage,2.48,503,339205.39,Resolved,Medium
DTE003011,MCH0394,LIN001,FAC001,,MWO007894,2023-09-13 07:38:55,Tool Change,2.52,538,579163.53,Resolved,High
DTE003012,MCH0115,LIN002,FAC001,FLR000105,MWO002796,2024-03-01 03:23:31,Power Failure,1.72,363,390611.69,Resolved,Critical
DTE003013,MCH0149,LIN004,FAC002,FLR000394,MWO001516,2026-01-29 23:25:32,Changeover,0.92,153,161004.12,Resolved,Low
DTE003014,MCH0009,LIN026,FAC009,,MWO007690,2024-03-18 16:55:08,Quality Hold,3.18,128,76011.2,Resolved,Low
DTE003015,MCH0332,LIN025,FAC009,,MWO005663,2025-12-17 09:14:18,Power Failure,11.1,642,600325.16,Resolved,High
DTE003016,MCH0113,LIN015,FAC005,,MWO005543,2023-02-16 14:25:57,Power Failure,4.9,738,479985.74,Resolved,Medium
DTE003017,MCH0459,LIN006,FAC002,,MWO003139,2025-05-21 21:50:10,Power Failure,0.06,11,5590.01,Resolved,Medium
DTE003018,MCH0280,LIN023,FAC008,,MWO011603,2025-11-05 11:33:29,Quality Hold,2.15,322,113929.14,Resolved,Medium
DTE003019,MCH0154,LIN006,FAC002,FLR002881,MWO002908,2023-09-09 17:58:56,Power Failure,9.78,777,693578.6,Resolved,High
DTE003020,MCH0319,LIN007,FAC003,,MWO005008,2025-06-19 13:42:52,Tool Change,5.85,286,261396.27,Resolved,Low
DTE003021,MCH0551,LIN025,FAC009,,MWO011092,2026-01-12 22:16:45,Tool Change,0.85,88,67394.35,Resolved,Low
DTE003022,MCH0018,LIN026,FAC009,,MWO003659,2025-01-31 20:38:14,Tool Change,2.62,571,413370.75,Resolved,Medium
DTE003023,MCH0224,LIN018,FAC006,,MWO007156,2025-10-13 00:56:49,Tool Change,3.4,743,214531.55,Resolved,Medium
DTE003024,MCH0353,LIN002,FAC001,,MWO003585,2023-04-23 05:23:29,Quality Hold,3.82,635,112589.55,Resolved,High
DTE003025,MCH0021,LIN007,FAC003,,MWO008073,2024-04-06 17:33:39,Quality Hold,1.59,212,202610.62,Resolved,Low
DTE003026,MCH0118,LIN016,FAC006,,MWO007342,2023-08-15 08:16:07,Material Shortage,4.58,1043,523415.69,Resolved,Medium
DTE003027,MCH0105,LIN004,FAC002,,MWO004335,2026-06-27 14:36:10,Planned Maintenance,1.86,242,289947.68,Resolved,Critical
DTE003028,MCH0160,LIN018,FAC006,FLR002948,MWO000005,2024-08-22 01:19:01,Quality Hold,3.77,645,143757.5,Resolved,High
DTE003029,MCH0079,LIN008,FAC003,,MWO011357,2023-04-04 12:32:01,Planned Maintenance,3.16,476,84435.3,Resolved,Critical
DTE003030,MCH0193,LIN006,FAC002,,MWO003401,2026-03-19 11:04:13,Quality Hold,2.17,518,525424.43,Resolved,Critical
DTE003031,MCH0504,LIN008,FAC003,,MWO004553,2026-06-10 01:33:09,Planned Maintenance,1.06,52,55912.19,Resolved,Medium
DTE003032,MCH0214,LIN018,FAC006,,MWO006387,2023-07-26 11:13:05,Changeover,9.0,1448,1578601.44,Open,Medium
DTE003033,MCH0375,LIN005,FAC002,,MWO008069,2024-01-22 09:09:17,Planned Maintenance,6.95,504,397300.19,Resolved,Critical
DTE003034,MCH0477,LIN007,FAC003,FLR002836,MWO002171,2025-08-30 08:24:42,Changeover,1.52,291,196188.06,Resolved,Medium
DTE003035,MCH0216,LIN028,FAC010,FLR002279,MWO002676,2023-09-12 17:21:01,Planned Maintenance,1.44,93,71811.8,Resolved,High
DTE003036,MCH0497,LIN029,FAC010,,MWO006312,2023-01-31 17:57:50,Tool Change,13.5,1760,405377.77,Resolved,Low
DTE003037,MCH0535,LIN025,FAC009,,MWO011798,2025-08-23 16:30:56,Planned Maintenance,1.43,137,117968.35,Resolved,Critical
DTE003038,MCH0134,LIN006,FAC002,,MWO003937,2026-03-08 21:48:08,Planned Maintenance,0.5,48,55300.36,Resolved,Medium
DTE003039,MCH0416,LIN002,FAC001,,MWO004989,2026-05-11 16:13:05,Tool Change,6.63,588,180273.43,Resolved,Medium
DTE003040,MCH0039,LIN009,FAC003,FLR000993,MWO002779,2023-01-29 00:30:11,Material Shortage,9.62,502,459086.9,Resolved,Critical
DTE003041,MCH0054,LIN006,FAC002,,MWO011358,2026-03-22 23:19:02,Power Failure,0.99,55,16868.19,Resolved,Medium
DTE003042,MCH0194,LIN015,FAC005,,MWO005114,2024-11-07 06:08:20,Quality Hold,0.79,120,125632.12,Resolved,High
DTE003043,MCH0231,LIN008,FAC003,,MWO007223,2023-11-06 02:29:16,Tool Change,3.21,713,444390.13,Open,High
DTE003044,MCH0149,LIN004,FAC002,FLR000394,MWO002585,2026-01-29 22:56:48,Material Shortage,2.18,119,65125.46,Resolved,High
DTE003045,MCH0252,LIN027,FAC009,,MWO003344,2024-05-25 09:23:17,Planned Maintenance,9.46,2160,324377.82,Resolved,High
DTE003046,MCH0018,LIN026,FAC009,,MWO006528,2023-04-15 16:16:43,Power Failure,10.66,454,432972.9,Resolved,Low
DTE003047,MCH0176,LIN008,FAC003,,MWO005274,2024-10-20 09:08:51,Planned Maintenance,0.59,35,17793.69,Resolved,High
DTE003048,MCH0525,LIN017,FAC006,FLR001340,MWO002701,2024-07-09 05:50:57,Tool Change,9.29,1522,603747.61,Resolved,High
DTE003049,MCH0510,LIN023,FAC008,FLR001642,MWO000224,2025-02-10 07:40:25,Material Shortage,3.6,441,419582.33,Resolved,High
DTE003050,MCH0175,LIN019,FAC007,,MWO005940,2025-08-25 09:23:56,Power Failure,0.92,48,30907.67,Resolved,High
DTE003051,MCH0307,LIN024,FAC008,,MWO008719,2023-09-27 21:58:21,Planned Maintenance,2.07,283,52765.99,Resolved,Critical
DTE003052,MCH0228,LIN011,FAC004,,MWO003877,2025-09-08 08:42:33,Quality Hold,3.94,851,907732.54,Resolved,Medium
DTE003053,MCH0468,LIN030,FAC010,FLR001237,MWO001416,2026-06-08 22:03:09,Material Shortage,0.64,129,70285.69,Resolved,Low
DTE003054,MCH0100,LIN014,FAC005,,MWO010354,2023-06-08 15:27:28,Tool Change,5.52,1261,1481147.23,Resolved,Medium
DTE003055,MCH0419,LIN008,FAC003,,MWO009455,2023-04-21 11:26:38,Material Shortage,7.15,476,280827.8,Resolved,High
DTE003056,MCH0090,LIN018,FAC006,,MWO005548,2024-08-23 16:26:23,Tool Change,5.64,1122,1216737.94,Resolved,High
DTE003057,MCH0571,LIN020,FAC007,,MWO009334,2026-03-23 03:22:01,Changeover,1.4,286,321111.74,Resolved,Medium
DTE003058,MCH0504,LIN008,FAC003,FLR000951,MWO000903,2023-04-30 01:32:08,Changeover,0.4,80,45108.18,Resolved,Medium
DTE003059,MCH0349,LIN024,FAC008,,MWO006256,2023-05-20 08:56:43,Tool Change,1.46,66,76142.46,Resolved,Medium
DTE003060,MCH0173,LIN020,FAC007,FLR002582,MWO002961,2024-09-10 02:47:22,Planned Maintenance,2.83,672,159472.81,Resolved,High
DTE003061,MCH0096,LIN010,FAC004,,MWO004932,2023-04-12 17:39:37,Quality Hold,0.1,11,8566.55,Resolved,High
DTE003062,MCH0025,LIN017,FAC006,,MWO006572,2025-08-25 09:04:20,Material Shortage,1.11,260,211697.39,Resolved,Critical
DTE003063,MCH0488,LIN023,FAC008,,MWO011296,2023-07-19 15:19:54,Changeover,1.63,374,173130.51,Resolved,Critical
DTE003064,MCH0134,LIN006,FAC002,FLR001492,MWO002412,2025-03-30 05:34:07,Changeover,1.87,250,239255.39,Resolved,Medium
DTE003065,MCH0417,LIN001,FAC001,,MWO004823,2025-06-29 20:05:39,Changeover,1.53,352,136009.32,Resolved,Critical
DTE003066,MCH0331,LIN012,FAC004,,MWO006837,2026-01-07 03:24:30,Changeover,0.14,11,10105.73,Resolved,High
DTE003067,MCH0372,LIN025,FAC009,,MWO009521,2023-12-05 09:54:15,Changeover,0.86,86,56098.15,Resolved,High
DTE003068,MCH0565,LIN024,FAC008,,MWO005216,2026-01-17 06:42:34,Power Failure,3.1,425,122507.9,Resolved,High
DTE003069,MCH0087,LIN028,FAC010,FLR001914,MWO000530,2024-11-04 06:54:42,Material Shortage,1.19,250,49480.25,Resolved,Low
DTE003070,MCH0371,LIN005,FAC002,,MWO010945,2023-03-11 19:27:14,Material Shortage,1.41,138,112087.8,Resolved,Low
DTE003071,MCH0510,LIN023,FAC008,FLR001723,MWO000653,2025-09-26 15:40:30,Quality Hold,2.22,459,306053.25,Resolved,Low
DTE003072,MCH0592,LIN023,FAC008,,MWO011545,2025-03-28 19:21:49,Power Failure,3.18,599,119133.28,Resolved,Critical
DTE003073,MCH0451,LIN013,FAC005,,MWO004146,2023-02-07 18:46:32,Planned Maintenance,3.58,204,220176.45,Resolved,Medium
DTE003074,MCH0437,LIN015,FAC005,,MWO004052,2023-07-01 02:06:45,Planned Maintenance,1.92,243,78738.18,Resolved,Critical
DTE003075,MCH0485,LIN007,FAC003,,MWO010801,2025-12-06 19:23:01,Changeover,3.88,585,459281.71,Open,Low
DTE003076,MCH0040,LIN003,FAC001,,MWO005423,2024-07-08 13:18:38,Material Shortage,1.37,220,71726.38,Resolved,Medium
DTE003077,MCH0079,LIN008,FAC003,,MWO011693,2023-10-30 16:09:41,Power Failure,3.99,363,196018.25,Resolved,High
DTE003078,MCH0297,LIN018,FAC006,,MWO011905,2024-10-30 06:50:08,Quality Hold,0.44,36,7470.66,Resolved,High
DTE003079,MCH0248,LIN028,FAC010,FLR001620,MWO002366,2023-04-08 15:13:45,Power Failure,2.72,605,194135.24,Resolved,High
DTE003080,MCH0027,LIN014,FAC005,,MWO009104,2023-04-12 13:45:16,Tool Change,2.64,186,110797.94,Resolved,High
DTE003081,MCH0203,LIN016,FAC006,,MWO008789,2024-02-08 16:22:20,Material Shortage,2.42,371,115334.8,Resolved,Medium
DTE003082,MCH0105,LIN004,FAC002,,MWO011161,2024-06-16 06:35:57,Material Shortage,5.98,643,601126.65,Resolved,High
DTE003083,MCH0395,LIN004,FAC002,,MWO004820,2026-03-02 07:40:50,Tool Change,0.58,27,14363.01,Resolved,Low
DTE003084,MCH0297,LIN018,FAC006,FLR002165,MWO000847,2025-11-21 02:27:08,Material Shortage,1.36,221,137043.61,Resolved,Low
DTE003085,MCH0300,LIN002,FAC001,,MWO007107,2024-04-13 07:45:11,Material Shortage,3.12,242,85831.83,Resolved,High
DTE003086,MCH0286,LIN023,FAC008,,MWO006037,2025-02-18 01:33:15,Quality Hold,0.78,158,186002.48,Resolved,Low
DTE003087,MCH0272,LIN002,FAC001,,MWO007372,2025-06-23 15:58:10,Planned Maintenance,9.09,2091,930756.84,Resolved,High
DTE003088,MCH0184,LIN001,FAC001,,MWO006610,2025-05-14 01:47:12,Power Failure,0.98,201,73772.43,Resolved,Medium
DTE003089,MCH0553,LIN013,FAC005,,MWO004246,2025-12-14 06:30:13,Power Failure,3.66,554,447158.76,Resolved,Medium
DTE003090,MCH0150,LIN008,FAC003,,MWO011898,2024-04-11 00:46:04,Planned Maintenance,6.25,1380,363472.78,Resolved,Medium
DTE003091,MCH0425,LIN014,FAC005,,MWO010075,2023-09-24 11:32:57,Tool Change,1.09,225,268573.61,Resolved,Medium
DTE003092,MCH0081,LIN021,FAC007,FLR001990,MWO000013,2024-11-28 06:57:00,Tool Change,1.1,224,193235.93,Resolved,Critical
DTE003093,MCH0232,LIN030,FAC010,,MWO011537,2024-09-29 23:59:22,Power Failure,4.13,242,96247.32,Resolved,Medium
DTE003094,MCH0027,LIN014,FAC005,,MWO003690,2023-06-23 14:38:20,Material Shortage,1.78,262,246140.15,Resolved,Medium
DTE003095,MCH0537,LIN013,FAC005,,MWO009736,2025-07-23 04:43:48,Quality Hold,2.99,672,465618.58,Resolved,Medium
DTE003096,MCH0277,LIN001,FAC001,,MWO011415,2026-03-16 08:23:32,Planned Maintenance,2.51,550,87680.12,Resolved,Critical
DTE003097,MCH0075,LIN003,FAC001,,MWO004028,2024-07-12 14:43:36,Changeover,7.98,728,512106.52,Resolved,Medium
DTE003098,MCH0295,LIN020,FAC007,,MWO009324,2023-04-21 09:52:29,Tool Change,1.97,219,34183.07,Open,Medium
DTE003099,MCH0473,LIN022,FAC008,FLR001234,MWO001265,2023-03-08 02:15:50,Quality Hold,2.77,503,387203.39,Resolved,Medium
DTE003100,MCH0079,LIN008,FAC003,,MWO011357,2023-04-04 12:32:01,Planned Maintenance,1.4,195,59496.57,Resolved,Medium
DTE003101,MCH0017,LIN015,FAC005,,MWO008201,2026-01-21 19:00:19,Power Failure,2.38,313,299966.78,Resolved,Medium
DTE003102,MCH0298,LIN016,FAC006,,MWO009287,2024-10-26 13:25:19,Material Shortage,2.8,257,65726.92,Resolved,Medium
DTE003103,MCH0509,LIN021,FAC007,,MWO008738,2024-06-25 06:12:24,Power Failure,2.29,454,260996.02,Resolved,Medium
DTE003104,MCH0467,LIN027,FAC009,,MWO006716,2023-08-01 21:58:45,Power Failure,5.27,1107,1126326.32,Resolved,Medium
DTE003105,MCH0433,LIN022,FAC008,,MWO008890,2026-02-24 09:04:09,Planned Maintenance,4.51,727,443978.68,Resolved,Critical
DTE003106,MCH0371,LIN005,FAC002,FLR002612,MWO001447,2025-10-20 16:08:58,Material Shortage,5.55,983,1113914.78,Resolved,Low
DTE003107,MCH0555,LIN021,FAC007,,MWO006899,2023-06-29 13:32:28,Tool Change,0.48,103,67097.1,Resolved,High
DTE003108,MCH0364,LIN029,FAC010,,MWO006629,2025-11-25 04:13:30,Material Shortage,1.84,408,316828.83,Resolved,Low
DTE003109,MCH0002,LIN009,FAC003,,MWO007472,2026-05-24 04:49:20,Power Failure,3.51,204,171562.22,Resolved,High
DTE003110,MCH0596,LIN022,FAC008,,MWO006741,2025-02-06 17:01:50,Planned Maintenance,2.32,321,265781.83,Resolved,Critical
DTE003111,MCH0069,LIN018,FAC006,FLR000291,MWO000516,2024-10-28 17:11:52,Changeover,0.74,166,38841.29,Resolved,Low
DTE003112,MCH0548,LIN011,FAC004,,MWO003545,2024-01-17 03:53:27,Tool Change,5.03,1189,423311.06,Resolved,Low
DTE003113,MCH0355,LIN029,FAC010,,MWO009688,2024-12-16 11:25:57,Planned Maintenance,1.55,83,68897.44,Resolved,Medium
DTE003114,MCH0388,LIN011,FAC004,,MWO005894,2023-10-10 04:53:40,Tool Change,2.49,231,63484.06,Resolved,Low
DTE003115,MCH0263,LIN018,FAC006,,MWO009362,2024-03-24 19:37:01,Quality Hold,0.95,61,26435.51,Resolved,High
DTE003116,MCH0127,LIN004,FAC002,FLR000637,MWO000307,2026-05-25 08:47:04,Planned Maintenance,4.29,175,87008.45,Resolved,Critical
DTE003117,MCH0314,LIN023,FAC008,,MWO008906,2023-08-21 14:49:47,Power Failure,7.38,334,376779.62,Resolved,Low
DTE003118,MCH0363,LIN017,FAC006,,MWO005060,2025-07-07 14:08:26,Planned Maintenance,1.07,209,46903.61,Open,Critical
DTE003119,MCH0547,LIN005,FAC002,,MWO010839,2025-07-25 17:39:44,Material Shortage,7.86,982,947010.84,Resolved,High
DTE003120,MCH0309,LIN007,FAC003,FLR002304,MWO002420,2026-01-28 02:07:56,Material Shortage,1.68,276,154541.13,Open,Low
DTE003121,MCH0259,LIN026,FAC009,,MWO011190,2025-12-29 11:56:39,Power Failure,0.53,68,58192.59,Resolved,Medium
DTE003122,MCH0042,LIN016,FAC006,,MWO007781,2025-10-14 01:40:41,Material Shortage,5.79,794,222193.81,Resolved,Medium
DTE003123,MCH0480,LIN019,FAC007,FLR001916,MWO002451,2023-09-05 08:38:42,Power Failure,2.67,238,191007.6,Resolved,High
DTE003124,MCH0021,LIN007,FAC003,,MWO003561,2024-01-30 02:04:04,Material Shortage,2.85,346,151533.82,Resolved,Medium
DTE003125,MCH0251,LIN017,FAC006,FLR001753,MWO000532,2024-07-06 03:42:02,Material Shortage,1.14,265,149815.45,Resolved,Medium
DTE003126,MCH0161,LIN008,FAC003,,MWO009198,2025-10-03 14:47:34,Quality Hold,10.53,422,289060.13,Resolved,High
DTE003127,MCH0166,LIN004,FAC002,,MWO011360,2026-06-10 15:05:33,Planned Maintenance,2.94,237,184879.57,Resolved,Low
DTE003128,MCH0163,LIN007,FAC003,,MWO006527,2026-04-03 12:54:26,Power Failure,0.29,69,51771.0,Resolved,Medium
DTE003129,MCH0288,LIN014,FAC005,,MWO007195,2025-12-18 16:44:16,Tool Change,2.24,297,299575.18,Open,High
DTE003130,MCH0476,LIN023,FAC008,,MWO003510,2026-02-14 16:04:56,Quality Hold,3.9,239,210248.48,Resolved,Critical
DTE003131,MCH0251,LIN017,FAC006,,MWO011171,2024-05-06 12:11:58,Material Shortage,1.96,283,100004.81,Resolved,Critical
DTE003132,MCH0190,LIN002,FAC001,FLR001809,MWO002192,2025-10-25 12:39:50,Quality Hold,6.05,961,611020.29,Open,Low
DTE003133,MCH0268,LIN013,FAC005,,MWO007173,2023-02-16 19:40:08,Changeover,2.59,502,143860.9,Resolved,Medium
DTE003134,MCH0486,LIN029,FAC010,,MWO007694,2025-11-18 16:16:24,Quality Hold,3.05,313,340442.84,Resolved,High
DTE003135,MCH0435,LIN027,FAC009,,MWO005576,2023-06-30 21:39:50,Material Shortage,0.17,35,40628.25,Resolved,Medium
DTE003136,MCH0409,LIN021,FAC007,,MWO003055,2023-05-11 20:59:28,Power Failure,0.54,106,69571.48,Resolved,Critical
DTE003137,MCH0078,LIN001,FAC001,,MWO009497,2023-12-02 10:29:15,Planned Maintenance,3.73,489,228154.33,Resolved,Medium
DTE003138,MCH0294,LIN006,FAC002,,MWO011129,2024-08-20 01:40:18,Power Failure,4.78,482,476198.99,Resolved,Medium
DTE003139,MCH0441,LIN020,FAC007,,MWO005580,2023-10-16 01:17:09,Power Failure,0.26,27,22011.09,Resolved,Low
DTE003140,MCH0164,LIN029,FAC010,,MWO010760,2026-06-21 11:01:42,Quality Hold,6.69,277,153821.39,Open,Medium
DTE003141,MCH0177,LIN009,FAC003,,MWO011696,2023-03-23 13:51:02,Material Shortage,4.21,488,210775.82,Resolved,Low
DTE003142,MCH0347,LIN015,FAC005,FLR001153,MWO001770,2024-09-13 21:45:27,Changeover,3.13,527,326214.77,Open,Medium
DTE003143,MCH0463,LIN018,FAC006,FLR002244,MWO002955,2025-12-14 14:41:39,Tool Change,9.63,1631,1594822.09,Resolved,Medium
DTE003144,MCH0140,LIN013,FAC005,FLR001355,MWO001104,2025-02-14 02:04:33,Power Failure,0.36,51,51732.45,Resolved,Low
DTE003145,MCH0167,LIN020,FAC007,FLR001003,MWO002352,2024-11-04 13:38:22,Tool Change,1.68,317,280121.95,Resolved,Medium
DTE003146,MCH0160,LIN018,FAC006,,MWO007864,2025-08-02 12:12:59,Material Shortage,5.5,221,205405.05,Resolved,Critical
DTE003147,MCH0276,LIN012,FAC004,,MWO008374,2025-12-14 01:39:57,Power Failure,2.7,461,109101.1,Resolved,Medium
DTE003148,MCH0177,LIN009,FAC003,,MWO006212,2026-05-02 17:37:06,Changeover,4.75,969,265466.5,Resolved,Medium
DTE003149,MCH0596,LIN022,FAC008,,MWO005420,2026-06-03 16:03:45,Tool Change,7.47,1322,663482.57,Resolved,High
DTE003150,MCH0228,LIN011,FAC004,,MWO003423,2026-03-11 16:56:52,Power Failure,5.44,907,855181.32,Resolved,Medium
DTE003151,MCH0103,LIN030,FAC010,,MWO006669,2023-01-15 17:33:22,Power Failure,0.78,180,29095.17,Resolved,Medium
DTE003152,MCH0491,LIN021,FAC007,,MWO003831,2025-08-25 17:41:42,Power Failure,0.6,126,135219.22,Resolved,Medium
DTE003153,MCH0357,LIN029,FAC010,,MWO011049,2025-05-09 17:00:52,Planned Maintenance,1.66,224,144744.42,Resolved,Medium
DTE003154,MCH0275,LIN008,FAC003,,MWO004534,2024-07-14 06:02:00,Quality Hold,6.45,1098,1002457.65,Resolved,Medium
DTE003155,MCH0093,LIN027,FAC009,,MWO010259,2024-12-08 08:34:02,Quality Hold,3.29,415,142741.91,Open,Low
DTE003156,MCH0545,LIN004,FAC002,,MWO004739,2023-05-17 15:18:43,Quality Hold,3.83,423,74795.63,Resolved,Medium
DTE003157,MCH0236,LIN021,FAC007,,MWO007141,2023-04-25 21:31:44,Tool Change,3.11,211,238159.84,Resolved,Low
DTE003158,MCH0387,LIN005,FAC002,FLR001454,MWO001219,2024-06-13 10:42:02,Changeover,0.66,122,144006.16,Resolved,High
DTE003159,MCH0078,LIN001,FAC001,,MWO009927,2023-09-24 14:14:48,Planned Maintenance,2.31,155,114354.39,Resolved,High
DTE003160,MCH0178,LIN023,FAC008,,MWO008958,2025-04-24 19:54:46,Planned Maintenance,3.65,296,142856.52,Resolved,Medium
DTE003161,MCH0177,LIN009,FAC003,,MWO007897,2024-03-06 16:08:55,Material Shortage,0.08,5,5298.81,Resolved,High
DTE003162,MCH0115,LIN002,FAC001,,MWO005497,2024-12-17 19:07:14,Quality Hold,1.26,85,42441.58,Resolved,Low
DTE003163,MCH0441,LIN020,FAC007,FLR000821,MWO001350,2025-02-13 18:02:18,Material Shortage,2.22,349,70410.0,Resolved,Medium
DTE003164,MCH0457,LIN007,FAC003,,MWO006454,2024-09-05 19:57:20,Tool Change,5.0,499,252746.51,Resolved,High
DTE003165,MCH0040,LIN003,FAC001,,MWO005795,2025-10-26 05:10:30,Changeover,5.96,621,173499.64,Resolved,High
DTE003166,MCH0547,LIN005,FAC002,,MWO008620,2023-08-17 03:02:29,Changeover,0.92,153,123896.48,Resolved,Low
DTE003167,MCH0413,LIN022,FAC008,,MWO008877,2023-07-06 05:53:47,Tool Change,4.11,422,314131.35,Open,Medium
DTE003168,MCH0577,LIN009,FAC003,,MWO010470,2025-11-30 15:04:50,Quality Hold,5.12,468,265040.47,Resolved,High
DTE003169,MCH0555,LIN021,FAC007,,MWO007922,2024-04-24 01:48:12,Material Shortage,4.31,673,254149.64,Resolved,Medium
DTE003170,MCH0301,LIN019,FAC007,,MWO010776,2025-03-09 03:36:01,Planned Maintenance,7.35,1013,826004.19,Resolved,Critical
DTE003171,MCH0367,LIN007,FAC003,,MWO005872,2026-04-10 23:12:27,Material Shortage,4.15,241,225476.46,Resolved,Medium
DTE003172,MCH0008,LIN015,FAC005,,MWO008518,2024-10-24 03:18:57,Material Shortage,6.91,1377,1560685.79,Resolved,High
DTE003173,MCH0087,LIN028,FAC010,,MWO008616,2025-11-23 09:02:44,Quality Hold,7.94,1249,1230600.53,Resolved,Medium
DTE003174,MCH0311,LIN023,FAC008,FLR000049,MWO000892,2024-12-29 05:04:25,Tool Change,2.58,497,460753.28,Resolved,Medium
DTE003175,MCH0042,LIN016,FAC006,,MWO003192,2026-04-10 17:17:28,Power Failure,1.38,311,347130.91,Open,Critical
DTE003176,MCH0275,LIN008,FAC003,,MWO005779,2024-07-29 19:51:10,Planned Maintenance,10.3,2221,1603177.31,Resolved,Medium
DTE003177,MCH0366,LIN019,FAC007,FLR001154,MWO002101,2025-04-15 07:27:35,Quality Hold,0.29,32,16564.13,Resolved,High
DTE003178,MCH0125,LIN008,FAC003,,MWO003080,2025-02-02 20:01:26,Quality Hold,1.79,186,123049.89,Open,Low
DTE003179,MCH0547,LIN005,FAC002,FLR001408,MWO000019,2025-09-27 22:04:11,Quality Hold,0.4,62,48920.72,Resolved,High
DTE003180,MCH0255,LIN005,FAC002,FLR000917,MWO002659,2025-08-15 23:53:19,Planned Maintenance,4.02,491,301708.62,Resolved,High
DTE003181,MCH0039,LIN009,FAC003,,MWO005553,2026-04-10 04:39:18,Power Failure,26.0,1981,1108810.69,Resolved,High
DTE003182,MCH0515,LIN012,FAC004,,MWO009199,2025-08-21 02:30:18,Changeover,4.12,875,934349.79,Resolved,High
DTE003183,MCH0121,LIN008,FAC003,,MWO006630,2026-04-11 09:51:49,Material Shortage,9.49,1078,1039132.44,Resolved,High
DTE003184,MCH0301,LIN019,FAC007,FLR002388,MWO002871,2023-11-09 14:45:09,Tool Change,0.28,44,35428.12,Resolved,High
DTE003185,MCH0380,LIN003,FAC001,,MWO007616,2024-01-28 07:27:10,Material Shortage,0.6,123,110476.56,Resolved,Low
DTE003186,MCH0545,LIN004,FAC002,,MWO009633,2023-06-29 08:55:57,Quality Hold,0.36,68,71505.13,Resolved,Critical
DTE003187,MCH0477,LIN007,FAC003,,MWO004152,2025-09-18 11:01:15,Power Failure,5.16,1066,1131724.62,Resolved,High
DTE003188,MCH0180,LIN011,FAC004,,MWO006887,2024-03-27 03:25:44,Quality Hold,3.03,242,188480.58,Resolved,Medium
DTE003189,MCH0366,LIN019,FAC007,,MWO005025,2023-12-15 13:02:06,Power Failure,3.12,205,115598.58,Resolved,Low
DTE003190,MCH0092,LIN005,FAC002,FLR002243,MWO000887,2025-06-17 18:53:28,Quality Hold,3.67,368,229888.4,Open,High
DTE003191,MCH0521,LIN019,FAC007,FLR002441,MWO002303,2023-08-17 20:56:48,Power Failure,2.6,226,202200.24,Resolved,Medium
DTE003192,MCH0048,LIN024,FAC008,FLR002518,MWO000908,2024-11-21 20:11:22,Planned Maintenance,1.23,188,205145.76,Open,Critical
DTE003193,MCH0552,LIN012,FAC004,,MWO010647,2025-08-26 15:37:38,Planned Maintenance,0.82,97,53966.68,Resolved,High
DTE003194,MCH0460,LIN030,FAC010,FLR000380,MWO002470,2023-11-11 01:08:49,Quality Hold,3.95,562,203023.12,Resolved,High
DTE003195,MCH0180,LIN011,FAC004,,MWO004288,2025-09-28 00:36:53,Material Shortage,1.49,84,18586.45,Resolved,High
DTE003196,MCH0498,LIN011,FAC004,,MWO009861,2026-02-12 09:25:06,Tool Change,2.07,140,118400.65,Resolved,High
DTE003197,MCH0049,LIN007,FAC003,FLR000504,MWO000563,2025-11-20 21:55:51,Tool Change,7.09,1640,1439711.06,Resolved,Low
DTE003198,MCH0478,LIN008,FAC003,FLR002377,MWO000547,2025-10-28 02:21:35,Material Shortage,4.67,961,406901.99,Resolved,Medium
DTE003199,MCH0044,LIN012,FAC004,,MWO008093,2023-06-08 20:11:03,Quality Hold,2.7,219,155201.83,Open,High
DTE003200,MCH0302,LIN016,FAC006,FLR001119,MWO000541,2026-03-23 01:14:39,Tool Change,0.82,151,26832.29,Resolved,Medium
DTE003201,MCH0260,LIN005,FAC002,,MWO007206,2024-02-22 19:19:31,Quality Hold,3.14,181,146385.87,Resolved,High
DTE003202,MCH0218,LIN007,FAC003,,MWO007729,2025-04-18 22:05:03,Changeover,2.12,235,272603.53,Resolved,High
DTE003203,MCH0300,LIN002,FAC001,FLR001431,MWO000521,2025-09-28 02:05:17,Quality Hold,3.14,154,92597.53,Resolved,Low
DTE003204,MCH0459,LIN006,FAC002,,MWO009833,2025-01-28 19:26:48,Tool Change,0.95,60,70978.88,Resolved,Critical
DTE003205,MCH0082,LIN027,FAC009,FLR002442,MWO001807,2023-10-19 22:55:42,Material Shortage,0.63,89,75923.41,Resolved,High
DTE003206,MCH0365,LIN014,FAC005,,MWO004364,2023-05-04 23:13:38,Quality Hold,1.57,341,192796.67,Resolved,Medium
DTE003207,MCH0576,LIN020,FAC007,,MWO010766,2024-10-08 21:27:52,Power Failure,1.95,288,344116.7,Resolved,Medium
DTE003208,MCH0093,LIN027,FAC009,,MWO011369,2024-02-03 09:53:22,Power Failure,1.64,331,325358.09,Resolved,Medium
DTE003209,MCH0444,LIN012,FAC004,,MWO008952,2024-07-04 19:53:39,Tool Change,1.29,306,276287.44,Resolved,High
DTE003210,MCH0325,LIN011,FAC004,,MWO011991,2025-01-15 01:04:46,Power Failure,3.92,812,479440.14,Open,Medium
DTE003211,MCH0463,LIN018,FAC006,FLR001731,MWO000689,2026-03-05 01:14:25,Material Shortage,1.06,227,55852.96,Resolved,Critical
DTE003212,MCH0504,LIN008,FAC003,,MWO011914,2023-11-12 15:17:57,Changeover,4.99,645,340604.46,Resolved,High
DTE003213,MCH0146,LIN004,FAC002,,MWO005204,2025-07-05 08:07:00,Changeover,1.1,63,25193.19,Resolved,Medium
DTE003214,MCH0269,LIN002,FAC001,,MWO003821,2024-04-22 00:28:11,Material Shortage,3.04,172,40796.15,Resolved,Medium
DTE003215,MCH0366,LIN019,FAC007,,MWO008983,2023-02-10 05:12:19,Changeover,7.39,355,154529.0,Resolved,Medium
DTE003216,MCH0216,LIN028,FAC010,,MWO003282,2025-01-03 17:21:40,Material Shortage,3.61,376,184488.47,Resolved,High
DTE003217,MCH0279,LIN001,FAC001,FLR002898,MWO001677,2023-11-02 07:00:11,Changeover,4.06,586,556162.19,Resolved,High
DTE003218,MCH0214,LIN018,FAC006,,MWO004262,2025-02-24 18:23:05,Quality Hold,3.56,801,634329.1,Resolved,Critical
DTE003219,MCH0139,LIN012,FAC004,,MWO011875,2024-03-17 04:48:06,Planned Maintenance,5.76,630,308608.98,Open,Low
DTE003220,MCH0291,LIN022,FAC008,,MWO007098,2024-04-08 11:47:52,Quality Hold,0.3,61,50841.22,Resolved,High
DTE003221,MCH0391,LIN007,FAC003,,MWO005700,2026-02-19 09:05:34,Power Failure,3.68,341,58248.65,Open,Medium
DTE003222,MCH0265,LIN011,FAC004,FLR000613,MWO002457,2025-09-06 09:15:54,Changeover,2.12,343,110801.96,Resolved,Low
DTE003223,MCH0082,LIN027,FAC009,,MWO008768,2023-12-26 18:31:54,Tool Change,1.91,346,249149.34,Resolved,Medium
DTE003224,MCH0074,LIN001,FAC001,FLR000463,MWO001739,2023-07-10 12:13:31,Changeover,3.46,465,448011.91,Resolved,Critical
DTE003225,MCH0587,LIN024,FAC008,,MWO010853,2024-12-09 22:04:32,Planned Maintenance,1.25,212,118144.19,Resolved,High
DTE003226,MCH0395,LIN004,FAC002,,MWO007827,2024-04-28 15:41:19,Material Shortage,0.75,119,18047.93,Resolved,Medium
DTE003227,MCH0443,LIN021,FAC007,FLR001906,MWO000639,2024-11-30 12:47:02,Tool Change,4.56,1089,385305.73,Resolved,High
DTE003228,MCH0382,LIN018,FAC006,,MWO003097,2024-10-02 13:42:18,Quality Hold,2.24,99,114857.25,Resolved,High
DTE003229,MCH0338,LIN015,FAC005,,MWO004284,2024-02-05 13:54:42,Power Failure,6.25,1350,945606.53,Resolved,Critical
DTE003230,MCH0044,LIN012,FAC004,,MWO010192,2025-11-07 06:05:46,Planned Maintenance,0.78,180,161863.86,Resolved,High
DTE003231,MCH0010,LIN011,FAC004,FLR002580,MWO001731,2025-10-20 07:40:52,Tool Change,1.75,177,154363.49,Resolved,High
DTE003232,MCH0210,LIN004,FAC002,,MWO009508,2025-12-13 17:51:26,Tool Change,4.34,351,330995.08,Resolved,Medium
DTE003233,MCH0114,LIN004,FAC002,FLR000589,MWO001432,2023-02-27 06:17:59,Power Failure,1.57,186,171632.2,Resolved,Medium
DTE003234,MCH0525,LIN017,FAC006,,MWO003169,2024-08-26 06:15:41,Planned Maintenance,1.45,283,125397.56,Resolved,High
DTE003235,MCH0462,LIN016,FAC006,,MWO009773,2024-08-11 16:21:30,Material Shortage,2.64,500,385754.49,Resolved,Low
DTE003236,MCH0040,LIN003,FAC001,FLR002471,MWO000876,2024-02-17 17:55:11,Power Failure,0.84,124,42417.16,Resolved,Critical
DTE003237,MCH0040,LIN003,FAC001,,MWO009391,2025-04-05 23:46:10,Power Failure,3.17,456,269468.51,Resolved,High
DTE003238,MCH0012,LIN030,FAC010,FLR002941,MWO000728,2025-01-26 06:04:52,Tool Change,0.32,24,6542.71,Resolved,High
DTE003239,MCH0423,LIN009,FAC003,,MWO004927,2026-02-04 19:39:00,Power Failure,0.71,126,100950.07,Resolved,Medium
DTE003240,MCH0087,LIN028,FAC010,,MWO005402,2025-06-01 21:28:48,Planned Maintenance,3.38,658,226347.83,Open,Medium
DTE003241,MCH0010,LIN011,FAC004,,MWO006412,2024-07-28 08:26:13,Changeover,1.82,425,396636.82,Resolved,Medium
DTE003242,MCH0339,LIN019,FAC007,,MWO009817,2024-01-24 23:40:24,Quality Hold,6.8,512,153815.03,Resolved,High
DTE003243,MCH0338,LIN015,FAC005,,MWO008851,2024-08-23 20:27:43,Material Shortage,2.0,425,122959.2,Resolved,Medium
DTE003244,MCH0354,LIN005,FAC002,FLR002984,MWO002749,2023-04-03 02:41:02,Tool Change,4.1,302,50633.04,Resolved,Low
DTE003245,MCH0532,LIN007,FAC003,,MWO006159,2024-02-04 16:47:52,Tool Change,1.68,175,202242.12,Resolved,High
DTE003246,MCH0016,LIN009,FAC003,,MWO010133,2026-05-07 19:46:30,Tool Change,2.75,174,29578.77,Resolved,Medium
DTE003247,MCH0415,LIN008,FAC003,,MWO010156,2023-01-30 11:22:52,Tool Change,3.45,391,361954.59,Resolved,Medium
DTE003248,MCH0307,LIN024,FAC008,,MWO011661,2023-06-05 21:13:37,Tool Change,2.43,122,21282.33,Resolved,High
DTE003249,MCH0482,LIN024,FAC008,,MWO007017,2025-02-04 11:56:03,Tool Change,0.4,40,12530.47,Open,Medium
DTE003250,MCH0302,LIN016,FAC006,,MWO007565,2024-11-11 23:24:34,Tool Change,4.19,427,302298.11,Resolved,Medium
DTE003251,MCH0356,LIN005,FAC002,,MWO009682,2026-01-28 11:26:53,Planned Maintenance,1.74,129,127680.27,Resolved,High
DTE003252,MCH0219,LIN012,FAC004,,MWO003517,2023-02-23 19:11:30,Material Shortage,2.4,248,43687.14,Resolved,Low
DTE003253,MCH0266,LIN021,FAC007,,MWO005708,2023-07-31 15:04:47,Planned Maintenance,1.46,293,245861.57,Resolved,Medium
DTE003254,MCH0122,LIN001,FAC001,,MWO004370,2026-06-22 22:32:47,Quality Hold,6.87,1299,246046.94,Resolved,High
DTE003255,MCH0581,LIN004,FAC002,,MWO003483,2025-02-27 14:03:03,Planned Maintenance,1.85,161,95485.79,Resolved,Medium
DTE003256,MCH0079,LIN008,FAC003,,MWO005068,2023-10-26 03:52:28,Tool Change,3.87,299,205372.03,Resolved,Critical
DTE003257,MCH0542,LIN004,FAC002,,MWO003867,2024-12-19 16:28:44,Planned Maintenance,2.94,591,186020.45,Resolved,Critical
DTE003258,MCH0083,LIN010,FAC004,,MWO006232,2024-08-01 14:14:18,Power Failure,2.06,120,135273.56,Open,High
DTE003259,MCH0547,LIN005,FAC002,,MWO009730,2024-06-04 13:55:47,Planned Maintenance,3.76,896,353448.42,Resolved,High
DTE003260,MCH0514,LIN029,FAC010,,MWO004041,2026-04-15 16:19:47,Tool Change,6.69,412,128003.78,Resolved,High
DTE003261,MCH0090,LIN018,FAC006,FLR001967,MWO000184,2023-01-23 16:01:51,Quality Hold,4.84,200,140423.27,Resolved,High
DTE003262,MCH0552,LIN012,FAC004,,MWO004183,2026-04-25 01:01:03,Changeover,0.55,83,51759.24,Resolved,Medium
DTE003263,MCH0195,LIN014,FAC005,,MWO011246,2023-01-23 20:30:39,Planned Maintenance,0.98,221,204270.54,Resolved,Medium
DTE003264,MCH0018,LIN026,FAC009,,MWO007952,2026-01-31 23:27:28,Planned Maintenance,8.66,456,479577.92,Resolved,Critical
DTE003265,MCH0506,LIN001,FAC001,,MWO009433,2023-10-25 02:26:01,Material Shortage,1.97,83,29547.66,Resolved,Medium
DTE003266,MCH0328,LIN024,FAC008,,MWO011392,2024-09-02 00:41:28,Planned Maintenance,2.46,390,185401.23,Resolved,Low
DTE003267,MCH0290,LIN027,FAC009,,MWO008179,2023-06-06 03:07:40,Changeover,5.99,402,261816.08,Resolved,Low
DTE003268,MCH0145,LIN010,FAC004,,MWO006281,2023-07-01 22:36:01,Quality Hold,1.49,70,76954.77,Open,High
DTE003269,MCH0242,LIN001,FAC001,,MWO006034,2024-02-23 20:51:32,Quality Hold,2.79,289,254894.93,Resolved,Medium
DTE003270,MCH0558,LIN025,FAC009,FLR002346,MWO002071,2024-12-16 18:37:16,Changeover,13.55,3046,2975185.94,Resolved,Medium
DTE003271,MCH0598,LIN029,FAC010,,MWO007810,2026-06-05 06:41:55,Power Failure,6.54,867,402851.68,Resolved,High
DTE003272,MCH0198,LIN003,FAC001,,MWO003221,2025-11-21 07:39:38,Quality Hold,2.02,400,274214.52,Resolved,High
DTE003273,MCH0347,LIN015,FAC005,,MWO010336,2023-10-04 13:43:50,Changeover,2.07,251,118287.57,Resolved,High
DTE003274,MCH0443,LIN021,FAC007,,MWO010441,2023-01-19 01:40:13,Material Shortage,1.83,199,221783.93,Resolved,Critical
DTE003275,MCH0596,LIN022,FAC008,,MWO008079,2026-02-27 04:02:05,Changeover,4.26,1017,590090.45,Resolved,Medium
DTE003276,MCH0496,LIN024,FAC008,,MWO010273,2026-04-29 17:35:26,Material Shortage,1.57,202,180155.76,Resolved,Medium
DTE003277,MCH0521,LIN019,FAC007,FLR002671,MWO002507,2024-02-04 10:34:43,Quality Hold,1.09,106,67538.74,Resolved,Low
DTE003278,MCH0382,LIN018,FAC006,,MWO004857,2026-01-31 21:36:48,Power Failure,1.75,174,92800.97,Resolved,Low
DTE003279,MCH0239,LIN015,FAC005,FLR000174,MWO001402,2025-08-05 06:48:17,Material Shortage,3.59,378,241933.61,Resolved,High
DTE003280,MCH0043,LIN023,FAC008,FLR000672,MWO001589,2024-06-05 23:13:41,Material Shortage,0.73,162,129495.09,Resolved,High
DTE003281,MCH0186,LIN010,FAC004,,MWO011082,2023-09-10 20:05:26,Quality Hold,3.45,637,330310.85,Resolved,Medium
DTE003282,MCH0502,LIN011,FAC004,,MWO010587,2024-12-11 07:18:25,Material Shortage,2.59,219,109828.09,Resolved,Medium
DTE003283,MCH0351,LIN021,FAC007,,MWO003136,2023-07-08 17:51:04,Planned Maintenance,3.32,486,283418.04,Resolved,Medium
DTE003284,MCH0438,LIN013,FAC005,,MWO005632,2024-11-16 19:08:49,Tool Change,1.81,322,87291.85,Open,Medium
DTE003285,MCH0465,LIN002,FAC001,,MWO005559,2023-12-21 13:44:58,Quality Hold,1.87,115,118923.16,Resolved,Medium
DTE003286,MCH0492,LIN009,FAC003,,MWO007455,2025-05-14 00:17:26,Tool Change,3.71,515,412617.39,Resolved,Low
DTE003287,MCH0070,LIN030,FAC010,FLR001859,MWO000384,2023-04-09 21:35:44,Quality Hold,3.5,575,228718.97,Open,Medium
DTE003288,MCH0376,LIN005,FAC002,FLR002573,MWO001440,2026-06-17 04:43:30,Planned Maintenance,1.43,140,159277.85,Resolved,Low
DTE003289,MCH0250,LIN007,FAC003,,MWO008214,2024-06-01 04:56:23,Changeover,3.52,270,91210.35,Resolved,Medium
DTE003290,MCH0529,LIN014,FAC005,FLR001690,MWO001524,2024-03-17 07:53:40,Power Failure,5.44,1166,755975.42,Resolved,Medium
DTE003291,MCH0173,LIN020,FAC007,,MWO007132,2026-05-06 15:28:20,Quality Hold,3.35,497,219565.07,Resolved,High
DTE003292,MCH0176,LIN008,FAC003,FLR000751,MWO000791,2025-07-26 07:59:30,Changeover,3.46,615,447251.4,Resolved,Medium
DTE003293,MCH0376,LIN005,FAC002,FLR001602,MWO000349,2025-05-23 21:58:20,Changeover,0.99,69,52814.77,Resolved,Medium
DTE003294,MCH0214,LIN018,FAC006,FLR001553,MWO000460,2023-03-10 07:09:10,Tool Change,4.59,814,890085.08,Open,Medium
DTE003295,MCH0504,LIN008,FAC003,FLR002131,MWO000792,2023-04-22 23:20:47,Changeover,2.67,637,407125.15,Resolved,Medium
DTE003296,MCH0486,LIN029,FAC010,,MWO007694,2025-11-18 16:16:24,Material Shortage,10.02,689,124425.32,Resolved,Critical
DTE003297,MCH0152,LIN010,FAC004,,MWO007802,2024-06-02 19:40:34,Changeover,4.98,1132,1197450.53,Resolved,High
DTE003298,MCH0055,LIN029,FAC010,,MWO008294,2025-11-14 09:13:12,Planned Maintenance,0.82,46,29972.47,Resolved,High
DTE003299,MCH0582,LIN013,FAC005,,MWO006607,2024-03-29 22:37:09,Power Failure,3.22,396,365656.42,Resolved,Medium
DTE003300,MCH0198,LIN003,FAC001,,MWO007934,2025-10-25 02:39:51,Power Failure,6.24,539,494634.89,Resolved,Medium
DTE003301,MCH0232,LIN030,FAC010,FLR002503,MWO001955,2026-05-07 10:23:58,Planned Maintenance,2.61,607,522549.68,Resolved,High
DTE003302,MCH0519,LIN030,FAC010,FLR002869,MWO002317,2025-06-05 08:45:20,Material Shortage,5.87,1037,320619.12,Resolved,Medium
DTE003303,MCH0102,LIN015,FAC005,,MWO003741,2024-02-24 13:16:30,Changeover,0.21,13,7161.66,Resolved,Low
DTE003304,MCH0578,LIN030,FAC010,,MWO006311,2023-11-11 00:16:57,Quality Hold,7.21,1044,878953.38,Resolved,High
DTE003305,MCH0046,LIN029,FAC010,,MWO007813,2024-08-07 05:22:29,Tool Change,0.31,71,45144.02,Resolved,Medium
DTE003306,MCH0100,LIN014,FAC005,,MWO011839,2025-10-05 22:17:23,Material Shortage,1.79,334,278509.03,Resolved,High
DTE003307,MCH0177,LIN009,FAC003,,MWO011630,2026-06-11 08:03:43,Planned Maintenance,9.55,717,313741.66,Open,Medium
DTE003308,MCH0359,LIN019,FAC007,,MWO006616,2025-10-12 16:05:57,Planned Maintenance,2.98,485,135496.42,Resolved,Medium
DTE003309,MCH0286,LIN023,FAC008,,MWO008704,2024-07-11 01:19:15,Planned Maintenance,4.47,639,595314.01,Resolved,High
DTE003310,MCH0330,LIN023,FAC008,,MWO010471,2024-11-25 16:48:34,Quality Hold,5.65,1114,733694.06,Resolved,Medium
DTE003311,MCH0395,LIN004,FAC002,,MWO004895,2024-08-03 04:34:13,Power Failure,5.29,957,823559.19,Resolved,High
DTE003312,MCH0596,LIN022,FAC008,,MWO011125,2025-10-12 06:50:51,Material Shortage,3.26,499,242656.26,Resolved,Low
DTE003313,MCH0548,LIN011,FAC004,,MWO006569,2023-03-25 00:11:00,Changeover,0.6,42,24666.15,Open,Low
DTE003314,MCH0057,LIN020,FAC007,FLR001625,MWO002078,2026-05-08 19:07:02,Tool Change,1.32,269,67403.9,Resolved,High
DTE003315,MCH0589,LIN023,FAC008,FLR002680,MWO001333,2024-08-06 15:08:11,Planned Maintenance,0.86,170,181458.82,Resolved,Medium
DTE003316,MCH0304,LIN026,FAC009,,MWO003731,2024-07-24 15:40:55,Quality Hold,0.76,138,59851.85,Resolved,High
DTE003317,MCH0251,LIN017,FAC006,FLR000765,MWO002866,2023-03-24 08:35:40,Changeover,1.37,113,121839.08,Resolved,Medium
DTE003318,MCH0119,LIN019,FAC007,FLR000038,MWO000768,2024-05-09 21:03:07,Changeover,3.93,875,848169.79,Resolved,Low
DTE003319,MCH0032,LIN023,FAC008,,MWO010405,2023-12-06 21:49:08,Quality Hold,0.98,208,54049.18,Open,High
DTE003320,MCH0052,LIN006,FAC002,FLR000745,MWO000421,2023-12-25 03:50:24,Planned Maintenance,2.12,404,474040.96,Resolved,Critical
DTE003321,MCH0178,LIN023,FAC008,FLR001900,MWO000816,2025-07-18 16:37:27,Material Shortage,8.91,1113,438328.02,Resolved,High
DTE003322,MCH0526,LIN028,FAC010,,MWO008853,2023-12-17 14:39:02,Power Failure,5.14,249,275939.45,Resolved,High
DTE003323,MCH0024,LIN022,FAC008,FLR001806,MWO000355,2025-11-04 20:08:01,Material Shortage,6.07,671,141007.99,Resolved,Medium
DTE003324,MCH0592,LIN023,FAC008,FLR000940,MWO002311,2025-12-13 11:25:46,Material Shortage,0.62,142,33870.42,Resolved,Medium
DTE003325,MCH0216,LIN028,FAC010,,MWO007868,2024-05-12 08:24:43,Tool Change,4.85,1089,683527.33,Resolved,High
DTE003326,MCH0155,LIN022,FAC008,,MWO004578,2023-09-30 16:00:07,Tool Change,1.57,340,222553.93,Resolved,High
DTE003327,MCH0532,LIN007,FAC003,FLR002290,MWO002740,2024-11-12 13:43:28,Tool Change,4.72,239,135513.9,Resolved,Low
DTE003328,MCH0043,LIN023,FAC008,FLR000672,MWO002570,2024-06-05 23:46:21,Material Shortage,1.78,308,259968.61,Resolved,High
DTE003329,MCH0174,LIN023,FAC008,,MWO007158,2025-11-10 15:51:28,Changeover,3.26,480,271255.72,Resolved,High
DTE003330,MCH0531,LIN021,FAC007,,MWO011547,2024-09-22 15:40:00,Planned Maintenance,3.86,585,447414.31,Resolved,Critical
DTE003331,MCH0124,LIN013,FAC005,,MWO006698,2024-01-06 10:56:18,Material Shortage,1.37,304,218901.8,Resolved,High
DTE003332,MCH0234,LIN001,FAC001,,MWO006021,2023-12-27 10:00:29,Planned Maintenance,1.81,301,76687.39,Resolved,Critical
DTE003333,MCH0123,LIN019,FAC007,,MWO004254,2025-02-27 14:07:28,Power Failure,2.18,270,83065.61,Resolved,Low
DTE003334,MCH0565,LIN024,FAC008,,MWO005516,2023-02-11 17:19:36,Tool Change,6.46,315,171559.2,Open,Low
DTE003335,MCH0051,LIN011,FAC004,,MWO004390,2025-06-07 00:17:29,Changeover,1.45,198,120691.36,Resolved,Medium
DTE003336,MCH0334,LIN018,FAC006,,MWO004968,2025-08-28 05:18:52,Quality Hold,1.26,254,201182.89,Resolved,Medium
DTE003337,MCH0529,LIN014,FAC005,,MWO009631,2025-09-23 20:11:08,Quality Hold,1.43,74,33851.08,Resolved,Medium
DTE003338,MCH0086,LIN003,FAC001,,MWO010730,2024-05-12 13:16:31,Tool Change,2.7,586,294061.07,Resolved,High
DTE003339,MCH0229,LIN014,FAC005,,MWO008839,2025-12-25 13:57:44,Quality Hold,2.14,332,246915.53,Resolved,Medium
DTE003340,MCH0375,LIN005,FAC002,,MWO007414,2023-09-24 13:36:19,Planned Maintenance,2.64,520,534169.4,Open,Medium
DTE003341,MCH0192,LIN007,FAC003,,MWO004511,2024-07-04 22:50:15,Power Failure,8.84,639,146748.48,Resolved,Medium
DTE003342,MCH0152,LIN010,FAC004,,MWO003253,2024-08-21 00:50:53,Quality Hold,0.19,31,32344.21,Open,High
DTE003343,MCH0003,LIN025,FAC009,FLR002347,MWO001655,2023-04-17 01:12:36,Planned Maintenance,4.25,921,737048.57,Resolved,Low
DTE003344,MCH0174,LIN023,FAC008,FLR000735,MWO002281,2025-07-21 14:01:27,Tool Change,1.38,66,64559.04,Resolved,High
DTE003345,MCH0297,LIN018,FAC006,,MWO006089,2025-10-14 16:20:12,Changeover,9.2,2143,1809586.4,Open,Medium
DTE003346,MCH0347,LIN015,FAC005,FLR000760,MWO000922,2024-07-10 07:32:10,Power Failure,0.58,39,10260.01,Resolved,High
DTE003347,MCH0314,LIN023,FAC008,,MWO005946,2024-06-19 17:52:00,Tool Change,0.88,200,202034.36,Resolved,High
DTE003348,MCH0250,LIN007,FAC003,,MWO010736,2025-01-20 00:31:57,Quality Hold,2.66,526,395126.74,Resolved,Critical
DTE003349,MCH0363,LIN017,FAC006,FLR000428,MWO001069,2025-03-12 16:54:45,Tool Change,7.18,784,277476.76,Resolved,Critical
DTE003350,MCH0351,LIN021,FAC007,,MWO007756,2024-05-30 16:44:18,Material Shortage,0.84,81,49861.48,Resolved,Low
DTE003351,MCH0020,LIN001,FAC001,,MWO003359,2024-09-08 16:52:53,Quality Hold,1.34,183,31408.1,Resolved,High
DTE003352,MCH0396,LIN028,FAC010,,MWO004692,2024-11-10 18:30:52,Planned Maintenance,2.02,276,188275.18,Resolved,Medium
DTE003353,MCH0430,LIN016,FAC006,FLR001268,MWO001034,2024-02-15 05:37:54,Tool Change,8.38,1610,942158.73,Resolved,Medium
DTE003354,MCH0259,LIN026,FAC009,,MWO005105,2023-12-31 18:38:14,Tool Change,0.04,8,9239.52,Open,Medium
DTE003355,MCH0073,LIN002,FAC001,FLR001071,MWO001019,2025-08-01 14:37:20,Quality Hold,3.24,296,188622.29,Resolved,Low
DTE003356,MCH0374,LIN013,FAC005,,MWO008627,2023-09-24 17:02:02,Quality Hold,14.81,2060,321787.3,Resolved,High
DTE003357,MCH0085,LIN020,FAC007,,MWO007821,2023-07-23 07:37:27,Power Failure,2.52,371,266831.61,Resolved,High
DTE003358,MCH0100,LIN014,FAC005,FLR002843,MWO001820,2024-12-02 06:38:25,Changeover,1.81,261,217103.76,Resolved,Critical
DTE003359,MCH0133,LIN013,FAC005,,MWO010840,2025-10-26 21:51:54,Power Failure,1.85,361,175218.29,Resolved,Critical
DTE003360,MCH0261,LIN017,FAC006,FLR002087,MWO002054,2025-11-20 03:21:58,Material Shortage,6.16,1477,443210.58,Resolved,Low
DTE003361,MCH0296,LIN026,FAC009,,MWO005863,2026-06-28 17:43:47,Changeover,2.17,389,392094.66,Open,Medium
DTE003362,MCH0483,LIN029,FAC010,FLR002686,MWO001276,2024-02-14 12:52:10,Changeover,6.02,1329,336305.18,Resolved,High
DTE003363,MCH0060,LIN022,FAC008,,MWO008780,2024-02-11 13:09:43,Quality Hold,5.82,556,459417.24,Resolved,High
DTE003364,MCH0464,LIN002,FAC001,,MWO009431,2023-10-08 19:24:07,Changeover,3.28,405,151841.0,Resolved,High
DTE003365,MCH0504,LIN008,FAC003,FLR000951,MWO000677,2023-04-30 02:54:08,Planned Maintenance,1.73,202,205625.62,Open,High
DTE003366,MCH0275,LIN008,FAC003,,MWO005126,2025-08-10 06:24:20,Changeover,3.49,718,727667.5,Resolved,High
DTE003367,MCH0385,LIN006,FAC002,,MWO010056,2024-02-23 14:03:45,Planned Maintenance,1.55,341,62063.25,Resolved,High
DTE003368,MCH0434,LIN011,FAC004,,MWO007066,2025-01-09 12:50:34,Quality Hold,4.82,892,741272.53,Resolved,High
DTE003369,MCH0098,LIN002,FAC001,,MWO007442,2026-05-28 08:22:07,Quality Hold,6.27,806,724757.51,Resolved,Medium
DTE003370,MCH0117,LIN013,FAC005,,MWO009233,2023-01-15 09:41:18,Quality Hold,7.82,1527,1161958.42,Resolved,Medium
DTE003371,MCH0306,LIN010,FAC004,,MWO010016,2024-12-02 14:44:13,Quality Hold,4.2,409,407277.15,Resolved,High
DTE003372,MCH0090,LIN018,FAC006,,MWO004947,2024-02-29 11:01:47,Tool Change,4.51,910,1090335.43,Resolved,High
DTE003373,MCH0222,LIN028,FAC010,,MWO008227,2023-02-20 12:30:49,Tool Change,3.66,660,753730.84,Resolved,Medium
DTE003374,MCH0321,LIN029,FAC010,FLR001752,MWO002734,2024-09-08 15:54:41,Power Failure,3.2,284,182964.8,Resolved,Medium
DTE003375,MCH0286,LIN023,FAC008,,MWO004170,2023-06-28 09:31:29,Changeover,1.27,275,131738.22,Resolved,High
DTE003376,MCH0370,LIN029,FAC010,,MWO010359,2025-02-28 23:28:38,Tool Change,4.18,650,380790.89,Resolved,Medium
DTE003377,MCH0103,LIN030,FAC010,,MWO010752,2026-01-27 10:20:16,Power Failure,9.46,1016,643997.34,Resolved,Low
DTE003378,MCH0075,LIN003,FAC001,,MWO005778,2023-06-12 05:27:06,Material Shortage,2.26,213,103293.05,Resolved,Critical
DTE003379,MCH0443,LIN021,FAC007,,MWO003714,2024-12-20 03:01:20,Tool Change,2.61,289,68609.81,Resolved,High
DTE003380,MCH0222,LIN028,FAC010,,MWO003287,2025-12-22 19:56:35,Tool Change,2.24,319,248947.68,Resolved,Medium
DTE003381,MCH0308,LIN025,FAC009,FLR002435,MWO000495,2025-01-09 02:51:42,Changeover,2.22,391,290628.56,Resolved,Low
DTE003382,MCH0064,LIN025,FAC009,,MWO003276,2024-01-15 15:35:18,Tool Change,1.68,89,52231.91,Resolved,Medium
DTE003383,MCH0169,LIN003,FAC001,,MWO009668,2023-01-02 06:55:30,Planned Maintenance,4.25,565,455804.17,Resolved,High
DTE003384,MCH0506,LIN001,FAC001,,MWO010206,2023-09-23 11:21:57,Quality Hold,1.07,65,72624.85,Resolved,Critical
DTE003385,MCH0565,LIN024,FAC008,,MWO004528,2023-06-11 20:25:29,Planned Maintenance,6.45,1206,723926.66,Resolved,Medium
DTE003386,MCH0242,LIN001,FAC001,,MWO011785,2025-08-30 23:03:21,Quality Hold,4.09,739,554354.22,Resolved,Medium
DTE003387,MCH0480,LIN019,FAC007,,MWO007395,2026-03-04 10:50:48,Material Shortage,2.41,164,123878.24,Resolved,Critical
DTE003388,MCH0443,LIN021,FAC007,,MWO003714,2024-12-20 03:01:20,Material Shortage,1.07,100,108439.6,Resolved,High
DTE003389,MCH0185,LIN018,FAC006,,MWO004817,2024-09-20 13:16:58,Changeover,5.49,388,175610.17,Resolved,Medium
DTE003390,MCH0116,LIN010,FAC004,,MWO003178,2023-04-18 20:02:59,Quality Hold,5.24,353,305237.27,Resolved,Medium
DTE003391,MCH0227,LIN023,FAC008,,MWO005814,2025-02-14 07:02:15,Power Failure,5.67,746,379920.73,Resolved,Medium
DTE003392,MCH0369,LIN012,FAC004,,MWO004411,2026-06-18 23:08:30,Power Failure,8.44,394,196451.94,Resolved,Low
DTE003393,MCH0564,LIN015,FAC005,FLR001303,MWO002203,2024-03-16 11:53:26,Changeover,0.16,34,10699.34,Resolved,High
DTE003394,MCH0421,LIN007,FAC003,,MWO007369,2024-02-16 00:53:33,Material Shortage,2.53,453,376380.23,Resolved,Medium
DTE003395,MCH0478,LIN008,FAC003,,MWO011274,2023-09-21 01:17:06,Changeover,7.19,321,164359.29,Resolved,High
DTE003396,MCH0474,LIN003,FAC001,,MWO006818,2025-12-13 15:08:54,Tool Change,3.15,368,246689.44,Resolved,Medium
DTE003397,MCH0252,LIN027,FAC009,,MWO007666,2024-05-14 11:05:07,Planned Maintenance,6.83,876,475440.03,Resolved,Medium
DTE003398,MCH0218,LIN007,FAC003,,MWO004662,2025-10-13 08:42:26,Quality Hold,0.06,13,6543.99,Resolved,Medium
DTE003399,MCH0434,LIN011,FAC004,,MWO006200,2023-08-25 14:33:44,Power Failure,2.4,378,436057.41,Open,High
DTE003400,MCH0125,LIN008,FAC003,,MWO004557,2024-03-04 06:09:06,Power Failure,0.92,98,76711.47,Resolved,Medium
DTE003401,MCH0299,LIN014,FAC005,,MWO003431,2025-06-11 08:02:16,Material Shortage,5.96,1065,205531.86,Resolved,Medium
DTE003402,MCH0460,LIN030,FAC010,,MWO010914,2024-07-13 13:37:09,Changeover,1.78,164,135860.57,Resolved,Medium
DTE003403,MCH0307,LIN024,FAC008,,MWO011181,2025-04-15 14:42:32,Changeover,0.72,143,94370.47,Resolved,Medium
DTE003404,MCH0157,LIN029,FAC010,,MWO011701,2026-02-18 11:09:13,Material Shortage,2.09,388,137102.74,Resolved,Medium
DTE003405,MCH0254,LIN013,FAC005,,MWO005469,2024-10-07 21:53:21,Quality Hold,5.06,596,476908.44,Resolved,High
DTE003406,MCH0523,LIN023,FAC008,FLR001733,MWO000942,2023-06-03 10:38:49,Power Failure,0.73,131,97044.71,Resolved,Critical
DTE003407,MCH0584,LIN009,FAC003,,MWO004476,2023-06-10 06:44:34,Planned Maintenance,2.7,194,59346.88,Resolved,Medium
DTE003408,MCH0480,LIN019,FAC007,,MWO007685,2025-12-14 15:44:10,Changeover,1.9,356,336530.29,Resolved,Medium
DTE003409,MCH0062,LIN011,FAC004,FLR001292,MWO000183,2023-10-19 00:39:51,Changeover,1.54,222,178482.96,Open,Low
DTE003410,MCH0176,LIN008,FAC003,,MWO003302,2023-12-17 11:50:27,Power Failure,3.26,765,415362.38,Resolved,High
DTE003411,MCH0079,LIN008,FAC003,,MWO010235,2025-10-07 01:14:28,Power Failure,2.1,322,374241.19,Resolved,Medium
DTE003412,MCH0101,LIN022,FAC008,,MWO008540,2024-08-12 12:38:41,Tool Change,2.85,483,498911.16,Resolved,High
DTE003413,MCH0584,LIN009,FAC003,FLR000926,MWO000302,2024-09-22 13:37:35,Quality Hold,1.8,235,93903.02,Open,Medium
DTE003414,MCH0363,LIN017,FAC006,,MWO009247,2023-08-10 20:04:24,Planned Maintenance,4.08,853,748379.03,Resolved,Medium
DTE003415,MCH0190,LIN002,FAC001,,MWO007553,2023-12-05 16:37:23,Planned Maintenance,2.07,187,105763.15,Resolved,High
DTE003416,MCH0161,LIN008,FAC003,,MWO007757,2026-01-30 02:18:30,Planned Maintenance,4.21,879,435378.25,Resolved,Medium
DTE003417,MCH0246,LIN029,FAC010,,MWO005546,2024-11-03 23:40:05,Tool Change,1.93,273,45389.01,Resolved,High
DTE003418,MCH0536,LIN030,FAC010,,MWO006028,2024-09-22 08:20:47,Tool Change,3.05,304,66895.33,Open,Medium
DTE003419,MCH0223,LIN025,FAC009,,MWO003086,2023-01-10 07:34:54,Power Failure,3.57,163,87854.27,Resolved,Critical
DTE003420,MCH0579,LIN003,FAC001,FLR002785,MWO002898,2025-05-25 20:18:40,Quality Hold,1.85,273,132273.12,Resolved,Medium
DTE003421,MCH0107,LIN010,FAC004,,MWO006155,2024-11-27 23:54:45,Planned Maintenance,2.28,132,145512.12,Resolved,Low
DTE003422,MCH0438,LIN013,FAC005,FLR000279,MWO002475,2023-08-12 07:57:50,Tool Change,0.45,81,17009.94,Resolved,Critical
DTE003423,MCH0329,LIN014,FAC005,,MWO005744,2024-10-03 18:03:13,Quality Hold,1.64,186,172422.85,Resolved,Medium
DTE003424,MCH0558,LIN025,FAC009,,MWO006009,2024-03-25 05:12:25,Changeover,0.28,58,14092.13,Resolved,Medium
DTE003425,MCH0587,LIN024,FAC008,,MWO007638,2025-08-14 10:40:15,Planned Maintenance,6.76,300,317100.09,Resolved,Low
DTE003426,MCH0592,LIN023,FAC008,FLR000940,MWO000135,2025-12-13 13:51:04,Material Shortage,11.18,2681,758738.26,Resolved,High
DTE003427,MCH0030,LIN022,FAC008,FLR001535,MWO000036,2023-03-25 21:14:06,Material Shortage,3.4,420,179797.17,Resolved,High
DTE003428,MCH0439,LIN026,FAC009,FLR000183,MWO000834,2024-11-02 06:49:14,Quality Hold,2.3,348,214027.61,Resolved,Medium
DTE003429,MCH0244,LIN007,FAC003,,MWO008176,2025-11-14 14:00:07,Planned Maintenance,17.42,3109,2404060.76,Resolved,High
DTE003430,MCH0245,LIN030,FAC010,,MWO007249,2025-03-23 18:38:19,Quality Hold,4.37,1024,745995.77,Resolved,High
DTE003431,MCH0174,LIN023,FAC008,,MWO005999,2024-12-13 13:43:27,Quality Hold,3.17,267,168860.96,Resolved,High
DTE003432,MCH0582,LIN013,FAC005,,MWO011027,2024-05-26 07:30:34,Changeover,7.24,643,770672.36,Resolved,Medium
DTE003433,MCH0044,LIN012,FAC004,,MWO006529,2026-01-22 10:15:31,Changeover,0.44,100,38526.3,Resolved,Medium
DTE003434,MCH0253,LIN016,FAC006,,MWO010482,2023-04-08 21:30:34,Tool Change,1.36,200,112136.34,Resolved,High
DTE003435,MCH0442,LIN001,FAC001,,MWO005244,2026-04-14 13:19:24,Tool Change,1.58,237,52594.93,Resolved,Medium
DTE003436,MCH0351,LIN021,FAC007,FLR002250,MWO002452,2026-04-12 11:26:41,Changeover,1.38,169,116431.95,Resolved,Critical
DTE003437,MCH0251,LIN017,FAC006,FLR001753,MWO002951,2024-07-06 05:16:24,Tool Change,3.45,219,92812.62,Resolved,Medium
DTE003438,MCH0141,LIN006,FAC002,,MWO010264,2024-04-30 03:36:28,Quality Hold,3.46,192,173614.27,Resolved,Medium
DTE003439,MCH0594,LIN016,FAC006,,MWO006801,2024-03-28 13:05:27,Changeover,7.98,1364,523737.46,Resolved,Low
DTE003440,MCH0030,LIN022,FAC008,,MWO009170,2026-06-03 07:32:10,Planned Maintenance,2.26,353,314867.57,Resolved,Medium
DTE003441,MCH0139,LIN012,FAC004,FLR000898,MWO002819,2025-06-13 13:56:43,Quality Hold,0.95,202,165637.91,Resolved,Medium
DTE003442,MCH0271,LIN005,FAC002,FLR001209,MWO000678,2025-01-03 03:37:57,Planned Maintenance,1.59,324,387447.96,Resolved,Medium
DTE003443,MCH0038,LIN022,FAC008,FLR001696,MWO001462,2024-04-09 21:29:58,Material Shortage,4.55,656,446865.76,Resolved,Low
DTE003444,MCH0540,LIN026,FAC009,,MWO011018,2023-08-27 01:16:46,Planned Maintenance,4.49,976,596134.86,Resolved,Critical
DTE003445,MCH0296,LIN026,FAC009,,MWO011498,2023-08-03 05:29:45,Changeover,4.86,1097,908019.18,Open,Medium
DTE003446,MCH0262,LIN021,FAC007,,MWO011548,2025-02-01 10:28:20,Planned Maintenance,3.09,722,850907.66,Resolved,Critical
DTE003447,MCH0327,LIN009,FAC003,,MWO009936,2023-02-07 00:24:41,Material Shortage,6.06,533,330544.54,Resolved,Low
DTE003448,MCH0399,LIN028,FAC010,,MWO004562,2024-04-30 02:17:57,Power Failure,0.99,92,87874.69,Resolved,Low
DTE003449,MCH0147,LIN028,FAC010,,MWO011643,2023-06-15 03:48:34,Material Shortage,0.94,132,92282.08,Resolved,High
DTE003450,MCH0117,LIN013,FAC005,,MWO010977,2024-09-21 07:28:51,Tool Change,5.75,1172,1133931.68,Resolved,Low
DTE003451,MCH0457,LIN007,FAC003,,MWO008378,2026-04-03 05:51:09,Planned Maintenance,9.42,1948,1302745.38,Resolved,Medium
DTE003452,MCH0153,LIN017,FAC006,,MWO006205,2023-11-04 03:04:40,Power Failure,4.24,830,364786.5,Resolved,Medium
DTE003453,MCH0431,LIN023,FAC008,FLR000758,MWO000787,2025-07-04 11:28:40,Planned Maintenance,6.17,273,302934.77,Resolved,Critical
DTE003454,MCH0220,LIN023,FAC008,FLR000576,MWO000218,2024-04-06 03:54:54,Tool Change,1.15,220,236487.48,Resolved,Medium
DTE003455,MCH0547,LIN005,FAC002,,MWO010839,2025-07-25 17:39:44,Power Failure,4.8,323,386274.88,Resolved,Critical
DTE003456,MCH0122,LIN001,FAC001,FLR001217,MWO001671,2025-07-06 11:03:31,Planned Maintenance,4.69,889,368909.61,Resolved,Medium
DTE003457,MCH0224,LIN018,FAC006,,MWO005545,2024-08-25 11:15:47,Quality Hold,4.19,337,189219.66,Open,Medium
DTE003458,MCH0237,LIN025,FAC009,FLR002036,MWO001048,2026-03-29 20:10:00,Quality Hold,10.89,610,292903.84,Resolved,High
DTE003459,MCH0263,LIN018,FAC006,,MWO005943,2024-06-09 16:36:04,Changeover,0.45,40,42761.83,Resolved,Low
DTE003460,MCH0386,LIN012,FAC004,FLR001941,MWO001216,2025-12-17 05:28:40,Quality Hold,2.86,251,48081.8,Resolved,Medium
DTE003461,MCH0237,LIN025,FAC009,,MWO004433,2023-10-20 20:36:16,Material Shortage,4.5,888,642941.17,Open,Medium
DTE003462,MCH0135,LIN015,FAC005,FLR002674,MWO002293,2026-01-18 18:39:30,Planned Maintenance,1.86,427,65167.44,Open,High
DTE003463,MCH0162,LIN014,FAC005,,MWO008474,2023-10-12 11:05:29,Tool Change,1.31,221,175998.11,Resolved,Medium
DTE003464,MCH0396,LIN028,FAC010,,MWO004950,2024-05-01 06:29:09,Changeover,4.73,999,957760.43,Resolved,Critical
DTE003465,MCH0274,LIN024,FAC008,,MWO008262,2025-06-21 02:58:16,Changeover,7.58,1260,291839.34,Resolved,Medium
DTE003466,MCH0196,LIN005,FAC002,,MWO007801,2023-01-31 04:45:56,Power Failure,0.19,30,32688.17,Resolved,High
DTE003467,MCH0171,LIN006,FAC002,,MWO003304,2024-04-13 05:41:19,Material Shortage,9.02,1642,747466.92,Resolved,Medium
DTE003468,MCH0223,LIN025,FAC009,,MWO004745,2024-01-02 08:18:44,Changeover,2.93,258,276014.59,Resolved,Medium
DTE003469,MCH0293,LIN023,FAC008,,MWO003190,2023-12-01 15:05:01,Material Shortage,3.24,524,323105.06,Open,High
DTE003470,MCH0531,LIN021,FAC007,,MWO010341,2024-06-02 14:09:31,Material Shortage,5.66,1347,798932.99,Resolved,Medium
DTE003471,MCH0136,LIN019,FAC007,,MWO009168,2024-04-28 09:50:24,Power Failure,1.88,145,26677.16,Resolved,High
DTE003472,MCH0111,LIN012,FAC004,FLR002235,MWO000223,2023-06-17 21:37:11,Planned Maintenance,1.46,78,62351.77,Open,Medium
DTE003473,MCH0165,LIN029,FAC010,FLR000410,MWO002148,2023-08-15 17:40:27,Quality Hold,4.98,732,764243.38,Resolved,High
DTE003474,MCH0254,LIN013,FAC005,,MWO011209,2023-07-26 15:06:32,Power Failure,1.64,198,94358.28,Resolved,Medium
DTE003475,MCH0554,LIN028,FAC010,FLR002120,MWO000424,2024-09-03 09:57:01,Planned Maintenance,9.51,1314,571042.7,Resolved,Low
DTE003476,MCH0356,LIN005,FAC002,,MWO009366,2026-01-08 10:40:24,Quality Hold,3.05,330,264864.9,Resolved,High
DTE003477,MCH0124,LIN013,FAC005,,MWO006698,2024-01-06 10:56:18,Planned Maintenance,0.84,104,58858.93,Resolved,High
DTE003478,MCH0134,LIN006,FAC002,,MWO010498,2025-01-13 14:44:04,Tool Change,4.81,355,95445.72,Resolved,Medium
DTE003479,MCH0400,LIN002,FAC001,,MWO006203,2023-06-25 05:42:06,Material Shortage,0.72,95,22278.05,Resolved,Low
DTE003480,MCH0329,LIN014,FAC005,FLR000177,MWO000752,2025-08-14 19:45:38,Quality Hold,4.35,310,212016.18,Resolved,Medium
DTE003481,MCH0534,LIN027,FAC009,,MWO007076,2024-01-25 13:22:34,Tool Change,1.28,223,249250.11,Open,Medium
DTE003482,MCH0070,LIN030,FAC010,FLR001627,MWO001014,2023-08-23 10:35:05,Material Shortage,1.54,233,39360.6,Resolved,High
DTE003483,MCH0202,LIN009,FAC003,FLR002033,MWO001442,2023-03-19 06:19:55,Material Shortage,2.3,160,73876.82,Resolved,Medium
DTE003484,MCH0004,LIN020,FAC007,FLR000507,MWO000106,2023-02-01 09:21:42,Material Shortage,2.24,128,131626.34,Open,Low
DTE003485,MCH0381,LIN011,FAC004,,MWO007606,2024-03-05 04:57:22,Power Failure,1.49,292,282083.07,Resolved,Low
DTE003486,MCH0124,LIN013,FAC005,,MWO011504,2023-01-28 16:20:14,Quality Hold,4.23,181,111639.45,Resolved,Medium
DTE003487,MCH0261,LIN017,FAC006,,MWO011852,2024-02-02 00:28:19,Changeover,1.41,277,48548.96,Resolved,High
DTE003488,MCH0590,LIN008,FAC003,,MWO011561,2023-05-10 02:27:20,Material Shortage,4.0,902,422405.46,Resolved,Low
DTE003489,MCH0231,LIN008,FAC003,,MWO003662,2024-08-26 17:22:02,Changeover,3.58,262,118259.28,Resolved,High
DTE003490,MCH0384,LIN021,FAC007,,MWO004914,2024-06-28 11:46:38,Material Shortage,8.44,1170,1268708.43,Resolved,Medium
DTE003491,MCH0220,LIN023,FAC008,FLR000764,MWO001278,2023-01-12 02:30:56,Planned Maintenance,1.53,314,314609.77,Resolved,Critical
DTE003492,MCH0547,LIN005,FAC002,FLR001266,MWO001642,2026-05-29 12:37:30,Material Shortage,4.79,434,349987.83,Resolved,Low
DTE003493,MCH0596,LIN022,FAC008,,MWO009607,2026-01-10 15:10:17,Planned Maintenance,0.45,93,61315.42,Resolved,High
DTE003494,MCH0372,LIN025,FAC009,,MWO008324,2025-01-26 08:19:48,Tool Change,7.32,1460,507031.95,Resolved,High
DTE003495,MCH0007,LIN021,FAC007,,MWO011459,2024-05-17 06:46:06,Tool Change,1.62,305,116730.36,Resolved,Low
DTE003496,MCH0092,LIN005,FAC002,FLR000369,MWO000502,2025-08-25 18:11:41,Tool Change,0.59,94,100970.8,Resolved,Medium
DTE003497,MCH0159,LIN014,FAC005,FLR001143,MWO000391,2025-10-02 08:38:22,Tool Change,12.09,1804,1486338.44,Resolved,High
DTE003498,MCH0163,LIN007,FAC003,FLR002482,MWO002922,2025-08-17 18:35:17,Tool Change,4.09,668,483096.1,Resolved,Critical
DTE003499,MCH0596,LIN022,FAC008,,MWO008079,2026-02-27 04:02:05,Planned Maintenance,5.42,463,327722.45,Resolved,Medium
DTE003500,MCH0299,LIN014,FAC005,FLR000962,MWO001273,2025-02-22 08:24:48,Tool Change,2.0,255,221183.44,Resolved,High
DTE003501,MCH0218,LIN007,FAC003,FLR002400,MWO000497,2023-01-19 03:40:08,Planned Maintenance,2.12,471,442627.45,Resolved,High
DTE003502,MCH0248,LIN028,FAC010,FLR001620,MWO001212,2023-04-08 17:20:14,Material Shortage,0.62,33,39095.45,Resolved,Low
DTE003503,MCH0025,LIN017,FAC006,,MWO006572,2025-08-25 09:04:20,Quality Hold,3.46,479,460110.55,Resolved,Low
DTE003504,MCH0436,LIN013,FAC005,,MWO003082,2025-03-09 13:55:24,Material Shortage,12.56,1981,947090.18,Resolved,Low
DTE003505,MCH0549,LIN013,FAC005,,MWO003434,2025-07-01 03:09:55,Tool Change,2.83,418,242859.62,Resolved,High
DTE003506,MCH0511,LIN004,FAC002,,MWO008232,2024-03-06 12:47:41,Material Shortage,1.14,55,11568.38,Resolved,Medium
DTE003507,MCH0107,LIN010,FAC004,,MWO007371,2025-05-21 22:44:18,Changeover,1.37,140,30601.01,Resolved,High
DTE003508,MCH0470,LIN002,FAC001,FLR001774,MWO000696,2023-07-16 12:25:49,Power Failure,1.42,102,105474.45,Resolved,High
DTE003509,MCH0163,LIN007,FAC003,,MWO006527,2026-04-03 12:54:26,Planned Maintenance,5.11,710,729586.57,Resolved,Medium
DTE003510,MCH0425,LIN014,FAC005,,MWO010075,2023-09-24 11:32:57,Planned Maintenance,4.35,727,422290.42,Open,Medium
DTE003511,MCH0443,LIN021,FAC007,,MWO005081,2023-03-14 11:34:35,Changeover,7.15,816,323376.49,Open,High
DTE003512,MCH0229,LIN014,FAC005,,MWO003906,2023-03-10 12:54:46,Quality Hold,0.4,80,15294.87,Resolved,Medium
DTE003513,MCH0405,LIN026,FAC009,,MWO008847,2025-09-15 12:26:56,Changeover,4.04,899,612273.11,Open,High
DTE003514,MCH0262,LIN021,FAC007,,MWO008126,2023-03-12 03:50:01,Planned Maintenance,2.6,623,118817.71,Resolved,Medium
DTE003515,MCH0171,LIN006,FAC002,FLR001645,MWO001810,2023-11-29 12:13:15,Tool Change,6.18,656,116053.78,Resolved,Low
DTE003516,MCH0261,LIN017,FAC006,,MWO006257,2024-12-02 02:52:29,Planned Maintenance,3.91,244,194055.07,Resolved,High
DTE003517,MCH0547,LIN005,FAC002,,MWO004463,2023-03-20 19:44:15,Changeover,2.64,568,90623.19,Resolved,Medium
DTE003518,MCH0331,LIN012,FAC004,FLR000196,MWO000746,2023-05-25 19:56:15,Material Shortage,2.82,355,250783.8,Resolved,Critical
DTE003519,MCH0007,LIN021,FAC007,,MWO004044,2023-10-26 08:51:37,Tool Change,3.07,595,678427.38,Resolved,Medium
DTE003520,MCH0134,LIN006,FAC002,,MWO011972,2025-08-21 09:43:10,Tool Change,7.05,1640,1389464.12,Resolved,Critical
DTE003521,MCH0486,LIN029,FAC010,,MWO010915,2026-03-09 10:56:59,Changeover,1.73,257,136080.38,Open,Critical
DTE003522,MCH0273,LIN002,FAC001,,MWO007457,2024-07-04 21:13:51,Material Shortage,0.93,78,29387.53,Resolved,High
DTE003523,MCH0500,LIN025,FAC009,,MWO008456,2024-06-15 10:36:59,Planned Maintenance,10.23,648,103837.37,Resolved,Low
DTE003524,MCH0484,LIN019,FAC007,,MWO004997,2024-10-28 18:43:19,Changeover,1.0,238,199779.58,Resolved,High
DTE003525,MCH0280,LIN023,FAC008,,MWO003574,2025-12-16 00:52:15,Planned Maintenance,2.74,610,584197.73,Open,High
DTE003526,MCH0011,LIN013,FAC005,,MWO008319,2023-08-03 00:37:45,Tool Change,0.25,37,42304.2,Resolved,Medium
DTE003527,MCH0375,LIN005,FAC002,,MWO003363,2025-08-26 06:04:54,Material Shortage,1.28,211,205229.19,Resolved,Low
DTE003528,MCH0100,LIN014,FAC005,,MWO010728,2023-07-18 02:55:14,Power Failure,4.5,511,317802.77,Resolved,High
DTE003529,MCH0315,LIN015,FAC005,,MWO005754,2025-11-23 12:18:20,Tool Change,4.77,578,404404.93,Resolved,Critical
DTE003530,MCH0467,LIN027,FAC009,,MWO009495,2025-07-05 09:59:58,Material Shortage,4.09,584,383908.22,Open,High
DTE003531,MCH0346,LIN015,FAC005,,MWO005805,2024-11-25 13:18:45,Tool Change,2.1,93,69001.78,Resolved,Critical
DTE003532,MCH0006,LIN013,FAC005,FLR001743,MWO002990,2024-06-24 01:35:35,Tool Change,0.64,88,101912.85,Resolved,Critical
DTE003533,MCH0310,LIN029,FAC010,FLR001518,MWO001980,2026-02-14 11:43:45,Quality Hold,11.53,928,713307.91,Open,Medium
DTE003534,MCH0156,LIN017,FAC006,,MWO011699,2026-05-16 12:08:12,Planned Maintenance,0.9,205,148937.32,Resolved,Medium
DTE003535,MCH0512,LIN030,FAC010,,MWO007578,2026-04-01 12:53:53,Material Shortage,1.35,146,148085.56,Resolved,High
DTE003536,MCH0174,LIN023,FAC008,,MWO008129,2024-10-11 10:32:18,Power Failure,4.98,1099,511915.38,Resolved,Critical
DTE003537,MCH0360,LIN028,FAC010,,MWO011132,2024-09-22 07:11:10,Power Failure,3.4,695,230333.62,Resolved,High
DTE003538,MCH0414,LIN017,FAC006,FLR000688,MWO000628,2023-11-15 08:11:21,Quality Hold,4.03,474,354270.78,Resolved,High
DTE003539,MCH0326,LIN026,FAC009,,MWO009852,2023-01-03 15:13:23,Planned Maintenance,5.13,1209,1261298.15,Resolved,High
DTE003540,MCH0346,LIN015,FAC005,,MWO006165,2023-05-29 08:37:12,Quality Hold,2.01,234,106157.25,Resolved,Low
DTE003541,MCH0347,LIN015,FAC005,FLR002153,MWO001668,2023-12-08 04:48:20,Changeover,3.85,289,153470.54,Resolved,Medium
DTE003542,MCH0570,LIN005,FAC002,,MWO007347,2024-04-22 00:43:59,Power Failure,0.65,109,116934.95,Resolved,Medium
DTE003543,MCH0495,LIN009,FAC003,,MWO004425,2025-04-08 12:50:06,Power Failure,1.74,264,144377.94,Resolved,Medium
DTE003544,MCH0466,LIN005,FAC002,,MWO009599,2023-12-28 13:34:47,Changeover,2.03,259,192313.64,Resolved,Medium
DTE003545,MCH0038,LIN022,FAC008,,MWO010240,2023-06-09 21:01:25,Quality Hold,8.62,628,152114.82,Resolved,High
DTE003546,MCH0157,LIN029,FAC010,,MWO011230,2025-10-14 00:22:27,Changeover,3.09,186,65271.6,Resolved,Medium
DTE003547,MCH0031,LIN010,FAC004,,MWO006262,2025-12-20 04:01:33,Tool Change,1.1,177,60885.21,Open,Medium
DTE003548,MCH0037,LIN022,FAC008,,MWO011586,2024-10-14 23:04:52,Quality Hold,2.03,339,146158.82,Resolved,Medium
DTE003549,MCH0052,LIN006,FAC002,,MWO004017,2025-09-26 08:35:25,Changeover,5.25,359,168529.0,Resolved,Medium
DTE003550,MCH0342,LIN026,FAC009,,MWO007726,2023-10-25 04:08:36,Planned Maintenance,5.93,579,605441.11,Resolved,Medium
DTE003551,MCH0112,LIN003,FAC001,,MWO009502,2023-01-08 03:47:42,Power Failure,9.77,402,302456.87,Resolved,High
DTE003552,MCH0339,LIN019,FAC007,,MWO004495,2025-01-16 02:25:40,Changeover,3.39,689,694484.79,Open,Medium
DTE003553,MCH0170,LIN002,FAC001,,MWO005254,2024-09-09 19:30:53,Planned Maintenance,5.19,1133,585529.62,Resolved,Medium
DTE003554,MCH0024,LIN022,FAC008,,MWO010691,2025-01-25 19:54:25,Material Shortage,1.49,188,130204.8,Resolved,Low
DTE003555,MCH0387,LIN005,FAC002,FLR001454,MWO001219,2024-06-13 10:42:02,Tool Change,2.15,383,324996.01,Resolved,Critical
DTE003556,MCH0008,LIN015,FAC005,,MWO003390,2024-07-26 16:43:50,Planned Maintenance,1.98,444,249587.49,Resolved,Critical
DTE003557,MCH0461,LIN007,FAC003,,MWO011920,2024-03-05 04:11:07,Planned Maintenance,2.86,429,340927.42,Resolved,High
DTE003558,MCH0071,LIN024,FAC008,,MWO008566,2023-05-14 12:25:53,Quality Hold,3.11,526,191822.56,Open,Low
DTE003559,MCH0270,LIN013,FAC005,FLR002113,MWO002856,2023-07-10 15:28:21,Material Shortage,4.09,404,173275.93,Open,Low
DTE003560,MCH0093,LIN027,FAC009,FLR001414,MWO001484,2023-08-05 17:31:29,Material Shortage,8.64,1817,1588040.11,Resolved,High
DTE003561,MCH0525,LIN017,FAC006,,MWO008472,2023-03-20 13:25:12,Changeover,3.07,200,168266.97,Resolved,Medium
DTE003562,MCH0163,LIN007,FAC003,FLR001600,MWO000291,2024-03-03 16:58:46,Material Shortage,2.28,123,46836.32,Open,Medium
DTE003563,MCH0558,LIN025,FAC009,FLR002346,MWO002071,2024-12-16 18:37:16,Planned Maintenance,1.14,142,129085.92,Resolved,Critical
DTE003564,MCH0429,LIN004,FAC002,,MWO006001,2023-05-31 15:24:48,Changeover,5.97,1327,1547706.24,Resolved,Medium
DTE003565,MCH0193,LIN006,FAC002,,MWO010859,2024-03-29 12:19:04,Material Shortage,4.91,324,201650.68,Resolved,Medium
DTE003566,MCH0477,LIN007,FAC003,FLR001203,MWO001962,2025-04-21 19:05:25,Tool Change,1.35,192,160932.57,Resolved,High
DTE003567,MCH0037,LIN022,FAC008,,MWO003558,2023-04-06 09:28:20,Changeover,1.51,316,168889.28,Open,Low
DTE003568,MCH0589,LIN023,FAC008,FLR002287,MWO000442,2023-01-30 13:06:13,Planned Maintenance,1.42,281,253093.29,Resolved,High
DTE003569,MCH0397,LIN010,FAC004,,MWO005473,2025-08-30 14:31:46,Planned Maintenance,7.13,1294,227202.32,Open,Medium
DTE003570,MCH0158,LIN027,FAC009,FLR001680,MWO002090,2026-05-29 11:01:54,Planned Maintenance,6.86,946,281354.79,Resolved,Medium
DTE003571,MCH0056,LIN027,FAC009,,MWO005846,2023-03-10 05:44:09,Material Shortage,2.38,361,359593.93,Resolved,Low
DTE003572,MCH0265,LIN011,FAC004,,MWO005033,2025-04-21 03:49:45,Planned Maintenance,1.08,95,27322.84,Resolved,Medium
DTE003573,MCH0525,LIN017,FAC006,FLR001445,MWO001430,2023-01-31 20:14:43,Planned Maintenance,6.82,792,451955.81,Resolved,Medium
DTE003574,MCH0297,LIN018,FAC006,,MWO011057,2025-12-02 19:46:45,Changeover,2.99,214,226412.2,Resolved,Medium
DTE003575,MCH0254,LIN013,FAC005,,MWO005469,2024-10-07 21:53:21,Tool Change,2.61,312,356493.49,Resolved,High
DTE003576,MCH0252,LIN027,FAC009,,MWO009425,2024-04-23 07:39:21,Tool Change,1.82,313,304659.61,Open,Medium
DTE003577,MCH0134,LIN006,FAC002,,MWO009482,2023-04-29 07:18:21,Quality Hold,3.65,614,534014.39,Resolved,Low
DTE003578,MCH0180,LIN011,FAC004,,MWO011539,2023-02-01 17:04:26,Planned Maintenance,1.36,306,325041.65,Resolved,High
DTE003579,MCH0088,LIN015,FAC005,,MWO010869,2023-07-24 21:06:54,Changeover,1.93,316,87933.65,Resolved,Critical
DTE003580,MCH0163,LIN007,FAC003,FLR000905,MWO001994,2026-03-15 14:21:18,Power Failure,7.13,1547,752240.15,Resolved,Medium
DTE003581,MCH0230,LIN017,FAC006,,MWO006968,2025-05-24 21:05:56,Tool Change,3.54,833,385081.88,Resolved,High
DTE003582,MCH0573,LIN004,FAC002,,MWO004235,2024-12-30 00:58:49,Planned Maintenance,2.45,135,161888.09,Resolved,Medium
DTE003583,MCH0424,LIN022,FAC008,FLR001981,MWO002300,2025-07-23 00:17:31,Quality Hold,3.27,725,653475.42,Resolved,High
DTE003584,MCH0243,LIN001,FAC001,,MWO003191,2024-06-13 03:50:40,Quality Hold,1.49,332,189890.44,Resolved,Critical
DTE003585,MCH0133,LIN013,FAC005,FLR002610,MWO001105,2024-10-27 04:05:01,Material Shortage,6.14,815,439420.04,Resolved,High
DTE003586,MCH0081,LIN021,FAC007,,MWO004918,2023-05-18 17:32:13,Material Shortage,10.09,1096,519738.68,Resolved,Medium
DTE003587,MCH0005,LIN010,FAC004,,MWO010866,2023-04-21 02:44:36,Quality Hold,3.48,436,257428.85,Resolved,Low
DTE003588,MCH0139,LIN012,FAC004,,MWO005509,2023-12-25 08:27:18,Tool Change,0.3,57,23939.29,Resolved,Low
DTE003589,MCH0115,LIN002,FAC001,,MWO009866,2024-05-02 06:08:07,Planned Maintenance,2.33,250,237475.89,Resolved,Low
DTE003590,MCH0096,LIN010,FAC004,,MWO005931,2025-02-01 03:22:51,Planned Maintenance,4.62,795,813289.45,Resolved,Medium
DTE003591,MCH0511,LIN004,FAC002,,MWO003779,2023-04-08 20:42:28,Quality Hold,8.14,674,508901.46,Resolved,High
DTE003592,MCH0320,LIN011,FAC004,FLR000687,MWO002343,2024-12-13 17:32:19,Changeover,4.25,420,496925.39,Resolved,High
DTE003593,MCH0280,LIN023,FAC008,,MWO007432,2026-04-03 11:50:03,Quality Hold,1.94,461,80528.89,Resolved,High
DTE003594,MCH0153,LIN017,FAC006,,MWO006580,2024-02-08 17:03:20,Changeover,1.88,307,135429.27,Resolved,Medium
DTE003595,MCH0114,LIN004,FAC002,,MWO004664,2025-06-19 04:26:34,Power Failure,2.81,387,337550.22,Resolved,High
DTE003596,MCH0080,LIN020,FAC007,,MWO011615,2025-05-22 00:14:00,Power Failure,2.3,484,262452.59,Resolved,Critical
DTE003597,MCH0502,LIN011,FAC004,,MWO008963,2025-03-21 22:14:24,Tool Change,4.49,796,885918.4,Resolved,High
DTE003598,MCH0073,LIN002,FAC001,,MWO008727,2023-02-06 07:51:44,Material Shortage,6.41,1379,1432160.55,Resolved,Low
DTE003599,MCH0504,LIN008,FAC003,FLR002184,MWO002998,2025-04-07 10:17:31,Planned Maintenance,2.44,246,276560.8,Resolved,High
DTE003600,MCH0150,LIN008,FAC003,,MWO009605,2023-01-12 10:54:36,Tool Change,0.74,150,144112.24,Resolved,Critical
DTE003601,MCH0330,LIN023,FAC008,,MWO007865,2024-10-21 01:55:31,Changeover,5.26,864,891806.12,Resolved,Critical
DTE003602,MCH0167,LIN020,FAC007,,MWO007965,2025-10-15 06:09:56,Power Failure,1.14,54,35204.76,Resolved,Medium
DTE003603,MCH0268,LIN013,FAC005,,MWO005560,2026-06-30 17:39:10,Tool Change,9.54,816,763374.68,Resolved,Medium
DTE003604,MCH0119,LIN019,FAC007,,MWO005604,2025-02-23 15:07:37,Tool Change,2.04,242,60587.38,Resolved,Medium
DTE003605,MCH0228,LIN011,FAC004,,MWO008742,2024-11-15 22:07:03,Planned Maintenance,2.78,461,530581.22,Resolved,High
DTE003606,MCH0563,LIN001,FAC001,,MWO010449,2025-08-22 23:30:05,Material Shortage,1.88,278,144387.6,Resolved,High
DTE003607,MCH0229,LIN014,FAC005,,MWO011099,2026-06-30 00:30:43,Planned Maintenance,3.83,330,369192.2,Resolved,Medium
DTE003608,MCH0523,LIN023,FAC008,,MWO003103,2025-03-10 07:41:08,Material Shortage,1.84,145,109095.41,Open,Low
DTE003609,MCH0105,LIN004,FAC002,FLR002495,MWO000091,2023-02-07 19:29:44,Planned Maintenance,4.02,604,477638.66,Resolved,Medium
DTE003610,MCH0563,LIN001,FAC001,FLR002447,MWO001321,2024-06-12 22:26:17,Quality Hold,3.98,164,61812.2,Resolved,Medium
DTE003611,MCH0584,LIN009,FAC003,,MWO003587,2025-11-04 03:23:20,Power Failure,4.36,748,693922.73,Resolved,Low
DTE003612,MCH0433,LIN022,FAC008,FLR000488,MWO000853,2025-08-02 07:05:31,Planned Maintenance,2.74,623,504888.34,Resolved,Critical
DTE003613,MCH0036,LIN014,FAC005,FLR000449,MWO002094,2024-02-22 22:44:49,Material Shortage,4.01,735,855985.33,Resolved,Medium
DTE003614,MCH0474,LIN003,FAC001,FLR001738,MWO001250,2025-06-24 21:58:55,Changeover,1.08,93,82808.28,Resolved,Low
DTE003615,MCH0085,LIN020,FAC007,,MWO010260,2023-07-08 10:55:32,Power Failure,1.15,238,79366.78,Resolved,Medium
DTE003616,MCH0198,LIN003,FAC001,,MWO011231,2024-08-06 11:41:36,Tool Change,2.7,235,194802.47,Resolved,Medium
DTE003617,MCH0092,LIN005,FAC002,FLR000369,MWO001472,2025-08-25 13:35:25,Power Failure,3.4,170,48395.29,Resolved,Medium
DTE003618,MCH0316,LIN029,FAC010,,MWO006926,2023-04-17 02:30:22,Changeover,2.57,310,201849.19,Resolved,High
DTE003619,MCH0477,LIN007,FAC003,,MWO004152,2025-09-18 11:01:15,Material Shortage,4.2,941,408702.05,Resolved,Critical
DTE003620,MCH0432,LIN025,FAC009,,MWO009194,2026-03-25 00:15:58,Quality Hold,2.44,471,537823.21,Resolved,High
DTE003621,MCH0426,LIN009,FAC003,,MWO011383,2024-02-11 07:44:23,Changeover,1.01,178,111243.76,Resolved,Low
DTE003622,MCH0574,LIN029,FAC010,,MWO008411,2025-12-31 14:10:53,Tool Change,2.94,502,563083.89,Resolved,Low
DTE003623,MCH0317,LIN021,FAC007,,MWO011217,2025-07-25 23:21:19,Power Failure,4.61,655,620799.29,Resolved,High
DTE003624,MCH0119,LIN019,FAC007,FLR000038,MWO000768,2024-05-09 21:03:07,Changeover,3.85,548,355994.65,Open,Medium
DTE003625,MCH0379,LIN027,FAC009,,MWO010878,2025-11-09 11:44:05,Quality Hold,1.41,70,22158.27,Resolved,Medium
DTE003626,MCH0112,LIN003,FAC001,FLR000412,MWO000040,2026-01-21 15:06:53,Changeover,1.05,49,28696.29,Open,Medium
DTE003627,MCH0386,LIN012,FAC004,,MWO006279,2025-09-01 23:36:19,Power Failure,4.48,268,78395.99,Resolved,Critical
DTE003628,MCH0494,LIN001,FAC001,,MWO009419,2024-12-27 00:03:20,Quality Hold,1.37,139,159717.11,Resolved,Critical
DTE003629,MCH0532,LIN007,FAC003,FLR001811,MWO002787,2024-07-25 18:36:08,Power Failure,6.82,1024,506294.99,Resolved,High
DTE003630,MCH0137,LIN006,FAC002,,MWO011952,2023-01-18 23:44:54,Tool Change,6.52,387,72630.34,Open,Medium
DTE003631,MCH0440,LIN027,FAC009,,MWO005671,2025-07-22 14:04:49,Power Failure,2.27,422,147717.0,Resolved,Medium
DTE003632,MCH0446,LIN004,FAC002,,MWO010429,2023-07-25 22:07:53,Material Shortage,0.79,171,122468.54,Resolved,High
DTE003633,MCH0562,LIN011,FAC004,,MWO004975,2025-02-13 18:51:51,Planned Maintenance,9.44,825,160179.56,Resolved,Medium
DTE003634,MCH0196,LIN005,FAC002,FLR002914,MWO001468,2026-02-03 04:21:18,Changeover,0.36,33,29076.04,Resolved,Medium
DTE003635,MCH0520,LIN005,FAC002,FLR002350,MWO002469,2023-12-27 03:10:23,Power Failure,3.52,453,360521.44,Resolved,Low
DTE003636,MCH0266,LIN021,FAC007,,MWO009440,2023-12-29 17:54:06,Tool Change,0.06,14,14970.76,Resolved,Low
DTE003637,MCH0033,LIN010,FAC004,FLR000693,MWO002921,2023-06-09 16:58:28,Power Failure,4.73,971,765643.32,Resolved,Low
DTE003638,MCH0180,LIN011,FAC004,,MWO005649,2025-09-01 01:41:19,Power Failure,1.33,236,246854.53,Open,Medium
DTE003639,MCH0269,LIN002,FAC001,,MWO006438,2026-05-15 13:58:41,Planned Maintenance,0.84,102,21360.37,Resolved,Low
DTE003640,MCH0029,LIN002,FAC001,,MWO003615,2024-08-22 18:33:34,Quality Hold,1.74,144,78419.09,Resolved,High
DTE003641,MCH0363,LIN017,FAC006,FLR000428,MWO000151,2025-03-12 15:51:39,Changeover,11.33,994,974729.98,Resolved,Low
DTE003642,MCH0167,LIN020,FAC007,,MWO008625,2025-08-02 22:04:19,Material Shortage,1.43,174,190836.17,Resolved,Low
DTE003643,MCH0584,LIN009,FAC003,,MWO003587,2025-11-04 03:23:20,Tool Change,0.13,29,16595.33,Resolved,Critical
DTE003644,MCH0257,LIN013,FAC005,,MWO003491,2024-04-09 06:23:21,Planned Maintenance,8.28,429,153917.18,Resolved,Medium
DTE003645,MCH0376,LIN005,FAC002,,MWO004831,2023-01-06 20:33:29,Tool Change,0.54,109,72354.32,Resolved,Critical
DTE003646,MCH0057,LIN020,FAC007,,MWO011308,2025-03-04 19:53:11,Quality Hold,7.11,1103,410402.34,Resolved,Low
DTE003647,MCH0285,LIN007,FAC003,FLR002995,MWO001092,2024-03-12 17:00:31,Material Shortage,4.25,386,207884.29,Resolved,High
DTE003648,MCH0318,LIN006,FAC002,FLR002404,MWO000672,2025-01-20 12:19:56,Changeover,14.38,2537,1692758.9,Resolved,Medium
DTE003649,MCH0075,LIN003,FAC001,FLR000650,MWO000203,2024-08-20 22:32:24,Material Shortage,3.4,270,214165.31,Resolved,Medium
DTE003650,MCH0215,LIN014,FAC005,,MWO010848,2026-05-18 01:21:44,Tool Change,0.72,50,23051.86,Resolved,High
DTE003651,MCH0427,LIN027,FAC009,FLR002483,MWO000913,2025-01-15 13:47:21,Quality Hold,14.93,978,385668.05,Resolved,Medium
DTE003652,MCH0075,LIN003,FAC001,,MWO009430,2023-10-05 19:04:38,Material Shortage,0.62,145,73429.44,Resolved,Medium
DTE003653,MCH0388,LIN011,FAC004,,MWO008006,2023-10-11 23:42:44,Changeover,3.63,497,320772.5,Resolved,High
DTE003654,MCH0059,LIN012,FAC004,,MWO010989,2023-09-05 19:03:03,Quality Hold,3.51,402,346915.0,Open,High
DTE003655,MCH0131,LIN006,FAC002,FLR002038,MWO000116,2023-10-13 14:45:43,Quality Hold,3.48,616,407385.53,Resolved,Medium
DTE003656,MCH0244,LIN007,FAC003,,MWO003631,2025-03-27 18:56:58,Planned Maintenance,5.66,320,203597.16,Resolved,Medium
DTE003657,MCH0186,LIN010,FAC004,,MWO005223,2025-10-09 03:11:02,Planned Maintenance,2.8,286,132813.24,Resolved,Critical
DTE003658,MCH0325,LIN011,FAC004,FLR001564,MWO002980,2023-01-07 19:14:17,Tool Change,2.22,267,185269.03,Resolved,High
DTE003659,MCH0390,LIN011,FAC004,,MWO008590,2025-05-06 23:31:25,Quality Hold,1.1,136,146000.8,Resolved,Medium
DTE003660,MCH0514,LIN029,FAC010,,MWO011688,2026-01-13 07:55:30,Quality Hold,3.5,470,227366.02,Resolved,Medium
DTE003661,MCH0329,LIN014,FAC005,,MWO010536,2024-02-20 04:03:05,Planned Maintenance,5.34,566,210096.53,Resolved,Low
DTE003662,MCH0393,LIN019,FAC007,,MWO010061,2024-12-04 00:06:12,Material Shortage,2.21,467,162646.62,Resolved,High
DTE003663,MCH0074,LIN001,FAC001,,MWO008433,2025-07-26 08:24:53,Changeover,2.93,135,154683.25,Resolved,Medium
DTE003664,MCH0419,LIN008,FAC003,FLR001510,MWO002130,2024-06-23 03:00:19,Planned Maintenance,1.57,318,72940.83,Resolved,Medium
DTE003665,MCH0086,LIN003,FAC001,,MWO010563,2024-11-04 20:53:54,Planned Maintenance,0.81,105,20801.93,Resolved,Medium
DTE003666,MCH0082,LIN027,FAC009,,MWO004642,2023-09-26 08:00:18,Power Failure,3.07,685,173723.9,Resolved,Medium
DTE003667,MCH0408,LIN009,FAC003,,MWO011367,2024-03-25 18:47:26,Tool Change,2.73,128,25929.43,Resolved,High
DTE003668,MCH0046,LIN029,FAC010,,MWO006063,2023-10-13 00:01:53,Power Failure,0.65,32,17253.55,Resolved,High
DTE003669,MCH0009,LIN026,FAC009,,MWO011426,2024-10-08 20:54:14,Planned Maintenance,3.75,223,229582.16,Resolved,Medium
DTE003670,MCH0077,LIN003,FAC001,FLR002364,MWO000934,2024-04-24 07:24:58,Tool Change,3.57,607,333641.48,Resolved,Critical
DTE003671,MCH0358,LIN027,FAC009,FLR002437,MWO002895,2025-07-15 17:57:36,Material Shortage,8.88,1048,770509.5,Resolved,Medium
DTE003672,MCH0068,LIN009,FAC003,,MWO003420,2025-08-22 11:23:27,Power Failure,7.48,1523,966344.95,Open,High
DTE003673,MCH0198,LIN003,FAC001,,MWO010051,2025-06-08 17:15:57,Tool Change,3.57,669,225070.71,Resolved,High
DTE003674,MCH0361,LIN024,FAC008,FLR002999,MWO001067,2026-03-05 07:40:26,Quality Hold,1.64,122,57576.45,Resolved,Medium
DTE003675,MCH0265,LIN011,FAC004,,MWO008124,2025-07-22 13:20:26,Quality Hold,3.43,579,584290.56,Resolved,Low
DTE003676,MCH0077,LIN003,FAC001,,MWO004149,2025-03-18 01:05:55,Changeover,5.07,1026,388260.09,Resolved,Critical
DTE003677,MCH0286,LIN023,FAC008,,MWO004167,2024-12-04 23:43:24,Changeover,5.42,472,332182.97,Resolved,High
DTE003678,MCH0040,LIN003,FAC001,FLR000505,MWO002172,2026-02-21 18:41:59,Changeover,2.4,111,110718.22,Resolved,High
DTE003679,MCH0498,LIN011,FAC004,,MWO010093,2025-11-10 03:28:44,Tool Change,0.2,40,6753.26,Resolved,High
DTE003680,MCH0498,LIN011,FAC004,,MWO005414,2024-01-07 12:40:43,Quality Hold,7.17,628,200251.33,Resolved,Critical
DTE003681,MCH0205,LIN030,FAC010,,MWO007224,2025-05-20 07:56:41,Planned Maintenance,1.88,201,222650.38,Resolved,Low
DTE003682,MCH0051,LIN011,FAC004,,MWO009251,2025-04-17 09:57:16,Planned Maintenance,0.87,53,58624.49,Resolved,Medium
DTE003683,MCH0293,LIN023,FAC008,,MWO009054,2024-06-07 17:11:11,Tool Change,4.39,855,692826.85,Resolved,Medium
DTE003684,MCH0502,LIN011,FAC004,,MWO005505,2024-08-14 18:46:23,Planned Maintenance,4.4,851,326771.89,Resolved,High
DTE003685,MCH0581,LIN004,FAC002,,MWO011884,2024-02-28 09:47:40,Quality Hold,1.77,149,119385.24,Resolved,Critical
DTE003686,MCH0463,LIN018,FAC006,FLR000780,MWO002808,2025-06-24 02:21:17,Tool Change,0.05,6,3010.27,Resolved,Medium
DTE003687,MCH0374,LIN013,FAC005,FLR001422,MWO001890,2024-08-26 04:19:39,Changeover,1.87,401,351530.02,Resolved,High
DTE003688,MCH0322,LIN010,FAC004,,MWO010657,2024-07-27 01:34:25,Quality Hold,0.66,156,133048.45,Resolved,Medium
DTE003689,MCH0022,LIN024,FAC008,,MWO010077,2025-06-11 07:27:53,Power Failure,0.04,4,1759.68,Resolved,High
DTE003690,MCH0220,LIN023,FAC008,FLR000576,MWO000218,2024-04-06 03:54:54,Planned Maintenance,0.81,185,89700.16,Resolved,High
DTE003691,MCH0173,LIN020,FAC007,,MWO008511,2025-04-08 07:20:09,Tool Change,6.13,933,477991.03,Open,Medium
DTE003692,MCH0557,LIN030,FAC010,,MWO008355,2023-04-18 22:06:41,Power Failure,6.77,742,831484.2,Open,High
DTE003693,MCH0369,LIN012,FAC004,,MWO006249,2025-10-29 20:04:36,Quality Hold,6.69,1408,1581745.03,Resolved,Low
DTE003694,MCH0318,LIN006,FAC002,FLR002404,MWO000672,2025-01-20 12:19:56,Power Failure,2.41,558,109334.7,Resolved,High
DTE003695,MCH0483,LIN029,FAC010,,MWO010872,2023-11-24 11:19:35,Material Shortage,6.85,974,1101187.19,Resolved,High
DTE003696,MCH0420,LIN015,FAC005,,MWO010510,2025-04-03 11:41:00,Planned Maintenance,1.44,109,28268.33,Resolved,Medium
DTE003697,MCH0090,LIN018,FAC006,,MWO005548,2024-08-23 16:26:23,Material Shortage,3.09,710,368307.97,Resolved,Medium
DTE003698,MCH0275,LIN008,FAC003,,MWO005779,2024-07-29 19:51:10,Changeover,2.25,287,84727.8,Resolved,Medium
DTE003699,MCH0592,LIN023,FAC008,,MWO006668,2025-11-12 07:27:40,Planned Maintenance,2.89,210,237769.89,Resolved,High
DTE003700,MCH0120,LIN007,FAC003,FLR000427,MWO001066,2023-12-29 07:09:24,Quality Hold,0.61,130,102045.71,Resolved,Medium
DTE003701,MCH0026,LIN006,FAC002,FLR002267,MWO002897,2025-03-17 15:00:43,Power Failure,5.6,1077,269683.11,Resolved,High
DTE003702,MCH0125,LIN008,FAC003,,MWO010453,2026-05-06 04:00:10,Material Shortage,1.75,169,108470.98,Resolved,High
DTE003703,MCH0136,LIN019,FAC007,,MWO010171,2025-10-26 10:07:16,Quality Hold,2.61,306,184947.35,Resolved,Medium
DTE003704,MCH0300,LIN002,FAC001,,MWO003087,2023-09-28 10:43:32,Quality Hold,5.4,775,298202.74,Resolved,Medium
DTE003705,MCH0370,LIN029,FAC010,FLR001599,MWO000577,2025-11-26 16:08:58,Power Failure,4.9,792,778050.87,Resolved,Medium
DTE003706,MCH0561,LIN029,FAC010,,MWO004955,2026-01-06 14:51:36,Planned Maintenance,1.61,308,342133.63,Resolved,High
DTE003707,MCH0525,LIN017,FAC006,FLR001445,MWO000164,2023-02-01 00:37:20,Quality Hold,3.5,653,135402.09,Resolved,Low
DTE003708,MCH0311,LIN023,FAC008,FLR001224,MWO001134,2024-05-22 05:50:01,Tool Change,2.43,265,276567.89,Resolved,High
DTE003709,MCH0511,LIN004,FAC002,,MWO006202,2025-05-17 15:52:16,Material Shortage,0.66,68,36301.37,Resolved,Medium
DTE003710,MCH0110,LIN002,FAC001,,MWO008019,2023-08-01 22:33:42,Planned Maintenance,3.16,749,429401.97,Resolved,Medium
DTE003711,MCH0562,LIN011,FAC004,,MWO008517,2025-08-31 00:50:51,Quality Hold,9.36,639,754021.25,Resolved,High
DTE003712,MCH0242,LIN001,FAC001,,MWO003502,2025-09-09 07:28:18,Tool Change,1.65,174,104254.59,Resolved,Low
DTE003713,MCH0344,LIN019,FAC007,FLR001576,MWO001348,2024-09-07 14:45:23,Material Shortage,8.08,1139,572438.02,Resolved,Critical
DTE003714,MCH0167,LIN020,FAC007,,MWO011675,2025-06-10 07:52:22,Power Failure,4.81,949,419588.01,Resolved,Critical
DTE003715,MCH0232,LIN030,FAC010,,MWO005904,2023-09-12 07:05:53,Quality Hold,1.81,127,69349.4,Resolved,Low
DTE003716,MCH0212,LIN030,FAC010,,MWO009530,2025-09-16 21:30:39,Planned Maintenance,3.76,729,661699.87,Resolved,Medium
DTE003717,MCH0191,LIN025,FAC009,,MWO008084,2024-05-18 04:36:59,Quality Hold,6.2,559,243491.46,Resolved,Medium
DTE003718,MCH0087,LIN028,FAC010,FLR001973,MWO000621,2025-12-23 18:12:44,Changeover,3.86,703,699322.63,Resolved,High
DTE003719,MCH0374,LIN013,FAC005,,MWO003497,2023-11-23 09:41:27,Material Shortage,2.47,172,65237.58,Resolved,Medium
DTE003720,MCH0447,LIN011,FAC004,,MWO003629,2024-01-06 10:38:02,Quality Hold,3.19,296,121537.89,Resolved,Low
DTE003721,MCH0538,LIN003,FAC001,,MWO010887,2026-05-04 23:14:17,Material Shortage,0.51,81,52012.01,Resolved,High
DTE003722,MCH0154,LIN006,FAC002,FLR002881,MWO002908,2023-09-09 17:58:56,Quality Hold,4.64,1010,1192139.99,Resolved,Medium
DTE003723,MCH0514,LIN029,FAC010,,MWO005892,2023-04-26 04:52:33,Power Failure,10.87,1247,899204.33,Resolved,High
DTE003724,MCH0394,LIN001,FAC001,,MWO006112,2023-01-18 15:10:29,Material Shortage,1.17,269,295719.9,Open,Critical
DTE003725,MCH0287,LIN017,FAC006,,MWO009751,2026-04-10 17:49:48,Quality Hold,4.8,467,445999.16,Resolved,Critical
DTE003726,MCH0373,LIN011,FAC004,,MWO003688,2024-05-06 20:17:03,Material Shortage,10.18,2296,1582453.46,Resolved,Critical
DTE003727,MCH0493,LIN008,FAC003,,MWO011968,2023-06-27 23:42:15,Tool Change,3.09,458,396375.03,Resolved,High
DTE003728,MCH0537,LIN013,FAC005,,MWO007335,2023-11-21 16:44:16,Changeover,2.33,128,61932.5,Resolved,Medium
DTE003729,MCH0080,LIN020,FAC007,,MWO007178,2025-07-20 14:30:38,Material Shortage,1.36,93,51817.93,Resolved,Medium
DTE003730,MCH0488,LIN023,FAC008,,MWO004550,2024-04-06 05:06:23,Planned Maintenance,4.17,849,160523.04,Resolved,Medium
DTE003731,MCH0127,LIN004,FAC002,,MWO005930,2026-05-09 18:09:59,Material Shortage,1.59,85,40455.82,Resolved,High
DTE003732,MCH0191,LIN025,FAC009,,MWO003512,2025-09-21 23:24:08,Material Shortage,1.89,351,247356.04,Resolved,Critical
DTE003733,MCH0357,LIN029,FAC010,,MWO006347,2026-04-17 01:08:15,Planned Maintenance,2.07,395,419610.21,Resolved,High
DTE003734,MCH0226,LIN027,FAC009,FLR002382,MWO001046,2024-01-06 07:13:27,Planned Maintenance,2.77,341,169192.97,Resolved,Low
DTE003735,MCH0048,LIN024,FAC008,FLR000871,MWO002902,2024-05-22 14:29:12,Changeover,1.28,237,232380.59,Resolved,High
DTE003736,MCH0127,LIN004,FAC002,,MWO010529,2023-07-04 12:19:17,Material Shortage,0.7,74,20522.54,Resolved,Critical
DTE003737,MCH0454,LIN022,FAC008,FLR001580,MWO002976,2024-04-13 00:59:12,Power Failure,2.68,565,437608.86,Open,High
DTE003738,MCH0388,LIN011,FAC004,FLR002127,MWO000995,2023-06-22 03:27:11,Material Shortage,0.9,193,104898.22,Resolved,High
DTE003739,MCH0034,LIN007,FAC003,FLR002646,MWO000669,2023-04-06 08:48:15,Tool Change,5.95,947,422663.57,Resolved,Medium
DTE003740,MCH0463,LIN018,FAC006,,MWO003006,2023-07-25 22:46:52,Changeover,6.91,913,594914.99,Open,Medium
DTE003741,MCH0256,LIN005,FAC002,,MWO006362,2025-05-20 21:22:48,Tool Change,2.6,135,113634.09,Resolved,High
DTE003742,MCH0400,LIN002,FAC001,,MWO009464,2025-01-02 06:54:17,Planned Maintenance,1.98,242,84543.68,Resolved,Medium
DTE003743,MCH0564,LIN015,FAC005,,MWO011831,2023-09-27 15:36:02,Changeover,9.96,1803,966236.38,Resolved,Medium
DTE003744,MCH0352,LIN027,FAC009,,MWO010985,2023-12-20 18:48:58,Quality Hold,0.55,99,62501.99,Resolved,Critical
DTE003745,MCH0376,LIN005,FAC002,FLR001602,MWO001780,2025-05-24 00:58:33,Planned Maintenance,3.75,671,462635.87,Resolved,High
DTE003746,MCH0408,LIN009,FAC003,,MWO011741,2024-03-12 08:37:08,Material Shortage,2.84,270,263384.81,Resolved,Low
DTE003747,MCH0342,LIN026,FAC009,,MWO011127,2026-04-08 05:04:59,Power Failure,2.63,316,137424.25,Resolved,Medium
DTE003748,MCH0172,LIN008,FAC003,,MWO008258,2023-05-26 09:25:58,Quality Hold,3.75,235,77665.61,Resolved,Medium
DTE003749,MCH0487,LIN023,FAC008,FLR000995,MWO002716,2024-02-14 19:47:08,Quality Hold,4.8,994,553983.64,Resolved,Low
DTE003750,MCH0187,LIN006,FAC002,,MWO005240,2023-06-04 09:15:46,Changeover,1.45,195,96404.68,Resolved,Medium
DTE003751,MCH0565,LIN024,FAC008,FLR000658,MWO001715,2023-04-23 22:18:59,Material Shortage,1.52,136,34835.22,Resolved,High
DTE003752,MCH0411,LIN006,FAC002,,MWO011809,2025-06-27 08:15:10,Material Shortage,2.61,129,38762.65,Resolved,High
DTE003753,MCH0503,LIN002,FAC001,,MWO006825,2025-06-27 15:29:16,Changeover,5.01,896,955547.47,Resolved,Medium
DTE003754,MCH0104,LIN004,FAC002,,MWO003827,2026-01-12 08:24:47,Tool Change,4.03,316,371027.26,Resolved,Medium
DTE003755,MCH0277,LIN001,FAC001,,MWO003960,2024-08-26 05:58:18,Changeover,1.15,102,114284.57,Resolved,High
DTE003756,MCH0308,LIN025,FAC009,FLR001006,MWO000813,2023-08-17 21:16:16,Planned Maintenance,1.34,155,147642.15,Resolved,Low
DTE003757,MCH0031,LIN010,FAC004,FLR002022,MWO001600,2025-08-08 00:49:04,Power Failure,0.42,53,45340.76,Resolved,Medium
DTE003758,MCH0292,LIN015,FAC005,,MWO004904,2024-03-20 23:17:35,Material Shortage,0.62,91,63544.12,Resolved,Critical
DTE003759,MCH0172,LIN008,FAC003,FLR001729,MWO000949,2025-05-23 13:52:35,Tool Change,3.2,502,188621.38,Resolved,Medium
DTE003760,MCH0577,LIN009,FAC003,FLR001693,MWO000257,2026-01-16 09:10:40,Quality Hold,1.9,336,268815.75,Resolved,High
DTE003761,MCH0403,LIN002,FAC001,FLR001744,MWO000327,2024-07-11 12:40:57,Planned Maintenance,0.55,99,48538.31,Resolved,High
DTE003762,MCH0592,LIN023,FAC008,FLR000940,MWO000854,2025-12-13 18:03:46,Material Shortage,8.22,404,418142.8,Resolved,Medium
DTE003763,MCH0260,LIN005,FAC002,,MWO007206,2024-02-22 19:19:31,Tool Change,4.17,559,239770.11,Resolved,High
DTE003764,MCH0063,LIN013,FAC005,FLR000895,MWO002016,2023-02-08 22:09:57,Material Shortage,3.86,789,455521.7,Open,High
DTE003765,MCH0012,LIN030,FAC010,FLR002941,MWO002931,2025-01-26 05:32:39,Power Failure,0.33,27,26914.98,Resolved,Critical
DTE003766,MCH0481,LIN004,FAC002,,MWO004748,2023-11-27 02:30:46,Material Shortage,1.04,197,93196.99,Resolved,Medium
DTE003767,MCH0161,LIN008,FAC003,,MWO011248,2024-12-08 19:22:45,Planned Maintenance,4.29,750,303229.43,Resolved,Medium
DTE003768,MCH0482,LIN024,FAC008,FLR000874,MWO002760,2026-05-11 02:44:49,Changeover,2.37,361,346754.41,Resolved,High
DTE003769,MCH0014,LIN029,FAC010,,MWO008966,2024-05-19 02:22:15,Material Shortage,0.73,115,56823.42,Resolved,High
DTE003770,MCH0088,LIN015,FAC005,,MWO004404,2026-01-14 13:23:55,Quality Hold,1.69,218,190665.79,Resolved,Medium
DTE003771,MCH0212,LIN030,FAC010,,MWO009530,2025-09-16 21:30:39,Changeover,5.19,1113,1132104.49,Resolved,Medium
DTE003772,MCH0315,LIN015,FAC005,FLR002361,MWO000600,2024-04-30 16:45:33,Changeover,7.81,1372,423180.11,Resolved,Medium
DTE003773,MCH0550,LIN019,FAC007,,MWO008515,2023-11-11 00:38:50,Planned Maintenance,3.3,304,101331.73,Resolved,Low
DTE003774,MCH0214,LIN018,FAC006,,MWO006387,2023-07-26 11:13:05,Power Failure,2.28,368,389185.49,Resolved,High
DTE003775,MCH0557,LIN030,FAC010,,MWO010373,2025-06-15 06:50:17,Planned Maintenance,4.4,514,401737.63,Resolved,High
DTE003776,MCH0104,LIN004,FAC002,,MWO005985,2023-01-10 17:56:07,Changeover,4.14,423,148465.95,Resolved,Medium
DTE003777,MCH0295,LIN020,FAC007,,MWO008878,2024-12-20 20:58:22,Quality Hold,5.11,365,434435.55,Resolved,High
DTE003778,MCH0555,LIN021,FAC007,,MWO010926,2025-03-15 02:14:01,Power Failure,4.91,293,62415.89,Resolved,Critical
DTE003779,MCH0552,LIN012,FAC004,,MWO003389,2026-06-07 00:42:27,Quality Hold,3.61,773,344971.75,Resolved,Medium
DTE003780,MCH0538,LIN003,FAC001,,MWO005761,2025-04-29 18:10:15,Material Shortage,2.82,114,35908.46,Resolved,Medium
DTE003781,MCH0204,LIN002,FAC001,,MWO010865,2024-02-02 18:36:31,Changeover,1.48,59,37726.44,Resolved,Medium
DTE003782,MCH0440,LIN027,FAC009,,MWO003924,2024-11-29 08:13:37,Tool Change,1.76,242,100443.19,Resolved,Medium
DTE003783,MCH0100,LIN014,FAC005,FLR001980,MWO000042,2024-07-02 15:29:51,Planned Maintenance,1.77,103,97851.21,Resolved,Medium
DTE003784,MCH0572,LIN017,FAC006,,MWO010038,2025-02-19 21:58:47,Planned Maintenance,4.15,803,138265.86,Resolved,Critical
DTE003785,MCH0089,LIN017,FAC006,,MWO009221,2023-06-01 09:32:52,Quality Hold,6.69,340,271392.77,Resolved,Medium
DTE003786,MCH0287,LIN017,FAC006,FLR002310,MWO000920,2025-06-05 00:59:04,Changeover,2.38,367,86302.31,Resolved,Low
DTE003787,MCH0351,LIN021,FAC007,,MWO003136,2023-07-08 17:51:04,Tool Change,2.35,275,262735.61,Resolved,Critical
DTE003788,MCH0286,LIN023,FAC008,FLR000383,MWO001915,2025-10-24 02:25:39,Tool Change,2.16,106,36190.89,Resolved,High
DTE003789,MCH0027,LIN014,FAC005,FLR002639,MWO000895,2025-08-02 23:14:46,Changeover,3.96,421,97943.91,Resolved,High
DTE003790,MCH0557,LIN030,FAC010,,MWO004727,2025-10-17 11:35:56,Tool Change,0.98,46,22472.07,Open,High
DTE003791,MCH0201,LIN006,FAC002,,MWO005426,2025-10-26 04:36:24,Quality Hold,2.53,282,44219.78,Resolved,Medium
DTE003792,MCH0299,LIN014,FAC005,,MWO011695,2024-01-21 20:53:38,Tool Change,1.0,210,216569.04,Resolved,High
DTE003793,MCH0250,LIN007,FAC003,,MWO010736,2025-01-20 00:31:57,Material Shortage,2.95,638,747926.54,Resolved,Low
DTE003794,MCH0459,LIN006,FAC002,,MWO009163,2023-11-03 09:46:00,Tool Change,7.68,1627,819212.63,Resolved,Critical
DTE003795,MCH0237,LIN025,FAC009,,MWO006275,2024-06-01 04:58:30,Tool Change,5.67,1295,953431.42,Resolved,Medium
DTE003796,MCH0027,LIN014,FAC005,FLR001532,MWO002989,2026-05-18 07:47:01,Quality Hold,0.57,50,37648.08,Resolved,Low
DTE003797,MCH0055,LIN029,FAC010,FLR000624,MWO001215,2023-11-23 18:11:03,Changeover,1.45,147,59977.1,Resolved,High
DTE003798,MCH0536,LIN030,FAC010,,MWO006028,2024-09-22 08:20:47,Changeover,3.08,393,320643.58,Resolved,Medium
DTE003799,MCH0504,LIN008,FAC003,FLR001490,MWO000368,2026-06-15 19:07:24,Tool Change,3.19,369,359518.41,Resolved,High
DTE003800,MCH0078,LIN001,FAC001,FLR002151,MWO002331,2023-06-14 06:59:05,Changeover,2.38,298,123991.81,Resolved,Medium
DTE003801,MCH0244,LIN007,FAC003,,MWO011011,2026-05-31 11:25:17,Tool Change,3.64,584,226724.69,Open,Medium
DTE003802,MCH0308,LIN025,FAC009,,MWO004872,2026-01-02 13:56:14,Quality Hold,0.15,9,9670.34,Resolved,High
DTE003803,MCH0568,LIN019,FAC007,FLR002305,MWO002225,2023-08-23 22:46:07,Material Shortage,2.42,217,208732.05,Resolved,Medium
DTE003804,MCH0207,LIN003,FAC001,,MWO004007,2026-02-14 04:54:19,Planned Maintenance,6.59,1262,1252924.29,Resolved,High
DTE003805,MCH0364,LIN029,FAC010,,MWO005921,2023-12-22 04:42:33,Material Shortage,2.45,377,446413.03,Resolved,High
DTE003806,MCH0571,LIN020,FAC007,FLR001770,MWO001765,2023-11-07 23:41:33,Changeover,7.83,968,443216.15,Resolved,High
DTE003807,MCH0010,LIN011,FAC004,,MWO006412,2024-07-28 08:26:13,Material Shortage,1.71,346,119396.21,Resolved,Medium
DTE003808,MCH0006,LIN013,FAC005,,MWO008207,2026-02-07 13:56:36,Quality Hold,0.75,169,202333.66,Resolved,High
DTE003809,MCH0247,LIN026,FAC009,,MWO009626,2025-12-28 16:15:11,Tool Change,13.38,3016,618076.33,Resolved,Low
DTE003810,MCH0051,LIN011,FAC004,,MWO011660,2025-08-07 21:59:57,Planned Maintenance,6.16,366,175638.18,Resolved,Medium
DTE003811,MCH0546,LIN024,FAC008,,MWO004414,2023-12-23 14:49:02,Power Failure,3.7,153,38749.09,Resolved,Medium
DTE003812,MCH0330,LIN023,FAC008,,MWO008289,2023-12-20 22:09:46,Tool Change,0.1,12,11991.33,Resolved,High
DTE003813,MCH0027,LIN014,FAC005,,MWO011397,2024-12-03 21:09:33,Quality Hold,6.05,1150,1198951.12,Resolved,Medium
DTE003814,MCH0517,LIN005,FAC002,FLR001880,MWO002738,2026-04-11 22:26:54,Tool Change,15.94,2198,1483400.42,Resolved,Medium
DTE003815,MCH0260,LIN005,FAC002,,MWO003813,2024-02-20 18:25:39,Tool Change,3.19,586,471899.97,Resolved,High
DTE003816,MCH0351,LIN021,FAC007,,MWO007023,2024-09-10 20:20:47,Quality Hold,9.57,1585,900894.68,Resolved,High
DTE003817,MCH0505,LIN023,FAC008,,MWO006627,2024-04-09 22:23:49,Tool Change,2.78,389,245128.8,Resolved,Critical
DTE003818,MCH0149,LIN004,FAC002,,MWO010484,2023-04-30 07:28:28,Tool Change,5.25,999,803606.38,Resolved,High
DTE003819,MCH0403,LIN002,FAC001,,MWO007503,2025-03-06 06:21:42,Material Shortage,1.52,138,156039.41,Resolved,High
DTE003820,MCH0196,LIN005,FAC002,FLR002914,MWO001016,2026-02-03 03:24:06,Planned Maintenance,4.14,611,349021.21,Resolved,High
DTE003821,MCH0598,LIN029,FAC010,,MWO010041,2023-08-23 06:22:33,Changeover,2.46,318,299872.73,Open,Low
DTE003822,MCH0546,LIN024,FAC008,,MWO006742,2025-08-26 21:40:53,Tool Change,9.12,1175,1276776.35,Resolved,High
DTE003823,MCH0522,LIN024,FAC008,,MWO005249,2023-04-20 10:33:54,Quality Hold,2.42,269,100707.09,Open,Critical
DTE003824,MCH0419,LIN008,FAC003,FLR001510,MWO000129,2024-06-23 00:22:43,Planned Maintenance,1.44,192,198040.25,Open,Medium
DTE003825,MCH0203,LIN016,FAC006,,MWO011387,2023-11-04 03:53:32,Changeover,2.05,397,437355.34,Resolved,Medium
DTE003826,MCH0328,LIN024,FAC008,,MWO003712,2023-10-16 15:19:52,Material Shortage,5.03,831,966060.08,Resolved,Medium
DTE003827,MCH0174,LIN023,FAC008,,MWO004398,2025-01-07 05:06:26,Tool Change,3.47,746,197085.2,Resolved,High
DTE003828,MCH0347,LIN015,FAC005,,MWO003957,2026-04-30 08:39:07,Changeover,4.88,840,609264.74,Resolved,Medium
DTE003829,MCH0428,LIN011,FAC004,FLR002262,MWO002512,2023-06-02 16:33:38,Changeover,1.25,208,149616.44,Resolved,High
DTE003830,MCH0135,LIN015,FAC005,,MWO003037,2025-12-23 17:45:16,Planned Maintenance,5.99,826,454520.71,Resolved,Low
DTE003831,MCH0393,LIN019,FAC007,,MWO005574,2025-05-31 09:43:29,Tool Change,4.1,384,263548.43,Resolved,Medium
DTE003832,MCH0366,LIN019,FAC007,,MWO009410,2025-03-18 17:15:00,Material Shortage,2.46,351,383794.34,Resolved,High
DTE003833,MCH0219,LIN012,FAC004,FLR002203,MWO000595,2023-05-13 22:21:38,Material Shortage,4.28,444,216340.6,Resolved,Critical
DTE003834,MCH0095,LIN022,FAC008,,MWO011859,2024-10-18 16:57:10,Quality Hold,1.12,222,113172.18,Resolved,High
DTE003835,MCH0023,LIN005,FAC002,,MWO003084,2023-07-19 00:27:10,Tool Change,1.87,179,212476.17,Resolved,Medium
DTE003836,MCH0407,LIN018,FAC006,,MWO004623,2026-06-10 12:06:12,Tool Change,1.52,85,82433.86,Resolved,High
DTE003837,MCH0353,LIN002,FAC001,,MWO007299,2025-03-06 10:46:46,Tool Change,2.34,364,333221.83,Resolved,High
DTE003838,MCH0525,LIN017,FAC006,,MWO008857,2023-10-10 17:29:14,Power Failure,0.94,206,68189.67,Resolved,High
DTE003839,MCH0104,LIN004,FAC002,,MWO010858,2023-09-23 16:09:44,Tool Change,5.27,1091,921680.8,Resolved,High
DTE003840,MCH0011,LIN013,FAC005,FLR002823,MWO002259,2023-06-17 07:48:03,Tool Change,5.22,1017,396756.44,Open,Medium
DTE003841,MCH0465,LIN002,FAC001,,MWO003771,2026-05-29 05:43:43,Planned Maintenance,2.67,121,126936.14,Resolved,Critical
DTE003842,MCH0083,LIN010,FAC004,FLR002693,MWO001260,2023-01-11 13:10:05,Tool Change,3.88,378,100795.68,Resolved,Medium
DTE003843,MCH0509,LIN021,FAC007,FLR000845,MWO002915,2024-03-20 14:22:28,Changeover,6.58,537,611746.52,Resolved,Medium
DTE003844,MCH0027,LIN014,FAC005,,MWO005635,2023-11-17 03:17:56,Power Failure,3.21,214,188792.59,Resolved,High
DTE003845,MCH0215,LIN014,FAC005,FLR001310,MWO002506,2024-01-28 10:36:05,Material Shortage,0.82,125,126793.19,Resolved,Medium
DTE003846,MCH0231,LIN008,FAC003,,MWO007612,2025-03-16 06:19:13,Tool Change,2.66,226,169896.56,Resolved,Medium
DTE003847,MCH0259,LIN026,FAC009,,MWO011190,2025-12-29 11:56:39,Tool Change,4.87,362,420047.19,Resolved,Medium
DTE003848,MCH0396,LIN028,FAC010,,MWO007415,2025-03-09 03:02:55,Changeover,2.75,455,174071.62,Resolved,High
DTE003849,MCH0379,LIN027,FAC009,,MWO005629,2023-08-28 21:58:59,Material Shortage,1.31,139,149183.51,Resolved,Medium
DTE003850,MCH0550,LIN019,FAC007,,MWO006131,2023-04-29 06:35:37,Tool Change,4.02,164,155820.2,Resolved,High
DTE003851,MCH0462,LIN016,FAC006,,MWO007545,2025-09-23 10:42:58,Tool Change,1.67,180,101164.12,Resolved,Medium
DTE003852,MCH0550,LIN019,FAC007,,MWO008061,2024-04-21 15:01:01,Planned Maintenance,2.55,600,480415.62,Resolved,Critical
DTE003853,MCH0412,LIN021,FAC007,,MWO007019,2023-08-28 11:56:50,Material Shortage,5.82,646,633609.77,Resolved,Medium
DTE003854,MCH0033,LIN010,FAC004,FLR001949,MWO001779,2025-12-17 20:52:12,Planned Maintenance,8.69,1475,1156551.83,Resolved,Low
DTE003855,MCH0027,LIN014,FAC005,FLR000987,MWO001572,2025-09-15 02:22:06,Planned Maintenance,4.92,699,270212.15,Resolved,Low
DTE003856,MCH0352,LIN027,FAC009,,MWO006130,2025-08-20 17:45:47,Tool Change,0.08,13,7780.85,Resolved,Medium
DTE003857,MCH0117,LIN013,FAC005,,MWO003549,2023-09-29 21:17:24,Planned Maintenance,3.52,599,548674.69,Resolved,High
DTE003858,MCH0437,LIN015,FAC005,,MWO006025,2023-06-30 09:46:02,Quality Hold,1.75,354,229151.48,Resolved,High
DTE003859,MCH0579,LIN003,FAC001,,MWO004096,2023-08-04 03:42:54,Quality Hold,8.98,1446,794198.57,Open,Medium
DTE003860,MCH0144,LIN010,FAC004,,MWO005972,2026-04-21 13:25:23,Quality Hold,4.43,639,229913.25,Open,Critical
DTE003861,MCH0107,LIN010,FAC004,FLR002860,MWO001599,2024-09-16 15:00:40,Quality Hold,4.43,639,172880.4,Resolved,Medium
DTE003862,MCH0064,LIN025,FAC009,FLR000801,MWO002151,2024-04-17 11:47:54,Power Failure,1.36,172,71183.62,Resolved,Medium
DTE003863,MCH0025,LIN017,FAC006,,MWO004430,2025-08-20 09:32:58,Tool Change,5.42,694,112730.64,Resolved,Critical
DTE003864,MCH0246,LIN029,FAC010,,MWO006701,2024-12-19 16:39:20,Tool Change,9.34,556,635748.63,Resolved,High
DTE003865,MCH0302,LIN016,FAC006,,MWO009249,2025-08-04 02:51:30,Planned Maintenance,0.29,57,14938.37,Resolved,Low
DTE003866,MCH0013,LIN023,FAC008,,MWO004532,2023-03-14 11:45:36,Material Shortage,0.29,46,21082.06,Resolved,Critical
DTE003867,MCH0159,LIN014,FAC005,,MWO005830,2024-02-10 10:51:33,Power Failure,0.54,35,6652.54,Resolved,Medium
DTE003868,MCH0238,LIN007,FAC003,FLR000627,MWO000761,2025-04-07 16:49:23,Power Failure,2.1,230,94120.4,Resolved,Medium
DTE003869,MCH0376,LIN005,FAC002,,MWO009932,2023-03-23 04:35:45,Power Failure,1.57,295,351231.41,Resolved,High
DTE003870,MCH0110,LIN002,FAC001,,MWO009285,2025-08-18 05:49:13,Changeover,3.52,141,82033.57,Resolved,High
DTE003871,MCH0041,LIN011,FAC004,,MWO003050,2024-03-08 08:42:46,Tool Change,2.57,434,146744.02,Resolved,High
DTE003872,MCH0102,LIN015,FAC005,,MWO003741,2024-02-24 13:16:30,Quality Hold,5.96,392,197055.23,Resolved,Medium
DTE003873,MCH0302,LIN016,FAC006,,MWO007510,2026-02-25 07:09:20,Power Failure,3.16,341,156575.79,Resolved,High
DTE003874,MCH0068,LIN009,FAC003,,MWO003420,2025-08-22 11:23:27,Quality Hold,1.17,84,97792.75,Resolved,Medium
DTE003875,MCH0138,LIN003,FAC001,FLR001792,MWO001417,2023-01-20 01:33:23,Planned Maintenance,2.24,239,163985.14,Resolved,Low
DTE003876,MCH0463,LIN018,FAC006,FLR000080,MWO002251,2023-04-15 12:41:43,Planned Maintenance,2.34,378,77349.44,Resolved,High
DTE003877,MCH0331,LIN012,FAC004,FLR000996,MWO002216,2025-09-12 00:24:52,Power Failure,1.85,284,128134.35,Resolved,High
DTE003878,MCH0375,LIN005,FAC002,,MWO004279,2024-06-11 21:02:16,Tool Change,0.53,51,40152.06,Resolved,Low
DTE003879,MCH0442,LIN001,FAC001,FLR000319,MWO001850,2023-07-09 12:52:33,Quality Hold,9.04,2154,1357887.34,Resolved,Medium
DTE003880,MCH0310,LIN029,FAC010,,MWO005434,2025-08-26 00:14:11,Power Failure,0.86,185,210969.51,Resolved,Critical
DTE003881,MCH0322,LIN010,FAC004,FLR001186,MWO000067,2026-05-15 23:21:31,Planned Maintenance,1.23,150,37226.44,Resolved,Medium
DTE003882,MCH0383,LIN005,FAC002,,MWO010179,2026-01-31 19:26:43,Changeover,0.98,140,91574.29,Resolved,Critical
DTE003883,MCH0354,LIN005,FAC002,,MWO008804,2023-03-28 10:47:56,Power Failure,2.43,199,194615.5,Resolved,Critical
DTE003884,MCH0182,LIN025,FAC009,,MWO005288,2023-01-01 06:25:13,Planned Maintenance,0.59,125,122644.11,Resolved,High
DTE003885,MCH0478,LIN008,FAC003,,MWO004789,2024-05-07 11:16:39,Tool Change,1.14,57,55741.87,Resolved,Medium
DTE003886,MCH0300,LIN002,FAC001,,MWO003242,2026-06-18 07:00:44,Changeover,3.14,505,266152.86,Resolved,High
DTE003887,MCH0577,LIN009,FAC003,FLR000902,MWO001080,2025-03-04 19:47:26,Material Shortage,5.42,830,824114.32,Open,Medium
DTE003888,MCH0082,LIN027,FAC009,FLR000743,MWO002359,2023-05-23 15:38:36,Material Shortage,1.79,190,163970.46,Resolved,Medium
DTE003889,MCH0372,LIN025,FAC009,FLR002430,MWO001399,2025-03-12 15:03:08,Planned Maintenance,0.76,173,122033.29,Resolved,Medium
DTE003890,MCH0427,LIN027,FAC009,FLR001887,MWO000170,2023-09-08 11:04:54,Planned Maintenance,8.08,379,261878.62,Resolved,Medium
DTE003891,MCH0429,LIN004,FAC002,,MWO006001,2023-05-31 15:24:48,Quality Hold,7.93,1031,1005961.69,Resolved,Low
DTE003892,MCH0287,LIN017,FAC006,,MWO007604,2024-06-10 16:53:13,Changeover,7.52,1477,761100.28,Resolved,Low
DTE003893,MCH0204,LIN002,FAC001,,MWO007027,2023-10-19 22:44:20,Material Shortage,7.3,1589,1503811.29,Resolved,High
DTE003894,MCH0222,LIN028,FAC010,,MWO004245,2025-08-15 19:14:01,Material Shortage,3.35,741,385465.45,Resolved,Medium
DTE003895,MCH0442,LIN001,FAC001,FLR002393,MWO002486,2026-05-15 20:28:02,Changeover,5.65,359,319342.09,Resolved,Medium
DTE003896,MCH0487,LIN023,FAC008,FLR000078,MWO002104,2026-04-21 07:06:27,Tool Change,2.62,143,126340.75,Resolved,Medium
DTE003897,MCH0007,LIN021,FAC007,,MWO011935,2025-04-26 04:39:55,Changeover,0.67,33,21046.01,Resolved,Medium
DTE003898,MCH0047,LIN026,FAC009,,MWO004759,2025-03-31 22:11:55,Planned Maintenance,2.66,314,339558.2,Resolved,High
DTE003899,MCH0043,LIN023,FAC008,,MWO004061,2023-10-06 19:36:28,Tool Change,1.25,166,156254.85,Resolved,Medium
DTE003900,MCH0414,LIN017,FAC006,,MWO004778,2025-09-23 03:22:41,Tool Change,3.91,359,392168.58,Open,High
DTE003901,MCH0172,LIN008,FAC003,,MWO006557,2023-08-01 15:18:56,Planned Maintenance,0.74,127,103709.7,Resolved,Medium
DTE003902,MCH0309,LIN007,FAC003,FLR000288,MWO000894,2023-03-28 08:43:13,Planned Maintenance,2.38,482,159417.83,Resolved,High
DTE003903,MCH0412,LIN021,FAC007,,MWO003374,2025-03-29 14:00:58,Tool Change,2.61,252,147785.86,Resolved,High
DTE003904,MCH0299,LIN014,FAC005,FLR001986,MWO000528,2025-05-04 21:54:11,Tool Change,1.83,125,103091.94,Resolved,High
DTE003905,MCH0540,LIN026,FAC009,,MWO010372,2023-09-11 20:12:02,Material Shortage,2.07,333,176889.1,Resolved,Low
DTE003906,MCH0032,LIN023,FAC008,,MWO009709,2026-04-18 17:23:49,Quality Hold,1.39,123,66775.89,Resolved,Medium
DTE003907,MCH0324,LIN024,FAC008,,MWO008672,2026-02-23 18:07:14,Material Shortage,2.16,394,401798.39,Resolved,Low
DTE003908,MCH0248,LIN028,FAC010,,MWO004010,2023-10-20 08:31:27,Tool Change,2.34,349,131381.41,Resolved,Medium
DTE003909,MCH0314,LIN023,FAC008,FLR002222,MWO001587,2024-12-25 05:53:36,Power Failure,11.76,2330,2770444.78,Resolved,High
DTE003910,MCH0269,LIN002,FAC001,FLR000118,MWO002029,2023-06-20 04:45:27,Power Failure,3.41,308,167420.42,Resolved,Critical
DTE003911,MCH0285,LIN007,FAC003,,MWO003885,2026-04-28 13:01:18,Changeover,1.19,141,68386.7,Resolved,High
DTE003912,MCH0474,LIN003,FAC001,,MWO003601,2023-07-30 18:43:08,Planned Maintenance,7.36,760,726173.23,Resolved,Medium
DTE003913,MCH0371,LIN005,FAC002,,MWO008391,2024-02-13 09:42:39,Quality Hold,2.36,330,79944.76,Resolved,Medium
DTE003914,MCH0467,LIN027,FAC009,,MWO005181,2024-10-10 23:56:38,Changeover,0.98,229,62568.24,Resolved,High
DTE003915,MCH0369,LIN012,FAC004,,MWO004115,2023-03-08 23:00:22,Material Shortage,0.59,134,28597.71,Open,Medium
DTE003916,MCH0253,LIN016,FAC006,,MWO003686,2023-03-28 13:11:11,Quality Hold,2.82,235,188013.21,Resolved,Medium
DTE003917,MCH0311,LIN023,FAC008,,MWO008383,2026-05-17 02:30:44,Planned Maintenance,1.84,321,230158.59,Resolved,Medium
DTE003918,MCH0160,LIN018,FAC006,,MWO006919,2023-12-30 10:42:59,Quality Hold,3.49,802,470759.57,Resolved,Medium
DTE003919,MCH0357,LIN029,FAC010,,MWO011793,2023-01-08 02:12:37,Power Failure,7.42,1139,545192.13,Resolved,High
DTE003920,MCH0589,LIN023,FAC008,FLR002002,MWO001229,2023-10-26 22:55:15,Planned Maintenance,0.73,59,30165.04,Open,Medium
DTE003921,MCH0007,LIN021,FAC007,,MWO011590,2025-03-14 14:33:49,Material Shortage,8.22,1295,383117.46,Resolved,Medium
DTE003922,MCH0374,LIN013,FAC005,FLR001422,MWO001890,2024-08-26 04:19:39,Changeover,1.02,106,37076.99,Resolved,Medium
DTE003923,MCH0593,LIN019,FAC007,,MWO007681,2025-11-22 17:22:32,Tool Change,0.44,76,48051.65,Open,High
DTE003924,MCH0291,LIN022,FAC008,FLR001369,MWO002209,2025-02-16 05:37:21,Power Failure,1.33,242,274583.24,Resolved,High
DTE003925,MCH0349,LIN024,FAC008,,MWO007519,2025-04-20 16:23:30,Quality Hold,2.6,583,224113.01,Resolved,Medium
DTE003926,MCH0425,LIN014,FAC005,,MWO011802,2023-03-29 12:26:48,Quality Hold,6.79,1423,1078789.52,Resolved,High
DTE003927,MCH0096,LIN010,FAC004,,MWO004450,2025-06-16 02:19:51,Material Shortage,5.03,1101,1063295.51,Resolved,Medium
DTE003928,MCH0229,LIN014,FAC005,,MWO011984,2024-09-27 20:56:10,Quality Hold,3.96,798,620538.33,Resolved,Critical
DTE003929,MCH0214,LIN018,FAC006,,MWO010276,2026-01-30 01:12:08,Tool Change,6.64,887,761852.73,Resolved,Low
DTE003930,MCH0557,LIN030,FAC010,,MWO009970,2025-03-08 06:48:40,Material Shortage,5.6,435,487524.19,Resolved,Low
DTE003931,MCH0006,LIN013,FAC005,,MWO006996,2024-11-06 09:37:29,Tool Change,4.6,1083,798388.38,Resolved,Medium
DTE003932,MCH0239,LIN015,FAC005,,MWO005047,2026-02-02 09:26:02,Planned Maintenance,0.11,9,4328.88,Resolved,High
DTE003933,MCH0396,LIN028,FAC010,FLR000227,MWO002332,2026-05-08 06:38:18,Material Shortage,0.3,35,6082.59,Resolved,Medium
DTE003934,MCH0312,LIN015,FAC005,FLR001626,MWO002596,2023-10-09 15:36:45,Quality Hold,2.15,112,84822.28,Resolved,Critical
DTE003935,MCH0399,LIN028,FAC010,,MWO005530,2024-03-27 12:46:49,Changeover,5.23,644,260432.53,Resolved,High
DTE003936,MCH0483,LIN029,FAC010,FLR002686,MWO001276,2024-02-14 12:52:10,Power Failure,6.98,1152,632687.33,Resolved,Critical
DTE003937,MCH0437,LIN015,FAC005,,MWO003477,2025-04-16 08:02:00,Planned Maintenance,1.18,97,94033.66,Open,High
DTE003938,MCH0367,LIN007,FAC003,FLR002605,MWO001256,2025-11-20 07:39:17,Planned Maintenance,7.36,798,393437.23,Resolved,Critical
DTE003939,MCH0495,LIN009,FAC003,FLR001704,MWO000179,2025-08-29 11:49:19,Material Shortage,1.37,77,41339.68,Resolved,Low
DTE003940,MCH0464,LIN002,FAC001,,MWO006819,2024-10-06 03:41:50,Tool Change,2.03,221,230090.41,Resolved,High
DTE003941,MCH0296,LIN026,FAC009,,MWO005542,2025-11-02 02:41:12,Changeover,0.98,178,119533.99,Resolved,Medium
DTE003942,MCH0452,LIN026,FAC009,,MWO005865,2023-07-14 02:15:41,Planned Maintenance,0.32,32,22867.76,Resolved,High
DTE003943,MCH0022,LIN024,FAC008,,MWO009453,2025-06-03 07:49:49,Quality Hold,5.13,977,927035.69,Resolved,Medium
DTE003944,MCH0158,LIN027,FAC009,,MWO007760,2024-08-11 15:40:06,Planned Maintenance,5.38,810,642415.62,Open,Critical
DTE003945,MCH0212,LIN030,FAC010,FLR002991,MWO001121,2025-07-25 16:59:31,Changeover,2.2,364,421137.74,Resolved,Medium
DTE003946,MCH0038,LIN022,FAC008,,MWO010973,2024-01-22 11:13:21,Tool Change,2.25,263,64577.6,Open,Medium
DTE003947,MCH0573,LIN004,FAC002,FLR001148,MWO002252,2025-07-16 09:36:49,Changeover,5.76,631,359914.88,Resolved,Medium
DTE003948,MCH0135,LIN015,FAC005,,MWO009098,2023-06-28 21:07:40,Planned Maintenance,3.65,391,357273.09,Resolved,Low
DTE003949,MCH0027,LIN014,FAC005,,MWO003690,2023-06-23 14:38:20,Changeover,3.41,649,758516.81,Resolved,Low
DTE003950,MCH0171,LIN006,FAC002,FLR001645,MWO000234,2023-11-29 12:15:33,Quality Hold,3.85,201,57251.03,Open,High
DTE003951,MCH0160,LIN018,FAC006,FLR002948,MWO000005,2024-08-22 01:19:01,Quality Hold,2.67,481,122426.53,Open,High
DTE003952,MCH0043,LIN023,FAC008,FLR000672,MWO001589,2024-06-05 23:13:41,Planned Maintenance,5.8,705,246149.47,Open,Medium
DTE003953,MCH0575,LIN008,FAC003,,MWO004680,2025-05-12 00:44:20,Power Failure,4.1,296,143566.89,Resolved,Low
DTE003954,MCH0459,LIN006,FAC002,FLR000354,MWO000857,2025-01-03 18:06:07,Power Failure,4.27,202,186920.53,Resolved,Low
DTE003955,MCH0513,LIN027,FAC009,,MWO011016,2025-11-02 23:30:05,Tool Change,5.17,1073,609623.48,Resolved,Medium
DTE003956,MCH0567,LIN016,FAC006,FLR002241,MWO000282,2023-04-17 16:58:04,Power Failure,0.53,67,25188.91,Resolved,Medium
DTE003957,MCH0509,LIN021,FAC007,,MWO010229,2023-02-12 21:38:42,Changeover,0.28,24,20918.87,Resolved,Medium
DTE003958,MCH0365,LIN014,FAC005,FLR002849,MWO000286,2023-09-03 21:18:14,Material Shortage,1.7,298,293878.72,Resolved,High
DTE003959,MCH0174,LIN023,FAC008,,MWO008786,2024-07-08 16:15:00,Power Failure,2.67,300,237818.56,Resolved,High
DTE003960,MCH0071,LIN024,FAC008,,MWO011050,2024-02-21 20:22:33,Tool Change,0.98,181,76209.1,Resolved,High
DTE003961,MCH0111,LIN012,FAC004,,MWO010676,2026-05-08 22:57:32,Quality Hold,0.53,25,6831.71,Resolved,Medium
DTE003962,MCH0472,LIN011,FAC004,,MWO005053,2025-05-06 03:46:28,Planned Maintenance,5.72,976,1099133.32,Resolved,Medium
DTE003963,MCH0462,LIN016,FAC006,,MWO005093,2023-07-28 01:03:58,Planned Maintenance,4.16,387,382948.73,Resolved,Critical
DTE003964,MCH0060,LIN022,FAC008,FLR001046,MWO002655,2023-04-06 11:12:08,Changeover,3.35,476,348703.84,Resolved,Critical
DTE003965,MCH0126,LIN009,FAC003,,MWO007551,2025-05-26 17:59:50,Changeover,2.72,453,412642.37,Resolved,Medium
DTE003966,MCH0525,LIN017,FAC006,,MWO007412,2025-09-17 19:51:52,Changeover,0.81,38,23560.27,Resolved,High
DTE003967,MCH0061,LIN026,FAC009,,MWO009351,2023-03-04 23:06:56,Tool Change,4.82,748,499784.86,Resolved,High
DTE003968,MCH0414,LIN017,FAC006,,MWO004101,2023-10-04 05:19:37,Tool Change,1.33,217,225332.48,Resolved,High
DTE003969,MCH0405,LIN026,FAC009,,MWO007514,2024-12-08 14:55:03,Tool Change,0.29,64,46003.51,Resolved,Medium
DTE003970,MCH0067,LIN005,FAC002,,MWO003101,2024-04-28 18:58:32,Quality Hold,0.72,108,22262.94,Resolved,High
DTE003971,MCH0112,LIN003,FAC001,,MWO005210,2024-10-23 21:36:21,Material Shortage,4.22,776,614384.44,Resolved,High
DTE003972,MCH0122,LIN001,FAC001,FLR002681,MWO001255,2023-10-03 20:32:44,Quality Hold,4.24,370,128625.76,Open,Medium
DTE003973,MCH0534,LIN027,FAC009,,MWO007201,2025-08-14 20:07:08,Quality Hold,1.92,136,51094.78,Resolved,Critical
DTE003974,MCH0323,LIN027,FAC009,,MWO003623,2024-10-09 01:06:12,Quality Hold,0.84,198,237088.51,Resolved,Low
DTE003975,MCH0052,LIN006,FAC002,,MWO009438,2025-03-04 21:39:57,Material Shortage,0.83,62,10009.79,Resolved,Medium
DTE003976,MCH0117,LIN013,FAC005,FLR000345,MWO001865,2025-11-12 04:39:56,Planned Maintenance,0.16,15,14553.74,Open,Critical
DTE003977,MCH0478,LIN008,FAC003,FLR002624,MWO000365,2025-08-29 15:29:21,Changeover,2.79,519,391536.83,Resolved,Medium
DTE003978,MCH0191,LIN025,FAC009,,MWO003512,2025-09-21 23:24:08,Planned Maintenance,0.87,148,34519.89,Open,Medium
DTE003979,MCH0454,LIN022,FAC008,,MWO006008,2024-09-10 13:53:51,Tool Change,4.09,410,94854.11,Resolved,Medium
DTE003980,MCH0232,LIN030,FAC010,,MWO007753,2023-06-25 04:20:44,Quality Hold,2.27,130,22448.61,Resolved,High
DTE003981,MCH0419,LIN008,FAC003,,MWO004163,2025-05-21 07:04:08,Planned Maintenance,5.62,595,633870.43,Open,Medium
DTE003982,MCH0311,LIN023,FAC008,FLR000049,MWO000892,2024-12-29 05:04:25,Changeover,5.55,1151,850953.41,Resolved,Low
DTE003983,MCH0434,LIN011,FAC004,,MWO003652,2026-03-05 09:02:24,Tool Change,2.21,351,361569.97,Resolved,High
DTE003984,MCH0508,LIN010,FAC004,,MWO010175,2025-02-09 01:17:49,Quality Hold,3.63,634,309330.82,Open,High
DTE003985,MCH0478,LIN008,FAC003,,MWO011274,2023-09-21 01:17:06,Planned Maintenance,2.71,245,120441.44,Resolved,High
DTE003986,MCH0414,LIN017,FAC006,,MWO010836,2025-12-14 23:50:02,Material Shortage,0.26,35,25735.08,Resolved,Medium
DTE003987,MCH0548,LIN011,FAC004,,MWO007696,2023-10-14 10:55:09,Quality Hold,5.84,1079,557643.07,Resolved,Medium
DTE003988,MCH0226,LIN027,FAC009,,MWO006086,2023-01-28 01:32:05,Tool Change,3.22,764,806783.67,Resolved,High
DTE003989,MCH0521,LIN019,FAC007,FLR000251,MWO001887,2025-02-03 10:38:12,Quality Hold,3.6,431,372880.93,Resolved,Medium
DTE003990,MCH0170,LIN002,FAC001,,MWO006240,2023-09-24 18:20:45,Material Shortage,2.99,704,344107.32,Resolved,High
DTE003991,MCH0036,LIN014,FAC005,,MWO010830,2026-02-08 14:44:45,Tool Change,2.52,114,26500.99,Resolved,Critical
DTE003992,MCH0087,LIN028,FAC010,FLR001059,MWO002139,2024-11-29 00:11:36,Tool Change,5.56,347,269969.1,Resolved,Medium
DTE003993,MCH0587,LIN024,FAC008,,MWO010157,2024-09-18 11:04:24,Tool Change,2.79,388,128186.03,Resolved,High
DTE003994,MCH0174,LIN023,FAC008,,MWO005999,2024-12-13 13:43:27,Tool Change,7.37,1625,409483.87,Resolved,Low
DTE003995,MCH0375,LIN005,FAC002,,MWO008938,2026-01-19 19:53:02,Material Shortage,6.57,423,109703.18,Resolved,High
DTE003996,MCH0550,LIN019,FAC007,,MWO011748,2024-04-17 04:36:03,Tool Change,5.9,1004,777703.1,Resolved,Medium
DTE003997,MCH0061,LIN026,FAC009,,MWO005809,2023-04-29 00:35:57,Planned Maintenance,3.51,227,203283.02,Open,Medium
DTE003998,MCH0043,LIN023,FAC008,FLR000672,MWO002800,2024-06-05 20:53:33,Power Failure,1.06,118,37774.8,Open,Medium
DTE003999,MCH0221,LIN027,FAC009,,MWO010992,2025-03-14 07:55:16,Material Shortage,2.68,621,702097.05,Resolved,Critical
DTE004000,MCH0470,LIN002,FAC001,FLR000569,MWO001543,2024-06-21 08:40:44,Material Shortage,4.33,664,172771.52,Resolved,High
DTE004001,MCH0562,LIN011,FAC004,,MWO010618,2024-10-25 17:22:31,Power Failure,1.99,165,159931.35,Resolved,Low
DTE004002,MCH0205,LIN030,FAC010,FLR002365,MWO000951,2025-03-17 09:56:55,Changeover,3.9,356,328739.28,Resolved,Critical
DTE004003,MCH0469,LIN025,FAC009,,MWO009728,2023-02-14 21:53:28,Planned Maintenance,0.22,35,25611.03,Resolved,Medium
DTE004004,MCH0579,LIN003,FAC001,,MWO004096,2023-08-04 03:42:54,Power Failure,3.54,458,265347.64,Resolved,Medium
DTE004005,MCH0165,LIN029,FAC010,,MWO003636,2023-11-22 16:39:41,Changeover,7.93,1172,681127.58,Resolved,Medium
DTE004006,MCH0051,LIN011,FAC004,,MWO004323,2024-08-31 08:02:39,Power Failure,2.32,93,92516.2,Resolved,Medium
DTE004007,MCH0075,LIN003,FAC001,,MWO004028,2024-07-12 14:43:36,Power Failure,3.4,347,380771.52,Resolved,High
DTE004008,MCH0470,LIN002,FAC001,FLR001426,MWO002149,2024-06-22 04:45:17,Changeover,4.92,197,234114.65,Resolved,High
DTE004009,MCH0287,LIN017,FAC006,,MWO011821,2025-07-19 03:53:28,Quality Hold,6.9,860,577247.93,Resolved,Low
DTE004010,MCH0573,LIN004,FAC002,,MWO003197,2026-02-15 18:04:09,Power Failure,1.01,117,99661.27,Resolved,Medium
DTE004011,MCH0122,LIN001,FAC001,FLR002681,MWO002917,2023-10-03 17:35:02,Power Failure,1.33,311,324488.82,Open,High
DTE004012,MCH0174,LIN023,FAC008,,MWO011143,2025-07-29 17:03:51,Quality Hold,1.65,153,54374.78,Open,Medium
DTE004013,MCH0425,LIN014,FAC005,,MWO009255,2023-10-03 02:27:03,Quality Hold,4.71,942,184638.04,Resolved,High
DTE004014,MCH0101,LIN022,FAC008,,MWO003108,2025-05-27 03:41:11,Quality Hold,1.25,261,231021.43,Resolved,Low
DTE004015,MCH0574,LIN029,FAC010,,MWO009201,2024-04-24 11:18:14,Tool Change,0.34,28,15249.94,Resolved,Critical
DTE004016,MCH0377,LIN009,FAC003,,MWO005030,2025-01-09 09:33:47,Tool Change,1.5,89,83983.96,Resolved,Low
DTE004017,MCH0039,LIN009,FAC003,,MWO006406,2024-07-30 18:23:20,Material Shortage,2.7,258,55372.3,Resolved,Critical
DTE004018,MCH0332,LIN025,FAC009,,MWO004814,2024-10-12 02:41:52,Quality Hold,2.25,172,156888.75,Resolved,Medium
DTE004019,MCH0220,LIN023,FAC008,FLR000873,MWO001896,2024-03-02 01:52:47,Power Failure,7.5,1071,575386.36,Resolved,Critical
DTE004020,MCH0506,LIN001,FAC001,,MWO010531,2023-11-04 09:58:55,Power Failure,0.22,33,22151.34,Resolved,Medium
DTE004021,MCH0410,LIN016,FAC006,,MWO007791,2024-12-21 20:23:05,Power Failure,13.2,1849,637569.05,Resolved,High
DTE004022,MCH0329,LIN014,FAC005,,MWO010659,2024-11-20 22:34:49,Changeover,1.54,288,199937.11,Resolved,Low
DTE004023,MCH0462,LIN016,FAC006,,MWO004877,2023-01-31 17:26:50,Quality Hold,0.35,44,28288.98,Open,High
DTE004024,MCH0044,LIN012,FAC004,,MWO008093,2023-06-08 20:11:03,Power Failure,2.24,497,372377.27,Resolved,Medium
DTE004025,MCH0413,LIN022,FAC008,,MWO009150,2023-06-04 15:06:16,Planned Maintenance,4.14,960,652607.12,Resolved,High
DTE004026,MCH0573,LIN004,FAC002,FLR001148,MWO002065,2025-07-16 15:36:16,Planned Maintenance,2.11,235,198976.77,Resolved,Medium
DTE004027,MCH0119,LIN019,FAC007,FLR000038,MWO000768,2024-05-09 21:03:07,Changeover,2.31,135,119791.04,Resolved,Low
DTE004028,MCH0306,LIN010,FAC004,,MWO008035,2025-11-19 17:33:12,Planned Maintenance,1.37,80,41791.69,Resolved,Critical
DTE004029,MCH0184,LIN001,FAC001,,MWO010748,2025-11-24 06:43:20,Planned Maintenance,3.8,189,113270.43,Resolved,Medium
DTE004030,MCH0016,LIN009,FAC003,,MWO005403,2024-11-16 14:53:06,Power Failure,7.28,1402,1412548.33,Open,High
DTE004031,MCH0589,LIN023,FAC008,FLR002002,MWO000647,2023-10-27 02:54:07,Tool Change,4.34,245,123600.93,Resolved,Medium
DTE004032,MCH0520,LIN005,FAC002,,MWO006711,2026-05-12 08:47:13,Planned Maintenance,7.2,337,80498.01,Resolved,High
DTE004033,MCH0132,LIN018,FAC006,,MWO007425,2024-03-24 23:01:07,Power Failure,1.81,148,67042.29,Resolved,Critical
DTE004034,MCH0152,LIN010,FAC004,,MWO008463,2023-02-05 14:16:39,Tool Change,2.44,483,196081.66,Open,Medium
DTE004035,MCH0482,LIN024,FAC008,,MWO010195,2025-09-18 14:15:25,Power Failure,2.54,476,132921.38,Resolved,High
DTE004036,MCH0135,LIN015,FAC005,,MWO009098,2023-06-28 21:07:40,Changeover,8.69,1844,1715938.41,Resolved,High
DTE004037,MCH0114,LIN004,FAC002,,MWO007896,2024-02-14 06:55:56,Planned Maintenance,0.83,103,55734.76,Resolved,High
DTE004038,MCH0590,LIN008,FAC003,,MWO006967,2024-08-12 19:24:15,Tool Change,8.03,1908,363184.41,Resolved,Low
DTE004039,MCH0491,LIN021,FAC007,,MWO006054,2025-12-06 18:35:05,Power Failure,3.13,219,245920.05,Resolved,Medium
DTE004040,MCH0191,LIN025,FAC009,FLR000371,MWO000025,2024-02-13 10:55:56,Tool Change,9.44,1257,1490385.87,Resolved,Medium
DTE004041,MCH0102,LIN015,FAC005,,MWO008480,2023-09-13 12:40:36,Planned Maintenance,13.22,1667,703224.05,Resolved,Critical
DTE004042,MCH0181,LIN020,FAC007,,MWO006492,2025-05-17 13:24:44,Material Shortage,5.88,1162,504637.56,Resolved,Medium
DTE004043,MCH0274,LIN024,FAC008,FLR000338,MWO002079,2023-06-14 09:27:30,Power Failure,1.39,101,57098.71,Resolved,High
DTE004044,MCH0546,LIN024,FAC008,,MWO005963,2025-08-24 07:57:18,Planned Maintenance,6.31,1014,418038.5,Resolved,Medium
DTE004045,MCH0019,LIN029,FAC010,,MWO003835,2023-12-02 22:28:04,Quality Hold,1.85,334,159838.85,Resolved,High
DTE004046,MCH0512,LIN030,FAC010,,MWO005406,2023-08-31 09:15:00,Quality Hold,2.91,555,588286.5,Resolved,Low
DTE004047,MCH0271,LIN005,FAC002,,MWO008646,2025-11-15 11:06:08,Quality Hold,2.45,517,385434.99,Resolved,Critical
DTE004048,MCH0191,LIN025,FAC009,,MWO010258,2023-06-14 08:14:50,Changeover,1.12,63,30933.57,Open,Medium
DTE004049,MCH0324,LIN024,FAC008,,MWO003914,2025-03-02 22:04:11,Power Failure,11.59,1713,607670.46,Resolved,High
DTE004050,MCH0226,LIN027,FAC009,,MWO003354,2024-11-20 10:10:06,Material Shortage,5.81,1003,154170.6,Resolved,High
DTE004051,MCH0010,LIN011,FAC004,,MWO003880,2026-04-29 19:21:27,Power Failure,1.25,102,109192.44,Resolved,High
DTE004052,MCH0155,LIN022,FAC008,FLR000110,MWO001421,2026-04-18 09:02:03,Planned Maintenance,6.45,286,305022.96,Resolved,Medium
DTE004053,MCH0170,LIN002,FAC001,,MWO011577,2023-06-06 11:31:39,Material Shortage,3.18,462,355648.55,Resolved,High
DTE004054,MCH0315,LIN015,FAC005,,MWO010951,2024-11-02 06:17:59,Power Failure,3.26,485,282258.67,Resolved,Low
DTE004055,MCH0013,LIN023,FAC008,,MWO011789,2025-08-10 11:55:37,Material Shortage,4.76,770,301534.67,Resolved,Low
DTE004056,MCH0457,LIN007,FAC003,,MWO008801,2026-05-01 12:19:33,Power Failure,1.05,59,55788.64,Resolved,Medium
DTE004057,MCH0027,LIN014,FAC005,,MWO003690,2023-06-23 14:38:20,Tool Change,6.76,353,310230.36,Resolved,Low
DTE004058,MCH0315,LIN015,FAC005,,MWO005754,2025-11-23 12:18:20,Tool Change,5.04,974,232252.85,Resolved,Medium
DTE004059,MCH0302,LIN016,FAC006,FLR002883,MWO001931,2025-10-11 12:33:22,Planned Maintenance,5.65,711,244125.31,Resolved,Low
DTE004060,MCH0555,LIN021,FAC007,,MWO006584,2023-04-04 11:37:44,Tool Change,3.86,718,696585.79,Resolved,Medium
DTE004061,MCH0214,LIN018,FAC006,,MWO006387,2023-07-26 11:13:05,Material Shortage,3.32,774,322600.88,Resolved,High
DTE004062,MCH0095,LIN022,FAC008,,MWO010746,2024-11-08 18:33:08,Changeover,0.5,69,79440.45,Open,High
DTE004063,MCH0533,LIN017,FAC006,,MWO007393,2026-04-03 00:22:41,Quality Hold,2.07,408,221013.78,Resolved,Medium
DTE004064,MCH0449,LIN024,FAC008,,MWO004983,2023-03-03 15:49:25,Quality Hold,3.06,685,404759.12,Resolved,High
DTE004065,MCH0370,LIN029,FAC010,,MWO004609,2026-02-07 03:03:49,Tool Change,6.18,691,149791.42,Resolved,Medium
DTE004066,MCH0574,LIN029,FAC010,FLR000634,MWO002401,2025-03-24 03:50:24,Tool Change,2.37,432,176491.35,Resolved,High
DTE004067,MCH0333,LIN028,FAC010,FLR002242,MWO000961,2025-05-10 19:45:56,Changeover,1.45,126,139775.29,Resolved,High
DTE004068,MCH0391,LIN007,FAC003,,MWO005700,2026-02-19 09:05:34,Material Shortage,5.42,1074,713967.6,Resolved,Medium
DTE004069,MCH0512,LIN030,FAC010,,MWO010753,2026-06-06 10:55:05,Planned Maintenance,3.81,404,271258.89,Resolved,High
DTE004070,MCH0140,LIN013,FAC005,,MWO009667,2024-07-19 21:18:36,Power Failure,9.68,1352,966223.87,Resolved,Medium
DTE004071,MCH0593,LIN019,FAC007,,MWO003641,2023-02-11 20:27:22,Changeover,4.22,692,360967.88,Resolved,High
DTE004072,MCH0256,LIN005,FAC002,,MWO007929,2025-07-02 08:56:11,Material Shortage,2.74,253,207358.24,Open,Medium
DTE004073,MCH0085,LIN020,FAC007,,MWO006306,2025-08-14 08:25:51,Tool Change,3.25,543,306494.09,Resolved,Low
DTE004074,MCH0232,LIN030,FAC010,,MWO010602,2026-03-24 12:53:43,Power Failure,2.57,253,283947.06,Resolved,Medium
DTE004075,MCH0397,LIN010,FAC004,,MWO009557,2025-02-05 18:25:22,Power Failure,4.21,381,246783.65,Resolved,Critical
DTE004076,MCH0311,LIN023,FAC008,FLR001224,MWO001293,2024-05-22 04:54:20,Planned Maintenance,0.56,118,48462.11,Resolved,Medium
DTE004077,MCH0006,LIN013,FAC005,,MWO011325,2024-07-24 23:46:56,Changeover,2.49,238,117308.3,Resolved,Medium
DTE004078,MCH0573,LIN004,FAC002,,MWO005493,2023-01-24 11:36:08,Quality Hold,1.86,102,77722.74,Resolved,Medium
DTE004079,MCH0024,LIN022,FAC008,FLR001806,MWO000355,2025-11-04 20:08:01,Power Failure,1.7,249,241130.31,Open,Medium
DTE004080,MCH0027,LIN014,FAC005,,MWO003690,2023-06-23 14:38:20,Changeover,2.17,448,421048.17,Resolved,Medium
DTE004081,MCH0408,LIN009,FAC003,,MWO008219,2025-07-09 17:34:07,Tool Change,2.77,377,289341.27,Open,High
DTE004082,MCH0297,LIN018,FAC006,,MWO005396,2024-04-22 12:38:24,Changeover,0.83,124,76928.05,Resolved,Medium
DTE004083,MCH0368,LIN016,FAC006,,MWO011691,2024-05-01 16:00:49,Material Shortage,2.59,444,196021.46,Resolved,High
DTE004084,MCH0445,LIN029,FAC010,,MWO011390,2025-10-20 12:39:01,Tool Change,1.31,95,49744.95,Open,High
DTE004085,MCH0274,LIN024,FAC008,,MWO008262,2025-06-21 02:58:16,Power Failure,2.83,124,23974.4,Resolved,Medium
DTE004086,MCH0587,LIN024,FAC008,,MWO010154,2025-12-21 03:56:19,Planned Maintenance,6.94,979,892518.44,Resolved,Low
DTE004087,MCH0034,LIN007,FAC003,FLR002646,MWO000669,2023-04-06 08:48:15,Changeover,4.2,916,445134.99,Resolved,High
DTE004088,MCH0249,LIN006,FAC002,,MWO011311,2026-03-31 04:00:43,Material Shortage,0.5,56,23499.92,Resolved,Low
DTE004089,MCH0295,LIN020,FAC007,,MWO010999,2025-06-29 14:59:44,Planned Maintenance,5.77,1175,511834.02,Resolved,Critical
DTE004090,MCH0519,LIN030,FAC010,,MWO008687,2024-04-16 13:02:44,Planned Maintenance,3.47,784,123072.8,Resolved,High
DTE004091,MCH0432,LIN025,FAC009,,MWO006461,2024-06-18 13:34:24,Quality Hold,1.04,176,38999.35,Open,Critical
DTE004092,MCH0001,LIN020,FAC007,,MWO005172,2024-09-14 04:15:22,Quality Hold,3.92,243,54204.38,Resolved,Medium
DTE004093,MCH0301,LIN019,FAC007,,MWO004250,2025-10-03 15:28:53,Power Failure,8.58,449,505721.81,Resolved,Medium
DTE004094,MCH0302,LIN016,FAC006,FLR002848,MWO001665,2023-08-23 15:25:42,Quality Hold,5.14,687,466601.77,Resolved,Critical
DTE004095,MCH0548,LIN011,FAC004,,MWO009385,2023-12-10 11:12:30,Quality Hold,6.84,690,473287.18,Resolved,High
DTE004096,MCH0226,LIN027,FAC009,,MWO003733,2025-08-28 03:07:58,Tool Change,2.31,249,281170.26,Resolved,High
DTE004097,MCH0419,LIN008,FAC003,,MWO006666,2024-03-24 10:34:38,Quality Hold,3.56,639,511008.73,Resolved,Medium
DTE004098,MCH0029,LIN002,FAC001,,MWO006435,2025-10-29 21:53:44,Planned Maintenance,1.93,111,43613.61,Resolved,Critical
DTE004099,MCH0026,LIN006,FAC002,,MWO009126,2024-10-03 20:58:04,Quality Hold,0.96,156,181604.73,Resolved,Medium
DTE004100,MCH0041,LIN011,FAC004,FLR002985,MWO000958,2023-12-10 20:00:53,Changeover,1.59,331,301692.0,Resolved,High
DTE004101,MCH0382,LIN018,FAC006,,MWO007754,2024-07-13 20:01:15,Planned Maintenance,5.41,251,110077.5,Resolved,High
DTE004102,MCH0006,LIN013,FAC005,,MWO003138,2023-01-13 03:31:55,Power Failure,4.25,918,1042374.07,Resolved,Medium
DTE004103,MCH0011,LIN013,FAC005,FLR000885,MWO000572,2025-09-17 18:15:39,Tool Change,4.0,493,555319.92,Resolved,High
DTE004104,MCH0230,LIN017,FAC006,,MWO006968,2025-05-24 21:05:56,Changeover,3.59,682,242141.7,Resolved,Medium
DTE004105,MCH0204,LIN002,FAC001,,MWO004644,2025-06-16 14:08:45,Material Shortage,0.96,139,165992.04,Resolved,High
DTE004106,MCH0218,LIN007,FAC003,,MWO004261,2024-11-06 14:55:29,Changeover,3.21,590,469531.32,Resolved,Medium
DTE004107,MCH0386,LIN012,FAC004,,MWO009172,2024-08-06 16:01:23,Planned Maintenance,1.68,186,177537.82,Resolved,Critical
DTE004108,MCH0564,LIN015,FAC005,FLR001931,MWO001183,2025-01-04 05:02:08,Power Failure,1.6,145,167009.84,Resolved,Low
DTE004109,MCH0595,LIN028,FAC010,,MWO007396,2023-04-22 20:00:25,Changeover,4.13,216,209050.13,Resolved,High
DTE004110,MCH0038,LIN022,FAC008,,MWO006807,2024-03-22 14:52:28,Tool Change,2.94,197,55809.63,Resolved,Medium
DTE004111,MCH0369,LIN012,FAC004,FLR002498,MWO001110,2026-04-26 07:21:09,Tool Change,2.78,600,344263.75,Resolved,High
DTE004112,MCH0431,LIN023,FAC008,,MWO005974,2023-09-14 01:23:38,Power Failure,3.1,254,165767.03,Resolved,Medium
DTE004113,MCH0507,LIN006,FAC002,,MWO006700,2025-04-10 02:21:33,Planned Maintenance,8.05,755,542143.84,Resolved,Critical
DTE004114,MCH0526,LIN028,FAC010,,MWO009446,2024-07-06 07:52:22,Changeover,4.27,558,244872.07,Resolved,Medium
DTE004115,MCH0090,LIN018,FAC006,,MWO007046,2023-08-02 08:01:48,Power Failure,3.33,180,209324.93,Resolved,Medium
DTE004116,MCH0044,LIN012,FAC004,,MWO004920,2024-10-23 13:12:51,Material Shortage,1.97,389,436296.45,Resolved,Low
DTE004117,MCH0004,LIN020,FAC007,,MWO011808,2024-02-15 17:45:06,Changeover,0.8,170,101337.02,Resolved,Low
DTE004118,MCH0151,LIN020,FAC007,,MWO010467,2025-06-22 10:26:13,Tool Change,1.03,214,41542.87,Resolved,Low
DTE004119,MCH0285,LIN007,FAC003,,MWO008731,2026-05-30 05:42:09,Tool Change,9.0,1775,2033375.79,Resolved,Medium
DTE004120,MCH0307,LIN024,FAC008,,MWO009578,2023-07-22 21:58:18,Quality Hold,1.46,108,119667.55,Resolved,Medium
DTE004121,MCH0466,LIN005,FAC002,,MWO003711,2023-02-18 23:39:49,Changeover,1.03,183,67619.2,Resolved,Critical
DTE004122,MCH0368,LIN016,FAC006,,MWO004286,2024-07-24 05:10:44,Quality Hold,2.01,168,166959.16,Resolved,Medium
DTE004123,MCH0097,LIN022,FAC008,,MWO004786,2025-03-28 19:37:40,Material Shortage,1.68,350,187318.26,Resolved,High
DTE004124,MCH0049,LIN007,FAC003,,MWO006345,2025-01-14 08:17:29,Material Shortage,2.32,207,207928.64,Resolved,Medium
DTE004125,MCH0481,LIN004,FAC002,,MWO010685,2024-12-05 14:52:41,Quality Hold,5.11,710,346656.47,Resolved,Critical
DTE004126,MCH0216,LIN028,FAC010,FLR000409,MWO001297,2024-12-17 22:53:24,Power Failure,1.07,209,47428.9,Resolved,High
DTE004127,MCH0309,LIN007,FAC003,,MWO010205,2025-09-26 07:08:23,Quality Hold,3.49,496,306477.94,Resolved,High
DTE004128,MCH0525,LIN017,FAC006,FLR001340,MWO002701,2024-07-09 05:50:57,Changeover,1.42,277,316288.95,Open,High
DTE004129,MCH0009,LIN026,FAC009,FLR000264,MWO000140,2023-11-04 14:46:27,Planned Maintenance,1.28,137,145685.19,Resolved,High
DTE004130,MCH0010,LIN011,FAC004,FLR000451,MWO002680,2026-03-25 21:29:33,Power Failure,1.9,335,352727.7,Resolved,High
DTE004131,MCH0473,LIN022,FAC008,,MWO009815,2025-10-22 10:33:53,Material Shortage,0.68,55,62535.12,Open,High
DTE004132,MCH0381,LIN011,FAC004,,MWO008362,2025-04-30 11:24:13,Power Failure,4.69,951,466567.15,Resolved,Medium
DTE004133,MCH0566,LIN010,FAC004,,MWO008345,2023-07-04 15:05:03,Tool Change,2.62,507,323618.35,Resolved,High
DTE004134,MCH0347,LIN015,FAC005,FLR000760,MWO000809,2024-07-10 08:58:44,Planned Maintenance,1.51,339,306179.15,Resolved,High
DTE004135,MCH0347,LIN015,FAC005,,MWO006103,2025-05-06 09:48:14,Power Failure,5.07,625,357084.6,Resolved,High
DTE004136,MCH0027,LIN014,FAC005,FLR002866,MWO000211,2024-09-26 06:58:41,Planned Maintenance,1.11,157,135038.94,Resolved,High
DTE004137,MCH0015,LIN014,FAC005,FLR002769,MWO001957,2024-02-12 13:48:02,Changeover,5.93,283,265791.93,Resolved,Medium
DTE004138,MCH0309,LIN007,FAC003,FLR000288,MWO000894,2023-03-28 08:43:13,Changeover,2.88,399,400834.07,Resolved,Medium
DTE004139,MCH0515,LIN012,FAC004,,MWO010938,2025-03-20 08:30:46,Changeover,2.73,313,371625.0,Resolved,Medium
DTE004140,MCH0272,LIN002,FAC001,,MWO008287,2025-01-07 05:13:46,Changeover,4.85,400,423838.24,Open,Critical
DTE004141,MCH0414,LIN017,FAC006,,MWO005163,2024-01-07 22:39:05,Material Shortage,2.5,288,89723.44,Resolved,Medium
DTE004142,MCH0356,LIN005,FAC002,,MWO007805,2025-08-24 13:14:53,Changeover,4.87,1091,931386.23,Resolved,Critical
DTE004143,MCH0442,LIN001,FAC001,,MWO008548,2023-04-14 19:42:21,Quality Hold,2.27,183,198251.26,Resolved,Medium
DTE004144,MCH0179,LIN010,FAC004,,MWO008282,2024-11-11 23:46:42,Tool Change,3.84,240,116139.16,Resolved,Low
DTE004145,MCH0014,LIN029,FAC010,,MWO006843,2023-09-04 17:04:18,Changeover,3.65,565,362417.62,Resolved,Low
DTE004146,MCH0461,LIN007,FAC003,,MWO007359,2023-02-18 13:45:22,Tool Change,2.96,630,497709.98,Resolved,High
DTE004147,MCH0586,LIN014,FAC005,,MWO005751,2023-09-07 16:38:51,Tool Change,2.54,581,481457.32,Resolved,High
DTE004148,MCH0063,LIN013,FAC005,FLR000389,MWO001827,2025-06-05 02:25:27,Planned Maintenance,0.22,25,12652.37,Open,Medium
DTE004149,MCH0591,LIN016,FAC006,,MWO009953,2026-05-17 02:23:06,Changeover,1.1,114,113090.64,Resolved,Low
DTE004150,MCH0180,LIN011,FAC004,,MWO009478,2024-12-22 21:25:07,Power Failure,1.96,361,289029.93,Open,Medium
DTE004151,MCH0392,LIN005,FAC002,,MWO003726,2025-07-02 13:59:04,Power Failure,4.25,776,763534.48,Resolved,Medium
DTE004152,MCH0174,LIN023,FAC008,,MWO011290,2024-11-28 18:13:37,Tool Change,1.56,139,151137.02,Resolved,Medium
DTE004153,MCH0469,LIN025,FAC009,,MWO009195,2026-06-21 15:30:01,Planned Maintenance,13.96,1316,966647.0,Resolved,High
DTE004154,MCH0600,LIN014,FAC005,,MWO009814,2024-08-15 09:58:51,Material Shortage,1.87,317,226988.2,Resolved,High
DTE004155,MCH0438,LIN013,FAC005,,MWO005824,2024-06-27 21:00:39,Material Shortage,0.71,133,66143.77,Resolved,Medium
DTE004156,MCH0410,LIN016,FAC006,FLR002142,MWO001130,2025-08-01 09:24:07,Changeover,1.77,287,259612.44,Resolved,Critical
DTE004157,MCH0317,LIN021,FAC007,,MWO007662,2025-08-23 10:07:35,Material Shortage,10.69,551,576814.69,Resolved,High
DTE004158,MCH0205,LIN030,FAC010,,MWO011533,2023-07-11 11:57:23,Material Shortage,2.51,203,87510.42,Resolved,Low
DTE004159,MCH0345,LIN018,FAC006,,MWO005594,2023-04-17 02:51:39,Tool Change,0.79,41,17118.43,Resolved,High
DTE004160,MCH0239,LIN015,FAC005,,MWO010581,2023-08-17 05:01:15,Power Failure,3.74,528,187830.08,Resolved,High
DTE004161,MCH0478,LIN008,FAC003,FLR002624,MWO000365,2025-08-29 15:29:21,Changeover,6.01,1162,1204616.2,Resolved,Medium
DTE004162,MCH0039,LIN009,FAC003,,MWO006406,2024-07-30 18:23:20,Material Shortage,6.61,600,617624.44,Resolved,Medium
DTE004163,MCH0558,LIN025,FAC009,FLR001994,MWO002417,2025-08-25 16:37:18,Changeover,5.08,331,50382.3,Resolved,Medium
DTE004164,MCH0187,LIN006,FAC002,FLR002938,MWO002229,2023-06-24 23:42:02,Power Failure,8.56,1255,1500250.56,Resolved,Medium
DTE004165,MCH0513,LIN027,FAC009,,MWO006536,2024-02-16 12:00:54,Power Failure,2.13,293,251528.2,Resolved,Medium
DTE004166,MCH0363,LIN017,FAC006,,MWO004804,2023-07-26 12:42:28,Tool Change,0.62,86,57851.06,Resolved,High
DTE004167,MCH0154,LIN006,FAC002,,MWO003072,2023-04-13 02:21:14,Material Shortage,7.25,678,429456.08,Resolved,Medium
DTE004168,MCH0237,LIN025,FAC009,,MWO011546,2025-12-24 13:04:40,Quality Hold,8.67,654,653257.76,Resolved,High
DTE004169,MCH0364,LIN029,FAC010,,MWO005921,2023-12-22 04:42:33,Power Failure,8.8,1459,319302.98,Resolved,Critical
DTE004170,MCH0554,LIN028,FAC010,FLR000803,MWO002241,2023-08-03 11:01:02,Quality Hold,1.26,153,55537.51,Resolved,High
DTE004171,MCH0125,LIN008,FAC003,,MWO011074,2024-08-03 16:03:47,Power Failure,1.68,121,101674.78,Resolved,Critical
DTE004172,MCH0242,LIN001,FAC001,,MWO005298,2023-09-02 12:14:09,Material Shortage,0.23,41,42196.98,Resolved,Medium
DTE004173,MCH0575,LIN008,FAC003,,MWO009587,2023-11-19 09:42:08,Material Shortage,1.69,301,48439.19,Resolved,High
DTE004174,MCH0510,LIN023,FAC008,FLR000460,MWO001075,2026-05-03 14:28:54,Power Failure,0.34,21,4295.36,Open,Critical
DTE004175,MCH0056,LIN027,FAC009,FLR001516,MWO001464,2026-01-04 01:57:48,Planned Maintenance,10.22,1157,1213822.2,Resolved,Medium
DTE004176,MCH0491,LIN021,FAC007,FLR002426,MWO001722,2024-01-31 15:39:22,Quality Hold,0.75,90,33916.43,Resolved,Medium
DTE004177,MCH0422,LIN002,FAC001,FLR000129,MWO000555,2026-02-27 06:08:08,Tool Change,4.47,1063,749668.69,Resolved,Critical
DTE004178,MCH0023,LIN005,FAC002,,MWO011794,2026-04-05 15:39:59,Planned Maintenance,3.53,498,501413.57,Resolved,High
DTE004179,MCH0498,LIN011,FAC004,,MWO004318,2025-04-05 01:14:08,Changeover,8.67,925,866303.92,Resolved,Medium
DTE004180,MCH0163,LIN007,FAC003,FLR002482,MWO001819,2025-08-17 16:44:47,Tool Change,3.79,396,402973.64,Resolved,Medium
DTE004181,MCH0474,LIN003,FAC001,,MWO003229,2026-04-13 17:21:36,Material Shortage,3.16,295,105267.52,Open,Medium
DTE004182,MCH0203,LIN016,FAC006,,MWO008789,2024-02-08 16:22:20,Power Failure,1.4,105,109936.26,Resolved,Medium
DTE004183,MCH0231,LIN008,FAC003,,MWO007304,2025-07-16 17:06:35,Material Shortage,1.77,109,130289.28,Resolved,Medium
DTE004184,MCH0307,LIN024,FAC008,,MWO011661,2023-06-05 21:13:37,Material Shortage,2.44,511,309981.78,Resolved,High
DTE004185,MCH0461,LIN007,FAC003,,MWO008224,2023-04-18 06:09:01,Changeover,8.36,971,233509.26,Resolved,Critical
DTE004186,MCH0124,LIN013,FAC005,,MWO011504,2023-01-28 16:20:14,Planned Maintenance,3.14,397,124815.57,Resolved,Low
DTE004187,MCH0257,LIN013,FAC005,,MWO008354,2026-02-06 04:53:37,Material Shortage,3.71,425,327635.96,Resolved,Low
DTE004188,MCH0103,LIN030,FAC010,,MWO004543,2023-03-31 00:13:19,Planned Maintenance,2.44,571,618746.3,Resolved,Low
DTE004189,MCH0361,LIN024,FAC008,FLR002871,MWO002755,2025-09-23 14:56:52,Tool Change,6.92,1384,934269.4,Resolved,Medium
DTE004190,MCH0437,LIN015,FAC005,,MWO008026,2023-03-18 11:43:42,Changeover,0.32,18,16666.16,Resolved,Medium
DTE004191,MCH0005,LIN010,FAC004,,MWO006821,2023-08-09 21:41:06,Tool Change,5.33,313,75772.71,Resolved,Medium
DTE004192,MCH0482,LIN024,FAC008,,MWO005503,2023-08-17 01:51:34,Quality Hold,13.91,611,237491.98,Resolved,Medium
DTE004193,MCH0297,LIN018,FAC006,,MWO003905,2026-04-14 20:33:29,Tool Change,1.36,224,173401.11,Resolved,Low
DTE004194,MCH0508,LIN010,FAC004,,MWO010175,2025-02-09 01:17:49,Power Failure,0.88,111,66615.36,Resolved,Critical
DTE004195,MCH0127,LIN004,FAC002,,MWO006638,2025-04-07 22:20:29,Power Failure,2.42,298,280869.4,Resolved,Medium
DTE004196,MCH0241,LIN010,FAC004,FLR001664,MWO001999,2023-12-20 00:47:21,Tool Change,1.79,351,356801.31,Resolved,Medium
DTE004197,MCH0589,LIN023,FAC008,,MWO009436,2024-09-30 06:27:14,Planned Maintenance,1.91,319,329419.91,Resolved,Low
DTE004198,MCH0297,LIN018,FAC006,,MWO011905,2024-10-30 06:50:08,Planned Maintenance,2.06,211,158868.53,Resolved,High
DTE004199,MCH0299,LIN014,FAC005,,MWO004350,2023-02-21 23:26:21,Changeover,6.56,812,593182.49,Resolved,Medium
DTE004200,MCH0351,LIN021,FAC007,FLR001878,MWO002270,2023-02-01 22:40:26,Power Failure,0.5,115,24513.5,Resolved,Medium
DTE004201,MCH0488,LIN023,FAC008,,MWO003689,2026-03-06 23:35:45,Material Shortage,0.31,56,12535.28,Resolved,Medium
DTE004202,MCH0120,LIN007,FAC003,FLR002654,MWO001439,2024-09-24 23:25:32,Changeover,2.58,176,29711.53,Resolved,High
DTE004203,MCH0345,LIN018,FAC006,,MWO010793,2026-04-10 23:11:00,Quality Hold,3.47,178,189152.46,Resolved,Critical
DTE004204,MCH0099,LIN011,FAC004,FLR000245,MWO002867,2023-01-23 06:06:23,Planned Maintenance,1.98,406,423322.22,Resolved,High
DTE004205,MCH0400,LIN002,FAC001,,MWO009464,2025-01-02 06:54:17,Changeover,4.27,482,484977.85,Resolved,Critical
DTE004206,MCH0377,LIN009,FAC003,FLR001315,MWO001557,2023-01-11 01:27:43,Material Shortage,4.72,469,321942.02,Resolved,High
DTE004207,MCH0031,LIN010,FAC004,,MWO005290,2023-05-25 11:58:54,Power Failure,5.62,299,184153.36,Resolved,High
DTE004208,MCH0264,LIN030,FAC010,,MWO009788,2023-08-19 23:49:48,Tool Change,3.35,578,142072.7,Resolved,Medium
DTE004209,MCH0134,LIN006,FAC002,,MWO008854,2023-09-24 04:23:46,Quality Hold,8.86,2050,630626.94,Resolved,High
DTE004210,MCH0303,LIN020,FAC007,,MWO009699,2025-11-03 19:55:39,Material Shortage,1.79,150,105881.75,Resolved,Medium
DTE004211,MCH0046,LIN029,FAC010,,MWO007813,2024-08-07 05:22:29,Planned Maintenance,3.35,672,294836.52,Resolved,High
DTE004212,MCH0134,LIN006,FAC002,FLR000640,MWO001940,2026-02-27 03:41:52,Planned Maintenance,7.18,737,393086.0,Resolved,High
DTE004213,MCH0315,LIN015,FAC005,FLR001185,MWO002436,2024-07-28 01:22:19,Changeover,5.46,936,383462.93,Resolved,Medium
DTE004214,MCH0039,LIN009,FAC003,FLR002094,MWO002087,2026-03-08 14:45:39,Power Failure,3.35,798,428179.86,Resolved,Medium
DTE004215,MCH0242,LIN001,FAC001,,MWO006979,2025-02-04 02:30:55,Material Shortage,6.41,658,632284.65,Resolved,High
DTE004216,MCH0138,LIN003,FAC001,,MWO004986,2023-03-03 07:20:27,Material Shortage,1.3,85,36496.68,Resolved,Critical
DTE004217,MCH0023,LIN005,FAC002,,MWO007928,2025-07-25 06:01:54,Material Shortage,7.09,1608,858389.44,Resolved,High
DTE004218,MCH0410,LIN016,FAC006,,MWO007791,2024-12-21 20:23:05,Material Shortage,1.37,84,13961.24,Resolved,Low
DTE004219,MCH0458,LIN007,FAC003,,MWO011870,2026-04-24 01:24:46,Material Shortage,1.44,155,169404.59,Resolved,High
DTE004220,MCH0549,LIN013,FAC005,,MWO007713,2026-04-18 23:06:44,Quality Hold,1.86,334,161935.36,Resolved,High
DTE004221,MCH0271,LIN005,FAC002,FLR002196,MWO001227,2025-04-03 05:20:31,Changeover,2.24,519,299580.45,Resolved,High
DTE004222,MCH0072,LIN011,FAC004,,MWO008648,2025-11-23 21:35:39,Tool Change,3.97,312,263676.12,Open,Low
DTE004223,MCH0153,LIN017,FAC006,,MWO003848,2024-09-04 18:11:36,Tool Change,1.75,143,68508.46,Open,Low
DTE004224,MCH0278,LIN002,FAC001,,MWO003091,2026-05-07 16:38:13,Material Shortage,3.19,596,393431.85,Resolved,Medium
DTE004225,MCH0332,LIN025,FAC009,,MWO003492,2023-11-11 01:28:28,Power Failure,3.32,193,215422.34,Resolved,Critical
DTE004226,MCH0039,LIN009,FAC003,,MWO006406,2024-07-30 18:23:20,Power Failure,3.57,584,593745.77,Open,Medium
DTE004227,MCH0219,LIN012,FAC004,,MWO008834,2026-04-08 02:00:46,Changeover,1.52,105,87408.57,Resolved,Critical
DTE004228,MCH0049,LIN007,FAC003,FLR002052,MWO000014,2023-09-25 04:17:59,Planned Maintenance,4.77,1103,301004.45,Resolved,Low
DTE004229,MCH0152,LIN010,FAC004,,MWO007298,2023-05-20 01:30:47,Quality Hold,8.39,1000,927673.51,Resolved,Medium
DTE004230,MCH0238,LIN007,FAC003,,MWO010709,2023-09-07 21:27:43,Material Shortage,1.9,307,143655.6,Resolved,Low
DTE004231,MCH0161,LIN008,FAC003,,MWO008446,2023-01-11 23:59:39,Quality Hold,3.25,377,396430.53,Resolved,High
DTE004232,MCH0078,LIN001,FAC001,FLR002643,MWO000427,2025-07-19 11:05:58,Tool Change,0.5,51,29172.42,Resolved,High
DTE004233,MCH0133,LIN013,FAC005,,MWO005883,2023-02-17 08:15:13,Power Failure,2.61,117,84056.05,Resolved,Low
DTE004234,MCH0267,LIN013,FAC005,,MWO008466,2025-09-16 11:16:40,Tool Change,8.99,1850,1016097.17,Resolved,High
DTE004235,MCH0208,LIN030,FAC010,,MWO004388,2024-12-28 10:07:47,Power Failure,0.78,166,107292.18,Resolved,Medium
DTE004236,MCH0208,LIN030,FAC010,FLR001728,MWO002058,2024-03-23 10:43:23,Tool Change,0.5,46,16855.77,Resolved,High
DTE004237,MCH0317,LIN021,FAC007,,MWO007662,2025-08-23 10:07:35,Power Failure,2.46,490,326448.14,Open,High
DTE004238,MCH0426,LIN009,FAC003,,MWO005646,2025-06-02 21:20:50,Changeover,4.32,961,1107155.96,Resolved,Critical
DTE004239,MCH0304,LIN026,FAC009,,MWO003119,2023-05-12 16:39:57,Tool Change,4.15,332,218293.09,Resolved,Low
DTE004240,MCH0178,LIN023,FAC008,,MWO004125,2025-05-14 23:26:08,Planned Maintenance,2.12,110,38152.49,Resolved,Medium
DTE004241,MCH0290,LIN027,FAC009,,MWO008337,2024-12-07 23:41:22,Changeover,3.0,362,243025.91,Resolved,High
DTE004242,MCH0216,LIN028,FAC010,FLR002279,MWO002676,2023-09-12 17:21:01,Tool Change,0.63,77,31681.86,Resolved,High
DTE004243,MCH0550,LIN019,FAC007,,MWO008515,2023-11-11 00:38:50,Changeover,4.22,907,373084.0,Resolved,Critical
DTE004244,MCH0139,LIN012,FAC004,,MWO003893,2024-02-27 11:04:26,Tool Change,0.29,23,21560.83,Resolved,Medium
DTE004245,MCH0218,LIN007,FAC003,FLR000748,MWO001914,2024-07-26 00:15:04,Planned Maintenance,7.83,1764,1259464.08,Resolved,Low
DTE004246,MCH0186,LIN010,FAC004,,MWO006782,2026-05-29 17:58:57,Changeover,5.03,560,612925.32,Resolved,Medium
DTE004247,MCH0413,LIN022,FAC008,,MWO010557,2025-05-30 10:35:19,Quality Hold,3.06,715,824516.21,Resolved,High
DTE004248,MCH0263,LIN018,FAC006,,MWO006392,2025-11-09 06:36:54,Planned Maintenance,1.48,352,218454.48,Resolved,Medium
DTE004249,MCH0539,LIN017,FAC006,,MWO011689,2024-10-08 03:34:28,Tool Change,3.04,439,288097.78,Resolved,Critical
DTE004250,MCH0395,LIN004,FAC002,FLR001708,MWO002946,2024-05-04 08:30:49,Material Shortage,5.81,1157,279738.76,Open,Critical
DTE004251,MCH0212,LIN030,FAC010,,MWO010066,2025-06-08 21:59:17,Changeover,1.39,160,42099.42,Resolved,Medium
DTE004252,MCH0081,LIN021,FAC007,,MWO003569,2025-11-04 22:13:16,Planned Maintenance,3.02,593,422292.02,Open,Low
DTE004253,MCH0596,LIN022,FAC008,,MWO008079,2026-02-27 04:02:05,Material Shortage,3.84,717,827010.87,Resolved,Medium
DTE004254,MCH0238,LIN007,FAC003,,MWO010666,2026-06-14 04:42:24,Material Shortage,6.2,1156,223470.89,Resolved,Medium
DTE004255,MCH0057,LIN020,FAC007,,MWO011683,2023-03-31 20:23:20,Planned Maintenance,6.9,1133,1135426.29,Resolved,Low
DTE004256,MCH0093,LIN027,FAC009,,MWO011394,2023-06-03 22:07:18,Changeover,3.36,358,309639.28,Resolved,Medium
DTE004257,MCH0573,LIN004,FAC002,,MWO005493,2023-01-24 11:36:08,Power Failure,8.42,1099,547934.42,Resolved,Low
DTE004258,MCH0427,LIN027,FAC009,,MWO009645,2026-04-24 20:42:50,Tool Change,3.03,186,55093.48,Resolved,High
DTE004259,MCH0140,LIN013,FAC005,,MWO004378,2024-05-07 21:16:49,Planned Maintenance,3.18,687,350759.21,Resolved,High
DTE004260,MCH0351,LIN021,FAC007,,MWO008634,2023-07-30 17:01:34,Material Shortage,7.66,1587,1504966.83,Resolved,Low
DTE004261,MCH0321,LIN029,FAC010,FLR001387,MWO000154,2025-01-13 15:53:03,Quality Hold,1.73,399,455739.37,Resolved,Critical
DTE004262,MCH0489,LIN003,FAC001,,MWO006563,2023-05-10 22:46:38,Planned Maintenance,3.7,550,287199.83,Resolved,Medium
DTE004263,MCH0523,LIN023,FAC008,,MWO008483,2023-02-10 02:32:28,Power Failure,1.51,223,164549.62,Resolved,High
DTE004264,MCH0349,LIN024,FAC008,FLR000994,MWO000866,2025-05-16 10:23:04,Planned Maintenance,6.88,1274,1324572.49,Resolved,High
DTE004265,MCH0514,LIN029,FAC010,,MWO011688,2026-01-13 07:55:30,Material Shortage,1.68,122,81218.09,Resolved,Medium
DTE004266,MCH0243,LIN001,FAC001,FLR000202,MWO000505,2023-03-19 23:55:08,Quality Hold,0.37,61,34159.72,Resolved,Medium
DTE004267,MCH0250,LIN007,FAC003,,MWO005524,2024-07-20 03:42:02,Planned Maintenance,5.82,863,288544.43,Resolved,Medium
DTE004268,MCH0536,LIN030,FAC010,,MWO009167,2025-10-03 07:48:55,Tool Change,5.15,1183,1073632.21,Resolved,Medium
DTE004269,MCH0353,LIN002,FAC001,,MWO007299,2025-03-06 10:46:46,Changeover,3.63,587,385909.93,Resolved,Medium
DTE004270,MCH0039,LIN009,FAC003,,MWO007124,2024-10-30 06:44:14,Changeover,2.85,473,306388.23,Resolved,Medium
DTE004271,MCH0454,LIN022,FAC008,,MWO005669,2023-09-23 02:45:50,Quality Hold,7.37,922,166586.25,Resolved,Critical
DTE004272,MCH0169,LIN003,FAC001,FLR001392,MWO000980,2026-01-31 22:07:47,Power Failure,1.17,248,152545.55,Resolved,Low
DTE004273,MCH0568,LIN019,FAC007,,MWO006018,2026-06-01 07:14:56,Power Failure,3.37,243,287661.18,Resolved,High
DTE004274,MCH0282,LIN001,FAC001,FLR001666,MWO002258,2025-11-26 01:59:51,Planned Maintenance,1.91,179,115109.33,Resolved,Medium
DTE004275,MCH0053,LIN007,FAC003,,MWO005097,2026-02-08 07:54:00,Planned Maintenance,3.11,349,218137.63,Resolved,High
DTE004276,MCH0545,LIN004,FAC002,FLR000367,MWO001248,2024-04-04 08:03:26,Quality Hold,7.27,1410,459702.31,Resolved,Medium
DTE004277,MCH0162,LIN014,FAC005,,MWO005857,2024-03-23 19:47:48,Tool Change,6.71,1359,940855.78,Resolved,Medium
DTE004278,MCH0300,LIN002,FAC001,,MWO009322,2024-02-04 12:34:27,Changeover,4.88,440,363636.98,Resolved,High
DTE004279,MCH0510,LIN023,FAC008,,MWO003342,2023-04-10 05:40:56,Changeover,3.46,789,167973.62,Resolved,High
DTE004280,MCH0442,LIN001,FAC001,FLR002697,MWO001976,2025-09-10 19:15:35,Power Failure,7.24,1516,430579.83,Resolved,High
DTE004281,MCH0384,LIN021,FAC007,,MWO004697,2025-08-14 15:47:48,Changeover,1.81,342,369668.35,Resolved,Low
DTE004282,MCH0448,LIN016,FAC006,,MWO007321,2024-04-25 22:49:35,Material Shortage,5.02,845,628204.07,Open,High
DTE004283,MCH0595,LIN028,FAC010,FLR000399,MWO002053,2026-02-01 22:59:31,Changeover,0.58,44,14835.48,Resolved,Medium
DTE004284,MCH0480,LIN019,FAC007,FLR001916,MWO002451,2023-09-05 08:38:42,Quality Hold,3.54,699,778457.77,Resolved,Medium
DTE004285,MCH0230,LIN017,FAC006,,MWO009740,2026-04-21 10:37:49,Quality Hold,0.53,79,52156.39,Resolved,Medium
DTE004286,MCH0228,LIN011,FAC004,,MWO011154,2024-05-27 18:20:46,Quality Hold,3.42,388,73554.45,Resolved,Medium
DTE004287,MCH0252,LIN027,FAC009,,MWO009060,2023-08-08 08:24:37,Power Failure,4.26,442,327468.57,Resolved,High
DTE004288,MCH0420,LIN015,FAC005,,MWO004231,2026-01-03 21:52:41,Power Failure,4.93,834,503967.94,Open,High
DTE004289,MCH0041,LIN011,FAC004,FLR001671,MWO000642,2025-12-19 01:51:21,Planned Maintenance,1.31,286,294969.79,Resolved,Medium
DTE004290,MCH0090,LIN018,FAC006,,MWO005691,2025-08-29 11:40:47,Power Failure,2.31,430,231433.73,Resolved,Medium
DTE004291,MCH0318,LIN006,FAC002,,MWO004429,2023-04-26 00:13:30,Power Failure,0.57,130,57606.53,Resolved,Medium
DTE004292,MCH0241,LIN010,FAC004,,MWO005680,2024-12-12 15:38:48,Quality Hold,0.89,107,37005.22,Resolved,Medium
DTE004293,MCH0242,LIN001,FAC001,,MWO006979,2025-02-04 02:30:55,Planned Maintenance,4.19,584,97191.47,Resolved,Medium
DTE004294,MCH0240,LIN015,FAC005,FLR001736,MWO000720,2023-03-08 00:00:06,Planned Maintenance,0.68,120,127089.87,Resolved,Low
DTE004295,MCH0014,LIN029,FAC010,,MWO008859,2023-05-06 11:06:14,Changeover,2.0,224,213613.71,Resolved,Low
DTE004296,MCH0298,LIN016,FAC006,,MWO005849,2023-06-18 08:27:42,Changeover,5.36,544,233075.54,Resolved,Critical
DTE004297,MCH0481,LIN004,FAC002,,MWO009551,2024-06-08 02:02:49,Power Failure,4.09,177,52418.42,Open,Medium
DTE004298,MCH0006,LIN013,FAC005,FLR001609,MWO001880,2024-08-15 08:24:19,Material Shortage,2.68,232,246217.21,Resolved,High
DTE004299,MCH0343,LIN003,FAC001,,MWO011213,2025-01-05 13:43:17,Planned Maintenance,8.76,401,157449.77,Resolved,High
DTE004300,MCH0002,LIN009,FAC003,,MWO003025,2024-09-28 11:54:26,Material Shortage,4.66,873,262771.12,Resolved,High
DTE004301,MCH0243,LIN001,FAC001,,MWO010081,2024-02-26 00:09:52,Power Failure,2.21,339,335659.17,Resolved,Low
DTE004302,MCH0436,LIN013,FAC005,FLR002932,MWO002982,2024-04-26 18:40:01,Planned Maintenance,3.15,643,100490.25,Resolved,High
DTE004303,MCH0555,LIN021,FAC007,,MWO007922,2024-04-24 01:48:12,Planned Maintenance,9.06,1916,1698578.55,Resolved,High
DTE004304,MCH0468,LIN030,FAC010,,MWO009263,2026-02-18 06:26:46,Material Shortage,7.06,1612,1216209.79,Resolved,Medium
DTE004305,MCH0261,LIN017,FAC006,,MWO003593,2025-05-02 05:12:05,Changeover,3.41,810,236112.04,Resolved,High
DTE004306,MCH0417,LIN001,FAC001,,MWO011218,2023-07-09 15:43:43,Power Failure,2.76,202,193094.57,Resolved,Medium
DTE004307,MCH0476,LIN023,FAC008,,MWO010972,2023-09-30 13:51:30,Tool Change,2.18,140,163557.18,Resolved,Medium
DTE004308,MCH0396,LIN028,FAC010,FLR000227,MWO001986,2026-05-08 03:35:15,Changeover,4.31,291,298651.26,Resolved,Low
DTE004309,MCH0352,LIN027,FAC009,,MWO010985,2023-12-20 18:48:58,Planned Maintenance,3.41,300,259790.26,Open,Low
DTE004310,MCH0375,LIN005,FAC002,,MWO011825,2026-01-09 15:57:35,Power Failure,4.19,702,223469.78,Resolved,High
DTE004311,MCH0525,LIN017,FAC006,FLR001445,MWO000164,2023-02-01 00:37:20,Tool Change,2.58,459,423910.59,Resolved,Low
DTE004312,MCH0031,LIN010,FAC004,FLR000448,MWO002272,2023-02-19 07:22:57,Planned Maintenance,1.48,86,20261.84,Resolved,Medium
DTE004313,MCH0154,LIN006,FAC002,,MWO005012,2024-02-23 05:45:52,Planned Maintenance,0.83,86,44488.52,Resolved,Critical
DTE004314,MCH0297,LIN018,FAC006,,MWO007427,2024-08-25 13:56:53,Quality Hold,2.17,133,48310.44,Resolved,Critical
DTE004315,MCH0348,LIN017,FAC006,,MWO008982,2023-10-10 08:32:53,Power Failure,2.76,212,39936.45,Resolved,Low
DTE004316,MCH0448,LIN016,FAC006,,MWO011869,2024-03-19 20:40:23,Tool Change,0.87,200,41097.07,Resolved,Medium
DTE004317,MCH0305,LIN003,FAC001,,MWO003003,2026-03-19 15:53:16,Planned Maintenance,1.57,183,59535.63,Resolved,Medium
DTE004318,MCH0593,LIN019,FAC007,,MWO003641,2023-02-11 20:27:22,Material Shortage,3.26,632,539345.58,Resolved,Low
DTE004319,MCH0067,LIN005,FAC002,,MWO005476,2023-05-07 21:48:58,Tool Change,0.14,23,16458.45,Resolved,Critical
DTE004320,MCH0504,LIN008,FAC003,,MWO003048,2023-08-04 05:37:29,Planned Maintenance,2.85,176,175314.51,Resolved,High
DTE004321,MCH0226,LIN027,FAC009,,MWO011772,2025-04-16 18:00:16,Material Shortage,9.18,605,173088.44,Resolved,Low
DTE004322,MCH0486,LIN029,FAC010,,MWO008856,2024-09-10 20:50:16,Changeover,3.05,248,129305.57,Open,High
DTE004323,MCH0471,LIN013,FAC005,,MWO003092,2025-02-19 15:55:28,Material Shortage,2.25,471,510208.21,Resolved,Medium
DTE004324,MCH0087,LIN028,FAC010,,MWO008866,2025-06-11 15:18:53,Changeover,10.26,2053,1867369.97,Resolved,Medium
DTE004325,MCH0228,LIN011,FAC004,,MWO005600,2023-05-02 05:24:20,Tool Change,1.3,258,63234.86,Resolved,Low
DTE004326,MCH0298,LIN016,FAC006,,MWO010214,2025-12-09 09:56:59,Quality Hold,4.1,833,531049.68,Resolved,Medium
DTE004327,MCH0302,LIN016,FAC006,FLR001615,MWO001071,2024-12-13 06:09:26,Planned Maintenance,4.67,709,590586.22,Resolved,Medium
DTE004328,MCH0031,LIN010,FAC004,FLR000074,MWO002197,2025-07-28 18:23:34,Power Failure,1.58,217,175314.65,Open,Medium
DTE004329,MCH0411,LIN006,FAC002,,MWO008889,2023-09-29 13:52:25,Changeover,4.4,752,676725.69,Resolved,Medium
DTE004330,MCH0570,LIN005,FAC002,,MWO007030,2023-06-30 13:07:31,Material Shortage,1.09,74,29037.26,Resolved,Medium
DTE004331,MCH0586,LIN014,FAC005,,MWO007353,2025-08-04 05:05:08,Tool Change,0.33,46,30108.54,Resolved,Critical
DTE004332,MCH0295,LIN020,FAC007,,MWO003026,2023-09-06 19:18:57,Power Failure,2.59,598,215088.59,Resolved,Critical
DTE004333,MCH0412,LIN021,FAC007,,MWO008855,2023-05-05 00:18:32,Power Failure,2.57,386,386686.13,Resolved,Critical
DTE004334,MCH0373,LIN011,FAC004,,MWO007915,2024-12-19 05:36:56,Changeover,1.65,326,296151.32,Resolved,High
DTE004335,MCH0119,LIN019,FAC007,,MWO009314,2025-10-21 00:27:00,Planned Maintenance,14.61,2633,1076489.1,Resolved,Medium
DTE004336,MCH0098,LIN002,FAC001,FLR002049,MWO002003,2026-03-31 10:31:23,Power Failure,1.26,171,145525.58,Resolved,Low
DTE004337,MCH0491,LIN021,FAC007,,MWO006592,2023-03-25 19:31:42,Quality Hold,3.5,762,218423.84,Resolved,Low
DTE004338,MCH0452,LIN026,FAC009,,MWO006251,2025-02-17 11:38:40,Material Shortage,0.35,74,88501.96,Resolved,Medium
DTE004339,MCH0390,LIN011,FAC004,FLR000432,MWO002669,2023-07-06 11:02:48,Power Failure,1.04,163,38380.06,Open,Critical
DTE004340,MCH0586,LIN014,FAC005,,MWO006990,2024-09-12 17:07:05,Changeover,1.55,256,179348.32,Resolved,Medium
DTE004341,MCH0115,LIN002,FAC001,,MWO009866,2024-05-02 06:08:07,Material Shortage,0.79,151,84178.84,Resolved,Medium
DTE004342,MCH0053,LIN007,FAC003,,MWO010002,2024-10-29 10:25:16,Power Failure,1.07,104,29706.79,Resolved,Medium
DTE004343,MCH0031,LIN010,FAC004,,MWO006453,2025-03-23 08:15:25,Material Shortage,4.29,800,922531.9,Resolved,Medium
DTE004344,MCH0495,LIN009,FAC003,,MWO005722,2025-01-04 23:18:56,Planned Maintenance,2.73,533,295171.78,Resolved,Medium
DTE004345,MCH0379,LIN027,FAC009,FLR002826,MWO001879,2025-10-31 14:11:50,Tool Change,7.33,1339,764940.86,Resolved,High
DTE004346,MCH0160,LIN018,FAC006,,MWO009689,2025-05-03 05:03:20,Material Shortage,5.81,459,307653.84,Open,Medium
DTE004347,MCH0232,LIN030,FAC010,,MWO011885,2026-04-03 09:22:07,Tool Change,4.64,811,141477.97,Resolved,High
DTE004348,MCH0117,LIN013,FAC005,,MWO011028,2023-05-24 21:24:30,Material Shortage,1.32,177,36438.42,Resolved,High
DTE004349,MCH0177,LIN009,FAC003,FLR000357,MWO002282,2025-04-13 22:25:20,Changeover,0.59,84,15992.72,Resolved,High
DTE004350,MCH0279,LIN001,FAC001,,MWO006611,2025-12-29 20:14:47,Changeover,0.3,55,42639.95,Resolved,High
DTE004351,MCH0060,LIN022,FAC008,,MWO003530,2023-11-09 09:19:43,Tool Change,4.68,839,889386.85,Resolved,Medium
DTE004352,MCH0509,LIN021,FAC007,,MWO010818,2025-06-07 02:44:15,Changeover,0.93,107,24270.35,Resolved,High
DTE004353,MCH0379,LIN027,FAC009,,MWO006640,2024-05-09 08:33:03,Power Failure,2.99,353,103820.18,Resolved,Medium
DTE004354,MCH0513,LIN027,FAC009,,MWO008953,2026-02-04 05:05:13,Material Shortage,1.48,213,60667.88,Resolved,High
DTE004355,MCH0581,LIN004,FAC002,,MWO010074,2023-05-17 03:07:33,Planned Maintenance,0.69,60,24027.41,Resolved,Medium
DTE004356,MCH0462,LIN016,FAC006,FLR002373,MWO000387,2024-05-19 10:10:59,Power Failure,2.54,122,21744.92,Resolved,Low
DTE004357,MCH0413,LIN022,FAC008,FLR000525,MWO000757,2023-12-08 13:02:03,Quality Hold,5.62,862,544230.04,Resolved,Medium
DTE004358,MCH0375,LIN005,FAC002,,MWO009319,2023-07-03 04:08:50,Material Shortage,3.35,789,936966.68,Resolved,Medium
DTE004359,MCH0416,LIN002,FAC001,,MWO007474,2024-12-01 10:19:32,Tool Change,1.25,215,80079.33,Resolved,Medium
DTE004360,MCH0416,LIN002,FAC001,,MWO005812,2024-09-24 02:36:08,Quality Hold,6.31,1394,481142.23,Resolved,Medium
DTE004361,MCH0598,LIN029,FAC010,,MWO006989,2024-05-12 13:56:29,Planned Maintenance,4.91,338,387643.0,Resolved,Medium
DTE004362,MCH0269,LIN002,FAC001,,MWO008520,2023-10-06 04:09:51,Tool Change,7.3,1061,1029707.22,Resolved,Medium
DTE004363,MCH0367,LIN007,FAC003,FLR002605,MWO001256,2025-11-20 07:39:17,Changeover,2.81,377,431020.71,Resolved,Critical
DTE004364,MCH0392,LIN005,FAC002,,MWO006617,2024-05-16 13:09:19,Power Failure,1.66,84,84654.21,Resolved,High
DTE004365,MCH0220,LIN023,FAC008,,MWO008699,2026-06-16 20:54:33,Tool Change,1.77,89,65197.4,Resolved,Critical
DTE004366,MCH0282,LIN001,FAC001,,MWO003081,2025-08-01 17:41:45,Material Shortage,4.3,592,263027.1,Resolved,Low
DTE004367,MCH0567,LIN016,FAC006,,MWO011997,2023-07-10 11:59:29,Planned Maintenance,8.84,2077,2241546.36,Resolved,Low
DTE004368,MCH0279,LIN001,FAC001,,MWO011446,2026-06-29 01:10:15,Changeover,3.38,777,161604.67,Resolved,High
DTE004369,MCH0507,LIN006,FAC002,FLR001586,MWO000637,2025-06-16 20:33:27,Planned Maintenance,7.36,1246,1106564.96,Resolved,High
DTE004370,MCH0019,LIN029,FAC010,,MWO010472,2024-06-13 22:21:11,Power Failure,1.54,132,116731.31,Resolved,Medium
DTE004371,MCH0577,LIN009,FAC003,,MWO006705,2025-07-19 22:15:33,Quality Hold,2.38,160,66309.22,Open,Medium
DTE004372,MCH0089,LIN017,FAC006,,MWO008004,2023-02-18 22:59:30,Material Shortage,0.67,111,96111.57,Resolved,Medium
DTE004373,MCH0595,LIN028,FAC010,,MWO004207,2025-07-10 09:40:05,Power Failure,0.74,133,56509.98,Resolved,Low
DTE004374,MCH0597,LIN012,FAC004,,MWO006027,2025-02-28 14:20:04,Power Failure,1.68,366,288823.34,Resolved,Medium
DTE004375,MCH0525,LIN017,FAC006,,MWO003169,2024-08-26 06:15:41,Quality Hold,0.57,51,20434.29,Resolved,High
DTE004376,MCH0049,LIN007,FAC003,,MWO003438,2024-05-23 14:49:12,Changeover,0.67,60,16245.03,Open,High
DTE004377,MCH0191,LIN025,FAC009,,MWO008084,2024-05-18 04:36:59,Material Shortage,1.31,86,70187.71,Open,High
DTE004378,MCH0220,LIN023,FAC008,,MWO007885,2026-06-24 02:34:39,Quality Hold,3.12,549,633444.67,Resolved,Critical
DTE004379,MCH0156,LIN017,FAC006,,MWO003658,2024-09-01 18:51:36,Material Shortage,3.35,742,809909.68,Resolved,Critical
DTE004380,MCH0185,LIN018,FAC006,,MWO006172,2025-01-24 21:57:13,Quality Hold,4.13,375,374132.24,Resolved,Medium
DTE004381,MCH0210,LIN004,FAC002,,MWO009192,2026-05-16 12:12:10,Quality Hold,6.74,552,415790.68,Resolved,Medium
DTE004382,MCH0241,LIN010,FAC004,,MWO009196,2023-03-04 13:43:33,Changeover,5.3,1242,1035685.84,Resolved,High
DTE004383,MCH0411,LIN006,FAC002,,MWO004574,2023-10-29 08:44:36,Quality Hold,1.67,348,118847.84,Resolved,Medium
DTE004384,MCH0495,LIN009,FAC003,,MWO005356,2023-06-14 08:31:47,Quality Hold,3.8,453,227026.74,Resolved,Low
DTE004385,MCH0369,LIN012,FAC004,FLR002620,MWO001909,2025-10-16 04:27:00,Power Failure,1.54,274,43888.14,Resolved,Low
DTE004386,MCH0587,LIN024,FAC008,,MWO008597,2023-12-19 11:49:21,Changeover,2.07,206,60335.73,Resolved,High
DTE004387,MCH0580,LIN007,FAC003,,MWO004567,2023-09-07 19:35:24,Changeover,3.44,632,713486.69,Resolved,Medium
DTE004388,MCH0045,LIN029,FAC010,,MWO011233,2026-06-06 22:14:07,Quality Hold,1.71,119,85301.38,Resolved,High
DTE004389,MCH0069,LIN018,FAC006,,MWO003780,2024-09-18 13:35:11,Quality Hold,6.58,352,150204.02,Resolved,Critical
DTE004390,MCH0500,LIN025,FAC009,,MWO003518,2026-01-28 13:13:25,Planned Maintenance,8.06,828,154841.1,Resolved,Low
DTE004391,MCH0061,LIN026,FAC009,,MWO004026,2026-01-14 05:28:56,Material Shortage,2.63,218,115855.64,Resolved,Medium
DTE004392,MCH0021,LIN007,FAC003,,MWO008875,2025-06-25 08:51:05,Changeover,0.36,15,3564.78,Resolved,High
DTE004393,MCH0576,LIN020,FAC007,,MWO004594,2024-04-10 08:05:57,Quality Hold,0.85,127,42690.78,Resolved,Medium
DTE004394,MCH0495,LIN009,FAC003,,MWO007111,2025-12-11 15:19:35,Material Shortage,2.5,220,259749.98,Resolved,Low
DTE004395,MCH0549,LIN013,FAC005,FLR002230,MWO002608,2024-11-16 20:44:53,Power Failure,4.02,618,407891.07,Resolved,Medium
DTE004396,MCH0322,LIN010,FAC004,FLR001231,MWO002320,2023-09-13 09:00:32,Power Failure,1.88,305,116344.0,Resolved,Low
DTE004397,MCH0317,LIN021,FAC007,,MWO010246,2023-08-17 04:40:30,Material Shortage,0.11,9,9271.91,Resolved,High
DTE004398,MCH0025,LIN017,FAC006,,MWO006572,2025-08-25 09:04:20,Quality Hold,3.35,500,323289.07,Resolved,Medium
DTE004399,MCH0296,LIN026,FAC009,FLR000855,MWO000332,2025-01-02 02:49:34,Changeover,4.5,352,230493.68,Resolved,Medium
DTE004400,MCH0149,LIN004,FAC002,,MWO003267,2024-04-06 09:12:42,Planned Maintenance,3.56,553,300950.34,Resolved,High
DTE004401,MCH0538,LIN003,FAC001,,MWO007586,2026-02-01 18:19:12,Planned Maintenance,1.06,229,163925.84,Resolved,High
DTE004402,MCH0099,LIN011,FAC004,FLR000245,MWO002867,2023-01-23 06:06:23,Power Failure,3.44,741,331282.96,Resolved,Medium
DTE004403,MCH0026,LIN006,FAC002,,MWO008286,2023-04-14 01:11:49,Tool Change,6.84,481,418614.53,Open,High
DTE004404,MCH0339,LIN019,FAC007,,MWO007334,2023-10-07 05:59:07,Tool Change,1.31,95,65898.04,Resolved,Medium
DTE004405,MCH0383,LIN005,FAC002,,MWO010179,2026-01-31 19:26:43,Material Shortage,3.86,284,48986.78,Resolved,Medium
DTE004406,MCH0419,LIN008,FAC003,,MWO009069,2026-05-25 12:18:51,Tool Change,0.45,74,62391.95,Resolved,High
DTE004407,MCH0436,LIN013,FAC005,,MWO008918,2023-07-13 20:23:45,Power Failure,0.36,80,91760.65,Resolved,Low
DTE004408,MCH0071,LIN024,FAC008,,MWO005404,2025-07-20 23:34:08,Power Failure,11.96,1680,1431209.79,Open,Low
DTE004409,MCH0476,LIN023,FAC008,,MWO007234,2026-01-31 01:54:54,Material Shortage,1.28,179,48803.8,Open,Medium
DTE004410,MCH0362,LIN007,FAC003,,MWO004408,2024-07-04 02:40:21,Changeover,2.34,481,74677.58,Resolved,Medium
DTE004411,MCH0254,LIN013,FAC005,,MWO011557,2023-10-04 16:33:11,Planned Maintenance,11.79,2479,2469605.54,Resolved,High
DTE004412,MCH0228,LIN011,FAC004,,MWO003877,2025-09-08 08:42:33,Planned Maintenance,4.42,709,800308.45,Resolved,High
DTE004413,MCH0079,LIN008,FAC003,,MWO004984,2024-05-23 02:20:24,Material Shortage,2.38,428,168020.64,Open,High
DTE004414,MCH0020,LIN001,FAC001,FLR000147,MWO000877,2025-01-27 01:21:54,Tool Change,3.98,328,390040.16,Resolved,High
DTE004415,MCH0158,LIN027,FAC009,,MWO005925,2025-12-21 16:32:27,Planned Maintenance,6.34,1440,1494525.96,Resolved,Medium
DTE004416,MCH0384,LIN021,FAC007,,MWO003985,2024-07-06 18:33:03,Material Shortage,3.97,495,361655.69,Resolved,Medium
DTE004417,MCH0431,LIN023,FAC008,,MWO004064,2024-08-13 18:19:47,Changeover,6.55,680,791104.33,Resolved,High
DTE004418,MCH0186,LIN010,FAC004,,MWO011339,2024-04-03 07:52:20,Tool Change,0.42,59,45674.06,Resolved,Medium
DTE004419,MCH0146,LIN004,FAC002,,MWO008943,2026-02-10 06:54:57,Changeover,1.52,123,53446.51,Resolved,Critical
DTE004420,MCH0065,LIN005,FAC002,FLR002700,MWO002624,2023-09-20 17:11:43,Quality Hold,9.81,995,185565.54,Resolved,Medium
DTE004421,MCH0299,LIN014,FAC005,FLR000124,MWO001306,2024-03-22 10:43:07,Material Shortage,4.5,242,89748.69,Resolved,Critical
DTE004422,MCH0214,LIN018,FAC006,,MWO003798,2024-12-22 07:12:10,Power Failure,4.6,363,345856.62,Resolved,Critical
DTE004423,MCH0311,LIN023,FAC008,FLR001224,MWO000373,2024-05-22 07:04:16,Material Shortage,8.87,745,872232.1,Resolved,Medium
DTE004424,MCH0358,LIN027,FAC009,,MWO003293,2026-03-03 06:15:15,Material Shortage,0.2,32,18288.74,Resolved,High
DTE004425,MCH0595,LIN028,FAC010,FLR002677,MWO001419,2024-07-21 02:44:42,Tool Change,1.07,98,103543.37,Resolved,Critical
DTE004426,MCH0138,LIN003,FAC001,,MWO008001,2026-04-24 12:12:18,Changeover,4.69,700,356437.77,Resolved,High
DTE004427,MCH0334,LIN018,FAC006,,MWO007739,2024-01-29 02:16:08,Material Shortage,11.46,1329,918319.13,Resolved,Medium
DTE004428,MCH0220,LIN023,FAC008,FLR000873,MWO000192,2024-03-01 23:48:37,Material Shortage,0.23,41,15864.34,Resolved,Medium
DTE004429,MCH0360,LIN028,FAC010,,MWO005349,2023-08-30 14:43:06,Power Failure,0.81,187,72343.7,Resolved,Low
DTE004430,MCH0362,LIN007,FAC003,,MWO008678,2023-06-13 17:17:53,Changeover,4.38,882,369450.93,Resolved,Critical
DTE004431,MCH0015,LIN014,FAC005,,MWO009284,2023-01-24 12:26:14,Tool Change,7.57,1254,806297.0,Resolved,High
DTE004432,MCH0589,LIN023,FAC008,,MWO009436,2024-09-30 06:27:14,Planned Maintenance,2.64,371,311142.19,Resolved,High
DTE004433,MCH0159,LIN014,FAC005,FLR001552,MWO002622,2026-03-28 17:39:51,Tool Change,1.12,201,60926.21,Resolved,High
DTE004434,MCH0365,LIN014,FAC005,,MWO003757,2024-08-24 03:12:47,Quality Hold,3.75,578,163957.61,Open,High
DTE004435,MCH0340,LIN012,FAC004,,MWO007091,2024-03-16 04:14:22,Changeover,0.48,38,17889.01,Resolved,Medium
DTE004436,MCH0502,LIN011,FAC004,,MWO008963,2025-03-21 22:14:24,Quality Hold,2.04,364,415299.29,Resolved,Medium
DTE004437,MCH0253,LIN016,FAC006,,MWO006576,2025-08-19 03:38:24,Tool Change,6.32,621,224222.49,Resolved,Critical
DTE004438,MCH0600,LIN014,FAC005,,MWO007913,2024-10-02 10:47:58,Power Failure,5.73,275,199565.35,Resolved,Low
DTE004439,MCH0081,LIN021,FAC007,FLR001990,MWO000013,2024-11-28 06:57:00,Tool Change,5.25,469,200671.35,Resolved,Medium
DTE004440,MCH0435,LIN027,FAC009,,MWO008571,2024-10-22 10:37:58,Material Shortage,1.85,357,299630.09,Resolved,High
DTE004441,MCH0228,LIN011,FAC004,FLR001962,MWO002799,2025-03-01 04:09:01,Power Failure,3.14,678,753786.04,Resolved,High
DTE004442,MCH0347,LIN015,FAC005,,MWO003957,2026-04-30 08:39:07,Material Shortage,1.62,287,121983.34,Resolved,High
DTE004443,MCH0018,LIN026,FAC009,,MWO006414,2023-02-25 05:00:54,Quality Hold,2.06,213,149365.61,Resolved,High
DTE004444,MCH0050,LIN017,FAC006,,MWO003808,2025-05-23 16:27:47,Tool Change,1.62,195,83640.92,Resolved,Medium
DTE004445,MCH0492,LIN009,FAC003,,MWO006343,2023-06-25 02:53:24,Planned Maintenance,2.05,395,95999.5,Resolved,Critical
DTE004446,MCH0380,LIN003,FAC001,,MWO005908,2025-01-12 01:29:48,Tool Change,1.6,375,97838.93,Resolved,Critical
DTE004447,MCH0111,LIN012,FAC004,,MWO011685,2024-02-26 04:22:54,Quality Hold,3.07,342,246880.28,Open,High
DTE004448,MCH0240,LIN015,FAC005,,MWO003312,2024-09-08 00:03:04,Material Shortage,1.83,415,93285.65,Resolved,Critical
DTE004449,MCH0031,LIN010,FAC004,,MWO008119,2025-07-04 14:29:15,Changeover,1.75,264,273813.03,Resolved,Low
DTE004450,MCH0448,LIN016,FAC006,,MWO003892,2025-08-15 18:22:37,Quality Hold,2.05,436,348684.73,Resolved,Low
DTE004451,MCH0509,LIN021,FAC007,,MWO010818,2025-06-07 02:44:15,Planned Maintenance,0.71,93,91124.75,Open,Medium
DTE004452,MCH0269,LIN002,FAC001,FLR001692,MWO001180,2025-12-26 08:09:27,Power Failure,2.4,160,166425.82,Open,Medium
DTE004453,MCH0031,LIN010,FAC004,FLR000448,MWO000812,2023-02-19 06:42:05,Changeover,2.62,150,174026.37,Resolved,Low
DTE004454,MCH0498,LIN011,FAC004,FLR000159,MWO002697,2024-10-24 11:20:43,Quality Hold,1.08,248,138078.55,Resolved,High
DTE004455,MCH0338,LIN015,FAC005,,MWO005538,2025-12-19 10:41:41,Power Failure,1.89,193,120115.64,Resolved,High
DTE004456,MCH0304,LIN026,FAC009,,MWO008142,2024-05-12 16:35:05,Changeover,0.61,58,11769.43,Resolved,High
DTE004457,MCH0227,LIN023,FAC008,FLR001086,MWO002144,2025-01-21 05:15:01,Changeover,1.47,127,72221.23,Resolved,Medium
DTE004458,MCH0165,LIN029,FAC010,,MWO008218,2024-03-15 16:19:25,Material Shortage,1.87,356,68519.4,Resolved,High
DTE004459,MCH0369,LIN012,FAC004,,MWO004302,2024-03-03 22:47:00,Planned Maintenance,2.28,161,112980.29,Resolved,Low
DTE004460,MCH0029,LIN002,FAC001,,MWO006854,2026-02-16 12:52:46,Material Shortage,0.89,199,151171.23,Open,Medium
DTE004461,MCH0387,LIN005,FAC002,FLR001005,MWO002810,2024-08-19 11:28:10,Changeover,4.73,235,201734.77,Resolved,High
DTE004462,MCH0513,LIN027,FAC009,,MWO008531,2023-07-30 13:00:51,Tool Change,13.76,2634,774649.2,Resolved,Medium
DTE004463,MCH0563,LIN001,FAC001,,MWO005638,2023-10-13 22:02:00,Planned Maintenance,0.8,110,74411.94,Resolved,Medium
DTE004464,MCH0070,LIN030,FAC010,,MWO004189,2023-03-31 20:28:51,Planned Maintenance,8.17,1155,415483.79,Resolved,High
DTE004465,MCH0588,LIN006,FAC002,,MWO007456,2023-01-13 21:25:09,Quality Hold,0.27,35,16633.13,Resolved,High
DTE004466,MCH0239,LIN015,FAC005,,MWO006706,2025-08-29 14:11:15,Power Failure,2.22,90,67362.56,Resolved,Medium
DTE004467,MCH0136,LIN019,FAC007,FLR002478,MWO000239,2025-09-02 10:10:41,Material Shortage,1.81,119,57643.65,Resolved,Critical
DTE004468,MCH0185,LIN018,FAC006,,MWO010001,2025-02-08 05:53:46,Material Shortage,4.29,315,94661.27,Resolved,High
DTE004469,MCH0519,LIN030,FAC010,FLR001198,MWO001405,2023-05-17 14:15:51,Quality Hold,3.06,609,529174.29,Resolved,High
DTE004470,MCH0299,LIN014,FAC005,FLR001986,MWO000528,2025-05-04 21:54:11,Material Shortage,4.44,1058,437200.14,Resolved,Medium
DTE004471,MCH0377,LIN009,FAC003,,MWO010543,2024-08-18 00:24:00,Power Failure,6.59,938,759560.96,Open,Medium
DTE004472,MCH0446,LIN004,FAC002,FLR000596,MWO002488,2025-01-03 10:02:44,Power Failure,6.04,664,774890.02,Resolved,Medium
DTE004473,MCH0471,LIN013,FAC005,FLR000992,MWO002035,2026-06-20 02:27:31,Planned Maintenance,3.48,342,367698.51,Resolved,Medium
DTE004474,MCH0383,LIN005,FAC002,,MWO007912,2024-04-10 21:45:15,Planned Maintenance,1.38,67,50202.12,Resolved,High
DTE004475,MCH0558,LIN025,FAC009,FLR001994,MWO002417,2025-08-25 16:37:18,Power Failure,3.99,531,193271.62,Resolved,High
DTE004476,MCH0451,LIN013,FAC005,,MWO004343,2025-06-22 00:11:19,Tool Change,5.33,1258,1007088.37,Resolved,Critical
DTE004477,MCH0359,LIN019,FAC007,,MWO007444,2026-01-12 17:33:54,Quality Hold,3.81,392,307435.28,Resolved,Medium
DTE004478,MCH0237,LIN025,FAC009,,MWO006275,2024-06-01 04:58:30,Material Shortage,3.54,220,82771.64,Resolved,Medium
DTE004479,MCH0489,LIN003,FAC001,,MWO008572,2023-09-29 05:51:49,Quality Hold,3.43,559,419252.75,Resolved,Low
DTE004480,MCH0473,LIN022,FAC008,,MWO010895,2023-09-13 01:32:04,Material Shortage,3.49,517,292142.0,Resolved,Medium
DTE004481,MCH0427,LIN027,FAC009,FLR001655,MWO001985,2024-04-27 02:50:00,Planned Maintenance,1.98,271,219770.1,Resolved,High
DTE004482,MCH0432,LIN025,FAC009,,MWO008461,2023-07-01 14:52:58,Tool Change,0.86,134,122078.63,Resolved,Medium
DTE004483,MCH0486,LIN029,FAC010,FLR001085,MWO002351,2023-01-29 00:00:01,Changeover,0.82,175,97267.58,Resolved,High
DTE004484,MCH0311,LIN023,FAC008,,MWO006679,2025-12-16 04:14:29,Changeover,0.84,40,6340.63,Resolved,Medium
DTE004485,MCH0056,LIN027,FAC009,,MWO005846,2023-03-10 05:44:09,Planned Maintenance,5.45,829,698664.27,Resolved,Critical
DTE004486,MCH0527,LIN027,FAC009,,MWO006395,2026-05-15 00:13:27,Planned Maintenance,1.54,144,45635.22,Resolved,Medium
DTE004487,MCH0467,LIN027,FAC009,,MWO007512,2024-10-12 23:34:10,Tool Change,1.81,297,65611.08,Resolved,Medium
DTE004488,MCH0410,LIN016,FAC006,,MWO009642,2025-07-12 09:07:43,Tool Change,2.8,423,267691.99,Resolved,Low
DTE004489,MCH0465,LIN002,FAC001,,MWO003383,2026-06-22 16:43:31,Material Shortage,1.27,283,109379.78,Resolved,Medium
DTE004490,MCH0326,LIN026,FAC009,,MWO010767,2023-10-19 19:26:28,Power Failure,5.64,253,188560.04,Resolved,High
DTE004491,MCH0126,LIN009,FAC003,FLR001191,MWO000852,2024-12-23 22:27:49,Tool Change,6.05,1131,1233434.9,Resolved,High
DTE004492,MCH0562,LIN011,FAC004,,MWO008517,2025-08-31 00:50:51,Quality Hold,1.53,123,42019.09,Resolved,Critical
DTE004493,MCH0251,LIN017,FAC006,FLR000419,MWO001254,2024-08-28 07:57:59,Power Failure,3.19,737,851431.62,Resolved,Medium
DTE004494,MCH0035,LIN005,FAC002,FLR000111,MWO002721,2023-02-13 21:57:52,Tool Change,0.9,149,53972.1,Resolved,Low
DTE004495,MCH0525,LIN017,FAC006,,MWO003607,2025-05-15 08:13:08,Tool Change,1.64,170,94145.64,Resolved,Medium
DTE004496,MCH0480,LIN019,FAC007,FLR001916,MWO002451,2023-09-05 08:38:42,Quality Hold,1.03,61,29727.53,Resolved,Medium
DTE004497,MCH0069,LIN018,FAC006,,MWO004154,2025-04-10 20:49:47,Material Shortage,8.02,1183,1346370.0,Open,High
DTE004498,MCH0387,LIN005,FAC002,FLR001005,MWO000658,2024-08-19 15:54:46,Planned Maintenance,7.09,530,604775.19,Resolved,Medium
DTE004499,MCH0442,LIN001,FAC001,,MWO004676,2023-04-09 06:50:28,Changeover,0.96,141,64726.77,Resolved,Medium
DTE004500,MCH0166,LIN004,FAC002,FLR000413,MWO000525,2024-04-01 21:10:10,Changeover,3.49,764,416990.14,Resolved,Medium
DTE004501,MCH0096,LIN010,FAC004,,MWO007869,2024-04-18 05:59:25,Power Failure,3.23,712,758079.04,Resolved,Critical
DTE004502,MCH0327,LIN009,FAC003,,MWO009936,2023-02-07 00:24:41,Power Failure,4.53,1069,1093485.47,Resolved,High
DTE004503,MCH0154,LIN006,FAC002,,MWO005012,2024-02-23 05:45:52,Material Shortage,4.05,473,529577.79,Resolved,Medium
DTE004504,MCH0296,LIN026,FAC009,,MWO010435,2024-07-19 18:12:04,Tool Change,1.98,389,285362.93,Resolved,Medium
DTE004505,MCH0011,LIN013,FAC005,,MWO011600,2026-04-17 18:18:19,Planned Maintenance,3.75,477,299346.77,Resolved,High
DTE004506,MCH0245,LIN030,FAC010,,MWO007473,2024-11-18 01:25:55,Power Failure,4.72,532,360025.49,Resolved,Medium
DTE004507,MCH0259,LIN026,FAC009,FLR001262,MWO001577,2023-03-29 17:36:02,Material Shortage,2.91,607,531782.69,Resolved,Medium
DTE004508,MCH0575,LIN008,FAC003,,MWO010342,2024-05-22 14:28:20,Changeover,7.7,683,403641.74,Resolved,Medium
DTE004509,MCH0005,LIN010,FAC004,,MWO011836,2025-04-11 22:47:28,Tool Change,5.79,1293,1451023.15,Resolved,Medium
DTE004510,MCH0592,LIN023,FAC008,,MWO011545,2025-03-28 19:21:49,Planned Maintenance,5.27,1117,1256115.38,Resolved,Medium
DTE004511,MCH0179,LIN010,FAC004,,MWO010318,2023-09-30 16:08:43,Material Shortage,8.02,1557,711697.24,Resolved,High
DTE004512,MCH0510,LIN023,FAC008,FLR001723,MWO000445,2025-09-26 14:15:42,Power Failure,4.71,985,915391.37,Resolved,Medium
DTE004513,MCH0375,LIN005,FAC002,,MWO003363,2025-08-26 06:04:54,Planned Maintenance,5.41,427,441348.72,Resolved,High
DTE004514,MCH0437,LIN015,FAC005,,MWO007954,2024-05-28 06:18:16,Power Failure,3.73,461,168755.51,Resolved,High
DTE004515,MCH0099,LIN011,FAC004,FLR002755,MWO002695,2024-07-16 08:59:18,Planned Maintenance,5.7,762,865840.8,Resolved,Critical
DTE004516,MCH0490,LIN018,FAC006,,MWO008818,2023-12-20 10:44:06,Material Shortage,2.28,499,319806.21,Resolved,High
DTE004517,MCH0126,LIN009,FAC003,,MWO008197,2025-12-11 17:27:17,Quality Hold,4.79,430,317418.64,Resolved,Low
DTE004518,MCH0234,LIN001,FAC001,,MWO006021,2023-12-27 10:00:29,Material Shortage,0.4,79,53769.84,Resolved,Medium
DTE004519,MCH0496,LIN024,FAC008,,MWO010656,2023-12-24 09:47:43,Material Shortage,0.79,46,11231.14,Resolved,Critical
DTE004520,MCH0519,LIN030,FAC010,,MWO007376,2024-09-17 06:39:52,Changeover,1.38,160,144520.64,Resolved,High
DTE004521,MCH0209,LIN030,FAC010,,MWO010902,2024-09-09 03:17:26,Planned Maintenance,5.02,318,244630.92,Resolved,Low
DTE004522,MCH0004,LIN020,FAC007,,MWO011179,2025-04-15 08:48:26,Material Shortage,5.1,609,374062.71,Resolved,Critical
DTE004523,MCH0467,LIN027,FAC009,,MWO009495,2025-07-05 09:59:58,Power Failure,2.55,549,348116.45,Resolved,Medium
DTE004524,MCH0001,LIN020,FAC007,,MWO009547,2026-05-22 02:11:30,Tool Change,4.23,934,615273.63,Resolved,Medium
DTE004525,MCH0162,LIN014,FAC005,,MWO008474,2023-10-12 11:05:29,Quality Hold,8.33,837,239629.35,Resolved,Critical
DTE004526,MCH0062,LIN011,FAC004,,MWO008749,2025-03-08 05:41:49,Planned Maintenance,0.87,190,91181.05,Resolved,Medium
DTE004527,MCH0321,LIN029,FAC010,,MWO003214,2025-06-30 00:17:01,Tool Change,8.72,943,497524.06,Resolved,Medium
DTE004528,MCH0149,LIN004,FAC002,FLR000661,MWO001749,2026-04-28 14:37:40,Material Shortage,4.66,1076,1120464.1,Resolved,Medium
DTE004529,MCH0058,LIN028,FAC010,FLR001190,MWO001193,2025-11-23 08:22:46,Power Failure,14.73,1046,917307.61,Resolved,Critical
DTE004530,MCH0252,LIN027,FAC009,,MWO008658,2023-05-23 23:52:50,Power Failure,2.78,450,328202.96,Resolved,Medium
DTE004531,MCH0248,LIN028,FAC010,FLR000965,MWO002794,2025-07-13 13:44:18,Quality Hold,1.62,91,30708.52,Resolved,High
DTE004532,MCH0020,LIN001,FAC001,,MWO005319,2023-08-17 14:56:31,Planned Maintenance,5.95,1231,1381325.84,Resolved,Medium
DTE004533,MCH0093,LIN027,FAC009,FLR002830,MWO000519,2024-05-26 09:11:33,Material Shortage,1.4,148,83737.01,Resolved,Medium
DTE004534,MCH0440,LIN027,FAC009,,MWO005142,2025-07-21 00:55:12,Planned Maintenance,2.57,218,192487.69,Resolved,Medium
DTE004535,MCH0258,LIN026,FAC009,FLR000263,MWO002823,2023-03-15 16:30:40,Changeover,3.37,338,81875.8,Resolved,High
DTE004536,MCH0509,LIN021,FAC007,,MWO009694,2025-04-20 23:44:39,Tool Change,3.75,235,73433.0,Resolved,Medium
DTE004537,MCH0394,LIN001,FAC001,FLR002832,MWO002849,2025-04-20 10:22:15,Quality Hold,2.81,585,347725.44,Resolved,High
DTE004538,MCH0276,LIN012,FAC004,,MWO003004,2023-07-14 02:55:58,Changeover,0.88,68,61434.91,Resolved,Medium
DTE004539,MCH0382,LIN018,FAC006,,MWO003150,2023-11-12 00:18:59,Planned Maintenance,2.1,398,248257.89,Resolved,Medium
DTE004540,MCH0242,LIN001,FAC001,FLR002329,MWO001759,2025-01-29 21:03:53,Material Shortage,0.59,42,6779.56,Resolved,Medium
DTE004541,MCH0278,LIN002,FAC001,,MWO009465,2025-11-29 15:35:40,Power Failure,0.17,15,8238.31,Resolved,Medium
DTE004542,MCH0489,LIN003,FAC001,,MWO010722,2026-04-21 15:31:47,Quality Hold,2.18,240,76656.68,Open,High
DTE004543,MCH0302,LIN016,FAC006,,MWO010255,2025-04-18 07:15:51,Material Shortage,7.19,1557,1174833.78,Open,High
DTE004544,MCH0274,LIN024,FAC008,,MWO003860,2023-07-26 17:24:56,Planned Maintenance,0.79,121,136774.6,Resolved,High
DTE004545,MCH0122,LIN001,FAC001,FLR000211,MWO001771,2024-07-01 01:33:43,Tool Change,12.79,955,1079279.24,Resolved,Low
DTE004546,MCH0545,LIN004,FAC002,,MWO004739,2023-05-17 15:18:43,Changeover,0.58,89,84777.11,Resolved,Medium
DTE004547,MCH0299,LIN014,FAC005,,MWO006276,2026-03-14 19:00:01,Material Shortage,13.13,1300,1508397.34,Resolved,Medium
DTE004548,MCH0451,LIN013,FAC005,,MWO010863,2025-01-19 11:00:13,Material Shortage,2.46,279,158250.73,Resolved,High
DTE004549,MCH0218,LIN007,FAC003,FLR000748,MWO002315,2024-07-25 18:09:44,Material Shortage,2.14,356,282550.72,Resolved,Medium
DTE004550,MCH0291,LIN022,FAC008,,MWO009829,2024-03-22 03:22:48,Tool Change,3.48,661,174811.56,Resolved,Medium
DTE004551,MCH0387,LIN005,FAC002,,MWO005089,2024-08-12 03:24:04,Quality Hold,12.47,842,969026.24,Resolved,Low
DTE004552,MCH0474,LIN003,FAC001,FLR002548,MWO000579,2024-07-03 11:02:23,Quality Hold,1.07,196,130816.11,Resolved,Medium
DTE004553,MCH0079,LIN008,FAC003,,MWO009311,2024-02-27 04:11:53,Material Shortage,4.85,1080,425091.55,Resolved,High
DTE004554,MCH0487,LIN023,FAC008,FLR000995,MWO002716,2024-02-14 19:47:08,Power Failure,0.81,158,180953.29,Resolved,Medium
DTE004555,MCH0537,LIN013,FAC005,,MWO011895,2024-06-08 16:36:00,Tool Change,3.59,531,576425.67,Resolved,Low
DTE004556,MCH0283,LIN027,FAC009,FLR000255,MWO002205,2024-11-01 00:05:09,Quality Hold,1.11,121,38601.38,Resolved,Medium
DTE004557,MCH0200,LIN004,FAC002,,MWO004945,2023-12-15 12:45:26,Planned Maintenance,1.99,88,20912.78,Open,Low
DTE004558,MCH0518,LIN020,FAC007,,MWO011592,2024-02-26 13:12:33,Quality Hold,0.61,119,25064.44,Resolved,High
DTE004559,MCH0443,LIN021,FAC007,,MWO011610,2023-05-15 23:05:58,Tool Change,0.91,171,32873.09,Resolved,Critical
DTE004560,MCH0543,LIN019,FAC007,,MWO003767,2023-10-23 09:56:22,Material Shortage,1.65,119,134869.43,Resolved,High
DTE004561,MCH0502,LIN011,FAC004,FLR001280,MWO002678,2025-11-09 12:31:36,Power Failure,6.58,446,85545.55,Resolved,Medium
DTE004562,MCH0264,LIN030,FAC010,,MWO009788,2023-08-19 23:49:48,Material Shortage,6.72,1526,940100.22,Resolved,Medium
DTE004563,MCH0140,LIN013,FAC005,,MWO008909,2025-12-17 17:54:57,Material Shortage,0.31,42,19796.88,Resolved,High
DTE004564,MCH0489,LIN003,FAC001,,MWO003493,2023-03-30 02:10:18,Quality Hold,1.23,54,60642.21,Resolved,Low
DTE004565,MCH0181,LIN020,FAC007,,MWO005938,2023-02-23 13:43:53,Tool Change,1.63,183,166520.67,Resolved,Medium
DTE004566,MCH0420,LIN015,FAC005,,MWO011739,2024-03-29 12:07:18,Power Failure,4.22,739,178867.12,Resolved,Low
DTE004567,MCH0328,LIN024,FAC008,FLR000770,MWO000174,2025-01-30 18:30:26,Material Shortage,6.21,1040,949961.13,Resolved,Medium
DTE004568,MCH0013,LIN023,FAC008,,MWO009716,2025-09-20 20:32:55,Material Shortage,13.17,2819,786903.43,Resolved,Critical
DTE004569,MCH0592,LIN023,FAC008,,MWO004086,2025-01-22 13:39:07,Quality Hold,4.91,837,703851.09,Open,High
DTE004570,MCH0055,LIN029,FAC010,,MWO003115,2023-01-13 16:43:43,Tool Change,4.85,750,137927.53,Resolved,Medium
DTE004571,MCH0379,LIN027,FAC009,FLR000058,MWO002835,2026-03-10 04:00:19,Planned Maintenance,3.16,734,430804.24,Resolved,Low
DTE004572,MCH0448,LIN016,FAC006,,MWO011144,2025-02-20 22:51:11,Power Failure,2.76,182,211666.35,Resolved,Medium
DTE004573,MCH0290,LIN027,FAC009,FLR001512,MWO001270,2025-08-23 05:29:09,Material Shortage,2.65,166,190689.87,Resolved,Critical
DTE004574,MCH0055,LIN029,FAC010,FLR000564,MWO000503,2026-03-29 22:06:11,Material Shortage,6.81,1150,489998.91,Resolved,Medium
DTE004575,MCH0555,LIN021,FAC007,FLR002504,MWO002038,2025-07-21 16:35:52,Planned Maintenance,1.38,189,131383.87,Resolved,High
DTE004576,MCH0384,LIN021,FAC007,,MWO005854,2026-04-11 04:28:14,Changeover,0.54,101,118865.22,Resolved,High
DTE004577,MCH0188,LIN004,FAC002,FLR002694,MWO002996,2024-06-22 01:34:15,Quality Hold,2.41,526,570075.8,Open,Low
DTE004578,MCH0126,LIN009,FAC003,,MWO010530,2024-01-31 19:04:05,Power Failure,3.3,346,167927.83,Resolved,Medium
DTE004579,MCH0188,LIN004,FAC002,FLR002694,MWO002996,2024-06-22 01:34:15,Changeover,2.83,259,161457.85,Resolved,Medium
DTE004580,MCH0406,LIN002,FAC001,FLR002664,MWO001629,2024-10-15 13:48:42,Tool Change,6.67,1517,1149574.27,Resolved,High
DTE004581,MCH0212,LIN030,FAC010,,MWO006420,2023-03-10 01:33:27,Tool Change,0.31,42,15699.65,Open,Medium
DTE004582,MCH0379,LIN027,FAC009,FLR001588,MWO001864,2025-02-20 14:37:10,Tool Change,1.44,77,65130.9,Resolved,Low
DTE004583,MCH0307,LIN024,FAC008,,MWO010445,2025-12-10 08:00:43,Power Failure,1.52,242,125804.47,Resolved,Medium
DTE004584,MCH0146,LIN004,FAC002,,MWO006064,2023-06-05 11:45:39,Changeover,5.38,339,405725.7,Resolved,Medium
DTE004585,MCH0135,LIN015,FAC005,,MWO010579,2024-06-19 00:39:21,Changeover,1.59,285,189207.01,Resolved,High
DTE004586,MCH0587,LIN024,FAC008,,MWO007638,2025-08-14 10:40:15,Material Shortage,2.87,387,188031.61,Resolved,High
DTE004587,MCH0278,LIN002,FAC001,,MWO009372,2024-05-28 17:52:19,Quality Hold,4.2,307,318817.1,Resolved,Medium
DTE004588,MCH0166,LIN004,FAC002,,MWO006806,2025-05-22 15:32:59,Material Shortage,3.81,414,481773.81,Resolved,Medium
DTE004589,MCH0102,LIN015,FAC005,,MWO009123,2023-07-03 13:49:48,Changeover,2.04,115,62503.59,Resolved,Critical
DTE004590,MCH0508,LIN010,FAC004,,MWO006450,2025-11-01 21:28:31,Planned Maintenance,1.93,451,221069.9,Resolved,High
DTE004591,MCH0504,LIN008,FAC003,FLR002184,MWO001758,2025-04-07 07:27:05,Planned Maintenance,7.36,931,993915.04,Resolved,Medium
DTE004592,MCH0220,LIN023,FAC008,FLR000403,MWO000886,2025-08-04 18:25:53,Tool Change,0.9,67,23963.44,Resolved,Low
DTE004593,MCH0405,LIN026,FAC009,,MWO006882,2025-11-09 12:48:28,Quality Hold,0.44,80,86406.3,Resolved,High
DTE004594,MCH0061,LIN026,FAC009,,MWO008155,2026-04-17 18:50:11,Tool Change,2.04,332,295156.38,Resolved,High
DTE004595,MCH0169,LIN003,FAC001,,MWO011195,2026-04-03 12:10:38,Material Shortage,4.62,776,647094.5,Resolved,High
DTE004596,MCH0157,LIN029,FAC010,,MWO006787,2026-06-21 10:40:13,Tool Change,3.49,437,489787.06,Open,Medium
DTE004597,MCH0227,LIN023,FAC008,FLR002982,MWO001352,2025-12-22 18:27:19,Tool Change,0.7,68,33358.02,Resolved,Medium
DTE004598,MCH0257,LIN013,FAC005,,MWO005973,2025-09-18 16:29:32,Power Failure,5.04,400,205917.84,Resolved,High
DTE004599,MCH0397,LIN010,FAC004,,MWO011318,2025-07-26 07:32:24,Power Failure,1.58,174,120543.78,Resolved,High
DTE004600,MCH0219,LIN012,FAC004,FLR002203,MWO000595,2023-05-13 22:21:38,Material Shortage,1.38,127,85677.44,Resolved,Medium
DTE004601,MCH0230,LIN017,FAC006,FLR001519,MWO002657,2024-07-29 20:08:46,Power Failure,1.72,396,93931.25,Resolved,High
DTE004602,MCH0146,LIN004,FAC002,,MWO008102,2025-12-09 22:59:08,Changeover,3.46,287,128862.13,Resolved,Medium
DTE004603,MCH0532,LIN007,FAC003,,MWO004497,2024-07-09 01:59:23,Changeover,0.78,179,66289.12,Resolved,Critical
DTE004604,MCH0061,LIN026,FAC009,,MWO003015,2024-07-26 07:54:42,Tool Change,5.92,685,650774.42,Resolved,Medium
DTE004605,MCH0264,LIN030,FAC010,FLR002459,MWO002374,2024-12-18 10:36:11,Tool Change,5.35,347,53508.83,Resolved,High
DTE004606,MCH0026,LIN006,FAC002,,MWO009126,2024-10-03 20:58:04,Planned Maintenance,1.45,245,177225.76,Resolved,High
DTE004607,MCH0154,LIN006,FAC002,,MWO003639,2024-12-22 18:39:26,Power Failure,3.19,410,155874.28,Resolved,Medium
DTE004608,MCH0179,LIN010,FAC004,,MWO008282,2024-11-11 23:46:42,Power Failure,2.16,503,157024.02,Resolved,Medium
DTE004609,MCH0149,LIN004,FAC002,,MWO010775,2023-06-10 13:25:52,Changeover,12.63,2702,2912841.12,Resolved,Critical
DTE004610,MCH0395,LIN004,FAC002,,MWO007253,2026-03-28 15:26:25,Power Failure,1.17,159,24181.38,Resolved,Medium
DTE004611,MCH0113,LIN015,FAC005,,MWO003603,2025-07-04 17:06:46,Tool Change,5.63,1329,758338.83,Resolved,High
DTE004612,MCH0190,LIN002,FAC001,FLR001809,MWO002422,2025-10-25 16:43:45,Planned Maintenance,0.98,137,149746.38,Resolved,Low
DTE004613,MCH0072,LIN011,FAC004,,MWO009114,2024-02-13 23:39:24,Planned Maintenance,4.1,179,114469.9,Resolved,Medium
DTE004614,MCH0577,LIN009,FAC003,FLR001693,MWO000257,2026-01-16 09:10:40,Material Shortage,4.09,888,685913.8,Resolved,High
DTE004615,MCH0362,LIN007,FAC003,,MWO011749,2023-01-02 22:23:20,Planned Maintenance,0.64,55,38409.41,Resolved,Low
DTE004616,MCH0013,LIN023,FAC008,,MWO005392,2025-08-05 21:14:28,Power Failure,2.55,357,314176.01,Resolved,High
DTE004617,MCH0481,LIN004,FAC002,,MWO005797,2026-02-01 21:10:37,Quality Hold,1.62,355,72320.24,Resolved,High
DTE004618,MCH0407,LIN018,FAC006,,MWO009849,2024-10-15 18:48:54,Material Shortage,7.15,728,421743.93,Resolved,Medium
DTE004619,MCH0475,LIN003,FAC001,FLR000540,MWO000749,2025-03-01 08:11:43,Material Shortage,2.12,306,298368.59,Resolved,High
DTE004620,MCH0542,LIN004,FAC002,,MWO008551,2026-06-03 10:38:07,Power Failure,4.17,489,426290.62,Resolved,High
DTE004621,MCH0521,LIN019,FAC007,,MWO011578,2025-04-19 22:21:43,Changeover,2.26,490,493192.75,Resolved,Medium
DTE004622,MCH0573,LIN004,FAC002,FLR000961,MWO001808,2024-06-10 14:54:56,Planned Maintenance,2.75,187,146704.88,Resolved,Medium
DTE004623,MCH0567,LIN016,FAC006,,MWO011747,2025-01-13 14:19:43,Material Shortage,3.4,802,620491.55,Resolved,Low
DTE004624,MCH0069,LIN018,FAC006,,MWO009397,2024-05-14 16:13:26,Quality Hold,5.18,861,148297.51,Resolved,High
DTE004625,MCH0401,LIN015,FAC005,,MWO006971,2023-11-14 10:06:15,Planned Maintenance,6.76,1377,805457.4,Resolved,Medium
DTE004626,MCH0447,LIN011,FAC004,,MWO003950,2025-12-11 17:21:20,Quality Hold,3.1,147,134324.85,Resolved,Medium
DTE004627,MCH0012,LIN030,FAC010,,MWO008088,2023-12-09 12:05:06,Power Failure,3.38,571,591988.98,Resolved,Low
DTE004628,MCH0421,LIN007,FAC003,,MWO011824,2025-05-04 17:35:51,Power Failure,6.9,1222,839200.08,Resolved,Low
DTE004629,MCH0579,LIN003,FAC001,FLR002936,MWO000038,2025-12-21 11:30:49,Planned Maintenance,7.52,937,1059009.9,Resolved,Medium
DTE004630,MCH0411,LIN006,FAC002,,MWO006415,2024-04-27 19:47:59,Planned Maintenance,1.47,133,37373.92,Resolved,Low
DTE004631,MCH0561,LIN029,FAC010,,MWO009444,2023-04-07 10:09:10,Planned Maintenance,0.15,32,24926.5,Resolved,High
DTE004632,MCH0538,LIN003,FAC001,FLR002853,MWO001517,2025-09-30 22:39:30,Planned Maintenance,2.28,278,94583.89,Resolved,Critical
DTE004633,MCH0338,LIN015,FAC005,FLR001318,MWO000138,2024-11-25 11:47:58,Power Failure,2.83,416,407273.87,Resolved,Medium
DTE004634,MCH0388,LIN011,FAC004,,MWO003536,2024-11-01 03:44:32,Quality Hold,2.56,317,200919.09,Resolved,High
DTE004635,MCH0324,LIN024,FAC008,,MWO009562,2025-03-03 21:40:24,Power Failure,1.56,103,73381.08,Resolved,Low
DTE004636,MCH0235,LIN025,FAC009,,MWO003602,2024-05-03 14:17:58,Tool Change,3.9,879,539293.49,Resolved,Low
DTE004637,MCH0523,LIN023,FAC008,,MWO011180,2024-03-14 18:08:31,Planned Maintenance,1.21,231,70435.9,Resolved,High
DTE004638,MCH0562,LIN011,FAC004,,MWO008296,2025-02-24 19:05:08,Tool Change,5.1,825,985556.04,Resolved,Medium
DTE004639,MCH0581,LIN004,FAC002,,MWO003280,2024-06-30 18:43:42,Power Failure,3.5,801,362696.74,Resolved,Low
DTE004640,MCH0245,LIN030,FAC010,,MWO010642,2025-03-02 22:37:21,Tool Change,7.05,1663,721281.95,Resolved,Low
DTE004641,MCH0454,LIN022,FAC008,FLR000220,MWO002919,2024-10-22 04:20:25,Quality Hold,2.39,319,239734.21,Open,High
DTE004642,MCH0011,LIN013,FAC005,FLR000885,MWO000336,2025-09-17 21:01:14,Planned Maintenance,2.44,576,268475.82,Resolved,Critical
DTE004643,MCH0266,LIN021,FAC007,,MWO005968,2025-03-10 06:25:40,Material Shortage,3.1,448,232104.17,Resolved,High
DTE004644,MCH0162,LIN014,FAC005,,MWO003318,2024-01-13 14:23:25,Material Shortage,1.22,148,157282.77,Resolved,High
DTE004645,MCH0079,LIN008,FAC003,,MWO009058,2024-10-04 22:41:00,Tool Change,3.39,220,230170.63,Resolved,Medium
DTE004646,MCH0281,LIN027,FAC009,,MWO009437,2023-05-04 06:48:28,Planned Maintenance,2.94,299,353726.17,Resolved,Medium
DTE004647,MCH0491,LIN021,FAC007,,MWO003274,2025-07-15 13:58:25,Changeover,0.73,173,155703.85,Resolved,Low
DTE004648,MCH0475,LIN003,FAC001,,MWO003470,2023-03-20 09:07:55,Planned Maintenance,1.3,55,50149.34,Resolved,Critical
DTE004649,MCH0547,LIN005,FAC002,,MWO008685,2023-07-25 02:16:28,Material Shortage,2.14,102,116748.6,Resolved,High
DTE004650,MCH0026,LIN006,FAC002,,MWO006521,2025-04-20 11:23:09,Tool Change,10.55,1485,379547.98,Resolved,Medium
DTE004651,MCH0363,LIN017,FAC006,FLR000428,MWO001069,2025-03-12 16:54:45,Material Shortage,1.42,296,299870.65,Resolved,High
DTE004652,MCH0168,LIN015,FAC005,,MWO008785,2023-07-23 11:27:44,Quality Hold,4.92,472,439199.34,Resolved,High
DTE004653,MCH0073,LIN002,FAC001,,MWO003754,2025-09-07 03:21:14,Tool Change,6.32,449,476711.23,Resolved,High
DTE004654,MCH0466,LIN005,FAC002,FLR000733,MWO001692,2023-08-29 09:17:15,Quality Hold,4.49,885,693788.85,Resolved,High
DTE004655,MCH0348,LIN017,FAC006,,MWO004685,2026-04-20 14:19:16,Quality Hold,2.28,257,127818.81,Resolved,Low
DTE004656,MCH0110,LIN002,FAC001,,MWO011878,2024-02-21 23:32:36,Quality Hold,3.87,796,233333.45,Resolved,High
DTE004657,MCH0136,LIN019,FAC007,FLR000598,MWO001514,2024-06-03 03:38:41,Planned Maintenance,1.14,77,34051.19,Resolved,High
DTE004658,MCH0310,LIN029,FAC010,FLR001518,MWO001980,2026-02-14 11:43:45,Material Shortage,2.84,474,105830.19,Resolved,High
DTE004659,MCH0011,LIN013,FAC005,,MWO010217,2024-02-21 06:53:42,Power Failure,3.53,269,155897.1,Resolved,Medium
DTE004660,MCH0225,LIN006,FAC002,,MWO010426,2023-04-01 21:05:47,Changeover,3.38,312,57151.33,Resolved,Low
DTE004661,MCH0084,LIN022,FAC008,,MWO007075,2025-04-05 09:42:55,Changeover,4.71,361,110007.14,Resolved,High
DTE004662,MCH0283,LIN027,FAC009,,MWO003422,2024-11-10 11:27:14,Power Failure,6.91,922,905154.68,Resolved,High
DTE004663,MCH0526,LIN028,FAC010,,MWO008555,2023-02-11 05:55:19,Changeover,3.16,248,204296.49,Resolved,Low
DTE004664,MCH0189,LIN004,FAC002,,MWO009924,2023-03-11 14:05:28,Tool Change,4.63,686,127286.32,Open,Low
DTE004665,MCH0024,LIN022,FAC008,FLR001806,MWO000355,2025-11-04 20:08:01,Quality Hold,0.26,37,38704.61,Resolved,Medium
DTE004666,MCH0294,LIN006,FAC002,,MWO011129,2024-08-20 01:40:18,Material Shortage,2.0,356,357459.86,Resolved,High
DTE004667,MCH0373,LIN011,FAC004,,MWO008916,2024-06-18 07:57:52,Power Failure,3.84,279,180135.99,Resolved,High
DTE004668,MCH0394,LIN001,FAC001,,MWO005120,2025-10-16 00:27:55,Power Failure,4.16,386,237531.56,Resolved,High
DTE004669,MCH0014,LIN029,FAC010,,MWO011189,2024-07-12 10:31:17,Material Shortage,1.52,114,78599.98,Resolved,Low
DTE004670,MCH0351,LIN021,FAC007,FLR002250,MWO000417,2026-04-12 14:55:33,Tool Change,1.42,80,32524.06,Resolved,Medium
DTE004671,MCH0075,LIN003,FAC001,,MWO003102,2025-01-15 08:23:23,Power Failure,7.68,335,144319.08,Resolved,High
DTE004672,MCH0584,LIN009,FAC003,,MWO005621,2025-06-07 22:49:48,Power Failure,3.96,863,515736.14,Resolved,Medium
DTE004673,MCH0099,LIN011,FAC004,,MWO003418,2026-06-25 09:18:30,Material Shortage,3.13,662,762333.45,Resolved,Low
DTE004674,MCH0210,LIN004,FAC002,,MWO006166,2025-11-17 04:49:31,Changeover,7.51,459,424074.5,Resolved,Medium
DTE004675,MCH0321,LIN029,FAC010,FLR001752,MWO001535,2024-09-08 12:03:20,Planned Maintenance,17.11,981,584689.51,Open,Medium
DTE004676,MCH0018,LIN026,FAC009,,MWO006087,2026-04-11 02:16:18,Power Failure,13.11,2730,1955523.02,Resolved,Critical
DTE004677,MCH0083,LIN010,FAC004,,MWO009191,2024-11-24 05:25:34,Tool Change,3.14,220,219065.48,Resolved,Critical
DTE004678,MCH0531,LIN021,FAC007,,MWO005215,2025-05-19 07:02:10,Power Failure,3.97,364,315887.6,Resolved,Medium
DTE004679,MCH0471,LIN013,FAC005,,MWO003092,2025-02-19 15:55:28,Planned Maintenance,0.21,16,3724.67,Resolved,Medium
DTE004680,MCH0174,LIN023,FAC008,,MWO004849,2026-06-29 08:34:40,Planned Maintenance,6.45,397,246609.44,Resolved,Medium
DTE004681,MCH0137,LIN006,FAC002,,MWO011952,2023-01-18 23:44:54,Tool Change,0.23,25,13679.19,Resolved,High
DTE004682,MCH0454,LIN022,FAC008,FLR001768,MWO001334,2026-02-28 10:27:55,Quality Hold,6.02,521,374800.82,Resolved,High
DTE004683,MCH0284,LIN006,FAC002,,MWO009407,2024-12-29 18:15:00,Quality Hold,5.1,672,631378.23,Resolved,Medium
DTE004684,MCH0408,LIN009,FAC003,,MWO008107,2025-05-21 20:28:51,Changeover,2.78,295,75545.92,Resolved,Critical
DTE004685,MCH0191,LIN025,FAC009,FLR000371,MWO001950,2024-02-13 11:45:59,Material Shortage,1.89,281,308094.56,Resolved,Medium
DTE004686,MCH0528,LIN005,FAC002,FLR000143,MWO002480,2024-06-29 17:54:05,Material Shortage,1.07,46,33805.44,Resolved,Medium
DTE004687,MCH0071,LIN024,FAC008,,MWO011050,2024-02-21 20:22:33,Planned Maintenance,1.62,78,41396.19,Resolved,Medium
DTE004688,MCH0486,LIN029,FAC010,,MWO007694,2025-11-18 16:16:24,Tool Change,0.98,110,120031.02,Resolved,Medium
DTE004689,MCH0040,LIN003,FAC001,,MWO007480,2025-07-11 14:25:02,Changeover,1.75,418,127631.37,Resolved,Medium
DTE004690,MCH0482,LIN024,FAC008,,MWO005653,2024-06-09 04:30:03,Planned Maintenance,9.89,1889,1340105.22,Resolved,Low
DTE004691,MCH0415,LIN008,FAC003,,MWO003202,2024-02-12 15:59:51,Material Shortage,2.31,354,313915.51,Resolved,Medium
DTE004692,MCH0385,LIN006,FAC002,,MWO005137,2023-08-23 23:05:46,Planned Maintenance,3.75,578,238878.27,Resolved,High
DTE004693,MCH0186,LIN010,FAC004,,MWO003538,2023-10-02 15:10:30,Material Shortage,2.27,381,188673.69,Resolved,Low
DTE004694,MCH0588,LIN006,FAC002,,MWO008145,2026-01-25 13:09:23,Tool Change,3.01,160,183281.55,Resolved,Medium
DTE004695,MCH0216,LIN028,FAC010,,MWO010810,2024-03-20 11:45:30,Changeover,5.61,1139,939904.71,Resolved,Medium
DTE004696,MCH0111,LIN012,FAC004,FLR002989,MWO000284,2026-04-06 05:41:16,Planned Maintenance,6.26,1229,1178298.46,Resolved,Critical
DTE004697,MCH0218,LIN007,FAC003,,MWO006329,2024-06-04 07:46:44,Planned Maintenance,2.79,413,254964.44,Resolved,Medium
DTE004698,MCH0485,LIN007,FAC003,,MWO005706,2025-03-02 03:53:43,Material Shortage,4.34,419,457420.79,Resolved,Medium
DTE004699,MCH0346,LIN015,FAC005,FLR000863,MWO001620,2023-07-06 20:44:46,Planned Maintenance,4.72,1114,680961.62,Resolved,Critical
DTE004700,MCH0393,LIN019,FAC007,,MWO010061,2024-12-04 00:06:12,Changeover,3.27,720,242984.71,Resolved,High
DTE004701,MCH0037,LIN022,FAC008,,MWO011586,2024-10-14 23:04:52,Material Shortage,1.7,166,195272.81,Resolved,Low
DTE004702,MCH0547,LIN005,FAC002,FLR002592,MWO000366,2025-04-13 13:25:07,Changeover,4.09,537,227307.19,Open,High
DTE004703,MCH0113,LIN015,FAC005,,MWO005376,2023-11-17 14:23:05,Tool Change,0.42,28,22337.23,Resolved,High
DTE004704,MCH0112,LIN003,FAC001,FLR000452,MWO002122,2026-02-27 03:23:14,Power Failure,4.95,257,267383.54,Open,Low
DTE004705,MCH0477,LIN007,FAC003,,MWO011593,2023-02-10 23:26:52,Quality Hold,3.97,252,100072.4,Resolved,Medium
DTE004706,MCH0518,LIN020,FAC007,,MWO006570,2024-06-10 00:51:00,Material Shortage,4.46,457,547209.59,Open,Medium
DTE004707,MCH0039,LIN009,FAC003,,MWO005553,2026-04-10 04:39:18,Tool Change,1.89,255,259525.06,Resolved,Medium
DTE004708,MCH0361,LIN024,FAC008,,MWO009331,2025-10-29 00:55:18,Changeover,8.05,1062,592973.44,Resolved,High
DTE004709,MCH0215,LIN014,FAC005,,MWO008036,2025-06-19 03:16:01,Material Shortage,4.03,325,245580.77,Resolved,High
DTE004710,MCH0200,LIN004,FAC002,,MWO006943,2024-11-29 08:15:51,Quality Hold,1.42,83,28662.34,Resolved,Medium
DTE004711,MCH0515,LIN012,FAC004,,MWO009623,2024-02-13 08:36:11,Quality Hold,13.4,2595,2253210.52,Resolved,High
DTE004712,MCH0573,LIN004,FAC002,FLR001148,MWO002252,2025-07-16 09:36:49,Quality Hold,6.11,705,238451.2,Resolved,Medium
DTE004713,MCH0012,LIN030,FAC010,,MWO005517,2025-05-08 08:18:36,Planned Maintenance,3.85,534,155989.83,Resolved,Medium
DTE004714,MCH0063,LIN013,FAC005,FLR000389,MWO002389,2025-06-05 02:03:06,Changeover,3.0,517,391209.43,Resolved,Medium
DTE004715,MCH0277,LIN001,FAC001,,MWO006313,2024-04-04 17:10:52,Power Failure,2.32,313,223220.06,Resolved,Medium
DTE004716,MCH0186,LIN010,FAC004,,MWO003538,2023-10-02 15:10:30,Quality Hold,1.65,332,281330.62,Resolved,Medium
DTE004717,MCH0371,LIN005,FAC002,FLR002475,MWO001756,2026-02-11 04:40:28,Changeover,0.84,88,94715.14,Resolved,High
DTE004718,MCH0053,LIN007,FAC003,,MWO009715,2024-10-31 11:01:46,Quality Hold,1.87,301,289125.4,Resolved,Medium
DTE004719,MCH0342,LIN026,FAC009,,MWO007726,2023-10-25 04:08:36,Tool Change,1.62,233,110517.02,Resolved,High
DTE004720,MCH0309,LIN007,FAC003,,MWO006519,2023-10-21 11:49:31,Material Shortage,3.5,652,150431.85,Resolved,Low
DTE004721,MCH0095,LIN022,FAC008,FLR002059,MWO000533,2024-06-11 16:40:54,Changeover,3.32,589,267361.51,Open,Critical
DTE004722,MCH0227,LIN023,FAC008,FLR001086,MWO002144,2025-01-21 05:15:01,Changeover,2.56,175,200647.91,Resolved,Low
DTE004723,MCH0277,LIN001,FAC001,,MWO006313,2024-04-04 17:10:52,Quality Hold,3.17,287,54175.53,Resolved,Low
DTE004724,MCH0450,LIN022,FAC008,,MWO007191,2026-06-16 23:23:39,Planned Maintenance,5.18,254,240629.48,Resolved,Medium
DTE004725,MCH0579,LIN003,FAC001,,MWO005978,2024-06-21 08:49:12,Tool Change,2.41,192,59327.14,Resolved,Low
DTE004726,MCH0532,LIN007,FAC003,,MWO004381,2025-06-18 13:38:22,Changeover,1.11,161,97030.06,Resolved,High
DTE004727,MCH0513,LIN027,FAC009,,MWO007402,2024-05-06 14:07:08,Planned Maintenance,5.74,1317,887922.42,Resolved,High
DTE004728,MCH0456,LIN003,FAC001,,MWO004506,2024-11-12 13:31:47,Changeover,4.35,994,1058680.31,Resolved,Medium
DTE004729,MCH0511,LIN004,FAC002,,MWO008232,2024-03-06 12:47:41,Power Failure,5.39,573,612518.75,Resolved,Medium
DTE004730,MCH0421,LIN007,FAC003,,MWO003216,2026-03-25 08:07:14,Quality Hold,2.64,551,646747.28,Open,High
DTE004731,MCH0341,LIN006,FAC002,,MWO004383,2026-04-30 15:07:10,Planned Maintenance,7.9,400,331805.12,Resolved,High
DTE004732,MCH0294,LIN006,FAC002,,MWO005633,2024-09-13 01:36:29,Power Failure,2.59,602,580222.89,Resolved,High
DTE004733,MCH0502,LIN011,FAC004,,MWO007045,2023-04-10 00:06:59,Quality Hold,0.25,46,30123.56,Resolved,High
DTE004734,MCH0488,LIN023,FAC008,,MWO009650,2025-05-03 04:35:00,Changeover,0.4,57,58756.23,Resolved,High
DTE004735,MCH0392,LIN005,FAC002,,MWO008524,2023-09-16 03:17:44,Material Shortage,1.74,392,180273.16,Resolved,Medium
DTE004736,MCH0592,LIN023,FAC008,,MWO009860,2024-05-15 13:32:32,Quality Hold,0.9,111,109759.97,Open,Critical
DTE004737,MCH0089,LIN017,FAC006,FLR001529,MWO000811,2026-04-17 06:12:34,Material Shortage,2.59,362,255639.81,Resolved,Medium
DTE004738,MCH0012,LIN030,FAC010,,MWO007437,2023-04-05 20:25:12,Power Failure,6.95,1657,1614267.25,Resolved,Critical
DTE004739,MCH0458,LIN007,FAC003,,MWO006907,2024-11-19 10:31:56,Planned Maintenance,1.41,304,66343.98,Resolved,Medium
DTE004740,MCH0521,LIN019,FAC007,,MWO007903,2023-03-24 21:50:52,Power Failure,9.26,802,629723.36,Resolved,High
DTE004741,MCH0504,LIN008,FAC003,,MWO011914,2023-11-12 15:17:57,Power Failure,7.87,906,613080.91,Resolved,High
DTE004742,MCH0451,LIN013,FAC005,,MWO010365,2025-04-17 16:49:53,Quality Hold,2.8,310,190244.95,Resolved,Critical
DTE004743,MCH0498,LIN011,FAC004,FLR001575,MWO001511,2024-09-11 10:31:02,Planned Maintenance,2.76,218,259396.03,Resolved,High
DTE004744,MCH0454,LIN022,FAC008,,MWO006826,2025-09-30 04:33:45,Tool Change,5.89,1119,1156785.24,Resolved,High
DTE004745,MCH0598,LIN029,FAC010,FLR000551,MWO001837,2025-12-08 07:19:48,Material Shortage,0.36,15,11281.99,Resolved,Critical
DTE004746,MCH0025,LIN017,FAC006,FLR001272,MWO002390,2023-11-21 11:29:19,Power Failure,2.3,451,166192.04,Resolved,Medium
DTE004747,MCH0206,LIN007,FAC003,,MWO005178,2026-05-22 16:30:02,Quality Hold,1.25,89,36763.74,Resolved,Medium
DTE004748,MCH0247,LIN026,FAC009,,MWO004723,2024-01-05 23:39:01,Changeover,5.5,1117,373093.65,Resolved,Medium
DTE004749,MCH0091,LIN024,FAC008,,MWO007475,2025-11-18 00:04:28,Tool Change,1.3,185,156515.34,Resolved,Medium
DTE004750,MCH0408,LIN009,FAC003,FLR000607,MWO000158,2024-05-29 15:46:49,Planned Maintenance,5.71,335,395588.44,Resolved,Critical
DTE004751,MCH0478,LIN008,FAC003,,MWO007935,2025-03-03 00:13:08,Material Shortage,4.88,1093,979434.84,Resolved,Medium
DTE004752,MCH0226,LIN027,FAC009,FLR001376,MWO001096,2025-07-22 01:36:30,Tool Change,1.89,435,195394.9,Resolved,High
DTE004753,MCH0188,LIN004,FAC002,FLR002850,MWO001892,2023-07-18 23:41:54,Material Shortage,0.94,62,66932.17,Resolved,Low
DTE004754,MCH0477,LIN007,FAC003,,MWO011593,2023-02-10 23:26:52,Planned Maintenance,0.89,132,83357.07,Resolved,High
DTE004755,MCH0005,LIN010,FAC004,,MWO004418,2026-03-18 00:39:37,Quality Hold,5.68,657,718214.07,Resolved,Medium
DTE004756,MCH0139,LIN012,FAC004,,MWO006893,2026-04-08 23:11:52,Quality Hold,2.41,296,348947.62,Resolved,High
DTE004757,MCH0235,LIN025,FAC009,,MWO003387,2026-04-04 17:10:59,Changeover,0.86,195,120304.23,Resolved,Medium
DTE004758,MCH0250,LIN007,FAC003,,MWO005337,2023-03-04 20:32:34,Material Shortage,1.7,74,46602.22,Resolved,High
DTE004759,MCH0178,LIN023,FAC008,FLR002547,MWO001676,2025-11-15 08:21:43,Changeover,5.99,639,708288.74,Resolved,Medium
DTE004760,MCH0212,LIN030,FAC010,,MWO009530,2025-09-16 21:30:39,Material Shortage,1.08,192,43938.19,Resolved,Medium
DTE004761,MCH0509,LIN021,FAC007,,MWO009694,2025-04-20 23:44:39,Quality Hold,13.78,1965,1940028.25,Resolved,High
DTE004762,MCH0559,LIN019,FAC007,,MWO010450,2025-08-31 05:36:15,Changeover,3.4,312,113767.63,Resolved,Medium
DTE004763,MCH0542,LIN004,FAC002,FLR002696,MWO000063,2025-07-26 14:43:49,Planned Maintenance,2.43,570,357551.69,Open,Medium
DTE004764,MCH0407,LIN018,FAC006,FLR001370,MWO001574,2026-05-16 02:28:54,Material Shortage,4.72,653,238660.06,Resolved,High
DTE004765,MCH0582,LIN013,FAC005,FLR001319,MWO002733,2024-08-15 06:46:40,Quality Hold,3.35,271,224147.32,Resolved,High
DTE004766,MCH0496,LIN024,FAC008,,MWO010006,2023-09-08 03:10:36,Tool Change,2.32,289,73179.98,Resolved,High
DTE004767,MCH0142,LIN023,FAC008,,MWO005843,2024-12-04 00:56:22,Power Failure,4.47,551,561688.44,Resolved,High
DTE004768,MCH0470,LIN002,FAC001,FLR001426,MWO000003,2024-06-22 01:36:00,Power Failure,2.4,223,167992.08,Resolved,Medium
DTE004769,MCH0340,LIN012,FAC004,FLR000779,MWO002432,2025-12-07 05:19:04,Changeover,1.44,334,314040.16,Resolved,Critical
DTE004770,MCH0238,LIN007,FAC003,FLR002619,MWO001753,2023-09-23 05:03:47,Planned Maintenance,3.37,243,170577.75,Resolved,Medium
DTE004771,MCH0175,LIN019,FAC007,,MWO010724,2024-09-10 06:27:46,Tool Change,0.72,76,81620.16,Resolved,Medium
DTE004772,MCH0398,LIN029,FAC010,FLR001548,MWO001487,2024-05-20 11:56:14,Power Failure,2.46,109,35268.35,Resolved,Critical
DTE004773,MCH0014,LIN029,FAC010,FLR000784,MWO002245,2023-07-15 02:15:24,Material Shortage,8.56,907,438601.34,Resolved,High
DTE004774,MCH0594,LIN016,FAC006,,MWO010958,2025-10-01 15:44:27,Quality Hold,2.26,540,379164.69,Resolved,Medium
DTE004775,MCH0506,LIN001,FAC001,FLR002423,MWO001942,2025-05-29 17:28:34,Material Shortage,0.85,110,113993.14,Resolved,Critical
DTE004776,MCH0285,LIN007,FAC003,,MWO009469,2025-05-02 13:58:53,Tool Change,3.31,139,46158.97,Resolved,Low
DTE004777,MCH0039,LIN009,FAC003,,MWO009529,2024-11-25 07:42:34,Planned Maintenance,11.51,1794,1063602.84,Open,Low
DTE004778,MCH0038,LIN022,FAC008,,MWO008236,2026-01-22 04:39:15,Planned Maintenance,2.64,404,162328.13,Resolved,Medium
DTE004779,MCH0269,LIN002,FAC001,FLR002428,MWO002471,2026-02-28 09:44:05,Changeover,2.88,236,111095.7,Resolved,High
DTE004780,MCH0539,LIN017,FAC006,,MWO004037,2025-11-27 03:37:49,Changeover,8.78,1962,1902830.44,Resolved,Medium
DTE004781,MCH0150,LIN008,FAC003,FLR000356,MWO000279,2025-11-13 22:46:25,Changeover,2.6,437,157918.58,Resolved,Medium
DTE004782,MCH0599,LIN003,FAC001,,MWO003671,2024-06-09 07:42:35,Changeover,6.04,1138,912352.99,Resolved,High
DTE004783,MCH0317,LIN021,FAC007,,MWO009197,2025-09-02 20:45:20,Changeover,2.35,309,196099.48,Resolved,High
DTE004784,MCH0260,LIN005,FAC002,,MWO007206,2024-02-22 19:19:31,Planned Maintenance,2.9,471,539855.97,Resolved,High
DTE004785,MCH0006,LIN013,FAC005,,MWO006136,2023-05-17 06:51:59,Power Failure,0.58,98,34418.5,Resolved,Medium
DTE004786,MCH0445,LIN029,FAC010,,MWO005482,2024-12-12 18:17:17,Power Failure,10.56,1004,1124762.81,Resolved,Critical
DTE004787,MCH0248,LIN028,FAC010,FLR001620,MWO002366,2023-04-08 15:13:45,Quality Hold,4.1,950,565079.5,Resolved,Critical
DTE004788,MCH0297,LIN018,FAC006,,MWO007905,2025-07-14 22:44:51,Quality Hold,4.37,933,731926.96,Resolved,High
DTE004789,MCH0206,LIN007,FAC003,,MWO003521,2024-12-11 15:41:56,Quality Hold,1.96,397,244998.82,Resolved,Critical
DTE004790,MCH0070,LIN030,FAC010,FLR001859,MWO000384,2023-04-09 21:35:44,Planned Maintenance,2.85,550,546916.89,Open,Medium
DTE004791,MCH0396,LIN028,FAC010,FLR001826,MWO001323,2023-08-28 23:30:54,Quality Hold,3.09,149,61524.92,Resolved,Medium
DTE004792,MCH0459,LIN006,FAC002,,MWO006369,2023-04-15 05:24:03,Changeover,15.21,1634,1427525.59,Resolved,High
DTE004793,MCH0512,LIN030,FAC010,FLR001087,MWO001427,2023-07-10 02:52:17,Quality Hold,5.85,289,245078.06,Resolved,Low
DTE004794,MCH0309,LIN007,FAC003,,MWO007945,2024-08-05 19:54:36,Tool Change,0.23,30,17456.11,Resolved,High
DTE004795,MCH0484,LIN019,FAC007,,MWO007204,2025-11-14 21:55:20,Material Shortage,7.75,1518,1634652.62,Resolved,Medium
DTE004796,MCH0013,LIN023,FAC008,,MWO009716,2025-09-20 20:32:55,Quality Hold,5.73,429,511506.69,Resolved,Critical
DTE004797,MCH0534,LIN027,FAC009,,MWO007076,2024-01-25 13:22:34,Planned Maintenance,2.5,179,96752.9,Resolved,Medium
DTE004798,MCH0282,LIN001,FAC001,FLR001050,MWO001074,2023-07-04 10:17:10,Changeover,1.12,267,266867.27,Resolved,Low
DTE004799,MCH0493,LIN008,FAC003,,MWO011968,2023-06-27 23:42:15,Power Failure,11.85,1644,614978.55,Resolved,Low
DTE004800,MCH0150,LIN008,FAC003,,MWO006994,2025-07-07 08:04:03,Material Shortage,4.74,729,268921.83,Resolved,High
DTE004801,MCH0210,LIN004,FAC002,FLR000446,MWO000735,2026-04-10 06:16:28,Tool Change,2.64,308,111176.1,Resolved,Low
DTE004802,MCH0454,LIN022,FAC008,FLR001768,MWO001334,2026-02-28 10:27:55,Material Shortage,4.43,954,673465.8,Resolved,Medium
DTE004803,MCH0319,LIN007,FAC003,,MWO008633,2025-04-02 15:31:40,Tool Change,3.42,336,281421.36,Resolved,Medium
DTE004804,MCH0562,LIN011,FAC004,,MWO009076,2025-06-19 22:41:40,Planned Maintenance,6.35,865,469217.22,Resolved,Low
DTE004805,MCH0165,LIN029,FAC010,,MWO007924,2024-12-30 02:26:33,Planned Maintenance,10.17,1852,1466752.15,Resolved,Medium
DTE004806,MCH0484,LIN019,FAC007,,MWO009320,2023-05-23 00:00:24,Planned Maintenance,7.1,624,599224.82,Resolved,Medium
DTE004807,MCH0062,LIN011,FAC004,FLR002108,MWO000221,2024-07-18 01:53:39,Changeover,5.43,1245,305081.52,Open,High
DTE004808,MCH0370,LIN029,FAC010,,MWO008874,2023-10-20 03:35:34,Quality Hold,2.81,150,54339.9,Resolved,High
DTE004809,MCH0018,LIN026,FAC009,,MWO009543,2024-05-25 10:20:50,Tool Change,2.79,521,211542.54,Resolved,Medium
DTE004810,MCH0022,LIN024,FAC008,FLR002629,MWO000104,2025-11-07 14:56:27,Material Shortage,3.25,714,514994.0,Resolved,Low
DTE004811,MCH0514,LIN029,FAC010,,MWO010053,2025-03-22 09:00:33,Material Shortage,1.01,131,80962.99,Resolved,High
DTE004812,MCH0439,LIN026,FAC009,,MWO003289,2026-02-15 10:44:40,Planned Maintenance,0.48,52,11305.56,Resolved,Low
DTE004813,MCH0369,LIN012,FAC004,,MWO007005,2024-10-24 00:17:23,Quality Hold,4.65,574,390642.8,Resolved,Medium
DTE004814,MCH0147,LIN028,FAC010,,MWO003457,2026-03-14 04:18:25,Quality Hold,1.82,334,344840.23,Resolved,Medium
DTE004815,MCH0060,LIN022,FAC008,FLR001046,MWO002655,2023-04-06 11:12:08,Planned Maintenance,1.6,115,99577.44,Open,Critical
DTE004816,MCH0018,LIN026,FAC009,,MWO005193,2023-05-04 23:30:51,Quality Hold,1.07,56,8677.8,Resolved,Medium
DTE004817,MCH0115,LIN002,FAC001,,MWO005497,2024-12-17 19:07:14,Quality Hold,0.32,52,37263.87,Resolved,Medium
DTE004818,MCH0473,LIN022,FAC008,FLR001234,MWO001265,2023-03-08 02:15:50,Power Failure,2.77,341,109229.92,Resolved,Critical
DTE004819,MCH0131,LIN006,FAC002,FLR002038,MWO000839,2023-10-13 17:06:45,Tool Change,2.93,561,500987.72,Resolved,Medium
DTE004820,MCH0351,LIN021,FAC007,,MWO007756,2024-05-30 16:44:18,Planned Maintenance,6.16,1039,1002592.97,Open,High
DTE004821,MCH0064,LIN025,FAC009,FLR000801,MWO000508,2024-04-17 13:43:35,Material Shortage,2.47,329,108107.32,Resolved,High
DTE004822,MCH0574,LIN029,FAC010,FLR001527,MWO001863,2026-06-03 08:50:10,Power Failure,1.41,334,258260.71,Resolved,Low
DTE004823,MCH0043,LIN023,FAC008,,MWO010862,2023-11-03 01:38:59,Changeover,2.75,182,34169.71,Resolved,Medium
DTE004824,MCH0538,LIN003,FAC001,,MWO010029,2025-07-12 00:43:14,Material Shortage,6.8,529,561387.05,Resolved,Critical
DTE004825,MCH0201,LIN006,FAC002,,MWO008415,2023-09-02 16:05:37,Quality Hold,1.88,250,249586.32,Resolved,High
DTE004826,MCH0512,LIN030,FAC010,FLR001087,MWO001427,2023-07-10 02:52:17,Material Shortage,6.81,635,476871.34,Open,Medium
DTE004827,MCH0448,LIN016,FAC006,,MWO005026,2025-02-10 10:24:43,Power Failure,3.74,207,246031.39,Resolved,High
DTE004828,MCH0218,LIN007,FAC003,,MWO010086,2023-05-03 12:58:04,Power Failure,3.64,845,192348.21,Resolved,Low
DTE004829,MCH0569,LIN014,FAC005,,MWO008709,2024-05-02 21:34:03,Changeover,1.38,311,341869.76,Resolved,Medium
DTE004830,MCH0534,LIN027,FAC009,FLR002915,MWO001787,2026-05-07 06:19:57,Power Failure,1.13,121,107404.71,Resolved,Low
DTE004831,MCH0184,LIN001,FAC001,,MWO005755,2023-06-09 09:03:16,Material Shortage,5.3,758,441559.47,Resolved,Medium
DTE004832,MCH0449,LIN024,FAC008,,MWO004516,2023-11-16 18:42:20,Planned Maintenance,3.46,713,401012.46,Open,High
DTE004833,MCH0193,LIN006,FAC002,,MWO008101,2024-03-22 19:05:09,Power Failure,5.11,952,879273.85,Resolved,High
DTE004834,MCH0565,LIN024,FAC008,FLR002817,MWO001528,2024-03-22 03:14:05,Power Failure,0.94,138,154129.58,Resolved,High
DTE004835,MCH0428,LIN011,FAC004,,MWO003553,2023-03-12 11:49:15,Material Shortage,1.75,374,202411.78,Resolved,Medium
DTE004836,MCH0171,LIN006,FAC002,FLR000808,MWO002994,2023-05-10 14:40:25,Material Shortage,5.42,779,362768.96,Resolved,High
DTE004837,MCH0548,LIN011,FAC004,,MWO007696,2023-10-14 10:55:09,Changeover,2.33,431,453896.47,Resolved,Low
DTE004838,MCH0236,LIN021,FAC007,,MWO005440,2025-02-24 23:54:11,Tool Change,9.47,836,421535.96,Resolved,Medium
DTE004839,MCH0095,LIN022,FAC008,,MWO006746,2026-06-14 02:40:58,Quality Hold,8.65,1956,1501320.6,Resolved,Medium
DTE004840,MCH0397,LIN010,FAC004,FLR000294,MWO000786,2024-08-05 17:53:28,Power Failure,1.77,235,256413.29,Resolved,Medium
DTE004841,MCH0345,LIN018,FAC006,,MWO008413,2023-09-13 16:52:21,Changeover,4.8,954,860523.31,Resolved,Low
DTE004842,MCH0526,LIN028,FAC010,FLR000559,MWO002825,2023-02-24 07:06:46,Power Failure,2.74,367,246446.02,Resolved,Medium
DTE004843,MCH0022,LIN024,FAC008,,MWO010109,2025-04-28 21:51:50,Material Shortage,2.37,305,55658.07,Resolved,High
DTE004844,MCH0376,LIN005,FAC002,,MWO010303,2024-03-29 02:32:40,Quality Hold,4.61,634,102927.01,Open,Medium
DTE004845,MCH0410,LIN016,FAC006,,MWO005239,2024-01-20 19:15:05,Material Shortage,4.87,930,146966.58,Resolved,Medium
DTE004846,MCH0379,LIN027,FAC009,FLR001656,MWO002106,2024-02-08 02:05:21,Tool Change,2.26,249,271556.64,Resolved,Medium
DTE004847,MCH0015,LIN014,FAC005,,MWO011733,2024-02-12 04:44:01,Changeover,3.07,242,54518.99,Resolved,High
DTE004848,MCH0517,LIN005,FAC002,FLR002316,MWO000700,2025-06-22 02:47:37,Changeover,0.81,166,171234.22,Resolved,High
DTE004849,MCH0062,LIN011,FAC004,FLR002108,MWO000221,2024-07-18 01:53:39,Material Shortage,4.72,438,196110.08,Resolved,High
DTE004850,MCH0040,LIN003,FAC001,,MWO009391,2025-04-05 23:46:10,Power Failure,6.49,1362,986620.26,Resolved,High
DTE004851,MCH0414,LIN017,FAC006,,MWO010537,2024-09-23 11:17:24,Changeover,3.82,618,566598.11,Resolved,Critical
DTE004852,MCH0227,LIN023,FAC008,,MWO005160,2024-11-16 12:13:48,Power Failure,1.12,195,216048.05,Resolved,High
DTE004853,MCH0406,LIN002,FAC001,,MWO010105,2024-10-31 05:58:59,Planned Maintenance,2.66,471,499905.59,Resolved,Medium
DTE004854,MCH0029,LIN002,FAC001,,MWO011006,2025-04-03 05:35:51,Changeover,0.76,32,31965.04,Resolved,Medium
DTE004855,MCH0208,LIN030,FAC010,FLR001728,MWO002058,2024-03-23 10:43:23,Tool Change,13.87,2983,1169619.61,Resolved,Critical
DTE004856,MCH0551,LIN025,FAC009,,MWO009053,2024-05-21 12:23:56,Quality Hold,3.41,494,441111.38,Open,Critical
DTE004857,MCH0489,LIN003,FAC001,,MWO007337,2026-02-09 04:31:07,Quality Hold,4.28,359,254396.33,Resolved,High
DTE004858,MCH0486,LIN029,FAC010,FLR002564,MWO001826,2024-03-16 17:18:23,Tool Change,3.49,319,241362.98,Resolved,Critical
DTE004859,MCH0213,LIN007,FAC003,,MWO003329,2025-01-03 21:09:12,Power Failure,1.06,213,246773.21,Resolved,High
DTE004860,MCH0154,LIN006,FAC002,,MWO003072,2023-04-13 02:21:14,Planned Maintenance,1.67,199,215866.5,Resolved,High
DTE004861,MCH0133,LIN013,FAC005,,MWO007700,2025-09-26 11:20:21,Quality Hold,0.68,110,98247.81,Resolved,High
DTE004862,MCH0410,LIN016,FAC006,,MWO005808,2023-01-30 22:10:38,Quality Hold,4.79,367,373422.13,Resolved,Critical
DTE004863,MCH0299,LIN014,FAC005,,MWO004956,2023-04-17 09:04:00,Material Shortage,2.74,329,149674.03,Resolved,Medium
DTE004864,MCH0547,LIN005,FAC002,FLR001537,MWO001194,2025-12-25 15:11:04,Planned Maintenance,0.36,50,40876.35,Resolved,High
DTE004865,MCH0356,LIN005,FAC002,,MWO009682,2026-01-28 11:26:53,Power Failure,2.37,271,91781.28,Resolved,Medium
DTE004866,MCH0257,LIN013,FAC005,,MWO005973,2025-09-18 16:29:32,Material Shortage,6.5,983,879363.79,Resolved,Medium
DTE004867,MCH0583,LIN027,FAC009,,MWO011174,2024-04-24 08:01:14,Material Shortage,2.86,651,190125.21,Resolved,High
DTE004868,MCH0401,LIN015,FAC005,,MWO003773,2026-06-21 14:55:38,Tool Change,3.17,591,641063.99,Resolved,High
DTE004869,MCH0156,LIN017,FAC006,,MWO011559,2023-11-02 09:46:23,Power Failure,4.77,966,877502.41,Open,Medium
DTE004870,MCH0413,LIN022,FAC008,,MWO005997,2025-04-15 17:22:55,Planned Maintenance,3.57,296,328354.76,Resolved,High
DTE004871,MCH0135,LIN015,FAC005,,MWO006751,2023-01-11 15:00:05,Power Failure,7.0,795,711271.13,Resolved,High
DTE004872,MCH0194,LIN015,FAC005,FLR002676,MWO001624,2023-04-01 22:10:24,Tool Change,1.77,338,249738.72,Resolved,Medium
DTE004873,MCH0495,LIN009,FAC003,,MWO011215,2024-06-23 03:24:28,Changeover,4.19,880,147187.16,Resolved,Low
DTE004874,MCH0570,LIN005,FAC002,FLR000818,MWO002944,2026-01-15 13:40:29,Quality Hold,8.57,948,416803.81,Resolved,Medium
DTE004875,MCH0001,LIN020,FAC007,FLR001832,MWO000670,2024-07-22 11:36:42,Tool Change,2.45,137,93097.97,Resolved,Medium
DTE004876,MCH0206,LIN007,FAC003,,MWO008725,2024-11-27 11:10:26,Planned Maintenance,2.38,182,66377.72,Resolved,Medium
DTE004877,MCH0420,LIN015,FAC005,,MWO011739,2024-03-29 12:07:18,Tool Change,2.3,363,153192.46,Resolved,Low
DTE004878,MCH0497,LIN029,FAC010,FLR002773,MWO000351,2023-08-07 22:35:27,Power Failure,4.71,1007,899248.56,Resolved,High
DTE004879,MCH0105,LIN004,FAC002,,MWO010562,2024-08-12 18:44:55,Tool Change,2.1,438,520346.38,Resolved,Medium
DTE004880,MCH0340,LIN012,FAC004,,MWO009202,2025-11-11 08:49:11,Quality Hold,3.32,367,131650.2,Resolved,Medium
DTE004881,MCH0375,LIN005,FAC002,FLR002513,MWO001274,2023-09-17 10:16:48,Quality Hold,5.62,1224,987904.17,Resolved,Low
DTE004882,MCH0266,LIN021,FAC007,,MWO006060,2023-05-29 09:58:09,Tool Change,9.81,825,597284.87,Resolved,Medium
DTE004883,MCH0513,LIN027,FAC009,,MWO011010,2024-08-15 20:04:55,Power Failure,1.05,135,141494.29,Resolved,Medium
DTE004884,MCH0126,LIN009,FAC003,,MWO007382,2026-04-02 16:19:59,Tool Change,3.44,231,238843.1,Resolved,Critical
DTE004885,MCH0271,LIN005,FAC002,FLR002196,MWO001054,2025-04-03 05:31:36,Changeover,9.54,702,336133.12,Resolved,Critical
DTE004886,MCH0007,LIN021,FAC007,,MWO011935,2025-04-26 04:39:55,Planned Maintenance,0.51,61,57508.49,Resolved,High
DTE004887,MCH0021,LIN007,FAC003,,MWO008073,2024-04-06 17:33:39,Material Shortage,1.57,221,43581.83,Resolved,High
DTE004888,MCH0326,LIN026,FAC009,,MWO010767,2023-10-19 19:26:28,Planned Maintenance,2.06,358,404559.14,Resolved,Low
DTE004889,MCH0054,LIN006,FAC002,FLR001829,MWO002560,2025-02-15 17:04:24,Planned Maintenance,1.31,271,314438.51,Resolved,Medium
DTE004890,MCH0451,LIN013,FAC005,,MWO007548,2025-01-14 16:05:01,Material Shortage,6.53,281,114754.26,Open,Medium
DTE004891,MCH0160,LIN018,FAC006,,MWO006502,2025-07-31 02:43:44,Planned Maintenance,5.82,331,200825.26,Resolved,Medium
DTE004892,MCH0460,LIN030,FAC010,,MWO006244,2025-09-12 11:10:40,Changeover,3.11,441,83949.53,Resolved,High
DTE004893,MCH0379,LIN027,FAC009,FLR001656,MWO002106,2024-02-08 02:05:21,Planned Maintenance,1.89,388,247918.79,Resolved,Critical
DTE004894,MCH0136,LIN019,FAC007,,MWO010171,2025-10-26 10:07:16,Power Failure,4.16,793,692235.16,Resolved,Medium
DTE004895,MCH0024,LIN022,FAC008,,MWO007469,2025-04-23 22:20:10,Quality Hold,3.79,498,110667.21,Resolved,High
DTE004896,MCH0248,LIN028,FAC010,,MWO009950,2024-08-21 07:46:08,Planned Maintenance,5.43,1256,714711.29,Resolved,High
DTE004897,MCH0472,LIN011,FAC004,FLR002133,MWO000029,2023-10-20 16:22:44,Material Shortage,1.55,366,250817.81,Resolved,Critical
DTE004898,MCH0286,LIN023,FAC008,,MWO005234,2025-02-01 06:44:34,Tool Change,1.68,91,80566.49,Resolved,Low
DTE004899,MCH0459,LIN006,FAC002,,MWO003139,2025-05-21 21:50:10,Tool Change,2.61,376,406615.91,Resolved,Medium
DTE004900,MCH0207,LIN003,FAC001,,MWO005106,2026-06-09 19:53:54,Planned Maintenance,1.44,169,182488.41,Resolved,Medium
DTE004901,MCH0340,LIN012,FAC004,,MWO006579,2025-02-16 03:30:24,Tool Change,2.68,182,58054.66,Open,High
DTE004902,MCH0414,LIN017,FAC006,FLR000688,MWO000628,2023-11-15 08:11:21,Power Failure,4.45,1025,394221.91,Resolved,Medium
DTE004903,MCH0285,LIN007,FAC003,,MWO004805,2023-11-15 15:12:01,Quality Hold,2.51,311,306073.51,Resolved,Medium
DTE004904,MCH0488,LIN023,FAC008,,MWO011736,2024-11-05 19:35:49,Material Shortage,8.25,759,437497.32,Open,Critical
DTE004905,MCH0435,LIN027,FAC009,,MWO010807,2025-08-30 08:07:52,Material Shortage,1.05,198,164712.54,Resolved,Medium
DTE004906,MCH0578,LIN030,FAC010,,MWO004879,2024-06-07 14:00:24,Changeover,3.54,784,811689.31,Open,Medium
DTE004907,MCH0499,LIN017,FAC006,,MWO004380,2026-03-30 09:25:55,Tool Change,1.93,127,115313.93,Resolved,Low
DTE004908,MCH0429,LIN004,FAC002,,MWO003637,2023-09-06 15:42:27,Power Failure,9.1,1785,1020504.2,Resolved,High
DTE004909,MCH0061,LIN026,FAC009,,MWO009850,2025-10-07 13:28:48,Power Failure,1.82,300,191332.15,Resolved,Low
DTE004910,MCH0351,LIN021,FAC007,FLR002250,MWO000417,2026-04-12 14:55:33,Quality Hold,1.72,109,125037.37,Resolved,Medium
DTE004911,MCH0101,LIN022,FAC008,,MWO006352,2024-04-09 04:14:11,Quality Hold,8.0,593,581669.09,Resolved,Medium
DTE004912,MCH0329,LIN014,FAC005,,MWO010540,2023-11-27 15:49:53,Tool Change,0.48,55,34039.15,Resolved,High
DTE004913,MCH0541,LIN019,FAC007,,MWO007394,2023-01-04 03:02:38,Power Failure,5.25,1249,1241667.67,Resolved,Low
DTE004914,MCH0007,LIN021,FAC007,,MWO010889,2026-03-16 07:33:44,Material Shortage,0.21,37,27964.26,Resolved,Medium
DTE004915,MCH0014,LIN029,FAC010,,MWO008396,2023-05-27 11:35:15,Tool Change,3.07,183,33096.75,Resolved,Medium
DTE004916,MCH0094,LIN005,FAC002,,MWO010948,2026-06-15 16:03:47,Planned Maintenance,0.99,101,107169.9,Resolved,High
DTE004917,MCH0069,LIN018,FAC006,,MWO010826,2026-01-20 08:45:48,Planned Maintenance,4.53,495,569981.64,Resolved,Medium
DTE004918,MCH0263,LIN018,FAC006,,MWO011417,2026-03-26 08:05:46,Quality Hold,6.27,1209,340533.75,Open,Low
DTE004919,MCH0347,LIN015,FAC005,,MWO010336,2023-10-04 13:43:50,Power Failure,9.8,1600,1788774.43,Resolved,Medium
DTE004920,MCH0439,LIN026,FAC009,,MWO007332,2023-10-09 10:36:50,Material Shortage,4.85,332,183560.34,Resolved,High
DTE004921,MCH0591,LIN016,FAC006,,MWO011707,2023-07-11 08:57:32,Quality Hold,0.56,79,47694.23,Resolved,Medium
DTE004922,MCH0028,LIN004,FAC002,,MWO010172,2024-03-13 22:25:38,Planned Maintenance,2.85,549,619195.77,Open,High
DTE004923,MCH0269,LIN002,FAC001,FLR000269,MWO001802,2023-12-08 14:06:01,Changeover,2.3,304,357537.15,Resolved,Low
DTE004924,MCH0573,LIN004,FAC002,FLR000961,MWO001808,2024-06-10 14:54:56,Quality Hold,1.3,75,38227.79,Resolved,Medium
DTE004925,MCH0150,LIN008,FAC003,,MWO006375,2025-03-14 07:43:51,Material Shortage,0.62,99,73239.21,Resolved,Critical
DTE004926,MCH0003,LIN025,FAC009,,MWO007594,2025-10-11 21:12:05,Quality Hold,3.61,827,974919.95,Resolved,High
DTE004927,MCH0544,LIN003,FAC001,,MWO009890,2023-12-21 01:05:38,Power Failure,1.38,220,116281.46,Resolved,Low
DTE004928,MCH0321,LIN029,FAC010,,MWO009892,2024-08-08 18:33:51,Quality Hold,5.37,405,61772.54,Open,High
DTE004929,MCH0314,LIN023,FAC008,,MWO007468,2025-12-19 06:21:48,Changeover,2.95,523,611661.34,Resolved,High
DTE004930,MCH0216,LIN028,FAC010,,MWO008913,2025-06-17 02:19:52,Planned Maintenance,0.49,116,40962.43,Resolved,High
DTE004931,MCH0194,LIN015,FAC005,FLR002446,MWO000820,2024-11-24 19:19:16,Power Failure,0.14,26,26197.52,Resolved,High
DTE004932,MCH0212,LIN030,FAC010,,MWO007200,2024-06-03 14:34:34,Changeover,10.56,1672,1561470.42,Resolved,Medium
DTE004933,MCH0598,LIN029,FAC010,,MWO004311,2024-01-10 11:34:52,Material Shortage,0.75,112,86327.08,Resolved,High
DTE004934,MCH0314,LIN023,FAC008,FLR002222,MWO001587,2024-12-25 05:53:36,Material Shortage,1.69,129,101291.78,Resolved,Low
DTE004935,MCH0401,LIN015,FAC005,,MWO010500,2025-08-10 05:23:03,Material Shortage,2.65,520,320996.63,Resolved,Low
DTE004936,MCH0173,LIN020,FAC007,,MWO006091,2026-02-24 03:17:27,Power Failure,3.48,431,447026.42,Open,Low
DTE004937,MCH0299,LIN014,FAC005,,MWO004350,2023-02-21 23:26:21,Tool Change,2.34,180,107137.47,Resolved,Medium
DTE004938,MCH0099,LIN011,FAC004,FLR000976,MWO001520,2024-05-15 20:12:10,Material Shortage,1.64,82,36713.5,Resolved,Medium
DTE004939,MCH0263,LIN018,FAC006,,MWO010009,2025-10-12 20:10:22,Material Shortage,2.2,170,78232.1,Resolved,High
DTE004940,MCH0121,LIN008,FAC003,FLR002731,MWO000472,2023-12-15 09:01:08,Material Shortage,3.92,873,897791.58,Resolved,High
DTE004941,MCH0290,LIN027,FAC009,,MWO009804,2025-06-30 19:54:58,Planned Maintenance,1.58,115,31000.0,Resolved,Low
DTE004942,MCH0581,LIN004,FAC002,,MWO010074,2023-05-17 03:07:33,Quality Hold,1.5,61,59903.46,Resolved,Low
DTE004943,MCH0379,LIN027,FAC009,FLR001656,MWO002839,2024-02-08 04:23:08,Power Failure,1.01,104,19884.03,Resolved,Medium
DTE004944,MCH0597,LIN012,FAC004,,MWO003063,2023-06-15 09:33:10,Planned Maintenance,4.06,905,592610.8,Resolved,Low
DTE004945,MCH0594,LIN016,FAC006,,MWO008106,2024-12-13 02:53:08,Material Shortage,2.14,466,331135.44,Resolved,Medium
DTE004946,MCH0099,LIN011,FAC004,FLR002782,MWO001137,2023-05-14 13:26:04,Tool Change,2.31,536,223021.0,Resolved,Medium
DTE004947,MCH0265,LIN011,FAC004,FLR002897,MWO000585,2023-07-24 02:14:34,Tool Change,3.05,696,329439.52,Resolved,Medium
DTE004948,MCH0383,LIN005,FAC002,,MWO006065,2023-04-08 09:23:20,Material Shortage,0.84,138,140885.67,Resolved,Critical
DTE004949,MCH0209,LIN030,FAC010,,MWO003703,2023-07-05 14:54:39,Material Shortage,0.49,25,14672.96,Resolved,High
DTE004950,MCH0370,LIN029,FAC010,,MWO007448,2024-08-31 23:16:53,Quality Hold,1.67,234,206082.69,Resolved,Critical
DTE004951,MCH0082,LIN027,FAC009,FLR000743,MWO002564,2023-05-23 18:00:47,Changeover,2.84,451,532604.99,Resolved,High
DTE004952,MCH0201,LIN006,FAC002,,MWO005426,2025-10-26 04:36:24,Power Failure,17.09,3159,1393272.05,Resolved,Medium
DTE004953,MCH0358,LIN027,FAC009,FLR000246,MWO001268,2024-09-02 15:21:18,Tool Change,2.36,551,253596.77,Resolved,High
DTE004954,MCH0526,LIN028,FAC010,,MWO004572,2024-01-27 13:29:28,Material Shortage,1.5,256,60477.3,Resolved,High
DTE004955,MCH0310,LIN029,FAC010,,MWO007149,2025-01-20 18:15:26,Planned Maintenance,0.71,45,50811.65,Resolved,Low
DTE004956,MCH0330,LIN023,FAC008,,MWO005265,2024-06-09 22:40:54,Power Failure,4.75,1058,1206128.29,Resolved,Medium
DTE004957,MCH0459,LIN006,FAC002,,MWO011310,2026-04-04 07:37:32,Quality Hold,2.93,163,77805.09,Resolved,Medium
DTE004958,MCH0261,LIN017,FAC006,,MWO003593,2025-05-02 05:12:05,Material Shortage,2.67,355,224203.78,Resolved,Critical
DTE004959,MCH0103,LIN030,FAC010,,MWO003175,2026-04-23 10:37:44,Material Shortage,2.22,237,179803.05,Resolved,Critical
DTE004960,MCH0429,LIN004,FAC002,,MWO011622,2023-10-29 04:03:46,Changeover,6.66,918,496813.4,Resolved,High
DTE004961,MCH0036,LIN014,FAC005,,MWO003096,2024-03-16 07:54:07,Planned Maintenance,4.96,1180,939957.1,Resolved,Medium
DTE004962,MCH0322,LIN010,FAC004,,MWO003609,2024-03-20 01:16:58,Material Shortage,2.94,604,364921.89,Resolved,Medium
DTE004963,MCH0003,LIN025,FAC009,,MWO005536,2023-05-02 04:41:39,Changeover,6.67,1180,873630.26,Resolved,Medium
DTE004964,MCH0220,LIN023,FAC008,,MWO004208,2024-07-28 06:54:49,Tool Change,1.96,229,182530.69,Open,Medium
DTE004965,MCH0478,LIN008,FAC003,FLR002987,MWO001998,2023-06-13 08:35:46,Material Shortage,0.67,123,84850.54,Resolved,Medium
DTE004966,MCH0297,LIN018,FAC006,,MWO005214,2023-07-15 06:48:06,Power Failure,0.78,142,114791.26,Resolved,Medium
DTE004967,MCH0046,LIN029,FAC010,,MWO003286,2025-12-30 15:30:18,Quality Hold,13.27,1016,858282.69,Resolved,Medium
DTE004968,MCH0558,LIN025,FAC009,FLR002346,MWO000310,2024-12-16 13:40:31,Material Shortage,5.81,502,568200.19,Resolved,Low
DTE004969,MCH0500,LIN025,FAC009,,MWO008456,2024-06-15 10:36:59,Tool Change,1.04,86,63066.03,Open,Medium
DTE004970,MCH0013,LIN023,FAC008,,MWO004465,2024-11-16 06:25:19,Quality Hold,2.39,174,105626.43,Resolved,High
DTE004971,MCH0540,LIN026,FAC009,FLR002940,MWO001418,2023-11-15 22:22:57,Material Shortage,0.63,109,45045.96,Resolved,Critical
DTE004972,MCH0151,LIN020,FAC007,,MWO008994,2025-12-12 10:07:57,Changeover,1.58,295,88604.25,Resolved,Medium
DTE004973,MCH0404,LIN007,FAC003,,MWO003023,2023-11-16 10:10:44,Changeover,8.21,1633,494694.11,Resolved,Medium
DTE004974,MCH0244,LIN007,FAC003,,MWO003490,2024-07-27 05:06:54,Planned Maintenance,2.26,234,220287.93,Resolved,Low
DTE004975,MCH0461,LIN007,FAC003,,MWO010930,2024-03-14 19:34:40,Planned Maintenance,6.55,700,298133.96,Resolved,High
DTE004976,MCH0102,LIN015,FAC005,,MWO010451,2024-03-31 17:26:10,Changeover,0.39,66,67410.26,Resolved,High
DTE004977,MCH0085,LIN020,FAC007,,MWO007821,2023-07-23 07:37:27,Changeover,12.76,608,279620.3,Resolved,High
DTE004978,MCH0396,LIN028,FAC010,FLR002512,MWO001573,2024-02-25 20:32:45,Power Failure,6.11,268,166417.14,Resolved,Medium
DTE004979,MCH0397,LIN010,FAC004,,MWO007122,2023-01-27 15:24:12,Changeover,2.19,353,92791.72,Resolved,High
DTE004980,MCH0220,LIN023,FAC008,,MWO008699,2026-06-16 20:54:33,Changeover,2.38,363,117726.36,Resolved,High
DTE004981,MCH0415,LIN008,FAC003,FLR000915,MWO000112,2024-03-02 03:01:39,Changeover,3.81,445,452392.47,Resolved,High
DTE004982,MCH0309,LIN007,FAC003,FLR001013,MWO001158,2024-03-07 06:21:16,Changeover,7.43,1222,943472.0,Resolved,Low
DTE004983,MCH0198,LIN003,FAC001,,MWO006228,2025-02-13 09:12:02,Changeover,3.42,284,190624.35,Resolved,High
DTE004984,MCH0450,LIN022,FAC008,FLR002276,MWO001875,2025-11-02 01:09:26,Material Shortage,2.78,404,164625.72,Resolved,High
DTE004985,MCH0056,LIN027,FAC009,FLR001940,MWO000419,2023-04-16 05:47:50,Quality Hold,4.06,842,991872.53,Resolved,Critical
DTE004986,MCH0278,LIN002,FAC001,,MWO009922,2026-01-22 08:49:24,Planned Maintenance,3.78,886,462555.15,Open,Low
DTE004987,MCH0473,LIN022,FAC008,,MWO010895,2023-09-13 01:32:04,Planned Maintenance,1.1,206,92570.29,Resolved,Medium
DTE004988,MCH0200,LIN004,FAC002,FLR000178,MWO000105,2023-01-11 20:31:59,Changeover,1.26,126,30984.76,Resolved,Medium
DTE004989,MCH0356,LIN005,FAC002,,MWO005886,2023-02-07 15:13:25,Power Failure,6.16,1019,411431.09,Resolved,High
DTE004990,MCH0519,LIN030,FAC010,FLR001198,MWO001405,2023-05-17 14:15:51,Changeover,4.19,283,257918.9,Resolved,High
DTE004991,MCH0180,LIN011,FAC004,FLR001227,MWO000161,2024-06-11 05:39:07,Changeover,4.93,1174,1238059.49,Resolved,High
DTE004992,MCH0478,LIN008,FAC003,,MWO004639,2026-06-19 16:14:22,Planned Maintenance,0.68,99,16060.09,Resolved,Low
DTE004993,MCH0339,LIN019,FAC007,FLR002549,MWO001329,2024-06-28 17:00:38,Power Failure,2.41,297,342933.91,Resolved,High
DTE004994,MCH0301,LIN019,FAC007,FLR001136,MWO002316,2024-08-13 21:32:16,Changeover,6.68,311,279328.57,Resolved,High
DTE004995,MCH0186,LIN010,FAC004,,MWO004949,2023-06-12 08:07:14,Planned Maintenance,6.56,779,457528.31,Resolved,Critical
DTE004996,MCH0572,LIN017,FAC006,,MWO008118,2023-12-27 20:04:01,Quality Hold,1.82,172,114978.57,Open,High
DTE004997,MCH0161,LIN008,FAC003,,MWO008896,2025-04-09 08:21:34,Material Shortage,1.44,184,113039.56,Resolved,Medium
DTE004998,MCH0358,LIN027,FAC009,,MWO007213,2024-01-18 14:59:11,Quality Hold,9.86,2288,751614.7,Resolved,Critical
DTE004999,MCH0027,LIN014,FAC005,,MWO009137,2023-04-19 06:06:43,Tool Change,0.73,163,156108.27,Resolved,High
DTE005000,MCH0523,LIN023,FAC008,,MWO008435,2025-01-27 09:09:38,Tool Change,3.77,228,231797.65,Resolved,Medium
DTE005001,MCH0263,LIN018,FAC006,FLR002719,MWO000324,2025-08-05 14:44:57,Changeover,3.69,200,216190.57,Resolved,High
DTE005002,MCH0484,LIN019,FAC007,FLR000034,MWO002949,2025-02-14 10:14:35,Tool Change,2.75,377,250462.11,Resolved,Critical
DTE005003,MCH0064,LIN025,FAC009,,MWO008209,2024-04-22 07:27:37,Changeover,8.27,1138,182758.86,Resolved,Low
DTE005004,MCH0073,LIN002,FAC001,,MWO005508,2024-02-29 02:21:41,Tool Change,1.95,177,68615.2,Resolved,Medium
DTE005005,MCH0145,LIN010,FAC004,FLR000691,MWO000043,2023-04-24 00:03:54,Tool Change,1.79,168,132152.61,Resolved,High
DTE005006,MCH0071,LIN024,FAC008,,MWO005404,2025-07-20 23:34:08,Material Shortage,5.33,364,236662.58,Resolved,Medium
DTE005007,MCH0566,LIN010,FAC004,FLR002366,MWO001073,2025-03-25 18:21:19,Tool Change,3.22,594,310930.96,Resolved,Medium
DTE005008,MCH0360,LIN028,FAC010,,MWO010780,2024-06-12 23:58:10,Quality Hold,3.98,407,133238.25,Resolved,Low
DTE005009,MCH0198,LIN003,FAC001,,MWO011523,2023-10-30 19:43:19,Changeover,3.13,566,444444.83,Resolved,Critical
DTE005010,MCH0467,LIN027,FAC009,,MWO003052,2023-06-10 20:17:50,Quality Hold,1.58,196,30868.82,Open,High
DTE005011,MCH0315,LIN015,FAC005,FLR002361,MWO000704,2024-04-30 20:47:03,Quality Hold,6.41,957,607327.56,Resolved,High
DTE005012,MCH0125,LIN008,FAC003,,MWO011477,2023-03-22 10:05:09,Planned Maintenance,2.65,176,104567.47,Resolved,Medium
DTE005013,MCH0133,LIN013,FAC005,FLR000793,MWO001170,2024-02-09 00:04:44,Power Failure,0.78,95,29855.05,Resolved,High
DTE005014,MCH0325,LIN011,FAC004,,MWO010190,2025-10-31 06:42:35,Changeover,1.03,57,66611.58,Resolved,Medium
DTE005015,MCH0038,LIN022,FAC008,FLR002221,MWO001404,2025-09-02 12:48:33,Quality Hold,2.32,301,67191.38,Resolved,High
DTE005016,MCH0459,LIN006,FAC002,,MWO006369,2023-04-15 05:24:03,Quality Hold,4.81,1139,827855.65,Resolved,Medium
DTE005017,MCH0193,LIN006,FAC002,,MWO010859,2024-03-29 12:19:04,Power Failure,1.1,121,87383.61,Open,Medium
DTE005018,MCH0010,LIN011,FAC004,,MWO008519,2024-09-05 20:03:09,Tool Change,0.81,125,28766.67,Resolved,High
DTE005019,MCH0099,LIN011,FAC004,,MWO005441,2023-09-24 10:12:24,Changeover,0.97,128,54885.31,Resolved,Medium
DTE005020,MCH0310,LIN029,FAC010,,MWO003785,2024-08-29 14:23:39,Material Shortage,0.64,138,109432.48,Resolved,Medium
DTE005021,MCH0318,LIN006,FAC002,,MWO011200,2024-03-09 05:18:13,Material Shortage,3.96,226,67989.17,Open,Low
DTE005022,MCH0520,LIN005,FAC002,,MWO006173,2023-12-09 04:19:30,Tool Change,7.69,901,323193.53,Open,High
DTE005023,MCH0399,LIN028,FAC010,,MWO011598,2023-03-06 07:47:04,Power Failure,10.39,2120,1828031.95,Resolved,Medium
DTE005024,MCH0118,LIN016,FAC006,,MWO010351,2024-02-14 12:35:07,Material Shortage,1.8,154,80586.55,Resolved,Medium
DTE005025,MCH0055,LIN029,FAC010,,MWO008211,2025-08-25 10:17:55,Material Shortage,12.37,1917,1499509.34,Open,High
DTE005026,MCH0190,LIN002,FAC001,,MWO004283,2023-05-27 19:43:11,Power Failure,1.51,187,180725.1,Resolved,Medium
DTE005027,MCH0228,LIN011,FAC004,FLR001788,MWO002985,2023-07-12 14:27:31,Tool Change,1.71,401,322745.07,Resolved,Critical
DTE005028,MCH0086,LIN003,FAC001,FLR002157,MWO000925,2025-11-10 11:45:33,Power Failure,3.39,735,833726.19,Resolved,Critical
DTE005029,MCH0315,LIN015,FAC005,,MWO004202,2024-03-01 12:32:40,Quality Hold,2.76,350,257545.3,Resolved,High
DTE005030,MCH0505,LIN023,FAC008,,MWO011980,2026-02-18 02:05:11,Changeover,6.98,1135,1341879.34,Resolved,Low
DTE005031,MCH0398,LIN029,FAC010,,MWO009979,2023-05-28 18:29:20,Quality Hold,2.46,470,255230.28,Resolved,Critical
DTE005032,MCH0436,LIN013,FAC005,,MWO010055,2025-08-16 21:13:55,Changeover,1.26,103,65091.91,Resolved,Low
DTE005033,MCH0575,LIN008,FAC003,,MWO010220,2025-06-29 18:20:41,Power Failure,1.61,349,392027.47,Resolved,High
DTE005034,MCH0021,LIN007,FAC003,,MWO011860,2026-04-24 07:26:39,Changeover,3.18,196,196957.02,Resolved,Medium
DTE005035,MCH0285,LIN007,FAC003,,MWO004529,2023-03-31 08:46:03,Material Shortage,0.45,48,36373.98,Resolved,Low
DTE005036,MCH0579,LIN003,FAC001,FLR002785,MWO002898,2025-05-25 20:18:40,Tool Change,6.42,1222,1301716.49,Resolved,Low
DTE005037,MCH0483,LIN029,FAC010,,MWO007921,2026-04-07 14:24:40,Changeover,2.88,437,212115.28,Resolved,Critical
DTE005038,MCH0042,LIN016,FAC006,,MWO009902,2025-01-24 12:56:29,Material Shortage,6.29,670,556051.49,Resolved,High
DTE005039,MCH0346,LIN015,FAC005,,MWO010761,2025-06-22 08:56:13,Power Failure,1.12,96,102943.53,Resolved,Critical
DTE005040,MCH0427,LIN027,FAC009,,MWO009088,2024-09-20 10:51:38,Quality Hold,3.03,448,508210.46,Resolved,Medium
DTE005041,MCH0195,LIN014,FAC005,,MWO005941,2024-03-20 10:03:28,Power Failure,4.15,448,105935.1,Open,Low
DTE005042,MCH0147,LIN028,FAC010,,MWO007050,2025-07-12 22:33:02,Quality Hold,1.64,253,60263.12,Resolved,Medium
DTE005043,MCH0043,LIN023,FAC008,,MWO010862,2023-11-03 01:38:59,Changeover,5.3,301,170727.28,Resolved,Critical
DTE005044,MCH0139,LIN012,FAC004,,MWO007558,2023-01-06 11:27:40,Power Failure,2.57,114,33556.97,Resolved,Critical
DTE005045,MCH0427,LIN027,FAC009,FLR002039,MWO001461,2023-04-07 03:39:13,Tool Change,1.39,176,70548.2,Resolved,High
DTE005046,MCH0376,LIN005,FAC002,,MWO004831,2023-01-06 20:33:29,Power Failure,8.23,823,752406.07,Resolved,Low
DTE005047,MCH0562,LIN011,FAC004,,MWO003001,2024-11-09 14:21:10,Power Failure,2.36,133,34864.61,Resolved,Critical
DTE005048,MCH0015,LIN014,FAC005,,MWO007790,2025-01-16 16:31:02,Material Shortage,2.25,344,316181.85,Resolved,Medium
DTE005049,MCH0369,LIN012,FAC004,FLR001764,MWO001737,2025-06-11 13:34:48,Quality Hold,0.99,139,146918.5,Resolved,High
DTE005050,MCH0178,LIN023,FAC008,,MWO009097,2025-08-12 19:45:47,Material Shortage,0.55,71,83132.74,Resolved,Critical
DTE005051,MCH0180,LIN011,FAC004,FLR002904,MWO000285,2026-04-12 13:51:07,Power Failure,3.88,319,299061.22,Resolved,High
DTE005052,MCH0425,LIN014,FAC005,,MWO008592,2024-08-14 04:31:10,Tool Change,3.54,542,144843.66,Resolved,High
DTE005053,MCH0535,LIN025,FAC009,,MWO011798,2025-08-23 16:30:56,Power Failure,2.14,361,218494.43,Resolved,Medium
DTE005054,MCH0326,LIN026,FAC009,,MWO004485,2024-09-08 06:21:46,Changeover,1.71,289,309158.42,Open,Low
DTE005055,MCH0353,LIN002,FAC001,,MWO004292,2026-03-07 11:23:12,Power Failure,9.41,528,502110.33,Resolved,Low
DTE005056,MCH0538,LIN003,FAC001,,MWO011917,2025-05-26 22:51:58,Power Failure,0.54,128,122837.99,Resolved,Critical
DTE005057,MCH0042,LIN016,FAC006,,MWO009129,2023-04-27 16:36:45,Tool Change,4.55,269,84758.87,Resolved,High
DTE005058,MCH0015,LIN014,FAC005,,MWO007313,2023-11-09 15:21:55,Planned Maintenance,0.65,86,40692.05,Resolved,Low
DTE005059,MCH0258,LIN026,FAC009,,MWO004273,2023-01-03 23:53:12,Material Shortage,4.02,427,98241.53,Resolved,Medium
DTE005060,MCH0186,LIN010,FAC004,,MWO005043,2025-09-21 04:59:55,Quality Hold,9.02,652,467740.05,Resolved,High
DTE005061,MCH0530,LIN014,FAC005,FLR002673,MWO001305,2023-05-02 17:23:27,Quality Hold,2.38,196,89726.54,Resolved,High
DTE005062,MCH0373,LIN011,FAC004,,MWO009051,2024-10-03 15:03:05,Quality Hold,0.93,203,243210.02,Resolved,Medium
DTE005063,MCH0145,LIN010,FAC004,,MWO004130,2024-07-29 10:28:43,Quality Hold,7.81,1821,1145836.18,Resolved,High
DTE005064,MCH0134,LIN006,FAC002,,MWO011485,2023-04-21 14:38:18,Power Failure,2.34,255,69292.85,Resolved,High
DTE005065,MCH0257,LIN013,FAC005,,MWO010675,2025-03-31 00:04:34,Tool Change,2.12,162,99336.31,Resolved,Low
DTE005066,MCH0203,LIN016,FAC006,,MWO003053,2025-03-30 15:23:42,Power Failure,0.45,90,100428.31,Resolved,High
DTE005067,MCH0419,LIN008,FAC003,,MWO004533,2024-12-25 08:20:33,Changeover,11.12,461,455961.01,Resolved,High
DTE005068,MCH0157,LIN029,FAC010,,MWO004634,2025-12-03 02:29:36,Quality Hold,5.97,1044,871199.51,Resolved,Critical
DTE005069,MCH0331,LIN012,FAC004,,MWO010528,2025-01-26 08:09:04,Power Failure,0.45,50,31506.65,Open,Low
DTE005070,MCH0268,LIN013,FAC005,,MWO007476,2023-05-13 07:50:51,Quality Hold,1.59,258,176745.8,Resolved,High
DTE005071,MCH0557,LIN030,FAC010,,MWO006062,2025-07-04 20:27:53,Changeover,11.69,597,262245.64,Resolved,High
DTE005072,MCH0263,LIN018,FAC006,,MWO005943,2024-06-09 16:36:04,Changeover,3.53,316,376358.47,Resolved,High
DTE005073,MCH0370,LIN029,FAC010,FLR001599,MWO000334,2025-11-26 14:06:19,Tool Change,1.04,92,70554.04,Resolved,Medium
DTE005074,MCH0342,LIN026,FAC009,,MWO004850,2026-04-25 10:12:02,Quality Hold,3.29,569,508962.18,Resolved,Medium
DTE005075,MCH0487,LIN023,FAC008,,MWO011257,2023-03-31 04:24:09,Tool Change,3.23,441,178313.23,Resolved,Medium
DTE005076,MCH0355,LIN029,FAC010,,MWO009489,2026-01-22 16:35:33,Power Failure,1.27,166,41723.04,Resolved,High
DTE005077,MCH0339,LIN019,FAC007,,MWO007334,2023-10-07 05:59:07,Material Shortage,1.52,307,262314.99,Resolved,Low
DTE005078,MCH0297,LIN018,FAC006,,MWO003535,2025-09-08 14:45:02,Planned Maintenance,0.63,91,81870.52,Open,High
DTE005079,MCH0104,LIN004,FAC002,,MWO004616,2026-02-19 15:39:02,Tool Change,5.64,715,456419.41,Resolved,Medium
DTE005080,MCH0395,LIN004,FAC002,,MWO008394,2024-03-08 20:08:11,Power Failure,1.53,118,71902.57,Resolved,Low
DTE005081,MCH0355,LIN029,FAC010,FLR000918,MWO001596,2023-02-10 23:14:30,Planned Maintenance,2.63,121,111464.66,Resolved,Critical
DTE005082,MCH0311,LIN023,FAC008,FLR001224,MWO000619,2024-05-22 03:29:54,Changeover,4.14,979,756684.96,Resolved,High
DTE005083,MCH0038,LIN022,FAC008,FLR002960,MWO002939,2026-03-19 09:18:43,Changeover,1.6,258,49293.51,Open,Medium
DTE005084,MCH0071,LIN024,FAC008,,MWO011120,2024-04-24 20:21:31,Quality Hold,1.66,74,13221.07,Resolved,Medium
DTE005085,MCH0255,LIN005,FAC002,FLR000917,MWO002502,2025-08-15 21:56:43,Changeover,0.53,36,12357.9,Resolved,Medium
DTE005086,MCH0314,LIN023,FAC008,,MWO007281,2025-06-29 13:30:22,Quality Hold,8.25,1331,1296069.64,Resolved,High
DTE005087,MCH0361,LIN024,FAC008,FLR001166,MWO002853,2023-12-02 11:16:09,Changeover,5.21,795,411533.88,Resolved,Medium
DTE005088,MCH0077,LIN003,FAC001,,MWO007389,2024-12-07 14:35:20,Planned Maintenance,7.54,1632,460926.27,Resolved,High
DTE005089,MCH0300,LIN002,FAC001,FLR001892,MWO000664,2023-05-29 20:02:23,Material Shortage,2.6,517,117161.31,Resolved,Low
DTE005090,MCH0056,LIN027,FAC009,,MWO004441,2025-09-26 19:47:32,Power Failure,5.48,1043,858808.21,Open,Medium
DTE005091,MCH0200,LIN004,FAC002,FLR000943,MWO002384,2025-07-25 16:48:23,Planned Maintenance,3.58,246,275750.69,Resolved,Medium
DTE005092,MCH0475,LIN003,FAC001,,MWO011399,2023-04-23 18:31:15,Power Failure,12.09,868,611919.17,Resolved,Medium
DTE005093,MCH0334,LIN018,FAC006,,MWO007739,2024-01-29 02:16:08,Changeover,12.37,1159,462839.67,Open,High
DTE005094,MCH0181,LIN020,FAC007,FLR000150,MWO001147,2024-07-21 02:46:24,Material Shortage,3.86,188,29681.35,Resolved,Medium
DTE005095,MCH0174,LIN023,FAC008,,MWO007136,2023-08-27 21:19:41,Tool Change,1.91,274,323042.68,Resolved,High
DTE005096,MCH0592,LIN023,FAC008,FLR002411,MWO000489,2025-10-06 19:40:22,Changeover,2.07,334,313747.85,Resolved,Medium
DTE005097,MCH0552,LIN012,FAC004,,MWO003962,2025-02-28 11:37:24,Quality Hold,3.32,647,298500.15,Open,Medium
DTE005098,MCH0011,LIN013,FAC005,,MWO003388,2025-07-01 10:20:16,Tool Change,8.59,1224,787634.26,Resolved,High
DTE005099,MCH0125,LIN008,FAC003,,MWO010098,2024-02-29 09:21:27,Quality Hold,2.14,356,143227.19,Resolved,High
DTE005100,MCH0504,LIN008,FAC003,,MWO005910,2023-05-27 15:14:11,Power Failure,1.39,90,18083.36,Resolved,High
DTE005101,MCH0028,LIN004,FAC002,,MWO010884,2023-02-05 13:56:36,Tool Change,7.62,1005,174917.13,Resolved,Critical
DTE005102,MCH0178,LIN023,FAC008,,MWO010978,2023-12-08 02:44:57,Tool Change,3.56,172,47553.19,Resolved,Medium
DTE005103,MCH0469,LIN025,FAC009,FLR001800,MWO000171,2023-10-19 19:50:31,Power Failure,2.42,432,491424.54,Resolved,High
DTE005104,MCH0194,LIN015,FAC005,,MWO011737,2025-02-21 21:34:25,Power Failure,8.76,1399,1498940.37,Resolved,Medium
DTE005105,MCH0218,LIN007,FAC003,FLR002400,MWO000497,2023-01-19 03:40:08,Tool Change,2.34,255,231156.79,Resolved,Critical
DTE005106,MCH0500,LIN025,FAC009,,MWO009589,2024-05-03 11:27:05,Tool Change,1.03,90,54013.93,Open,High
DTE005107,MCH0238,LIN007,FAC003,,MWO004225,2024-08-04 05:16:31,Power Failure,6.64,969,919241.66,Resolved,Medium
DTE005108,MCH0165,LIN029,FAC010,,MWO006145,2024-06-12 23:07:32,Planned Maintenance,1.25,270,149834.34,Resolved,Medium
DTE005109,MCH0172,LIN008,FAC003,FLR002810,MWO000407,2024-02-01 01:32:05,Changeover,2.04,405,251380.77,Resolved,Critical
DTE005110,MCH0161,LIN008,FAC003,FLR002145,MWO002355,2023-07-20 07:47:22,Quality Hold,9.41,986,867490.07,Open,High
DTE005111,MCH0224,LIN018,FAC006,,MWO010045,2026-03-28 16:21:34,Tool Change,4.07,574,650222.25,Resolved,High
DTE005112,MCH0392,LIN005,FAC002,,MWO006617,2024-05-16 13:09:19,Planned Maintenance,6.46,289,312896.24,Open,Low
DTE005113,MCH0170,LIN002,FAC001,,MWO004812,2023-03-25 11:59:26,Power Failure,1.28,276,233544.56,Resolved,Low
DTE005114,MCH0377,LIN009,FAC003,FLR001315,MWO001557,2023-01-11 01:27:43,Quality Hold,0.95,88,85989.58,Resolved,Critical
DTE005115,MCH0077,LIN003,FAC001,,MWO007892,2025-11-05 22:39:35,Changeover,1.79,399,231583.3,Resolved,Low
DTE005116,MCH0517,LIN005,FAC002,,MWO003158,2025-01-27 19:53:22,Changeover,4.38,242,71916.28,Resolved,High
DTE005117,MCH0002,LIN009,FAC003,,MWO009296,2023-11-26 06:52:03,Planned Maintenance,2.91,689,368477.45,Resolved,Critical
DTE005118,MCH0040,LIN003,FAC001,FLR000959,MWO000898,2024-06-14 04:37:10,Changeover,4.02,164,41302.11,Resolved,Medium
DTE005119,MCH0239,LIN015,FAC005,,MWO006706,2025-08-29 14:11:15,Quality Hold,4.31,299,330961.09,Resolved,Medium
DTE005120,MCH0558,LIN025,FAC009,,MWO004962,2024-10-05 02:23:02,Tool Change,2.17,229,216583.95,Resolved,Low
DTE005121,MCH0300,LIN002,FAC001,,MWO009032,2024-05-06 21:24:20,Planned Maintenance,2.73,484,216363.27,Resolved,High
DTE005122,MCH0336,LIN021,FAC007,,MWO006280,2023-09-02 19:48:24,Changeover,0.94,99,47132.7,Resolved,Medium
DTE005123,MCH0405,LIN026,FAC009,FLR000797,MWO001144,2026-03-22 18:27:48,Material Shortage,4.47,486,164138.28,Resolved,High
DTE005124,MCH0197,LIN001,FAC001,,MWO005323,2023-02-14 13:14:22,Planned Maintenance,1.61,209,44997.66,Resolved,High
DTE005125,MCH0513,LIN027,FAC009,,MWO011841,2025-08-16 23:30:10,Changeover,0.25,37,14661.75,Resolved,Low
DTE005126,MCH0395,LIN004,FAC002,,MWO007253,2026-03-28 15:26:25,Planned Maintenance,7.61,461,316733.11,Resolved,Medium
DTE005127,MCH0080,LIN020,FAC007,,MWO011862,2024-11-08 07:11:14,Planned Maintenance,3.16,448,223594.53,Resolved,High
DTE005128,MCH0155,LIN022,FAC008,,MWO006315,2025-02-11 09:44:33,Quality Hold,1.65,283,319951.04,Resolved,High
DTE005129,MCH0075,LIN003,FAC001,,MWO004544,2023-04-23 22:22:21,Tool Change,3.75,629,283091.67,Open,High
DTE005130,MCH0070,LIN030,FAC010,FLR001494,MWO001800,2025-07-07 17:58:31,Quality Hold,6.21,688,592508.0,Resolved,Low
DTE005131,MCH0334,LIN018,FAC006,,MWO007739,2024-01-29 02:16:08,Power Failure,7.11,1488,564112.75,Resolved,Medium
DTE005132,MCH0312,LIN015,FAC005,FLR000933,MWO000740,2023-07-08 15:52:29,Quality Hold,0.92,53,56061.83,Resolved,High
DTE005133,MCH0360,LIN028,FAC010,,MWO004852,2024-07-01 15:47:26,Planned Maintenance,7.59,697,820319.13,Resolved,Medium
DTE005134,MCH0062,LIN011,FAC004,,MWO011134,2023-04-24 00:07:23,Tool Change,3.05,721,504844.77,Resolved,Medium
DTE005135,MCH0309,LIN007,FAC003,,MWO009120,2024-08-25 10:07:06,Planned Maintenance,1.79,419,274640.06,Resolved,Critical
DTE005136,MCH0451,LIN013,FAC005,FLR001409,MWO002257,2025-06-03 14:01:15,Material Shortage,3.76,773,532596.12,Resolved,High
DTE005137,MCH0278,LIN002,FAC001,,MWO008243,2023-01-21 06:11:20,Material Shortage,3.42,693,811404.43,Resolved,Medium
DTE005138,MCH0434,LIN011,FAC004,,MWO003865,2026-05-13 06:06:59,Planned Maintenance,5.46,1024,169769.82,Open,Critical
DTE005139,MCH0507,LIN006,FAC002,,MWO007428,2024-10-14 20:08:16,Quality Hold,2.56,277,277875.26,Resolved,High
DTE005140,MCH0330,LIN023,FAC008,FLR002467,MWO000056,2024-03-23 01:28:46,Changeover,2.08,221,66442.77,Resolved,High
DTE005141,MCH0585,LIN026,FAC009,,MWO008933,2023-04-12 14:37:21,Changeover,0.96,144,155651.81,Resolved,Medium
DTE005142,MCH0110,LIN002,FAC001,,MWO009285,2025-08-18 05:49:13,Changeover,2.68,451,129666.26,Resolved,Medium
DTE005143,MCH0054,LIN006,FAC002,,MWO006574,2024-08-06 07:23:32,Planned Maintenance,5.8,960,217126.86,Resolved,High
DTE005144,MCH0015,LIN014,FAC005,FLR001074,MWO000592,2025-11-26 23:18:25,Quality Hold,0.5,67,78093.32,Resolved,Medium
DTE005145,MCH0169,LIN003,FAC001,,MWO011445,2025-02-03 23:09:21,Material Shortage,1.4,90,65327.02,Resolved,Medium
DTE005146,MCH0581,LIN004,FAC002,,MWO003903,2023-04-19 16:35:08,Changeover,3.41,522,404728.09,Resolved,High
DTE005147,MCH0507,LIN006,FAC002,FLR000510,MWO001173,2025-06-22 08:51:24,Tool Change,0.14,8,2418.85,Resolved,Low
DTE005148,MCH0013,LIN023,FAC008,FLR000213,MWO001797,2026-01-03 21:38:32,Tool Change,10.92,1995,1148567.76,Resolved,Medium
DTE005149,MCH0113,LIN015,FAC005,,MWO010636,2024-07-19 19:49:38,Power Failure,3.62,798,756677.91,Resolved,Low
DTE005150,MCH0173,LIN020,FAC007,FLR002582,MWO002981,2024-09-09 23:07:37,Power Failure,2.37,437,232975.06,Resolved,High
DTE005151,MCH0254,LIN013,FAC005,,MWO011209,2023-07-26 15:06:32,Tool Change,1.85,90,63423.99,Resolved,Critical
DTE005152,MCH0225,LIN006,FAC002,FLR000522,MWO002660,2023-06-29 21:21:48,Power Failure,2.01,120,133349.08,Resolved,High
DTE005153,MCH0403,LIN002,FAC001,FLR002924,MWO001705,2023-04-07 16:48:17,Quality Hold,7.1,1416,1524052.9,Resolved,High
DTE005154,MCH0358,LIN027,FAC009,,MWO005188,2025-02-17 08:57:59,Tool Change,1.9,330,295371.34,Resolved,Medium
DTE005155,MCH0416,LIN002,FAC001,,MWO009305,2024-03-15 07:45:06,Planned Maintenance,3.93,195,124166.79,Resolved,High
DTE005156,MCH0118,LIN016,FAC006,,MWO003653,2025-05-26 23:58:12,Quality Hold,2.11,186,127751.68,Resolved,Medium
DTE005157,MCH0166,LIN004,FAC002,,MWO005951,2024-08-04 16:37:07,Planned Maintenance,1.25,141,21230.49,Resolved,Medium
DTE005158,MCH0373,LIN011,FAC004,,MWO008382,2024-11-07 10:39:42,Tool Change,6.29,1167,462465.03,Resolved,High
DTE005159,MCH0346,LIN015,FAC005,,MWO009803,2024-07-26 11:19:47,Material Shortage,5.68,758,694383.48,Resolved,Low
DTE005160,MCH0330,LIN023,FAC008,,MWO005256,2025-12-07 20:11:12,Quality Hold,2.63,629,376261.45,Resolved,Low
DTE005161,MCH0308,LIN025,FAC009,FLR001006,MWO000813,2023-08-17 21:16:16,Planned Maintenance,5.63,980,748438.82,Resolved,High
DTE005162,MCH0392,LIN005,FAC002,,MWO005583,2023-10-24 11:28:15,Planned Maintenance,0.91,206,42933.97,Resolved,Medium
DTE005163,MCH0326,LIN026,FAC009,,MWO005923,2024-12-31 02:44:57,Quality Hold,1.21,174,93411.91,Resolved,Medium
DTE005164,MCH0180,LIN011,FAC004,FLR002455,MWO000403,2025-12-05 04:07:49,Material Shortage,10.08,2114,427334.12,Resolved,High
DTE005165,MCH0129,LIN003,FAC001,,MWO007071,2024-08-31 05:40:01,Changeover,3.32,633,622865.08,Resolved,Low
DTE005166,MCH0382,LIN018,FAC006,,MWO003936,2025-08-10 15:19:57,Material Shortage,1.95,211,46453.67,Resolved,Critical
DTE005167,MCH0496,LIN024,FAC008,,MWO009793,2026-01-24 18:29:20,Quality Hold,3.04,712,713965.26,Resolved,Medium
DTE005168,MCH0463,LIN018,FAC006,,MWO006294,2026-05-20 15:39:38,Planned Maintenance,3.7,161,115030.51,Open,Low
DTE005169,MCH0289,LIN010,FAC004,FLR000342,MWO000690,2024-12-18 01:01:56,Material Shortage,11.05,1676,401050.73,Resolved,High
DTE005170,MCH0181,LIN020,FAC007,,MWO010928,2025-08-12 15:12:00,Tool Change,3.38,518,255871.97,Resolved,Low
DTE005171,MCH0067,LIN005,FAC002,,MWO003738,2024-08-19 04:17:13,Material Shortage,0.9,189,210157.72,Resolved,High
DTE005172,MCH0533,LIN017,FAC006,,MWO007393,2026-04-03 00:22:41,Quality Hold,7.74,583,389755.41,Open,Medium
DTE005173,MCH0412,LIN021,FAC007,FLR001330,MWO000198,2025-04-08 07:45:01,Planned Maintenance,3.02,316,114018.34,Resolved,Critical
DTE005174,MCH0508,LIN010,FAC004,FLR001450,MWO000060,2023-08-02 13:47:30,Quality Hold,3.3,201,39125.88,Resolved,Medium
DTE005175,MCH0515,LIN012,FAC004,FLR000097,MWO002210,2023-04-26 22:15:15,Quality Hold,2.27,142,141832.27,Resolved,Medium
DTE005176,MCH0285,LIN007,FAC003,,MWO003885,2026-04-28 13:01:18,Tool Change,2.86,433,177617.74,Resolved,High
DTE005177,MCH0359,LIN019,FAC007,FLR001756,MWO002383,2024-08-03 03:11:54,Changeover,3.28,569,547453.64,Resolved,Medium
DTE005178,MCH0387,LIN005,FAC002,FLR002783,MWO001719,2025-10-04 15:30:00,Changeover,4.68,942,911668.61,Resolved,High
DTE005179,MCH0587,LIN024,FAC008,FLR000562,MWO002048,2024-11-29 16:50:04,Planned Maintenance,2.78,551,107489.74,Resolved,Low
DTE005180,MCH0598,LIN029,FAC010,FLR002309,MWO000743,2024-09-02 03:41:27,Quality Hold,3.44,268,173211.42,Resolved,Critical
DTE005181,MCH0287,LIN017,FAC006,,MWO008297,2025-08-18 06:19:10,Power Failure,3.64,667,600590.26,Resolved,Medium
DTE005182,MCH0429,LIN004,FAC002,,MWO005917,2026-05-17 05:21:32,Tool Change,2.17,485,552435.01,Resolved,High
DTE005183,MCH0247,LIN026,FAC009,,MWO003186,2023-08-27 18:38:43,Planned Maintenance,0.6,46,32801.08,Resolved,Medium
DTE005184,MCH0481,LIN004,FAC002,,MWO007962,2024-02-16 15:44:22,Planned Maintenance,2.93,344,146137.35,Resolved,Critical
DTE005185,MCH0172,LIN008,FAC003,,MWO010414,2026-05-01 13:47:17,Material Shortage,9.98,409,329652.75,Resolved,Medium
DTE005186,MCH0186,LIN010,FAC004,,MWO004735,2024-12-01 13:15:25,Tool Change,3.5,717,605650.5,Resolved,Low
DTE005187,MCH0523,LIN023,FAC008,,MWO008435,2025-01-27 09:09:38,Changeover,3.04,697,322105.8,Resolved,Medium
DTE005188,MCH0023,LIN005,FAC002,,MWO003570,2025-03-20 11:48:51,Quality Hold,2.94,434,128619.85,Resolved,High
DTE005189,MCH0005,LIN010,FAC004,,MWO011119,2025-11-15 06:03:58,Planned Maintenance,5.67,854,405981.3,Resolved,Critical
DTE005190,MCH0588,LIN006,FAC002,,MWO007504,2025-04-02 05:59:52,Changeover,2.5,460,357442.25,Resolved,Low
DTE005191,MCH0119,LIN019,FAC007,,MWO006535,2025-10-13 10:04:28,Material Shortage,1.38,326,88581.14,Resolved,Medium
DTE005192,MCH0441,LIN020,FAC007,,MWO008196,2025-01-27 14:31:58,Changeover,0.29,20,8781.76,Resolved,High
DTE005193,MCH0019,LIN029,FAC010,FLR001610,MWO001777,2024-07-02 21:44:33,Quality Hold,3.4,713,497006.52,Resolved,Critical
DTE005194,MCH0450,LIN022,FAC008,,MWO006964,2024-12-15 05:57:43,Quality Hold,0.66,36,20001.66,Resolved,Critical
DTE005195,MCH0426,LIN009,FAC003,,MWO005646,2025-06-02 21:20:50,Planned Maintenance,1.08,118,32004.49,Resolved,Medium
DTE005196,MCH0364,LIN029,FAC010,,MWO008629,2024-06-13 12:28:08,Changeover,2.47,328,142040.92,Resolved,High
DTE005197,MCH0329,LIN014,FAC005,,MWO007102,2025-09-04 10:57:22,Quality Hold,2.52,558,626161.61,Resolved,Low
DTE005198,MCH0134,LIN006,FAC002,FLR000640,MWO001940,2026-02-27 03:41:52,Material Shortage,1.36,128,102449.53,Resolved,Medium
DTE005199,MCH0119,LIN019,FAC007,,MWO006082,2023-03-21 03:31:57,Changeover,4.32,700,473682.15,Resolved,Critical
DTE005200,MCH0096,LIN010,FAC004,,MWO004264,2025-06-04 17:21:53,Power Failure,3.34,472,87790.86,Resolved,Medium
DTE005201,MCH0165,LIN029,FAC010,,MWO011175,2026-06-30 04:07:36,Planned Maintenance,12.17,663,382929.84,Resolved,Low
DTE005202,MCH0589,LIN023,FAC008,FLR002002,MWO000647,2023-10-27 02:54:07,Changeover,1.54,106,82304.28,Resolved,Critical
DTE005203,MCH0385,LIN006,FAC002,,MWO003421,2024-12-11 21:23:53,Tool Change,2.29,246,86408.63,Resolved,Low
DTE005204,MCH0058,LIN028,FAC010,,MWO008053,2025-06-01 07:40:32,Material Shortage,4.54,440,443580.47,Open,High
DTE005205,MCH0474,LIN003,FAC001,,MWO003106,2024-09-18 11:02:35,Planned Maintenance,4.15,324,58670.77,Resolved,High
DTE005206,MCH0412,LIN021,FAC007,FLR001330,MWO000198,2025-04-08 07:45:01,Power Failure,5.32,809,146659.38,Resolved,Low
DTE005207,MCH0486,LIN029,FAC010,,MWO004638,2024-07-28 06:39:35,Material Shortage,6.18,1354,332668.07,Resolved,High
DTE005208,MCH0073,LIN002,FAC001,,MWO008680,2025-12-24 18:28:40,Changeover,5.65,228,205770.06,Resolved,High
DTE005209,MCH0022,LIN024,FAC008,,MWO010413,2024-10-17 03:39:48,Changeover,5.76,769,506233.18,Resolved,Medium
DTE005210,MCH0252,LIN027,FAC009,,MWO009425,2024-04-23 07:39:21,Material Shortage,2.73,649,407623.94,Resolved,Critical
DTE005211,MCH0287,LIN017,FAC006,,MWO010487,2023-04-26 10:47:00,Quality Hold,3.23,272,219752.4,Resolved,Low
DTE005212,MCH0338,LIN015,FAC005,,MWO007338,2026-02-02 09:23:56,Power Failure,3.3,256,127775.07,Resolved,Medium
DTE005213,MCH0506,LIN001,FAC001,FLR002827,MWO001709,2025-06-29 05:58:20,Planned Maintenance,2.45,440,216184.99,Resolved,High
DTE005214,MCH0122,LIN001,FAC001,,MWO007416,2026-03-09 15:30:32,Power Failure,8.41,1103,730080.82,Open,High
DTE005215,MCH0057,LIN020,FAC007,,MWO010882,2025-02-19 13:17:54,Tool Change,4.13,454,83207.81,Resolved,Critical
DTE005216,MCH0478,LIN008,FAC003,,MWO009483,2024-10-21 07:56:45,Quality Hold,2.33,494,122430.53,Resolved,Medium
DTE005217,MCH0401,LIN015,FAC005,,MWO003327,2024-07-29 21:51:44,Tool Change,1.64,142,42116.06,Resolved,Medium
DTE005218,MCH0166,LIN004,FAC002,FLR001014,MWO001750,2025-11-18 16:11:04,Tool Change,2.18,241,70639.53,Resolved,Medium
DTE005219,MCH0237,LIN025,FAC009,,MWO010184,2024-05-20 22:47:28,Material Shortage,1.92,432,409368.0,Resolved,High
DTE005220,MCH0432,LIN025,FAC009,,MWO003774,2023-09-19 14:21:14,Changeover,7.11,893,249867.5,Resolved,Critical
DTE005221,MCH0269,LIN002,FAC001,FLR000269,MWO001631,2023-12-08 20:01:00,Changeover,4.11,853,948282.73,Resolved,Medium
DTE005222,MCH0544,LIN003,FAC001,,MWO009990,2023-05-05 09:26:40,Quality Hold,1.16,154,130110.02,Resolved,High
DTE005223,MCH0235,LIN025,FAC009,,MWO003387,2026-04-04 17:10:59,Quality Hold,2.23,192,78133.61,Resolved,Medium
DTE005224,MCH0051,LIN011,FAC004,FLR001460,MWO002466,2023-06-11 07:55:25,Changeover,4.41,633,292731.12,Open,Medium
DTE005225,MCH0333,LIN028,FAC010,,MWO007853,2025-01-30 11:27:41,Planned Maintenance,1.53,154,165383.96,Resolved,High
DTE005226,MCH0375,LIN005,FAC002,,MWO004138,2023-08-24 07:49:21,Tool Change,3.06,565,214458.27,Open,Medium
DTE005227,MCH0571,LIN020,FAC007,FLR001770,MWO001765,2023-11-07 23:41:33,Power Failure,2.01,183,143371.82,Open,Medium
DTE005228,MCH0139,LIN012,FAC004,FLR000898,MWO002819,2025-06-13 13:56:43,Material Shortage,1.16,147,49862.96,Resolved,Medium
DTE005229,MCH0462,LIN016,FAC006,FLR002983,MWO002204,2025-05-11 04:53:01,Tool Change,2.64,432,485978.19,Resolved,Medium
DTE005230,MCH0515,LIN012,FAC004,,MWO010938,2025-03-20 08:30:46,Material Shortage,2.21,400,259503.02,Open,High
DTE005231,MCH0375,LIN005,FAC002,,MWO004279,2024-06-11 21:02:16,Tool Change,3.61,589,471270.57,Open,High
DTE005232,MCH0510,LIN023,FAC008,,MWO006735,2025-02-11 15:40:10,Material Shortage,3.19,147,163712.3,Resolved,High
DTE005233,MCH0167,LIN020,FAC007,FLR002532,MWO002153,2024-09-28 07:04:05,Planned Maintenance,4.29,217,46820.05,Resolved,Medium
DTE005234,MCH0296,LIN026,FAC009,,MWO004846,2023-02-20 02:40:06,Quality Hold,1.75,397,67993.01,Resolved,Medium
DTE005235,MCH0128,LIN027,FAC009,,MWO004230,2023-06-27 05:31:07,Tool Change,4.22,692,655636.09,Resolved,Medium
DTE005236,MCH0038,LIN022,FAC008,,MWO007573,2025-06-27 13:02:10,Material Shortage,1.55,184,35190.07,Resolved,Medium
DTE005237,MCH0292,LIN015,FAC005,,MWO009414,2025-07-30 00:39:37,Quality Hold,8.14,1173,1356001.8,Open,High
DTE005238,MCH0148,LIN009,FAC003,,MWO006879,2023-08-06 10:23:26,Planned Maintenance,1.3,116,105675.85,Resolved,Medium
DTE005239,MCH0202,LIN009,FAC003,,MWO006998,2025-11-19 23:22:52,Tool Change,1.43,326,262242.2,Resolved,Medium
DTE005240,MCH0007,LIN021,FAC007,,MWO008798,2024-04-08 16:32:36,Planned Maintenance,2.72,624,154450.02,Resolved,Low
DTE005241,MCH0442,LIN001,FAC001,,MWO004097,2024-12-07 21:56:53,Planned Maintenance,2.98,664,156273.89,Resolved,Medium
DTE005242,MCH0332,LIN025,FAC009,,MWO005006,2026-03-18 00:32:31,Quality Hold,1.55,345,165759.7,Resolved,Critical
DTE005243,MCH0497,LIN029,FAC010,,MWO010705,2024-01-01 10:02:00,Changeover,0.19,19,21130.62,Resolved,Medium
DTE005244,MCH0187,LIN006,FAC002,,MWO007774,2024-10-29 11:39:44,Tool Change,7.89,325,118897.22,Resolved,Low
DTE005245,MCH0492,LIN009,FAC003,,MWO007455,2025-05-14 00:17:26,Power Failure,1.44,275,259302.57,Resolved,High
DTE005246,MCH0195,LIN014,FAC005,,MWO006088,2023-12-23 09:57:12,Power Failure,2.24,93,61475.08,Resolved,High
DTE005247,MCH0212,LIN030,FAC010,,MWO009530,2025-09-16 21:30:39,Quality Hold,1.46,230,162031.57,Resolved,Critical
DTE005248,MCH0410,LIN016,FAC006,FLR002142,MWO001130,2025-08-01 09:24:07,Planned Maintenance,2.95,553,476283.63,Resolved,High
DTE005249,MCH0269,LIN002,FAC001,,MWO008520,2023-10-06 04:09:51,Planned Maintenance,1.54,151,139964.53,Resolved,Critical
DTE005250,MCH0561,LIN029,FAC010,,MWO006828,2023-03-04 13:17:03,Material Shortage,2.54,587,498028.6,Resolved,Low
DTE005251,MCH0369,LIN012,FAC004,,MWO005475,2025-11-17 20:22:58,Tool Change,0.94,68,30339.99,Resolved,High
DTE005252,MCH0060,LIN022,FAC008,,MWO003530,2023-11-09 09:19:43,Planned Maintenance,0.45,70,27603.93,Resolved,High
DTE005253,MCH0313,LIN018,FAC006,,MWO008998,2026-04-28 16:44:39,Quality Hold,1.14,138,129501.21,Resolved,Medium
DTE005254,MCH0168,LIN015,FAC005,,MWO008785,2023-07-23 11:27:44,Power Failure,0.7,88,88202.53,Resolved,Critical
DTE005255,MCH0218,LIN007,FAC003,,MWO004261,2024-11-06 14:55:29,Tool Change,1.87,260,94254.1,Resolved,High
DTE005256,MCH0488,LIN023,FAC008,,MWO007097,2024-11-10 23:04:13,Material Shortage,4.48,707,517720.89,Resolved,High
DTE005257,MCH0083,LIN010,FAC004,FLR002693,MWO000228,2023-01-11 16:59:31,Material Shortage,1.59,294,351445.23,Resolved,High
DTE005258,MCH0484,LIN019,FAC007,,MWO008898,2025-03-09 18:42:40,Material Shortage,1.49,140,148034.77,Resolved,Low
DTE005259,MCH0560,LIN024,FAC008,,MWO010829,2026-02-06 02:57:33,Power Failure,1.67,214,122750.88,Open,Medium
DTE005260,MCH0075,LIN003,FAC001,,MWO007086,2024-05-04 12:39:31,Quality Hold,7.4,1252,597928.44,Resolved,Critical
DTE005261,MCH0589,LIN023,FAC008,FLR002002,MWO001229,2023-10-26 22:55:15,Tool Change,2.84,582,534315.59,Resolved,Medium
DTE005262,MCH0386,LIN012,FAC004,,MWO006637,2023-11-14 08:53:57,Tool Change,1.34,315,301299.03,Resolved,Low
DTE005263,MCH0320,LIN011,FAC004,,MWO004604,2023-10-29 07:20:42,Quality Hold,5.49,1308,961623.51,Resolved,High
DTE005264,MCH0410,LIN016,FAC006,,MWO009512,2023-09-28 01:42:17,Quality Hold,3.97,606,354517.28,Resolved,Medium
DTE005265,MCH0012,LIN030,FAC010,FLR002941,MWO000728,2025-01-26 06:04:52,Tool Change,7.14,1457,899418.74,Resolved,Medium
DTE005266,MCH0367,LIN007,FAC003,,MWO010940,2024-02-03 01:58:12,Material Shortage,5.1,1136,918303.79,Resolved,Medium
DTE005267,MCH0563,LIN001,FAC001,FLR000553,MWO001197,2023-04-07 05:55:32,Planned Maintenance,2.99,669,361819.86,Resolved,Medium
DTE005268,MCH0042,LIN016,FAC006,,MWO007964,2024-01-13 04:32:12,Power Failure,1.47,79,48246.58,Resolved,Low
DTE005269,MCH0279,LIN001,FAC001,FLR001873,MWO002712,2025-02-27 14:30:52,Material Shortage,0.81,175,95310.89,Resolved,Medium
DTE005270,MCH0600,LIN014,FAC005,,MWO007096,2023-11-16 10:03:08,Tool Change,2.41,294,312341.92,Resolved,Medium
DTE005271,MCH0280,LIN023,FAC008,,MWO007426,2024-03-18 04:53:40,Planned Maintenance,6.44,1102,988707.82,Resolved,Medium
DTE005272,MCH0188,LIN004,FAC002,FLR002668,MWO001634,2026-03-14 23:17:34,Tool Change,5.7,1104,890935.77,Resolved,High
DTE005273,MCH0152,LIN010,FAC004,FLR002191,MWO001899,2023-12-28 02:42:11,Power Failure,4.9,945,876657.87,Resolved,Medium
DTE005274,MCH0370,LIN029,FAC010,,MWO010359,2025-02-28 23:28:38,Power Failure,6.99,1182,1276138.28,Resolved,Medium
DTE005275,MCH0386,LIN012,FAC004,,MWO006279,2025-09-01 23:36:19,Material Shortage,2.7,479,545655.53,Resolved,Critical
DTE005276,MCH0471,LIN013,FAC005,,MWO009660,2023-09-26 11:10:12,Tool Change,2.05,425,73594.97,Resolved,High
DTE005277,MCH0562,LIN011,FAC004,,MWO006505,2024-10-12 19:41:56,Power Failure,1.22,247,113499.45,Resolved,Medium
DTE005278,MCH0271,LIN005,FAC002,FLR001209,MWO000233,2025-01-03 09:05:23,Material Shortage,1.19,61,53209.16,Resolved,Medium
DTE005279,MCH0300,LIN002,FAC001,,MWO009032,2024-05-06 21:24:20,Material Shortage,1.91,339,319498.03,Resolved,High
DTE005280,MCH0522,LIN024,FAC008,FLR001254,MWO002977,2025-08-05 19:53:37,Changeover,1.99,205,220454.57,Resolved,High
DTE005281,MCH0339,LIN019,FAC007,,MWO007985,2026-03-08 14:03:10,Material Shortage,6.17,937,867427.94,Resolved,Critical
DTE005282,MCH0289,LIN010,FAC004,,MWO010511,2026-03-22 16:48:12,Tool Change,5.17,832,287950.79,Resolved,Low
DTE005283,MCH0177,LIN009,FAC003,,MWO006346,2025-02-25 22:59:23,Material Shortage,4.08,917,601029.26,Resolved,Low
DTE005284,MCH0014,LIN029,FAC010,,MWO006052,2024-07-06 12:50:19,Power Failure,2.46,395,373670.51,Resolved,Medium
DTE005285,MCH0250,LIN007,FAC003,,MWO008214,2024-06-01 04:56:23,Tool Change,3.11,510,433762.18,Resolved,High
DTE005286,MCH0296,LIN026,FAC009,,MWO005863,2026-06-28 17:43:47,Power Failure,2.88,675,440178.04,Resolved,Medium
DTE005287,MCH0024,LIN022,FAC008,,MWO007643,2023-08-14 01:18:43,Power Failure,0.66,27,4079.49,Resolved,Low
DTE005288,MCH0335,LIN026,FAC009,FLR001347,MWO000927,2024-02-07 23:39:33,Quality Hold,1.05,181,105785.81,Resolved,Medium
DTE005289,MCH0566,LIN010,FAC004,,MWO005003,2026-04-26 04:21:05,Tool Change,1.68,130,77858.73,Resolved,Medium
DTE005290,MCH0055,LIN029,FAC010,,MWO010662,2024-12-31 04:39:29,Tool Change,1.16,193,55686.55,Resolved,Medium
DTE005291,MCH0363,LIN017,FAC006,FLR000428,MWO000151,2025-03-12 15:51:39,Changeover,1.72,103,82951.16,Resolved,High
DTE005292,MCH0172,LIN008,FAC003,,MWO007043,2023-09-12 22:52:33,Quality Hold,0.23,26,25560.23,Resolved,Medium
DTE005293,MCH0276,LIN012,FAC004,FLR001544,MWO001661,2025-08-25 15:19:58,Power Failure,4.31,615,400809.32,Open,High
DTE005294,MCH0073,LIN002,FAC001,,MWO010782,2025-04-26 18:32:50,Changeover,3.93,817,819300.61,Open,Critical
DTE005295,MCH0273,LIN002,FAC001,,MWO006017,2023-10-30 06:26:02,Tool Change,4.46,802,806278.38,Resolved,Low
DTE005296,MCH0185,LIN018,FAC006,FLR002734,MWO000912,2026-01-19 02:11:09,Material Shortage,1.96,107,97674.8,Resolved,High
DTE005297,MCH0488,LIN023,FAC008,,MWO004068,2023-11-20 01:14:47,Tool Change,10.4,1215,752529.73,Resolved,Critical
DTE005298,MCH0037,LIN022,FAC008,,MWO003974,2023-07-24 19:40:45,Tool Change,7.56,1091,740637.74,Resolved,Critical
DTE005299,MCH0503,LIN002,FAC001,FLR001335,MWO002843,2025-09-02 07:12:03,Tool Change,4.73,786,457224.06,Resolved,Low
DTE005300,MCH0040,LIN003,FAC001,,MWO005795,2025-10-26 05:10:30,Planned Maintenance,2.58,180,74279.8,Resolved,Medium
DTE005301,MCH0364,LIN029,FAC010,,MWO010490,2025-01-10 00:27:55,Planned Maintenance,1.53,116,54360.78,Resolved,Low
DTE005302,MCH0321,LIN029,FAC010,FLR001387,MWO002997,2025-01-13 19:41:46,Quality Hold,1.41,229,235652.62,Resolved,Medium
DTE005303,MCH0169,LIN003,FAC001,,MWO008328,2024-10-10 01:06:34,Material Shortage,12.09,724,186616.8,Resolved,Medium
DTE005304,MCH0237,LIN025,FAC009,,MWO003955,2024-10-04 00:05:50,Material Shortage,1.95,160,152435.47,Resolved,High
DTE005305,MCH0409,LIN021,FAC007,FLR000722,MWO001311,2024-06-04 15:38:10,Planned Maintenance,2.55,290,326487.89,Resolved,Medium
DTE005306,MCH0458,LIN007,FAC003,FLR001420,MWO001033,2024-05-26 17:39:52,Power Failure,0.59,71,20884.53,Resolved,Low
DTE005307,MCH0140,LIN013,FAC005,,MWO003230,2023-10-20 06:37:34,Changeover,5.7,733,458279.76,Resolved,Critical
DTE005308,MCH0324,LIN024,FAC008,,MWO010725,2024-04-02 08:31:31,Material Shortage,7.31,900,145541.31,Resolved,Critical
DTE005309,MCH0512,LIN030,FAC010,FLR001087,MWO001427,2023-07-10 02:52:17,Planned Maintenance,8.99,1659,647846.12,Resolved,High
DTE005310,MCH0414,LIN017,FAC006,,MWO010537,2024-09-23 11:17:24,Material Shortage,8.73,806,874865.13,Resolved,High
DTE005311,MCH0524,LIN016,FAC006,,MWO004174,2025-03-11 02:37:33,Quality Hold,4.51,264,70950.85,Resolved,High
DTE005312,MCH0449,LIN024,FAC008,FLR000656,MWO002161,2023-10-04 12:59:35,Power Failure,2.13,241,227856.66,Resolved,Medium
DTE005313,MCH0591,LIN016,FAC006,,MWO009692,2025-01-27 04:02:20,Quality Hold,0.86,55,28412.11,Open,High
DTE005314,MCH0442,LIN001,FAC001,,MWO004396,2024-02-26 05:36:53,Tool Change,2.8,541,634127.77,Resolved,Medium
DTE005315,MCH0267,LIN013,FAC005,,MWO005902,2025-07-07 08:18:28,Material Shortage,7.36,737,135077.5,Resolved,High
DTE005316,MCH0529,LIN014,FAC005,,MWO009152,2024-05-30 14:42:34,Material Shortage,1.07,231,155511.32,Resolved,Medium
DTE005317,MCH0574,LIN029,FAC010,FLR000634,MWO002401,2025-03-24 03:50:24,Power Failure,4.87,737,219375.05,Resolved,High
DTE005318,MCH0025,LIN017,FAC006,,MWO005792,2023-11-14 16:15:07,Quality Hold,1.76,212,165049.2,Resolved,Medium
DTE005319,MCH0390,LIN011,FAC004,,MWO010786,2025-11-12 03:57:20,Power Failure,3.47,327,282013.17,Resolved,Medium
DTE005320,MCH0031,LIN010,FAC004,,MWO011273,2023-06-13 06:24:22,Material Shortage,2.93,489,507620.36,Resolved,Critical
DTE005321,MCH0589,LIN023,FAC008,,MWO007012,2023-07-07 09:19:49,Material Shortage,1.17,157,46341.8,Resolved,High
DTE005322,MCH0291,LIN022,FAC008,,MWO006714,2025-11-25 18:17:41,Tool Change,6.93,1453,1609780.18,Resolved,Medium
DTE005323,MCH0543,LIN019,FAC007,FLR000843,MWO000296,2023-07-03 01:51:58,Planned Maintenance,2.33,442,171933.33,Resolved,Medium
DTE005324,MCH0410,LIN016,FAC006,,MWO008641,2026-06-13 00:38:46,Power Failure,3.07,646,767723.71,Resolved,Medium
DTE005325,MCH0425,LIN014,FAC005,FLR001360,MWO001811,2026-02-27 13:33:33,Material Shortage,0.53,64,57620.96,Resolved,Medium
DTE005326,MCH0069,LIN018,FAC006,FLR000291,MWO000516,2024-10-28 17:11:52,Quality Hold,7.07,370,162527.11,Resolved,High
DTE005327,MCH0189,LIN004,FAC002,,MWO010796,2025-10-13 09:12:40,Tool Change,0.93,194,66219.4,Resolved,Critical
DTE005328,MCH0551,LIN025,FAC009,,MWO009099,2026-06-30 18:51:22,Power Failure,4.37,280,238867.3,Open,Critical
DTE005329,MCH0262,LIN021,FAC007,,MWO011265,2025-01-30 12:33:55,Power Failure,1.97,268,74442.88,Resolved,Medium
DTE005330,MCH0004,LIN020,FAC007,,MWO008569,2024-04-28 06:59:44,Changeover,10.05,1618,1620431.02,Resolved,Critical
DTE005331,MCH0359,LIN019,FAC007,,MWO003240,2023-08-31 02:41:55,Planned Maintenance,0.49,79,67313.51,Resolved,High
DTE005332,MCH0023,LIN005,FAC002,,MWO005017,2024-04-03 01:39:04,Power Failure,4.79,733,691292.53,Resolved,Low
DTE005333,MCH0434,LIN011,FAC004,,MWO008389,2025-01-26 06:58:13,Planned Maintenance,6.13,1239,1048610.55,Resolved,Medium
DTE005334,MCH0207,LIN003,FAC001,,MWO004791,2024-08-20 05:10:56,Planned Maintenance,1.09,215,242084.38,Resolved,Medium
DTE005335,MCH0215,LIN014,FAC005,FLR000810,MWO001970,2024-12-13 02:14:16,Planned Maintenance,3.09,291,170738.76,Resolved,High
DTE005336,MCH0259,LIN026,FAC009,,MWO011190,2025-12-29 11:56:39,Changeover,7.1,583,489557.63,Resolved,High
DTE005337,MCH0416,LIN002,FAC001,,MWO010835,2025-02-23 14:05:57,Planned Maintenance,2.49,144,131929.73,Resolved,Medium
DTE005338,MCH0479,LIN007,FAC003,FLR002704,MWO002756,2023-10-15 05:44:47,Power Failure,1.57,139,80817.99,Resolved,Medium
DTE005339,MCH0241,LIN010,FAC004,,MWO010791,2023-09-22 11:11:17,Planned Maintenance,10.83,1190,1055910.95,Resolved,High
DTE005340,MCH0183,LIN025,FAC009,,MWO003573,2023-07-22 01:15:48,Material Shortage,0.31,24,9217.29,Resolved,Critical
DTE005341,MCH0311,LIN023,FAC008,,MWO004030,2026-04-28 22:16:51,Tool Change,1.85,223,43298.11,Open,Medium
DTE005342,MCH0006,LIN013,FAC005,,MWO008427,2025-10-02 07:14:52,Power Failure,7.7,1391,288252.3,Resolved,Critical
DTE005343,MCH0198,LIN003,FAC001,,MWO011639,2026-06-29 00:28:40,Changeover,2.55,459,537190.35,Resolved,Low
DTE005344,MCH0281,LIN027,FAC009,,MWO004650,2023-09-01 07:00:12,Tool Change,2.94,674,399782.09,Resolved,High
DTE005345,MCH0251,LIN017,FAC006,FLR000419,MWO001254,2024-08-28 07:57:59,Changeover,0.36,27,30935.83,Resolved,High
DTE005346,MCH0433,LIN022,FAC008,,MWO010655,2023-12-01 16:34:50,Quality Hold,1.72,99,97654.04,Resolved,Low
DTE005347,MCH0564,LIN015,FAC005,,MWO004620,2025-12-20 20:49:01,Power Failure,0.93,41,37672.49,Open,Medium
DTE005348,MCH0075,LIN003,FAC001,,MWO003102,2025-01-15 08:23:23,Material Shortage,0.32,27,31520.46,Resolved,High
DTE005349,MCH0176,LIN008,FAC003,,MWO005274,2024-10-20 09:08:51,Power Failure,2.2,339,238100.12,Resolved,Medium
DTE005350,MCH0420,LIN015,FAC005,,MWO011112,2026-05-22 21:42:01,Quality Hold,0.43,98,86851.77,Resolved,Low
DTE005351,MCH0103,LIN030,FAC010,,MWO004543,2023-03-31 00:13:19,Planned Maintenance,2.11,405,457371.12,Open,Medium
DTE005352,MCH0042,LIN016,FAC006,FLR002253,MWO001525,2024-12-03 03:57:20,Quality Hold,3.69,582,317156.59,Resolved,Low
DTE005353,MCH0562,LIN011,FAC004,,MWO010629,2024-09-25 21:25:09,Planned Maintenance,2.46,275,78340.56,Resolved,Medium
DTE005354,MCH0388,LIN011,FAC004,,MWO005168,2026-06-04 04:16:48,Power Failure,1.13,105,64385.11,Resolved,High
DTE005355,MCH0104,LIN004,FAC002,FLR001382,MWO000311,2025-02-14 11:53:24,Power Failure,8.21,782,344034.49,Resolved,Medium
DTE005356,MCH0302,LIN016,FAC006,FLR002302,MWO000085,2024-06-09 18:48:46,Tool Change,12.35,1989,1718416.34,Resolved,Medium
DTE005357,MCH0504,LIN008,FAC003,FLR000951,MWO000903,2023-04-30 01:32:08,Power Failure,1.77,329,136507.55,Resolved,Medium
DTE005358,MCH0550,LIN019,FAC007,,MWO003590,2025-01-25 15:32:47,Quality Hold,4.68,1121,688902.17,Resolved,Medium
DTE005359,MCH0413,LIN022,FAC008,,MWO005183,2025-07-30 05:36:14,Changeover,9.91,2273,1260256.62,Resolved,Medium
DTE005360,MCH0100,LIN014,FAC005,,MWO008291,2023-11-24 04:32:05,Power Failure,0.85,127,121175.48,Resolved,Low
DTE005361,MCH0075,LIN003,FAC001,FLR002180,MWO002846,2026-05-20 23:07:37,Material Shortage,1.48,235,127169.94,Resolved,Medium
DTE005362,MCH0528,LIN005,FAC002,FLR001164,MWO000779,2023-10-13 21:26:40,Material Shortage,2.94,200,68210.09,Resolved,Medium
DTE005363,MCH0226,LIN027,FAC009,,MWO011772,2025-04-16 18:00:16,Quality Hold,3.71,474,401424.98,Resolved,High
DTE005364,MCH0100,LIN014,FAC005,FLR002843,MWO001708,2024-12-02 06:22:14,Power Failure,2.72,625,246344.25,Resolved,Low
DTE005365,MCH0270,LIN013,FAC005,,MWO009499,2024-10-20 15:32:07,Changeover,1.61,77,65497.61,Open,Low
DTE005366,MCH0097,LIN022,FAC008,,MWO003061,2025-09-09 09:47:21,Tool Change,3.88,304,173124.82,Resolved,High
DTE005367,MCH0477,LIN007,FAC003,FLR001803,MWO002623,2025-04-22 10:48:17,Quality Hold,1.27,138,138567.88,Resolved,Medium
DTE005368,MCH0277,LIN001,FAC001,,MWO006313,2024-04-04 17:10:52,Planned Maintenance,2.34,98,78192.13,Resolved,High
DTE005369,MCH0242,LIN001,FAC001,FLR000307,MWO002649,2025-10-24 12:33:03,Planned Maintenance,6.4,585,540335.54,Open,High
DTE005370,MCH0347,LIN015,FAC005,,MWO008419,2024-05-10 22:04:34,Changeover,2.52,515,140944.78,Resolved,Low
DTE005371,MCH0104,LIN004,FAC002,FLR001098,MWO000277,2025-07-01 08:01:07,Changeover,5.5,649,549856.61,Resolved,High
DTE005372,MCH0466,LIN005,FAC002,FLR002913,MWO002373,2025-10-10 03:32:56,Quality Hold,9.61,1339,873180.78,Resolved,Medium
DTE005373,MCH0075,LIN003,FAC001,,MWO004028,2024-07-12 14:43:36,Planned Maintenance,2.8,138,65309.0,Resolved,High
DTE005374,MCH0465,LIN002,FAC001,FLR001027,MWO000636,2024-11-30 16:41:51,Material Shortage,2.56,343,63632.58,Resolved,High
DTE005375,MCH0172,LIN008,FAC003,FLR001729,MWO000949,2025-05-23 13:52:35,Power Failure,1.15,274,261766.01,Resolved,Medium
DTE005376,MCH0154,LIN006,FAC002,FLR000644,MWO002527,2024-02-04 03:29:14,Tool Change,1.06,119,22223.06,Resolved,High
DTE005377,MCH0599,LIN003,FAC001,,MWO010274,2025-07-09 14:04:30,Quality Hold,4.47,624,659313.65,Resolved,Critical
DTE005378,MCH0344,LIN019,FAC007,FLR002678,MWO001591,2023-09-28 18:19:06,Tool Change,0.05,7,4572.83,Resolved,High
DTE005379,MCH0022,LIN024,FAC008,,MWO009453,2025-06-03 07:49:49,Planned Maintenance,2.4,343,113731.97,Resolved,High
DTE005380,MCH0413,LIN022,FAC008,FLR002699,MWO002910,2023-04-15 00:18:32,Power Failure,0.25,47,7914.73,Resolved,Critical
DTE005381,MCH0199,LIN008,FAC003,,MWO008257,2023-01-09 12:37:07,Planned Maintenance,6.24,1058,1220772.7,Resolved,Critical
DTE005382,MCH0337,LIN028,FAC010,,MWO005537,2023-03-13 08:23:40,Planned Maintenance,1.42,101,111732.0,Resolved,Medium
DTE005383,MCH0170,LIN002,FAC001,,MWO009794,2025-12-16 20:42:19,Quality Hold,4.7,619,385176.12,Resolved,Medium
DTE005384,MCH0125,LIN008,FAC003,,MWO009136,2025-11-02 09:52:13,Tool Change,9.3,1375,415183.51,Resolved,High
DTE005385,MCH0555,LIN021,FAC007,FLR001804,MWO002231,2024-12-21 17:15:35,Material Shortage,2.99,138,75374.04,Resolved,High
DTE005386,MCH0247,LIN026,FAC009,,MWO009752,2024-06-17 14:19:30,Tool Change,2.64,380,326815.37,Resolved,Low
DTE005387,MCH0095,LIN022,FAC008,,MWO009834,2025-12-02 13:37:05,Tool Change,3.69,586,621522.38,Resolved,Medium
DTE005388,MCH0025,LIN017,FAC006,,MWO003199,2025-10-29 01:27:15,Tool Change,4.42,439,87458.88,Resolved,Medium
DTE005389,MCH0541,LIN019,FAC007,FLR002585,MWO002380,2025-05-26 07:04:33,Changeover,9.48,1868,553071.17,Open,Medium
DTE005390,MCH0396,LIN028,FAC010,,MWO004950,2024-05-01 06:29:09,Changeover,1.49,355,219656.59,Resolved,Medium
DTE005391,MCH0326,LIN026,FAC009,FLR001438,MWO002224,2024-02-07 03:16:24,Changeover,8.04,1659,837340.92,Resolved,High
DTE005392,MCH0600,LIN014,FAC005,,MWO009555,2023-02-07 02:46:20,Planned Maintenance,0.3,51,33071.66,Resolved,Medium
DTE005393,MCH0475,LIN003,FAC001,,MWO011746,2025-11-27 14:53:02,Quality Hold,2.48,141,133711.22,Resolved,Medium
DTE005394,MCH0148,LIN009,FAC003,,MWO006110,2025-05-12 19:49:14,Power Failure,3.38,216,178070.12,Resolved,Medium
DTE005395,MCH0347,LIN015,FAC005,FLR000760,MWO000922,2024-07-10 07:32:10,Power Failure,0.84,160,58948.67,Resolved,High
DTE005396,MCH0003,LIN025,FAC009,,MWO010249,2023-07-03 20:06:03,Tool Change,2.28,530,346593.87,Resolved,High
DTE005397,MCH0589,LIN023,FAC008,,MWO009436,2024-09-30 06:27:14,Planned Maintenance,1.62,265,169671.03,Resolved,Medium
DTE005398,MCH0333,LIN028,FAC010,,MWO006915,2023-11-23 04:13:49,Material Shortage,1.2,77,23334.33,Resolved,Medium
DTE005399,MCH0467,LIN027,FAC009,,MWO007976,2023-09-15 18:41:56,Power Failure,6.69,1395,1190776.25,Resolved,Medium
DTE005400,MCH0201,LIN006,FAC002,,MWO005426,2025-10-26 04:36:24,Planned Maintenance,1.29,190,40776.95,Resolved,Medium
DTE005401,MCH0443,LIN021,FAC007,,MWO006264,2026-01-21 02:02:55,Tool Change,2.93,285,152161.65,Resolved,Medium
DTE005402,MCH0410,LIN016,FAC006,,MWO009642,2025-07-12 09:07:43,Quality Hold,1.57,286,230226.29,Resolved,Critical
DTE005403,MCH0561,LIN029,FAC010,,MWO007237,2023-12-13 13:12:27,Material Shortage,15.17,2339,1374296.16,Open,Low
DTE005404,MCH0341,LIN006,FAC002,,MWO004383,2026-04-30 15:07:10,Quality Hold,5.38,1223,219964.1,Resolved,Medium
DTE005405,MCH0425,LIN014,FAC005,,MWO010075,2023-09-24 11:32:57,Tool Change,10.0,1901,1126434.2,Resolved,Medium
DTE005406,MCH0416,LIN002,FAC001,,MWO006328,2026-02-09 12:59:06,Material Shortage,5.12,368,246297.61,Open,Medium
DTE005407,MCH0573,LIN004,FAC002,,MWO003197,2026-02-15 18:04:09,Changeover,4.66,277,58667.87,Open,Medium
DTE005408,MCH0295,LIN020,FAC007,,MWO008878,2024-12-20 20:58:22,Changeover,2.58,181,198605.12,Resolved,Medium
DTE005409,MCH0416,LIN002,FAC001,,MWO004749,2024-12-31 09:49:55,Material Shortage,0.66,106,30710.11,Resolved,Medium
DTE005410,MCH0044,LIN012,FAC004,FLR000581,MWO001906,2024-11-10 10:21:40,Changeover,8.0,448,180808.9,Resolved,Low
DTE005411,MCH0366,LIN019,FAC007,,MWO005025,2023-12-15 13:02:06,Quality Hold,2.82,123,30968.89,Resolved,Critical
DTE005412,MCH0005,LIN010,FAC004,,MWO010866,2023-04-21 02:44:36,Changeover,4.33,621,638945.49,Resolved,Medium
DTE005413,MCH0251,LIN017,FAC006,,MWO010059,2025-07-02 10:35:03,Material Shortage,12.26,2659,3103903.63,Resolved,Medium
DTE005414,MCH0098,LIN002,FAC001,FLR001521,MWO002185,2025-06-16 10:13:34,Power Failure,2.16,173,153185.58,Resolved,High
DTE005415,MCH0238,LIN007,FAC003,,MWO004040,2023-02-13 08:30:53,Material Shortage,8.43,1853,1964392.36,Open,High
DTE005416,MCH0107,LIN010,FAC004,FLR002860,MWO000078,2024-09-16 18:16:50,Quality Hold,4.68,996,737336.52,Resolved,Medium
DTE005417,MCH0482,LIN024,FAC008,,MWO005837,2023-09-14 16:00:19,Planned Maintenance,2.94,705,383151.99,Resolved,Medium
DTE005418,MCH0183,LIN025,FAC009,,MWO007650,2024-04-09 09:38:19,Tool Change,2.72,281,253944.65,Open,High
DTE005419,MCH0592,LIN023,FAC008,FLR000940,MWO000854,2025-12-13 18:03:46,Material Shortage,6.31,823,752198.47,Resolved,High
DTE005420,MCH0156,LIN017,FAC006,,MWO006552,2023-04-24 09:48:02,Changeover,4.18,348,118279.19,Resolved,High
DTE005421,MCH0190,LIN002,FAC001,FLR000999,MWO000330,2024-05-03 06:15:08,Material Shortage,2.36,282,321454.98,Resolved,Medium
DTE005422,MCH0325,LIN011,FAC004,FLR000099,MWO002314,2025-10-16 20:54:56,Power Failure,3.43,719,681099.61,Resolved,Low
DTE005423,MCH0496,LIN024,FAC008,,MWO007331,2024-05-02 13:43:33,Changeover,3.97,613,556233.11,Open,Medium
DTE005424,MCH0046,LIN029,FAC010,,MWO003970,2024-03-26 11:55:00,Tool Change,5.29,944,199462.67,Open,Medium
DTE005425,MCH0422,LIN002,FAC001,FLR000612,MWO000911,2024-03-27 21:48:54,Quality Hold,3.09,657,226233.59,Resolved,Low
DTE005426,MCH0521,LIN019,FAC007,FLR002671,MWO002507,2024-02-04 10:34:43,Tool Change,12.56,2238,446179.32,Open,High
DTE005427,MCH0258,LIN026,FAC009,FLR000535,MWO000423,2023-12-19 03:46:15,Planned Maintenance,4.38,360,369204.22,Resolved,High
DTE005428,MCH0123,LIN019,FAC007,FLR000048,MWO001042,2025-03-01 18:27:42,Changeover,3.23,649,604704.19,Resolved,Critical
DTE005429,MCH0582,LIN013,FAC005,,MWO006995,2026-01-05 15:07:05,Tool Change,1.25,124,136755.36,Resolved,High
DTE005430,MCH0366,LIN019,FAC007,,MWO008983,2023-02-10 05:12:19,Material Shortage,2.76,128,58249.25,Resolved,Medium
DTE005431,MCH0057,LIN020,FAC007,,MWO009148,2024-01-06 14:50:08,Planned Maintenance,1.08,175,89339.03,Resolved,Medium
DTE005432,MCH0574,LIN029,FAC010,,MWO003137,2023-05-29 09:04:59,Tool Change,2.37,249,150216.07,Open,High
DTE005433,MCH0240,LIN015,FAC005,,MWO008034,2024-03-25 16:32:20,Changeover,3.5,546,533234.99,Resolved,High
DTE005434,MCH0492,LIN009,FAC003,,MWO005590,2023-12-22 11:08:48,Material Shortage,3.33,450,538492.29,Resolved,High
DTE005435,MCH0047,LIN026,FAC009,FLR002072,MWO001291,2025-05-05 13:14:06,Tool Change,2.15,146,138725.56,Resolved,High
DTE005436,MCH0206,LIN007,FAC003,,MWO003094,2024-06-06 22:44:05,Material Shortage,3.73,421,199461.63,Resolved,Medium
DTE005437,MCH0502,LIN011,FAC004,,MWO009413,2026-03-28 04:39:12,Changeover,0.86,43,13936.68,Resolved,Low
DTE005438,MCH0153,LIN017,FAC006,,MWO006055,2024-10-20 02:16:29,Material Shortage,3.75,743,636426.74,Resolved,Medium
DTE005439,MCH0401,LIN015,FAC005,,MWO004136,2026-01-16 00:02:21,Power Failure,5.91,432,276386.63,Resolved,Medium
DTE005440,MCH0161,LIN008,FAC003,FLR000465,MWO001710,2023-09-16 04:39:37,Changeover,1.36,130,45987.02,Resolved,Medium
DTE005441,MCH0408,LIN009,FAC003,,MWO011367,2024-03-25 18:47:26,Changeover,6.35,1337,520788.86,Resolved,Medium
DTE005442,MCH0215,LIN014,FAC005,FLR000016,MWO002892,2023-01-05 22:02:56,Quality Hold,3.75,235,45843.13,Resolved,Critical
DTE005443,MCH0057,LIN020,FAC007,FLR002050,MWO000375,2025-08-22 22:01:43,Power Failure,0.94,83,72341.53,Open,Critical
DTE005444,MCH0386,LIN012,FAC004,,MWO008018,2024-02-23 08:39:22,Material Shortage,2.45,393,348328.2,Resolved,Medium
DTE005445,MCH0334,LIN018,FAC006,FLR002452,MWO002775,2023-07-16 07:03:46,Material Shortage,2.02,317,58378.46,Resolved,High
DTE005446,MCH0246,LIN029,FAC010,,MWO006302,2025-09-16 06:13:42,Quality Hold,1.85,181,122519.21,Resolved,Medium
DTE005447,MCH0154,LIN006,FAC002,,MWO003949,2025-10-03 05:29:07,Planned Maintenance,1.34,87,40283.09,Resolved,High
DTE005448,MCH0318,LIN006,FAC002,,MWO011200,2024-03-09 05:18:13,Quality Hold,8.74,424,223893.48,Resolved,High
DTE005449,MCH0146,LIN004,FAC002,,MWO008676,2025-01-31 22:30:16,Power Failure,1.19,254,150416.95,Resolved,Medium
DTE005450,MCH0132,LIN018,FAC006,,MWO009719,2025-12-11 03:21:06,Changeover,4.4,514,308465.71,Resolved,Medium
DTE005451,MCH0324,LIN024,FAC008,,MWO007887,2024-07-02 06:07:57,Material Shortage,2.78,279,153704.07,Open,High
DTE005452,MCH0119,LIN019,FAC007,,MWO003371,2026-02-20 17:56:36,Changeover,0.54,126,105583.79,Resolved,Critical
DTE005453,MCH0097,LIN022,FAC008,FLR002942,MWO000101,2023-06-03 17:32:24,Quality Hold,1.21,146,135661.41,Resolved,High
DTE005454,MCH0598,LIN029,FAC010,FLR002971,MWO002818,2026-03-22 13:23:42,Quality Hold,3.33,302,187766.46,Resolved,Medium
DTE005455,MCH0398,LIN029,FAC010,FLR001548,MWO001093,2024-05-20 18:21:24,Power Failure,1.84,173,191944.12,Resolved,Low
DTE005456,MCH0217,LIN009,FAC003,,MWO004741,2024-08-29 20:31:07,Tool Change,4.14,815,196951.88,Resolved,Medium
DTE005457,MCH0017,LIN015,FAC005,,MWO005515,2025-08-24 15:48:52,Quality Hold,6.56,909,640295.62,Resolved,High
DTE005458,MCH0525,LIN017,FAC006,FLR001340,MWO002701,2024-07-09 05:50:57,Material Shortage,12.73,1468,973179.67,Resolved,Medium
DTE005459,MCH0505,LIN023,FAC008,,MWO006641,2024-04-11 10:26:59,Tool Change,2.21,95,113619.98,Resolved,High
DTE005460,MCH0178,LIN023,FAC008,,MWO006944,2023-04-09 10:27:51,Changeover,7.5,906,621730.34,Resolved,Medium
DTE005461,MCH0524,LIN016,FAC006,FLR001877,MWO002269,2024-11-12 12:49:25,Tool Change,1.4,333,293360.01,Open,High
DTE005462,MCH0110,LIN002,FAC001,,MWO011320,2023-12-15 05:00:10,Power Failure,3.38,290,171679.52,Resolved,Medium
DTE005463,MCH0498,LIN011,FAC004,,MWO005236,2026-02-20 17:26:20,Changeover,1.22,86,41392.24,Resolved,High
DTE005464,MCH0158,LIN027,FAC009,,MWO010292,2026-06-27 12:05:04,Power Failure,2.28,482,418600.35,Resolved,Critical
DTE005465,MCH0484,LIN019,FAC007,,MWO009162,2025-01-09 23:35:50,Material Shortage,1.01,79,92689.25,Resolved,High
DTE005466,MCH0514,LIN029,FAC010,,MWO006599,2025-02-19 01:41:54,Planned Maintenance,7.53,791,774157.72,Resolved,High
DTE005467,MCH0245,LIN030,FAC010,,MWO005251,2024-09-12 16:15:56,Material Shortage,5.7,1076,887642.45,Resolved,High
DTE005468,MCH0455,LIN030,FAC010,,MWO009697,2023-10-14 23:05:14,Changeover,1.26,207,128518.21,Resolved,Medium
DTE005469,MCH0180,LIN011,FAC004,,MWO006841,2025-04-26 07:18:31,Material Shortage,7.5,1490,1715101.34,Resolved,High
DTE005470,MCH0536,LIN030,FAC010,,MWO006378,2023-08-29 04:35:26,Material Shortage,5.24,541,527886.22,Resolved,High
DTE005471,MCH0007,LIN021,FAC007,,MWO010519,2026-02-12 15:11:53,Power Failure,4.78,851,967766.01,Resolved,High
DTE005472,MCH0592,LIN023,FAC008,,MWO003976,2025-09-14 06:48:43,Tool Change,3.8,609,470039.29,Resolved,Critical
DTE005473,MCH0216,LIN028,FAC010,,MWO005481,2023-01-29 22:06:05,Power Failure,1.19,163,172040.15,Resolved,Medium
DTE005474,MCH0205,LIN030,FAC010,,MWO004910,2024-03-05 04:57:51,Tool Change,6.59,651,616364.28,Resolved,Medium
DTE005475,MCH0377,LIN009,FAC003,FLR002559,MWO002833,2025-04-10 20:32:50,Power Failure,1.53,291,173754.97,Resolved,Low
DTE005476,MCH0555,LIN021,FAC007,FLR002504,MWO002038,2025-07-21 16:35:52,Changeover,4.13,195,65728.46,Resolved,High
DTE005477,MCH0229,LIN014,FAC005,,MWO007777,2024-11-03 10:16:16,Quality Hold,3.34,696,281436.31,Resolved,High
DTE005478,MCH0567,LIN016,FAC006,,MWO010323,2023-05-05 12:52:25,Quality Hold,0.28,27,13477.19,Resolved,Medium
DTE005479,MCH0134,LIN006,FAC002,FLR001492,MWO002412,2025-03-30 05:34:07,Material Shortage,0.96,53,31859.69,Resolved,Medium
DTE005480,MCH0440,LIN027,FAC009,FLR001066,MWO001621,2024-07-16 04:58:22,Changeover,6.15,915,299955.94,Resolved,Low
DTE005481,MCH0534,LIN027,FAC009,FLR002403,MWO000130,2024-02-18 18:15:05,Changeover,2.16,186,169726.63,Resolved,Medium
DTE005482,MCH0581,LIN004,FAC002,FLR001171,MWO002761,2026-01-04 05:37:24,Quality Hold,1.09,143,110917.91,Resolved,Critical
DTE005483,MCH0226,LIN027,FAC009,FLR001376,MWO001041,2025-07-22 02:04:10,Tool Change,1.24,270,315491.2,Resolved,Low
DTE005484,MCH0455,LIN030,FAC010,,MWO004137,2025-11-02 16:41:13,Power Failure,1.01,86,63573.21,Resolved,High
DTE005485,MCH0065,LIN005,FAC002,,MWO006348,2023-11-15 22:27:07,Tool Change,6.63,453,163591.38,Resolved,High
DTE005486,MCH0396,LIN028,FAC010,FLR001475,MWO000266,2023-07-24 11:49:14,Tool Change,0.43,38,31732.37,Resolved,High
DTE005487,MCH0347,LIN015,FAC005,FLR001153,MWO001770,2024-09-13 21:45:27,Planned Maintenance,7.55,501,459864.22,Resolved,Medium
DTE005488,MCH0586,LIN014,FAC005,FLR000341,MWO000281,2025-03-23 21:08:05,Quality Hold,6.53,1462,1276052.59,Resolved,Medium
DTE005489,MCH0549,LIN013,FAC005,FLR002340,MWO001509,2023-04-07 13:07:54,Planned Maintenance,0.38,40,29976.38,Resolved,High
DTE005490,MCH0177,LIN009,FAC003,,MWO004206,2024-11-05 23:15:46,Power Failure,2.61,535,84507.05,Resolved,High
DTE005491,MCH0045,LIN029,FAC010,,MWO004509,2023-11-09 12:15:58,Tool Change,4.13,881,328127.11,Resolved,High
DTE005492,MCH0142,LIN023,FAC008,,MWO005718,2025-12-16 23:51:33,Planned Maintenance,1.74,155,46834.96,Resolved,High
DTE005493,MCH0157,LIN029,FAC010,,MWO008025,2023-01-05 22:28:45,Power Failure,5.38,1188,463380.06,Resolved,High
DTE005494,MCH0108,LIN027,FAC009,,MWO005696,2024-11-19 18:21:28,Tool Change,1.94,239,194890.73,Resolved,High
DTE005495,MCH0334,LIN018,FAC006,FLR001389,MWO000701,2024-10-31 21:05:05,Material Shortage,2.15,311,63900.72,Resolved,Low
DTE005496,MCH0597,LIN012,FAC004,FLR000485,MWO000467,2025-09-05 23:33:53,Changeover,1.0,124,129370.6,Resolved,Low
DTE005497,MCH0289,LIN010,FAC004,FLR001569,MWO000474,2024-08-08 09:33:44,Tool Change,0.86,125,140925.71,Resolved,Medium
DTE005498,MCH0241,LIN010,FAC004,,MWO009196,2023-03-04 13:43:33,Quality Hold,2.83,570,551822.41,Resolved,High
DTE005499,MCH0362,LIN007,FAC003,,MWO004117,2025-07-17 18:09:26,Material Shortage,1.73,329,224783.02,Resolved,Medium
DTE005500,MCH0549,LIN013,FAC005,FLR001384,MWO001799,2023-05-07 19:14:00,Planned Maintenance,8.47,615,574258.08,Resolved,High
DTE005501,MCH0001,LIN020,FAC007,,MWO008971,2023-03-04 00:06:41,Planned Maintenance,3.49,394,193080.31,Resolved,Low
DTE005502,MCH0059,LIN012,FAC004,,MWO011558,2026-06-26 16:20:54,Power Failure,3.11,495,519316.02,Resolved,High
DTE005503,MCH0013,LIN023,FAC008,FLR000213,MWO001797,2026-01-03 21:38:32,Material Shortage,2.85,254,95328.23,Resolved,High
DTE005504,MCH0404,LIN007,FAC003,,MWO004440,2023-03-01 11:57:02,Quality Hold,2.68,544,372733.49,Resolved,Critical
DTE005505,MCH0322,LIN010,FAC004,FLR002778,MWO000359,2025-12-17 20:59:54,Planned Maintenance,9.55,1352,1016838.5,Resolved,Medium
DTE005506,MCH0057,LIN020,FAC007,,MWO010226,2024-05-23 21:24:54,Planned Maintenance,3.19,378,284524.86,Resolved,Critical
DTE005507,MCH0449,LIN024,FAC008,,MWO009959,2026-01-07 02:53:47,Power Failure,10.35,1324,559805.94,Resolved,Low
DTE005508,MCH0220,LIN023,FAC008,,MWO007627,2025-04-24 07:35:45,Tool Change,1.71,179,88417.65,Resolved,Medium
DTE005509,MCH0060,LIN022,FAC008,FLR001386,MWO002582,2025-02-14 10:46:52,Material Shortage,0.84,196,179737.79,Resolved,High
DTE005510,MCH0416,LIN002,FAC001,,MWO009268,2024-03-06 19:42:24,Planned Maintenance,3.12,685,354008.65,Resolved,Medium
DTE005511,MCH0496,LIN024,FAC008,,MWO009463,2026-01-09 03:50:48,Changeover,9.24,2049,1059416.85,Resolved,High
DTE005512,MCH0114,LIN004,FAC002,FLR000130,MWO002769,2023-09-22 11:44:30,Material Shortage,3.18,176,110803.3,Resolved,Medium
DTE005513,MCH0494,LIN001,FAC001,,MWO004213,2024-04-25 19:03:07,Changeover,1.33,190,50154.73,Resolved,Medium
DTE005514,MCH0474,LIN003,FAC001,,MWO011527,2026-05-12 00:55:40,Quality Hold,2.55,312,374160.87,Resolved,High
DTE005515,MCH0542,LIN004,FAC002,,MWO003867,2024-12-19 16:28:44,Tool Change,2.57,418,243813.51,Resolved,Medium
DTE005516,MCH0169,LIN003,FAC001,FLR001140,MWO002548,2025-04-02 14:32:09,Quality Hold,0.69,159,140770.4,Resolved,Medium
DTE005517,MCH0483,LIN029,FAC010,,MWO008645,2025-08-09 22:27:14,Power Failure,0.72,45,20007.92,Resolved,High
DTE005518,MCH0114,LIN004,FAC002,FLR000164,MWO002212,2023-12-31 17:38:09,Quality Hold,1.15,248,76635.8,Resolved,Medium
DTE005519,MCH0461,LIN007,FAC003,,MWO007359,2023-02-18 13:45:22,Quality Hold,2.58,120,100145.61,Open,Medium
DTE005520,MCH0597,LIN012,FAC004,,MWO004937,2026-04-30 13:56:20,Planned Maintenance,3.51,564,626029.71,Resolved,High
DTE005521,MCH0472,LIN011,FAC004,,MWO009408,2023-04-14 22:08:35,Tool Change,2.52,355,87445.47,Resolved,Medium
DTE005522,MCH0267,LIN013,FAC005,,MWO006478,2023-09-26 16:14:01,Changeover,1.02,62,72706.89,Open,Medium
DTE005523,MCH0111,LIN012,FAC004,,MWO009513,2023-02-28 12:50:08,Planned Maintenance,4.35,790,265073.26,Resolved,Critical
DTE005524,MCH0061,LIN026,FAC009,,MWO008442,2026-04-09 10:37:40,Quality Hold,1.42,67,11753.59,Resolved,Medium
DTE005525,MCH0030,LIN022,FAC008,,MWO008042,2025-04-02 06:02:58,Material Shortage,7.07,1406,603116.95,Resolved,Medium
DTE005526,MCH0340,LIN012,FAC004,,MWO003215,2025-09-02 09:50:18,Quality Hold,1.33,281,67655.76,Resolved,Low
DTE005527,MCH0109,LIN018,FAC006,,MWO006342,2025-03-17 05:43:25,Quality Hold,5.32,1152,646436.57,Resolved,Critical
DTE005528,MCH0077,LIN003,FAC001,FLR001159,MWO001598,2025-05-06 22:17:09,Material Shortage,7.0,864,361208.33,Resolved,Critical
DTE005529,MCH0188,LIN004,FAC002,,MWO004764,2024-03-04 02:30:59,Planned Maintenance,1.88,271,189905.4,Resolved,Medium
DTE005530,MCH0282,LIN001,FAC001,,MWO008137,2025-08-18 01:54:45,Material Shortage,2.37,359,150082.98,Resolved,Medium
DTE005531,MCH0308,LIN025,FAC009,,MWO010913,2026-04-12 16:50:31,Changeover,3.62,226,255009.91,Resolved,Medium
DTE005532,MCH0215,LIN014,FAC005,FLR000810,MWO001970,2024-12-13 02:14:16,Quality Hold,3.88,330,215443.65,Resolved,Medium
DTE005533,MCH0283,LIN027,FAC009,,MWO003762,2025-07-03 12:56:20,Material Shortage,3.23,191,126673.37,Resolved,High
DTE005534,MCH0468,LIN030,FAC010,FLR001237,MWO001416,2026-06-08 22:03:09,Tool Change,1.14,263,244770.88,Resolved,Critical
DTE005535,MCH0209,LIN030,FAC010,FLR000609,MWO000907,2024-11-15 04:20:54,Power Failure,3.78,805,135735.21,Resolved,High
DTE005536,MCH0390,LIN011,FAC004,FLR002158,MWO002328,2024-11-19 19:58:04,Planned Maintenance,2.36,155,177083.09,Resolved,Low
DTE005537,MCH0341,LIN006,FAC002,FLR000351,MWO001966,2023-07-30 20:27:14,Power Failure,3.25,481,297801.8,Resolved,High
DTE005538,MCH0510,LIN023,FAC008,,MWO011081,2025-11-15 09:59:16,Quality Hold,2.81,348,382760.13,Resolved,Medium
DTE005539,MCH0160,LIN018,FAC006,FLR000036,MWO002313,2026-06-25 05:42:54,Changeover,0.62,72,64713.58,Resolved,High
DTE005540,MCH0494,LIN001,FAC001,FLR000769,MWO002877,2023-01-18 05:46:55,Power Failure,0.63,86,30023.95,Resolved,Medium
DTE005541,MCH0346,LIN015,FAC005,,MWO004127,2023-10-03 13:15:53,Planned Maintenance,0.09,17,5922.58,Resolved,Medium
DTE005542,MCH0127,LIN004,FAC002,,MWO004625,2025-12-09 18:38:01,Planned Maintenance,1.49,336,256765.48,Resolved,Medium
DTE005543,MCH0138,LIN003,FAC001,,MWO008845,2025-01-22 10:04:49,Quality Hold,1.19,172,105341.89,Resolved,High
DTE005544,MCH0095,LIN022,FAC008,,MWO010463,2023-04-07 02:14:30,Quality Hold,2.82,577,232843.95,Resolved,High
DTE005545,MCH0270,LIN013,FAC005,,MWO007526,2023-12-20 14:03:55,Planned Maintenance,4.54,251,92568.84,Resolved,High
DTE005546,MCH0450,LIN022,FAC008,,MWO007592,2025-03-25 15:01:47,Changeover,3.54,515,413216.52,Resolved,Medium
DTE005547,MCH0304,LIN026,FAC009,,MWO007148,2025-03-14 17:02:09,Changeover,3.39,372,279498.0,Resolved,High
DTE005548,MCH0450,LIN022,FAC008,FLR001278,MWO000176,2025-02-19 06:22:10,Quality Hold,2.73,185,72102.49,Resolved,Low
DTE005549,MCH0061,LIN026,FAC009,,MWO004026,2026-01-14 05:28:56,Tool Change,2.89,591,473851.97,Resolved,High
DTE005550,MCH0114,LIN004,FAC002,,MWO008981,2026-04-14 07:38:11,Tool Change,1.79,411,430181.62,Resolved,Medium
DTE005551,MCH0509,LIN021,FAC007,,MWO011922,2026-05-30 09:11:25,Changeover,0.46,80,69237.74,Open,High
DTE005552,MCH0021,LIN007,FAC003,FLR002198,MWO002254,2026-05-20 10:20:24,Planned Maintenance,1.04,239,196239.73,Resolved,Medium
DTE005553,MCH0084,LIN022,FAC008,,MWO009409,2025-02-23 09:26:37,Planned Maintenance,4.88,219,72464.57,Resolved,Medium
DTE005554,MCH0145,LIN010,FAC004,,MWO005781,2023-03-14 01:38:38,Material Shortage,4.67,714,718330.01,Resolved,Critical
DTE005555,MCH0291,LIN022,FAC008,FLR002480,MWO000611,2026-02-12 14:19:37,Quality Hold,0.66,134,155272.67,Resolved,High
DTE005556,MCH0472,LIN011,FAC004,,MWO003038,2025-09-18 04:32:57,Power Failure,2.32,520,374645.59,Resolved,Low
DTE005557,MCH0318,LIN006,FAC002,,MWO007377,2025-12-15 08:32:21,Quality Hold,1.72,148,109755.36,Resolved,Critical
DTE005558,MCH0027,LIN014,FAC005,,MWO010497,2026-06-27 01:49:58,Planned Maintenance,0.57,33,24250.88,Resolved,Medium
DTE005559,MCH0522,LIN024,FAC008,FLR001254,MWO002977,2025-08-05 19:53:37,Changeover,6.34,609,161427.24,Resolved,Critical
DTE005560,MCH0112,LIN003,FAC001,,MWO003203,2024-05-04 12:51:07,Planned Maintenance,0.98,112,49319.5,Resolved,Medium
DTE005561,MCH0195,LIN014,FAC005,,MWO003977,2025-11-09 22:35:25,Tool Change,1.93,208,186312.73,Resolved,Critical
DTE005562,MCH0396,LIN028,FAC010,,MWO004692,2024-11-10 18:30:52,Tool Change,2.19,301,278521.16,Resolved,High
DTE005563,MCH0595,LIN028,FAC010,,MWO005842,2024-06-10 01:23:06,Material Shortage,2.61,399,218550.42,Resolved,Critical
DTE005564,MCH0064,LIN025,FAC009,FLR001646,MWO000255,2023-05-03 18:06:21,Planned Maintenance,2.16,230,216732.86,Resolved,Critical
DTE005565,MCH0397,LIN010,FAC004,FLR000294,MWO002579,2024-08-05 13:02:08,Quality Hold,7.38,1226,1400999.74,Resolved,High
DTE005566,MCH0539,LIN017,FAC006,,MWO006175,2023-04-07 19:13:37,Tool Change,4.75,741,484531.77,Resolved,Medium
DTE005567,MCH0485,LIN007,FAC003,FLR002616,MWO001628,2026-04-12 13:44:18,Quality Hold,4.04,393,102510.14,Resolved,Medium
DTE005568,MCH0296,LIN026,FAC009,FLR000834,MWO000770,2026-05-01 15:49:00,Changeover,0.15,9,5100.79,Resolved,Medium
DTE005569,MCH0443,LIN021,FAC007,,MWO003454,2023-02-05 06:43:36,Power Failure,2.73,146,165860.93,Resolved,High
DTE005570,MCH0586,LIN014,FAC005,,MWO004818,2025-08-02 06:18:09,Planned Maintenance,1.95,159,83300.47,Resolved,Critical
DTE005571,MCH0285,LIN007,FAC003,FLR001993,MWO001162,2024-01-12 05:25:34,Tool Change,2.13,427,376587.14,Resolved,Medium
DTE005572,MCH0103,LIN030,FAC010,,MWO006669,2023-01-15 17:33:22,Power Failure,8.01,627,145877.69,Resolved,Medium
DTE005573,MCH0017,LIN015,FAC005,,MWO010343,2023-01-12 02:15:58,Quality Hold,7.1,1309,808269.18,Resolved,Critical
DTE005574,MCH0018,LIN026,FAC009,,MWO007538,2023-11-27 08:48:10,Changeover,5.57,818,922625.07,Resolved,Medium
DTE005575,MCH0118,LIN016,FAC006,FLR001482,MWO000383,2026-03-14 14:13:12,Material Shortage,2.0,175,113447.16,Resolved,Medium
DTE005576,MCH0571,LIN020,FAC007,,MWO003763,2025-10-24 15:52:42,Material Shortage,2.83,577,489239.49,Resolved,Low
DTE005577,MCH0458,LIN007,FAC003,,MWO010615,2023-09-01 23:49:27,Tool Change,0.74,87,52344.86,Resolved,Low
DTE005578,MCH0334,LIN018,FAC006,,MWO009354,2025-08-25 08:14:05,Quality Hold,7.52,1447,450511.19,Resolved,High
DTE005579,MCH0194,LIN015,FAC005,,MWO006937,2023-01-02 02:18:29,Power Failure,6.77,655,261033.01,Resolved,Low
DTE005580,MCH0468,LIN030,FAC010,,MWO009263,2026-02-18 06:26:46,Planned Maintenance,1.06,237,239393.78,Resolved,High
DTE005581,MCH0358,LIN027,FAC009,FLR002228,MWO002388,2025-12-12 15:02:34,Planned Maintenance,0.88,111,20114.61,Resolved,Medium
DTE005582,MCH0415,LIN008,FAC003,FLR000093,MWO001118,2025-04-01 17:13:58,Tool Change,5.88,808,480029.84,Resolved,Medium
DTE005583,MCH0005,LIN010,FAC004,,MWO010204,2023-03-09 11:50:00,Material Shortage,3.97,768,827977.01,Resolved,Medium
DTE005584,MCH0271,LIN005,FAC002,FLR001933,MWO002535,2024-03-29 20:15:17,Quality Hold,6.06,971,1041105.51,Resolved,High
DTE005585,MCH0043,LIN023,FAC008,,MWO010682,2026-04-28 02:56:59,Planned Maintenance,1.61,171,109875.02,Resolved,Medium
DTE005586,MCH0176,LIN008,FAC003,,MWO008501,2025-04-08 03:52:23,Quality Hold,0.52,55,33507.04,Open,Low
DTE005587,MCH0098,LIN002,FAC001,FLR000964,MWO001921,2023-01-07 19:55:36,Material Shortage,2.22,237,233183.63,Resolved,Critical
DTE005588,MCH0404,LIN007,FAC003,FLR000901,MWO002970,2026-01-06 01:07:54,Material Shortage,2.36,379,259272.77,Resolved,Medium
DTE005589,MCH0406,LIN002,FAC001,FLR002664,MWO002419,2024-10-15 18:17:49,Planned Maintenance,7.17,515,585651.95,Resolved,Medium
DTE005590,MCH0036,LIN014,FAC005,,MWO010875,2023-09-07 05:29:43,Material Shortage,1.72,263,283144.21,Resolved,Medium
DTE005591,MCH0436,LIN013,FAC005,,MWO006605,2023-08-17 11:20:37,Planned Maintenance,5.79,1179,1009282.31,Resolved,Medium
DTE005592,MCH0600,LIN014,FAC005,FLR000108,MWO000149,2025-07-19 17:10:35,Material Shortage,0.33,68,36682.77,Resolved,Low
DTE005593,MCH0598,LIN029,FAC010,FLR002971,MWO000430,2026-03-22 12:56:18,Material Shortage,1.09,132,56715.13,Resolved,Medium
DTE005594,MCH0376,LIN005,FAC002,,MWO005790,2026-01-28 02:48:39,Planned Maintenance,1.84,401,428568.35,Resolved,Medium
DTE005595,MCH0284,LIN006,FAC002,,MWO010717,2023-12-10 20:55:46,Power Failure,3.86,542,510708.44,Resolved,Low
DTE005596,MCH0364,LIN029,FAC010,,MWO008629,2024-06-13 12:28:08,Planned Maintenance,3.14,346,258652.52,Open,Medium
DTE005597,MCH0078,LIN001,FAC001,FLR002269,MWO000831,2026-05-04 08:25:01,Material Shortage,1.59,111,31350.2,Resolved,Medium
DTE005598,MCH0434,LIN011,FAC004,,MWO004236,2025-02-05 01:11:36,Quality Hold,3.44,485,303140.89,Resolved,Critical
DTE005599,MCH0585,LIN026,FAC009,,MWO009371,2023-04-28 07:05:02,Changeover,4.2,391,66653.9,Resolved,Medium
DTE005600,MCH0164,LIN029,FAC010,FLR000109,MWO000688,2023-07-29 00:20:32,Changeover,3.24,703,228438.24,Resolved,High
DTE005601,MCH0508,LIN010,FAC004,FLR001142,MWO001374,2023-09-20 22:57:21,Power Failure,5.27,1010,1061564.7,Resolved,Low
DTE005602,MCH0324,LIN024,FAC008,,MWO003914,2025-03-02 22:04:11,Quality Hold,4.46,250,169469.83,Open,Low
DTE005603,MCH0382,LIN018,FAC006,,MWO003097,2024-10-02 13:42:18,Material Shortage,3.36,730,152657.76,Resolved,Medium
DTE005604,MCH0097,LIN022,FAC008,,MWO004841,2025-03-02 14:19:49,Material Shortage,5.34,1127,695876.65,Resolved,High
DTE005605,MCH0180,LIN011,FAC004,,MWO005341,2025-07-02 02:31:16,Changeover,3.49,734,189147.62,Resolved,Medium
DTE005606,MCH0408,LIN009,FAC003,,MWO005020,2026-03-14 08:05:35,Quality Hold,2.95,533,575505.69,Resolved,High
DTE005607,MCH0559,LIN019,FAC007,FLR002533,MWO000150,2025-12-05 12:44:58,Tool Change,2.77,659,578488.95,Resolved,High
DTE005608,MCH0303,LIN020,FAC007,,MWO007175,2024-12-14 07:03:36,Changeover,0.8,48,10863.1,Resolved,High
DTE005609,MCH0128,LIN027,FAC009,FLR000012,MWO000760,2025-11-24 16:25:56,Power Failure,2.02,218,221008.54,Resolved,Medium
DTE005610,MCH0308,LIN025,FAC009,FLR001006,MWO000778,2023-08-17 19:08:00,Planned Maintenance,2.9,478,340056.12,Resolved,Medium
DTE005611,MCH0310,LIN029,FAC010,,MWO011304,2023-06-09 00:49:31,Quality Hold,3.1,147,55256.42,Resolved,Medium
DTE005612,MCH0159,LIN014,FAC005,,MWO007766,2025-05-09 08:53:40,Tool Change,1.02,235,50639.27,Resolved,Medium
DTE005613,MCH0210,LIN004,FAC002,,MWO005253,2026-01-19 02:42:04,Material Shortage,1.17,240,181758.66,Resolved,High
DTE005614,MCH0042,LIN016,FAC006,FLR000880,MWO001088,2025-08-07 06:28:17,Quality Hold,7.02,1163,1243322.93,Resolved,High
DTE005615,MCH0072,LIN011,FAC004,,MWO008732,2024-12-01 05:27:30,Power Failure,7.15,917,425998.04,Resolved,Critical
DTE005616,MCH0449,LIN024,FAC008,,MWO009550,2024-05-29 02:05:08,Changeover,2.27,273,196847.96,Open,Medium
DTE005617,MCH0180,LIN011,FAC004,,MWO011539,2023-02-01 17:04:26,Quality Hold,6.61,1395,404938.14,Resolved,Medium
DTE005618,MCH0391,LIN007,FAC003,,MWO004858,2025-08-30 02:53:13,Quality Hold,2.88,178,180438.36,Resolved,Medium
DTE005619,MCH0053,LIN007,FAC003,,MWO010002,2024-10-29 10:25:16,Power Failure,1.75,187,127428.07,Resolved,Medium
DTE005620,MCH0498,LIN011,FAC004,,MWO004318,2025-04-05 01:14:08,Planned Maintenance,2.27,198,229685.6,Resolved,High
DTE005621,MCH0035,LIN005,FAC002,,MWO007254,2024-05-24 02:17:18,Power Failure,6.23,337,381766.56,Resolved,High
DTE005622,MCH0366,LIN019,FAC007,FLR001154,MWO002101,2025-04-15 07:27:35,Quality Hold,3.99,837,784512.73,Resolved,Critical
DTE005623,MCH0236,LIN021,FAC007,,MWO007450,2026-05-18 14:59:55,Planned Maintenance,4.3,285,80254.12,Resolved,High
DTE005624,MCH0365,LIN014,FAC005,FLR002541,MWO000231,2023-10-12 15:35:40,Quality Hold,2.69,186,62359.76,Open,Critical
DTE005625,MCH0579,LIN003,FAC001,,MWO011711,2023-12-06 03:50:37,Changeover,3.28,543,570656.2,Resolved,Medium
DTE005626,MCH0530,LIN014,FAC005,,MWO003018,2024-04-12 02:35:47,Power Failure,0.95,50,16408.45,Resolved,Critical
DTE005627,MCH0256,LIN005,FAC002,,MWO006362,2025-05-20 21:22:48,Planned Maintenance,2.81,440,225111.04,Resolved,Critical
DTE005628,MCH0366,LIN019,FAC007,,MWO007854,2025-01-09 06:03:36,Power Failure,4.64,321,256477.02,Resolved,Medium
DTE005629,MCH0180,LIN011,FAC004,FLR002904,MWO000285,2026-04-12 13:51:07,Changeover,5.57,940,905664.96,Resolved,High
DTE005630,MCH0264,LIN030,FAC010,,MWO005271,2025-12-16 12:35:28,Changeover,2.21,135,128695.18,Resolved,High
DTE005631,MCH0055,LIN029,FAC010,FLR000564,MWO001547,2026-03-29 20:56:54,Power Failure,3.06,276,235954.72,Resolved,Medium
DTE005632,MCH0494,LIN001,FAC001,,MWO004095,2023-02-02 17:34:09,Power Failure,2.47,149,162656.82,Open,Medium
DTE005633,MCH0399,LIN028,FAC010,FLR000209,MWO002745,2026-04-06 17:34:27,Changeover,4.83,858,136396.99,Resolved,Medium
DTE005634,MCH0265,LIN011,FAC004,FLR000719,MWO000404,2024-03-27 15:39:34,Planned Maintenance,7.37,327,80812.49,Resolved,Critical
DTE005635,MCH0014,LIN029,FAC010,,MWO007644,2025-02-07 17:36:24,Tool Change,1.15,235,100889.49,Resolved,Low
DTE005636,MCH0100,LIN014,FAC005,,MWO008710,2023-09-30 05:48:09,Changeover,4.09,258,171264.11,Resolved,Low
DTE005637,MCH0460,LIN030,FAC010,,MWO003699,2026-06-20 17:55:42,Quality Hold,1.45,292,237642.1,Resolved,Medium
DTE005638,MCH0302,LIN016,FAC006,,MWO010003,2023-07-18 16:05:34,Changeover,3.16,302,171794.71,Resolved,Medium
DTE005639,MCH0514,LIN029,FAC010,,MWO010053,2025-03-22 09:00:33,Material Shortage,3.62,785,672146.32,Resolved,Medium
DTE005640,MCH0269,LIN002,FAC001,,MWO009827,2024-11-15 08:56:33,Changeover,2.53,378,209428.74,Resolved,Medium
DTE005641,MCH0507,LIN006,FAC002,,MWO006692,2024-11-26 03:03:14,Material Shortage,4.9,1047,798467.92,Resolved,Medium
DTE005642,MCH0524,LIN016,FAC006,FLR002970,MWO002642,2023-02-06 04:47:46,Changeover,6.27,1143,1157631.9,Resolved,High
DTE005643,MCH0179,LIN010,FAC004,,MWO008212,2024-11-19 19:18:02,Power Failure,7.17,1225,1063217.22,Resolved,Medium
DTE005644,MCH0509,LIN021,FAC007,FLR000845,MWO002915,2024-03-20 14:22:28,Changeover,2.5,124,142735.77,Resolved,Medium
DTE005645,MCH0365,LIN014,FAC005,FLR002171,MWO001944,2025-05-22 19:42:06,Planned Maintenance,3.67,319,144484.88,Resolved,Low
DTE005646,MCH0519,LIN030,FAC010,FLR000521,MWO001294,2024-09-20 02:22:30,Quality Hold,6.16,378,189637.15,Resolved,Medium
DTE005647,MCH0416,LIN002,FAC001,FLR000175,MWO001554,2026-05-21 03:33:04,Quality Hold,1.38,237,233867.12,Resolved,Low
DTE005648,MCH0269,LIN002,FAC001,FLR000118,MWO002029,2023-06-20 04:45:27,Changeover,1.99,343,334513.35,Resolved,Medium
DTE005649,MCH0120,LIN007,FAC003,FLR000427,MWO001066,2023-12-29 07:09:24,Planned Maintenance,2.84,520,349412.28,Resolved,Medium
DTE005650,MCH0002,LIN009,FAC003,,MWO004475,2025-11-10 18:57:38,Changeover,4.29,918,687300.61,Resolved,High
DTE005651,MCH0476,LIN023,FAC008,,MWO006811,2025-10-24 03:26:12,Planned Maintenance,0.97,83,71470.42,Resolved,High
DTE005652,MCH0204,LIN002,FAC001,FLR000222,MWO002595,2023-11-30 23:55:04,Changeover,7.32,1546,531650.1,Resolved,Medium
DTE005653,MCH0402,LIN028,FAC010,,MWO005303,2023-01-22 13:47:15,Quality Hold,3.64,179,132243.62,Open,Medium
DTE005654,MCH0121,LIN008,FAC003,,MWO004884,2023-12-17 21:08:05,Power Failure,2.13,167,62239.32,Resolved,Low
DTE005655,MCH0284,LIN006,FAC002,,MWO009703,2024-03-21 01:13:39,Power Failure,1.26,231,196703.72,Resolved,Medium
DTE005656,MCH0322,LIN010,FAC004,,MWO008652,2025-08-25 19:40:11,Power Failure,5.18,1187,898368.32,Resolved,High
DTE005657,MCH0354,LIN005,FAC002,FLR002984,MWO002367,2023-04-03 01:23:27,Material Shortage,3.37,217,67644.72,Resolved,Medium
DTE005658,MCH0188,LIN004,FAC002,,MWO003557,2024-07-09 22:59:33,Quality Hold,2.0,195,145476.93,Resolved,High
DTE005659,MCH0526,LIN028,FAC010,,MWO009446,2024-07-06 07:52:22,Material Shortage,3.09,263,241805.82,Resolved,Medium
DTE005660,MCH0232,LIN030,FAC010,,MWO010602,2026-03-24 12:53:43,Quality Hold,6.46,1179,280071.65,Resolved,Critical
DTE005661,MCH0387,LIN005,FAC002,,MWO006295,2026-05-21 06:28:47,Power Failure,0.62,28,14625.0,Resolved,Critical
DTE005662,MCH0171,LIN006,FAC002,,MWO008182,2024-04-06 23:32:10,Planned Maintenance,2.35,229,94816.8,Resolved,Medium
DTE005663,MCH0571,LIN020,FAC007,FLR001770,MWO001765,2023-11-07 23:41:33,Planned Maintenance,0.81,138,134344.02,Resolved,High
DTE005664,MCH0468,LIN030,FAC010,,MWO011698,2023-08-24 19:59:48,Power Failure,3.95,504,558918.01,Open,Low
DTE005665,MCH0488,LIN023,FAC008,,MWO006170,2026-06-17 12:31:56,Material Shortage,2.18,484,93618.28,Resolved,Critical
DTE005666,MCH0374,LIN013,FAC005,,MWO011042,2024-02-04 14:00:16,Quality Hold,1.74,408,417852.7,Resolved,Medium
DTE005667,MCH0074,LIN001,FAC001,FLR000447,MWO001115,2026-02-21 04:13:31,Tool Change,4.96,1112,1104206.0,Resolved,High
DTE005668,MCH0557,LIN030,FAC010,,MWO011284,2026-02-02 16:44:22,Material Shortage,1.39,189,64620.91,Resolved,Medium
DTE005669,MCH0402,LIN028,FAC010,,MWO009680,2025-11-19 22:10:02,Quality Hold,4.67,1021,1020407.87,Open,Medium
DTE005670,MCH0463,LIN018,FAC006,,MWO006294,2026-05-20 15:39:38,Quality Hold,7.12,858,584293.84,Resolved,High
DTE005671,MCH0337,LIN028,FAC010,,MWO006916,2023-11-08 23:51:44,Tool Change,2.69,573,151118.56,Resolved,Critical
DTE005672,MCH0328,LIN024,FAC008,FLR000770,MWO000174,2025-01-30 18:30:26,Quality Hold,5.57,977,171617.66,Resolved,Medium
DTE005673,MCH0241,LIN010,FAC004,,MWO010944,2024-01-18 02:04:14,Changeover,1.18,156,182578.69,Resolved,Low
DTE005674,MCH0132,LIN018,FAC006,,MWO005034,2023-10-17 00:18:37,Power Failure,7.67,1753,2042998.69,Resolved,Low
DTE005675,MCH0270,LIN013,FAC005,,MWO009499,2024-10-20 15:32:07,Material Shortage,2.89,446,118200.81,Resolved,High
DTE005676,MCH0320,LIN011,FAC004,,MWO006890,2026-03-19 12:28:58,Changeover,4.67,1024,870581.46,Resolved,Critical
DTE005677,MCH0019,LIN029,FAC010,FLR001610,MWO002865,2024-07-02 20:57:16,Quality Hold,0.53,121,95414.89,Resolved,High
DTE005678,MCH0182,LIN025,FAC009,,MWO011814,2025-06-19 19:03:14,Planned Maintenance,6.25,567,355126.65,Resolved,High
DTE005679,MCH0579,LIN003,FAC001,,MWO007605,2026-02-03 01:30:47,Material Shortage,7.81,984,1019605.27,Resolved,High
DTE005680,MCH0570,LIN005,FAC002,FLR000697,MWO002485,2025-03-17 18:04:10,Tool Change,2.85,524,129162.19,Resolved,High
DTE005681,MCH0532,LIN007,FAC003,,MWO004959,2024-04-16 06:37:28,Changeover,5.39,1146,997554.72,Open,Medium
DTE005682,MCH0051,LIN011,FAC004,FLR001222,MWO000663,2023-06-05 22:11:09,Power Failure,3.14,665,757138.48,Resolved,High
DTE005683,MCH0327,LIN009,FAC003,,MWO006185,2025-11-04 09:18:09,Material Shortage,6.63,1117,710281.68,Open,High
DTE005684,MCH0268,LIN013,FAC005,,MWO010854,2024-08-14 04:36:07,Planned Maintenance,3.42,641,509818.27,Resolved,Critical
DTE005685,MCH0495,LIN009,FAC003,,MWO003680,2025-10-21 06:52:31,Tool Change,1.48,63,41981.32,Resolved,High
DTE005686,MCH0249,LIN006,FAC002,,MWO007716,2023-07-03 11:05:54,Changeover,3.15,404,231111.45,Resolved,High
DTE005687,MCH0477,LIN007,FAC003,,MWO010605,2024-05-24 13:00:26,Power Failure,2.81,292,205454.14,Resolved,High
DTE005688,MCH0111,LIN012,FAC004,,MWO008945,2025-12-07 16:58:35,Tool Change,0.62,60,26145.31,Resolved,Critical
DTE005689,MCH0524,LIN016,FAC006,,MWO007410,2024-04-10 23:00:04,Planned Maintenance,6.06,789,277569.55,Resolved,Low
DTE005690,MCH0172,LIN008,FAC003,,MWO004738,2023-09-02 14:51:33,Planned Maintenance,3.14,687,308130.78,Resolved,High
DTE005691,MCH0086,LIN003,FAC001,,MWO009766,2025-09-17 15:00:52,Changeover,3.05,374,447412.92,Open,Low
DTE005692,MCH0126,LIN009,FAC003,,MWO003157,2026-06-08 16:27:45,Planned Maintenance,2.78,601,164896.27,Resolved,Medium
DTE005693,MCH0037,LIN022,FAC008,,MWO004342,2026-05-25 21:30:02,Quality Hold,2.89,655,650785.21,Resolved,Medium
DTE005694,MCH0210,LIN004,FAC002,,MWO009192,2026-05-16 12:12:10,Changeover,1.78,150,142974.79,Open,Critical
DTE005695,MCH0344,LIN019,FAC007,FLR001493,MWO001338,2023-09-17 03:36:03,Quality Hold,3.2,195,76938.32,Resolved,Medium
DTE005696,MCH0179,LIN010,FAC004,,MWO006357,2024-11-15 09:23:42,Planned Maintenance,3.57,432,444106.17,Resolved,Medium
DTE005697,MCH0191,LIN025,FAC009,,MWO009596,2025-10-23 15:28:39,Changeover,4.25,879,727941.2,Resolved,Low
DTE005698,MCH0498,LIN011,FAC004,FLR001575,MWO002402,2024-09-11 06:49:05,Changeover,0.26,43,12616.66,Resolved,Medium
DTE005699,MCH0537,LIN013,FAC005,FLR000136,MWO002178,2024-03-19 10:40:37,Changeover,0.92,100,87252.46,Resolved,Low
DTE005700,MCH0507,LIN006,FAC002,,MWO006692,2024-11-26 03:03:14,Material Shortage,5.2,253,277092.62,Resolved,Medium
DTE005701,MCH0562,LIN011,FAC004,,MWO006770,2024-05-28 14:36:50,Power Failure,1.41,118,115473.36,Resolved,High
DTE005702,MCH0451,LIN013,FAC005,,MWO006284,2025-07-06 21:44:20,Material Shortage,1.19,181,133651.76,Resolved,Low
DTE005703,MCH0401,LIN015,FAC005,,MWO004136,2026-01-16 00:02:21,Material Shortage,1.81,128,100342.73,Resolved,Low
DTE005704,MCH0299,LIN014,FAC005,FLR001986,MWO000528,2025-05-04 21:54:11,Material Shortage,3.29,583,671899.4,Resolved,High
DTE005705,MCH0427,LIN027,FAC009,FLR002039,MWO002472,2023-04-07 05:54:59,Quality Hold,5.79,1128,688564.15,Resolved,Medium
DTE005706,MCH0450,LIN022,FAC008,,MWO011524,2024-10-15 18:53:40,Changeover,1.74,205,146254.79,Resolved,Medium
DTE005707,MCH0533,LIN017,FAC006,,MWO007393,2026-04-03 00:22:41,Quality Hold,5.92,261,273816.48,Resolved,Low
DTE005708,MCH0462,LIN016,FAC006,,MWO008705,2025-05-07 20:19:56,Power Failure,4.23,716,418461.89,Resolved,High
DTE005709,MCH0369,LIN012,FAC004,FLR002910,MWO001326,2026-04-30 04:49:03,Quality Hold,0.48,63,41813.49,Resolved,High
DTE005710,MCH0367,LIN007,FAC003,,MWO005872,2026-04-10 23:12:27,Quality Hold,4.52,885,282591.03,Open,High
DTE005711,MCH0228,LIN011,FAC004,FLR001903,MWO001874,2024-04-29 12:33:52,Power Failure,2.21,325,310316.76,Resolved,High
DTE005712,MCH0320,LIN011,FAC004,,MWO011203,2026-05-19 23:32:48,Tool Change,2.18,519,228258.52,Resolved,Medium
DTE005713,MCH0152,LIN010,FAC004,,MWO007802,2024-06-02 19:40:34,Tool Change,1.29,182,76212.92,Resolved,Medium
DTE005714,MCH0264,LIN030,FAC010,,MWO007119,2026-06-23 12:09:41,Tool Change,0.84,134,142025.11,Resolved,Medium
DTE005715,MCH0443,LIN021,FAC007,,MWO005081,2023-03-14 11:34:35,Changeover,5.42,863,836664.15,Resolved,Medium
DTE005716,MCH0570,LIN005,FAC002,,MWO005220,2025-01-14 03:40:21,Tool Change,5.86,877,635892.01,Resolved,High
DTE005717,MCH0204,LIN002,FAC001,,MWO006268,2026-06-13 08:01:49,Quality Hold,1.3,213,75768.74,Resolved,Medium
DTE005718,MCH0073,LIN002,FAC001,,MWO004153,2023-01-08 15:03:40,Tool Change,1.76,382,311788.11,Resolved,High
DTE005719,MCH0582,LIN013,FAC005,FLR001319,MWO002733,2024-08-15 06:46:40,Power Failure,2.61,264,67019.74,Resolved,Low
DTE005720,MCH0289,LIN010,FAC004,FLR002891,MWO002070,2024-05-11 12:53:19,Material Shortage,2.19,377,451188.6,Resolved,Medium
DTE005721,MCH0504,LIN008,FAC003,FLR002184,MWO001758,2025-04-07 07:27:05,Changeover,2.98,669,105862.45,Resolved,Critical
DTE005722,MCH0539,LIN017,FAC006,,MWO006178,2023-10-24 05:42:05,Material Shortage,4.67,1054,1005496.23,Open,Medium
DTE005723,MCH0505,LIN023,FAC008,FLR001545,MWO002689,2024-04-25 08:37:29,Power Failure,0.53,78,57392.13,Open,High
DTE005724,MCH0429,LIN004,FAC002,,MWO008193,2024-08-14 16:54:50,Tool Change,3.39,759,681686.73,Resolved,Critical
DTE005725,MCH0384,LIN021,FAC007,,MWO011897,2023-09-23 14:48:40,Quality Hold,2.82,331,348786.0,Resolved,High
DTE005726,MCH0569,LIN014,FAC005,,MWO011373,2025-05-30 14:03:35,Planned Maintenance,0.81,95,64609.29,Open,Low
DTE005727,MCH0497,LIN029,FAC010,,MWO003007,2024-12-23 16:41:20,Material Shortage,1.06,45,52549.95,Resolved,Critical
DTE005728,MCH0128,LIN027,FAC009,,MWO010369,2025-06-13 07:30:56,Changeover,1.24,90,43613.58,Resolved,Medium
DTE005729,MCH0537,LIN013,FAC005,,MWO011322,2023-02-06 04:42:44,Material Shortage,2.55,273,96042.3,Resolved,High
DTE005730,MCH0541,LIN019,FAC007,FLR002585,MWO000810,2025-05-26 06:48:24,Planned Maintenance,1.23,211,99637.61,Resolved,High
DTE005731,MCH0544,LIN003,FAC001,,MWO004795,2025-04-07 09:08:32,Changeover,4.6,537,298751.5,Open,Low
DTE005732,MCH0547,LIN005,FAC002,FLR002905,MWO001775,2024-07-01 04:22:16,Tool Change,3.28,724,494938.12,Open,Medium
DTE005733,MCH0180,LIN011,FAC004,,MWO009478,2024-12-22 21:25:07,Power Failure,5.26,1216,1211641.06,Open,Medium
DTE005734,MCH0074,LIN001,FAC001,FLR000463,MWO001739,2023-07-10 12:13:31,Quality Hold,2.5,539,109594.5,Resolved,Critical
DTE005735,MCH0072,LIN011,FAC004,,MWO009114,2024-02-13 23:39:24,Tool Change,2.52,587,555406.64,Open,Low
DTE005736,MCH0324,LIN024,FAC008,,MWO008672,2026-02-23 18:07:14,Power Failure,2.71,381,343980.88,Resolved,Medium
DTE005737,MCH0375,LIN005,FAC002,FLR001298,MWO001035,2025-12-16 17:34:59,Quality Hold,2.07,354,212073.08,Resolved,Medium
DTE005738,MCH0297,LIN018,FAC006,,MWO011528,2023-10-03 18:38:42,Material Shortage,6.35,820,295466.2,Resolved,High
DTE005739,MCH0600,LIN014,FAC005,,MWO009814,2024-08-15 09:58:51,Changeover,2.07,281,275699.61,Resolved,Medium
DTE005740,MCH0401,LIN015,FAC005,,MWO004391,2023-12-30 18:04:27,Power Failure,0.82,182,84271.88,Resolved,Medium
DTE005741,MCH0216,LIN028,FAC010,FLR000409,MWO002875,2024-12-18 04:28:58,Material Shortage,9.22,1720,1730829.17,Resolved,High
DTE005742,MCH0071,LIN024,FAC008,,MWO011805,2023-11-07 12:18:24,Power Failure,1.94,446,118392.23,Resolved,Medium
DTE005743,MCH0228,LIN011,FAC004,FLR001903,MWO002577,2024-04-29 14:45:39,Planned Maintenance,1.7,243,172060.69,Resolved,High
DTE005744,MCH0188,LIN004,FAC002,,MWO005595,2025-03-14 05:37:15,Tool Change,1.93,180,154678.35,Resolved,High
DTE005745,MCH0550,LIN019,FAC007,,MWO011354,2023-12-21 22:29:01,Quality Hold,3.45,298,218710.84,Open,Medium
DTE005746,MCH0467,LIN027,FAC009,FLR000536,MWO001187,2024-03-14 20:23:14,Material Shortage,4.36,798,692450.13,Resolved,Medium
DTE005747,MCH0025,LIN017,FAC006,FLR000513,MWO002586,2023-04-07 15:30:29,Tool Change,2.77,407,198691.24,Open,Medium
DTE005748,MCH0475,LIN003,FAC001,FLR001724,MWO000323,2023-04-13 02:47:49,Material Shortage,5.19,528,412429.17,Resolved,High
DTE005749,MCH0017,LIN015,FAC005,,MWO006374,2026-04-24 18:53:32,Tool Change,1.07,86,84127.81,Resolved,Medium
DTE005750,MCH0009,LIN026,FAC009,,MWO007690,2024-03-18 16:55:08,Changeover,1.54,209,56176.79,Resolved,Medium
DTE005751,MCH0463,LIN018,FAC006,FLR001731,MWO000586,2026-03-04 21:13:17,Changeover,5.06,694,196020.12,Resolved,Medium
DTE005752,MCH0357,LIN029,FAC010,,MWO009190,2023-07-05 00:25:54,Tool Change,1.65,266,152588.42,Resolved,High
DTE005753,MCH0415,LIN008,FAC003,,MWO005898,2024-07-31 09:54:54,Power Failure,2.2,438,145123.0,Resolved,Critical
DTE005754,MCH0377,LIN009,FAC003,,MWO008751,2024-11-29 13:28:25,Quality Hold,2.69,502,591124.85,Resolved,Low
DTE005755,MCH0291,LIN022,FAC008,,MWO009976,2026-02-10 07:48:27,Quality Hold,0.8,108,32355.06,Resolved,Medium
DTE005756,MCH0447,LIN011,FAC004,FLR000967,MWO000492,2024-09-09 20:57:25,Power Failure,0.17,13,7670.12,Resolved,Medium
DTE005757,MCH0229,LIN014,FAC005,,MWO005456,2025-07-21 02:21:48,Tool Change,4.5,898,450790.53,Resolved,Medium
DTE005758,MCH0442,LIN001,FAC001,,MWO008548,2023-04-14 19:42:21,Planned Maintenance,1.74,152,147224.64,Resolved,Low
DTE005759,MCH0264,LIN030,FAC010,,MWO009357,2024-08-31 11:31:59,Material Shortage,1.67,140,97309.97,Resolved,Critical
DTE005760,MCH0535,LIN025,FAC009,,MWO007398,2025-04-18 05:49:45,Tool Change,0.59,36,30533.6,Resolved,Low
DTE005761,MCH0444,LIN012,FAC004,,MWO005870,2023-09-11 07:34:06,Changeover,0.84,148,26791.38,Resolved,Medium
DTE005762,MCH0482,LIN024,FAC008,FLR001176,MWO001330,2025-09-14 00:14:43,Planned Maintenance,0.63,40,10082.07,Resolved,High
DTE005763,MCH0355,LIN029,FAC010,,MWO004940,2025-11-24 12:20:47,Changeover,0.98,174,106150.23,Open,High
DTE005764,MCH0023,LIN005,FAC002,,MWO003084,2023-07-19 00:27:10,Tool Change,8.16,959,711824.01,Resolved,High
DTE005765,MCH0361,LIN024,FAC008,,MWO011766,2026-05-29 08:13:40,Tool Change,7.76,447,344906.82,Resolved,Medium
DTE005766,MCH0025,LIN017,FAC006,FLR001063,MWO002312,2025-03-12 12:40:37,Tool Change,3.62,668,511141.23,Resolved,Medium
DTE005767,MCH0552,LIN012,FAC004,,MWO003474,2024-08-04 17:03:51,Quality Hold,4.94,779,216583.38,Resolved,Medium
DTE005768,MCH0522,LIN024,FAC008,FLR001117,MWO000507,2023-12-05 06:54:21,Tool Change,4.77,856,348414.39,Resolved,Medium
DTE005769,MCH0205,LIN030,FAC010,,MWO005011,2023-01-17 05:13:12,Power Failure,3.63,449,129622.98,Resolved,Critical
DTE005770,MCH0517,LIN005,FAC002,,MWO008188,2025-06-27 14:22:33,Material Shortage,2.34,414,192097.84,Resolved,Low
DTE005771,MCH0226,LIN027,FAC009,,MWO011772,2025-04-16 18:00:16,Planned Maintenance,0.48,51,32605.89,Resolved,Medium
DTE005772,MCH0522,LIN024,FAC008,FLR001464,MWO002526,2023-11-19 00:31:17,Tool Change,1.12,258,291244.0,Resolved,High
DTE005773,MCH0525,LIN017,FAC006,,MWO008857,2023-10-10 17:29:14,Tool Change,0.74,40,41386.88,Resolved,High
DTE005774,MCH0143,LIN020,FAC007,,MWO004713,2024-06-26 02:02:07,Quality Hold,5.81,1301,466968.83,Resolved,Low
DTE005775,MCH0171,LIN006,FAC002,,MWO011312,2026-05-10 01:36:08,Power Failure,2.02,204,94651.12,Resolved,Low
DTE005776,MCH0264,LIN030,FAC010,,MWO005271,2025-12-16 12:35:28,Planned Maintenance,0.65,51,37683.74,Resolved,Medium
DTE005777,MCH0433,LIN022,FAC008,,MWO008890,2026-02-24 09:04:09,Power Failure,3.34,467,549618.87,Resolved,High
DTE005778,MCH0418,LIN013,FAC005,,MWO003279,2025-10-09 23:47:04,Power Failure,1.29,127,70739.69,Resolved,High
DTE005779,MCH0020,LIN001,FAC001,,MWO011963,2025-12-23 19:42:09,Planned Maintenance,2.17,125,132155.52,Resolved,Low
DTE005780,MCH0086,LIN003,FAC001,,MWO007849,2025-07-03 10:09:08,Material Shortage,11.47,1757,710783.51,Resolved,Medium
DTE005781,MCH0149,LIN004,FAC002,,MWO011988,2023-02-21 03:32:46,Quality Hold,6.59,536,275850.51,Resolved,High
DTE005782,MCH0057,LIN020,FAC007,,MWO011683,2023-03-31 20:23:20,Quality Hold,1.33,230,230801.49,Resolved,Medium
DTE005783,MCH0330,LIN023,FAC008,,MWO009146,2026-06-19 04:31:47,Quality Hold,8.05,1515,854439.0,Resolved,Critical
DTE005784,MCH0136,LIN019,FAC007,,MWO005873,2026-01-22 16:39:47,Power Failure,3.84,643,322525.35,Resolved,Medium
DTE005785,MCH0255,LIN005,FAC002,,MWO010980,2023-07-21 11:40:08,Changeover,2.63,463,191207.26,Resolved,Medium
DTE005786,MCH0007,LIN021,FAC007,,MWO008482,2024-04-16 11:12:12,Quality Hold,0.52,108,49466.1,Resolved,Medium
DTE005787,MCH0347,LIN015,FAC005,,MWO010083,2023-10-15 16:43:00,Planned Maintenance,1.12,123,50925.41,Resolved,Low
DTE005788,MCH0476,LIN023,FAC008,,MWO010132,2023-01-24 17:16:43,Tool Change,4.39,380,142835.49,Open,High
DTE005789,MCH0086,LIN003,FAC001,,MWO010730,2024-05-12 13:16:31,Planned Maintenance,2.74,500,296949.87,Resolved,Low
DTE005790,MCH0512,LIN030,FAC010,,MWO010577,2023-07-30 01:59:09,Power Failure,5.16,408,454561.3,Resolved,Medium
DTE005791,MCH0087,LIN028,FAC010,,MWO005402,2025-06-01 21:28:48,Tool Change,1.17,142,100253.25,Resolved,High
DTE005792,MCH0236,LIN021,FAC007,,MWO005440,2025-02-24 23:54:11,Changeover,2.29,226,102310.74,Resolved,High
DTE005793,MCH0313,LIN018,FAC006,,MWO006305,2023-03-19 12:32:05,Power Failure,2.99,319,150056.74,Resolved,Medium
DTE005794,MCH0035,LIN005,FAC002,,MWO006283,2025-12-28 06:57:57,Changeover,3.79,621,581868.34,Resolved,Medium
DTE005795,MCH0491,LIN021,FAC007,,MWO010346,2023-09-26 23:46:53,Material Shortage,4.42,391,179011.9,Resolved,Medium
DTE005796,MCH0214,LIN018,FAC006,,MWO006642,2024-12-03 13:45:51,Tool Change,4.6,941,163434.04,Resolved,High
DTE005797,MCH0565,LIN024,FAC008,,MWO005819,2024-07-15 14:27:07,Quality Hold,4.96,555,582764.02,Resolved,Critical
DTE005798,MCH0337,LIN028,FAC010,FLR000635,MWO002550,2025-11-11 14:46:50,Material Shortage,1.45,185,48861.21,Resolved,Medium
DTE005799,MCH0021,LIN007,FAC003,,MWO007832,2024-01-24 12:57:45,Material Shortage,2.05,143,87635.81,Resolved,Medium
DTE005800,MCH0532,LIN007,FAC003,,MWO006601,2023-02-17 01:10:53,Quality Hold,2.86,519,518186.29,Resolved,Critical
DTE005801,MCH0586,LIN014,FAC005,,MWO008492,2023-02-19 05:51:42,Planned Maintenance,2.94,379,90849.62,Resolved,Critical
DTE005802,MCH0310,LIN029,FAC010,,MWO009968,2023-08-22 08:51:15,Planned Maintenance,6.89,906,582167.68,Resolved,Medium
DTE005803,MCH0072,LIN011,FAC004,FLR000538,MWO000308,2023-06-14 01:54:23,Planned Maintenance,9.34,1546,321683.12,Resolved,Medium
DTE005804,MCH0013,LIN023,FAC008,,MWO004444,2024-06-05 04:50:17,Tool Change,1.35,245,60053.27,Resolved,Critical
DTE005805,MCH0212,LIN030,FAC010,,MWO011324,2025-04-12 16:08:40,Changeover,4.4,936,958292.73,Resolved,Medium
DTE005806,MCH0461,LIN007,FAC003,,MWO011920,2024-03-05 04:11:07,Material Shortage,4.03,876,645564.44,Resolved,Low
DTE005807,MCH0352,LIN027,FAC009,,MWO005715,2025-02-11 22:03:25,Planned Maintenance,0.71,113,112962.39,Resolved,High
DTE005808,MCH0102,LIN015,FAC005,,MWO010983,2025-11-15 14:48:11,Material Shortage,1.41,134,92751.32,Resolved,Low
DTE005809,MCH0237,LIN025,FAC009,,MWO006593,2026-06-29 01:03:33,Changeover,2.84,209,84090.92,Resolved,Low
DTE005810,MCH0230,LIN017,FAC006,,MWO003467,2025-02-19 15:22:54,Power Failure,3.42,148,106782.9,Resolved,Medium
DTE005811,MCH0084,LIN022,FAC008,,MWO004111,2025-07-31 16:41:15,Tool Change,7.89,1603,1301893.53,Open,Medium
DTE005812,MCH0577,LIN009,FAC003,,MWO005408,2024-08-23 06:21:45,Planned Maintenance,3.65,701,455410.56,Resolved,Medium
DTE005813,MCH0215,LIN014,FAC005,FLR001673,MWO000968,2025-04-06 18:54:11,Power Failure,6.16,598,684657.54,Resolved,Medium
DTE005814,MCH0035,LIN005,FAC002,FLR001076,MWO002394,2023-01-05 08:46:21,Tool Change,2.28,190,46534.94,Resolved,Low
DTE005815,MCH0291,LIN022,FAC008,,MWO004501,2024-08-26 02:03:00,Quality Hold,5.58,1202,1356456.32,Resolved,High
DTE005816,MCH0279,LIN001,FAC001,FLR002898,MWO001677,2023-11-02 07:00:11,Power Failure,17.48,1446,1540416.37,Resolved,Critical
DTE005817,MCH0494,LIN001,FAC001,FLR001635,MWO000967,2026-06-25 01:22:46,Material Shortage,6.6,721,387489.46,Resolved,High
DTE005818,MCH0323,LIN027,FAC009,,MWO008711,2026-03-13 02:22:25,Tool Change,1.66,264,186799.5,Resolved,Low
DTE005819,MCH0017,LIN015,FAC005,,MWO010343,2023-01-12 02:15:58,Quality Hold,4.68,342,197028.44,Resolved,High
DTE005820,MCH0277,LIN001,FAC001,,MWO007318,2024-04-06 22:17:06,Planned Maintenance,2.07,194,57334.13,Resolved,Medium
DTE005821,MCH0597,LIN012,FAC004,,MWO005132,2024-09-23 19:59:29,Material Shortage,2.83,666,267991.31,Resolved,High
DTE005822,MCH0574,LIN029,FAC010,,MWO011723,2025-11-10 20:27:50,Quality Hold,1.38,61,59229.33,Resolved,Critical
DTE005823,MCH0156,LIN017,FAC006,FLR002256,MWO001817,2023-02-03 13:33:31,Quality Hold,1.13,80,44978.96,Resolved,High
DTE005824,MCH0055,LIN029,FAC010,FLR000564,MWO001547,2026-03-29 20:56:54,Material Shortage,2.9,509,593861.35,Resolved,High
DTE005825,MCH0128,LIN027,FAC009,,MWO003617,2023-05-29 05:12:36,Material Shortage,4.3,302,128192.35,Resolved,Low
DTE005826,MCH0423,LIN009,FAC003,,MWO006835,2025-06-01 20:08:37,Power Failure,0.16,31,22456.57,Resolved,Medium
DTE005827,MCH0243,LIN001,FAC001,,MWO011228,2025-03-11 05:05:22,Tool Change,4.08,331,61497.22,Resolved,High
DTE005828,MCH0400,LIN002,FAC001,,MWO011078,2023-05-29 01:39:50,Material Shortage,2.08,132,143464.9,Open,Medium
DTE005829,MCH0301,LIN019,FAC007,,MWO010776,2025-03-09 03:36:01,Material Shortage,7.41,1748,1140009.12,Resolved,Medium
DTE005830,MCH0406,LIN002,FAC001,,MWO011429,2025-09-04 15:13:32,Power Failure,0.95,51,14314.43,Resolved,Medium
DTE005831,MCH0316,LIN029,FAC010,,MWO006150,2025-04-08 09:56:15,Tool Change,2.78,534,195003.6,Resolved,High
DTE005832,MCH0390,LIN011,FAC004,FLR002500,MWO002993,2025-03-08 15:52:30,Quality Hold,1.3,271,99166.84,Resolved,Medium
DTE005833,MCH0211,LIN018,FAC006,,MWO004257,2023-06-24 02:45:13,Material Shortage,5.63,1289,595856.27,Resolved,Medium
DTE005834,MCH0454,LIN022,FAC008,FLR000220,MWO000437,2024-10-22 04:06:21,Changeover,6.45,1361,1045783.94,Resolved,Medium
DTE005835,MCH0579,LIN003,FAC001,,MWO011470,2023-05-21 21:18:07,Quality Hold,1.8,85,43363.17,Resolved,Critical
DTE005836,MCH0184,LIN001,FAC001,FLR000195,MWO001795,2024-11-11 09:20:42,Changeover,1.75,381,265842.8,Resolved,High
DTE005837,MCH0270,LIN013,FAC005,,MWO009499,2024-10-20 15:32:07,Planned Maintenance,0.54,64,59151.84,Resolved,High
DTE005838,MCH0232,LIN030,FAC010,FLR002503,MWO001955,2026-05-07 10:23:58,Tool Change,2.93,313,172606.55,Resolved,Low
DTE005839,MCH0277,LIN001,FAC001,,MWO007943,2026-02-10 13:09:54,Changeover,1.68,402,78998.84,Resolved,High
DTE005840,MCH0155,LIN022,FAC008,,MWO004201,2025-09-06 00:35:38,Quality Hold,6.13,446,162236.01,Resolved,Low
DTE005841,MCH0027,LIN014,FAC005,FLR001532,MWO000290,2026-05-18 06:41:20,Tool Change,1.5,338,274579.56,Resolved,Critical
DTE005842,MCH0072,LIN011,FAC004,,MWO003443,2026-03-18 00:23:35,Tool Change,14.15,1573,1171249.65,Resolved,Medium
DTE005843,MCH0569,LIN014,FAC005,,MWO009118,2024-12-18 06:53:06,Planned Maintenance,1.74,379,114280.13,Resolved,Critical
DTE005844,MCH0179,LIN010,FAC004,,MWO008212,2024-11-19 19:18:02,Tool Change,2.63,523,474858.76,Resolved,Medium
DTE005845,MCH0474,LIN003,FAC001,FLR002548,MWO000579,2024-07-03 11:02:23,Quality Hold,6.55,1224,761525.8,Resolved,Low
DTE005846,MCH0167,LIN020,FAC007,,MWO008625,2025-08-02 22:04:19,Quality Hold,2.38,430,179763.71,Resolved,Medium
DTE005847,MCH0154,LIN006,FAC002,,MWO009402,2024-01-22 15:49:21,Changeover,3.31,637,543480.48,Resolved,Critical
DTE005848,MCH0164,LIN029,FAC010,,MWO009891,2026-06-07 15:09:49,Tool Change,6.15,915,608074.37,Open,High
DTE005849,MCH0235,LIN025,FAC009,FLR001559,MWO001649,2023-07-08 14:20:35,Changeover,0.85,189,206854.23,Resolved,Medium
DTE005850,MCH0203,LIN016,FAC006,,MWO003053,2025-03-30 15:23:42,Tool Change,3.06,314,248960.67,Resolved,Medium
DTE005851,MCH0455,LIN030,FAC010,,MWO008787,2026-05-02 17:40:53,Planned Maintenance,2.9,458,75335.92,Resolved,High
DTE005852,MCH0339,LIN019,FAC007,,MWO011294,2025-03-31 12:32:08,Quality Hold,4.57,901,775916.62,Resolved,Medium
DTE005853,MCH0178,LIN023,FAC008,,MWO010978,2023-12-08 02:44:57,Tool Change,10.48,436,281260.28,Resolved,High
DTE005854,MCH0255,LIN005,FAC002,,MWO008408,2024-11-19 03:40:31,Planned Maintenance,1.31,221,208953.94,Resolved,Critical
DTE005855,MCH0476,LIN023,FAC008,FLR001447,MWO001824,2024-10-21 06:58:47,Tool Change,2.64,126,102380.63,Resolved,Low
DTE005856,MCH0359,LIN019,FAC007,,MWO004897,2024-05-08 03:58:31,Planned Maintenance,2.97,163,148749.63,Open,High
DTE005857,MCH0574,LIN029,FAC010,FLR000634,MWO002401,2025-03-24 03:50:24,Tool Change,6.4,1120,809912.32,Resolved,Critical
DTE005858,MCH0490,LIN018,FAC006,,MWO008818,2023-12-20 10:44:06,Tool Change,4.45,353,394106.86,Resolved,Critical
DTE005859,MCH0016,LIN009,FAC003,,MWO005403,2024-11-16 14:53:06,Changeover,5.33,332,200906.24,Resolved,Medium
DTE005860,MCH0166,LIN004,FAC002,FLR001014,MWO001750,2025-11-18 16:11:04,Quality Hold,2.13,206,93705.31,Resolved,Low
DTE005861,MCH0495,LIN009,FAC003,,MWO005722,2025-01-04 23:18:56,Power Failure,1.63,117,134337.12,Resolved,Medium
DTE005862,MCH0180,LIN011,FAC004,,MWO005606,2025-07-14 12:31:28,Changeover,3.28,550,387497.11,Resolved,High
DTE005863,MCH0565,LIN024,FAC008,,MWO005516,2023-02-11 17:19:36,Power Failure,2.36,143,83537.0,Resolved,Medium
DTE005864,MCH0223,LIN025,FAC009,,MWO003841,2026-03-17 16:52:45,Material Shortage,0.16,36,16245.27,Resolved,Medium
DTE005865,MCH0161,LIN008,FAC003,,MWO005136,2024-06-26 12:15:19,Tool Change,2.82,528,512618.12,Resolved,Medium
DTE005866,MCH0208,LIN030,FAC010,,MWO004388,2024-12-28 10:07:47,Tool Change,0.23,52,46106.28,Resolved,Low
DTE005867,MCH0077,LIN003,FAC001,,MWO010415,2025-02-21 02:14:44,Tool Change,5.56,698,587597.6,Resolved,Medium
DTE005868,MCH0032,LIN023,FAC008,,MWO005907,2024-02-03 10:12:49,Quality Hold,0.23,20,12356.63,Resolved,Medium
DTE005869,MCH0589,LIN023,FAC008,FLR002680,MWO001333,2024-08-06 15:08:11,Changeover,0.3,35,13761.75,Resolved,Critical
DTE005870,MCH0153,LIN017,FAC006,,MWO006466,2024-07-14 03:39:55,Quality Hold,6.58,1004,606057.36,Resolved,Medium
DTE005871,MCH0140,LIN013,FAC005,FLR000172,MWO002528,2025-08-02 12:14:11,Power Failure,0.81,150,39854.39,Resolved,Medium
DTE005872,MCH0233,LIN015,FAC005,,MWO003981,2025-04-12 10:10:37,Quality Hold,0.77,47,12932.28,Resolved,High
DTE005873,MCH0180,LIN011,FAC004,,MWO007346,2023-08-17 17:58:44,Power Failure,0.75,94,77581.88,Open,High
DTE005874,MCH0396,LIN028,FAC010,,MWO007415,2025-03-09 03:02:55,Planned Maintenance,4.34,970,158100.0,Resolved,Critical
DTE005875,MCH0538,LIN003,FAC001,,MWO011032,2025-02-25 12:58:31,Material Shortage,3.57,807,867141.98,Resolved,Medium
DTE005876,MCH0268,LIN013,FAC005,FLR001458,MWO002260,2025-03-28 19:09:41,Planned Maintenance,3.41,501,502822.17,Resolved,Medium
DTE005877,MCH0058,LIN028,FAC010,,MWO005112,2023-11-27 13:23:49,Material Shortage,1.25,204,199573.57,Resolved,Medium
DTE005878,MCH0493,LIN008,FAC003,,MWO005070,2024-10-18 13:40:57,Material Shortage,4.34,984,181584.55,Resolved,Low
DTE005879,MCH0172,LIN008,FAC003,,MWO007043,2023-09-12 22:52:33,Planned Maintenance,1.19,160,144081.48,Resolved,Low
DTE005880,MCH0012,LIN030,FAC010,,MWO007437,2023-04-05 20:25:12,Quality Hold,3.73,533,464251.2,Resolved,Low
DTE005881,MCH0533,LIN017,FAC006,,MWO003836,2023-08-21 23:51:30,Power Failure,1.84,305,184782.24,Resolved,Medium
DTE005882,MCH0080,LIN020,FAC007,FLR000101,MWO001006,2024-08-07 22:21:21,Tool Change,3.49,179,138330.86,Resolved,Medium
DTE005883,MCH0150,LIN008,FAC003,,MWO003644,2023-03-27 05:16:42,Quality Hold,10.33,1291,1499325.62,Resolved,Medium
DTE005884,MCH0036,LIN014,FAC005,,MWO006179,2024-09-11 15:00:32,Quality Hold,0.39,37,27550.43,Resolved,Medium
DTE005885,MCH0013,LIN023,FAC008,,MWO004532,2023-03-14 11:45:36,Material Shortage,6.05,483,212042.51,Resolved,Medium
DTE005886,MCH0306,LIN010,FAC004,,MWO008138,2023-04-14 06:53:27,Material Shortage,5.16,1174,217018.37,Open,High
DTE005887,MCH0085,LIN020,FAC007,,MWO008372,2024-12-26 02:49:05,Tool Change,1.31,139,118339.27,Resolved,Medium
DTE005888,MCH0529,LIN014,FAC005,,MWO009631,2025-09-23 20:11:08,Material Shortage,2.68,408,340275.76,Open,Medium
DTE005889,MCH0393,LIN019,FAC007,FLR000520,MWO000454,2023-09-09 07:19:49,Planned Maintenance,0.59,58,64435.42,Resolved,High
DTE005890,MCH0083,LIN010,FAC004,,MWO011443,2023-08-15 16:57:00,Changeover,1.37,189,205019.65,Resolved,Medium
DTE005891,MCH0212,LIN030,FAC010,,MWO011324,2025-04-12 16:08:40,Changeover,5.78,748,150581.36,Resolved,Medium
DTE005892,MCH0236,LIN021,FAC007,,MWO011403,2026-03-15 08:54:16,Quality Hold,5.69,1244,345239.91,Resolved,Medium
DTE005893,MCH0241,LIN010,FAC004,,MWO008148,2025-10-18 19:08:38,Power Failure,3.35,384,84989.45,Resolved,Medium
DTE005894,MCH0010,LIN011,FAC004,,MWO007693,2023-04-14 01:50:00,Quality Hold,1.8,285,306841.79,Resolved,Medium
DTE005895,MCH0193,LIN006,FAC002,,MWO011943,2025-05-19 01:28:50,Power Failure,2.11,172,26219.33,Resolved,Critical
DTE005896,MCH0183,LIN025,FAC009,,MWO011536,2024-02-22 13:01:51,Quality Hold,2.77,123,117549.98,Resolved,Low
DTE005897,MCH0359,LIN019,FAC007,,MWO004897,2024-05-08 03:58:31,Planned Maintenance,4.07,223,256815.88,Open,High
DTE005898,MCH0178,LIN023,FAC008,,MWO004275,2026-06-01 21:12:45,Quality Hold,3.68,369,135276.79,Resolved,Medium
DTE005899,MCH0080,LIN020,FAC007,FLR000952,MWO002785,2023-12-18 07:17:54,Tool Change,2.65,200,43879.27,Open,Low
DTE005900,MCH0179,LIN010,FAC004,,MWO009203,2024-11-03 22:02:12,Power Failure,3.26,520,542172.25,Resolved,Low
DTE005901,MCH0288,LIN014,FAC005,,MWO006158,2026-03-19 10:32:48,Power Failure,1.48,241,59149.83,Open,Medium
DTE005902,MCH0332,LIN025,FAC009,FLR001026,MWO001178,2026-06-23 10:52:01,Planned Maintenance,0.73,173,30333.23,Resolved,Low
DTE005903,MCH0055,LIN029,FAC010,FLR000624,MWO001658,2023-11-23 20:16:15,Material Shortage,8.12,518,411454.99,Resolved,Medium
DTE005904,MCH0082,LIN027,FAC009,,MWO004755,2023-01-14 19:28:52,Tool Change,2.4,544,572619.05,Resolved,Critical
DTE005905,MCH0040,LIN003,FAC001,,MWO003838,2023-09-23 15:51:30,Power Failure,1.1,184,43962.17,Resolved,Medium
DTE005906,MCH0383,LIN005,FAC002,,MWO006254,2024-08-18 22:54:49,Planned Maintenance,2.71,226,139953.64,Open,High
DTE005907,MCH0190,LIN002,FAC001,,MWO008810,2026-02-21 19:10:07,Tool Change,1.24,154,78915.16,Resolved,Medium
DTE005908,MCH0262,LIN021,FAC007,FLR000916,MWO002461,2023-06-20 15:42:06,Power Failure,3.62,508,161460.64,Resolved,High
DTE005909,MCH0551,LIN025,FAC009,,MWO009099,2026-06-30 18:51:22,Tool Change,1.27,56,14543.53,Resolved,High
DTE005910,MCH0092,LIN005,FAC002,FLR001236,MWO001331,2023-07-22 13:17:29,Power Failure,2.66,628,176269.64,Resolved,Medium
DTE005911,MCH0291,LIN022,FAC008,FLR001263,MWO001757,2026-02-18 23:01:40,Quality Hold,0.92,143,139860.47,Open,Medium
DTE005912,MCH0022,LIN024,FAC008,,MWO004614,2024-04-08 19:41:44,Planned Maintenance,0.53,41,38872.06,Resolved,High
DTE005913,MCH0073,LIN002,FAC001,FLR000018,MWO002888,2026-04-24 07:50:24,Planned Maintenance,4.39,380,88079.76,Resolved,Medium
DTE005914,MCH0134,LIN006,FAC002,FLR001633,MWO000917,2025-04-11 15:47:09,Planned Maintenance,10.15,1582,510558.5,Resolved,High
DTE005915,MCH0332,LIN025,FAC009,,MWO010419,2024-04-10 07:58:39,Tool Change,3.09,444,126867.56,Resolved,Medium
DTE005916,MCH0382,LIN018,FAC006,,MWO009309,2025-11-01 04:21:41,Power Failure,0.81,95,106366.64,Resolved,High
DTE005917,MCH0198,LIN003,FAC001,FLR002752,MWO000178,2025-09-28 07:13:35,Planned Maintenance,2.45,558,161189.22,Resolved,Medium
DTE005918,MCH0154,LIN006,FAC002,FLR001791,MWO001382,2023-04-15 07:26:07,Power Failure,2.2,94,79569.82,Resolved,High
DTE005919,MCH0238,LIN007,FAC003,,MWO004040,2023-02-13 08:30:53,Tool Change,4.98,315,271930.96,Resolved,Medium
DTE005920,MCH0325,LIN011,FAC004,,MWO010170,2025-04-03 03:07:04,Planned Maintenance,4.63,188,35103.25,Resolved,Medium
DTE005921,MCH0449,LIN024,FAC008,,MWO009707,2024-08-17 12:59:49,Tool Change,1.44,176,121147.76,Resolved,High
DTE005922,MCH0513,LIN027,FAC009,,MWO007879,2023-02-07 10:01:26,Power Failure,5.38,678,423624.68,Resolved,Critical
DTE005923,MCH0373,LIN011,FAC004,,MWO008382,2024-11-07 10:39:42,Planned Maintenance,6.36,639,594752.32,Resolved,Medium
DTE005924,MCH0369,LIN012,FAC004,FLR001764,MWO001737,2025-06-11 13:34:48,Power Failure,2.85,653,132954.35,Resolved,Medium
DTE005925,MCH0101,LIN022,FAC008,,MWO008029,2024-06-13 23:30:56,Power Failure,4.55,604,454085.88,Resolved,High
DTE005926,MCH0012,LIN030,FAC010,FLR002941,MWO000728,2025-01-26 06:04:52,Power Failure,3.21,285,69405.85,Resolved,Critical
DTE005927,MCH0165,LIN029,FAC010,,MWO011266,2024-11-03 15:25:25,Material Shortage,2.52,576,366847.54,Resolved,Medium
DTE005928,MCH0204,LIN002,FAC001,,MWO003307,2023-12-04 22:59:11,Planned Maintenance,1.45,210,91403.82,Resolved,Low
DTE005929,MCH0143,LIN020,FAC007,FLR002812,MWO000456,2026-05-31 03:31:48,Tool Change,2.44,432,490005.93,Resolved,Low
DTE005930,MCH0393,LIN019,FAC007,,MWO005574,2025-05-31 09:43:29,Planned Maintenance,2.41,323,342008.3,Resolved,High
DTE005931,MCH0536,LIN030,FAC010,,MWO010256,2025-05-27 04:41:25,Changeover,4.45,235,262985.02,Resolved,High
DTE005932,MCH0435,LIN027,FAC009,,MWO010382,2024-09-11 22:05:07,Planned Maintenance,0.92,41,15868.15,Resolved,High
DTE005933,MCH0231,LIN008,FAC003,,MWO009570,2025-06-27 09:52:08,Planned Maintenance,1.15,102,45124.19,Resolved,Medium
DTE005934,MCH0502,LIN011,FAC004,,MWO009627,2023-01-25 01:23:23,Quality Hold,0.25,46,9663.11,Open,Critical
DTE005935,MCH0334,LIN018,FAC006,,MWO011856,2024-01-30 18:05:11,Quality Hold,0.62,98,31066.04,Resolved,High
DTE005936,MCH0392,LIN005,FAC002,,MWO007600,2024-02-02 04:09:44,Power Failure,0.63,45,35404.65,Resolved,Medium
DTE005937,MCH0336,LIN021,FAC007,,MWO009245,2024-02-18 00:39:19,Power Failure,1.39,235,271391.13,Resolved,High
DTE005938,MCH0099,LIN011,FAC004,,MWO005416,2023-08-10 17:19:49,Planned Maintenance,3.43,818,978208.5,Resolved,Medium
DTE005939,MCH0156,LIN017,FAC006,,MWO006552,2023-04-24 09:48:02,Quality Hold,3.89,311,145833.38,Resolved,Critical
DTE005940,MCH0309,LIN007,FAC003,,MWO011015,2025-03-20 00:46:30,Material Shortage,3.35,721,168197.03,Resolved,Critical
DTE005941,MCH0205,LIN030,FAC010,,MWO006927,2023-02-16 14:28:59,Planned Maintenance,7.64,916,360494.74,Resolved,High
DTE005942,MCH0042,LIN016,FAC006,FLR001582,MWO001729,2023-05-20 19:20:20,Planned Maintenance,2.41,343,86357.34,Resolved,Medium
DTE005943,MCH0293,LIN023,FAC008,,MWO005932,2023-08-02 05:58:35,Tool Change,4.4,271,133041.15,Resolved,Medium
DTE005944,MCH0274,LIN024,FAC008,,MWO004211,2024-02-21 14:05:26,Planned Maintenance,7.03,611,704996.12,Resolved,Medium
DTE005945,MCH0335,LIN026,FAC009,FLR001347,MWO000802,2024-02-07 20:11:50,Quality Hold,5.32,1158,598968.52,Open,Medium
DTE005946,MCH0488,LIN023,FAC008,,MWO009812,2024-04-21 08:18:30,Tool Change,1.88,368,82068.92,Resolved,High
DTE005947,MCH0237,LIN025,FAC009,,MWO006588,2024-10-19 14:31:34,Quality Hold,0.36,23,4939.8,Open,Low
DTE005948,MCH0522,LIN024,FAC008,,MWO009563,2023-09-12 11:36:49,Changeover,1.6,131,57719.33,Resolved,Low
DTE005949,MCH0218,LIN007,FAC003,,MWO006948,2026-04-09 12:24:58,Material Shortage,2.49,546,400040.78,Resolved,Medium
DTE005950,MCH0410,LIN016,FAC006,,MWO009512,2023-09-28 01:42:17,Material Shortage,0.78,83,47334.53,Resolved,Critical
DTE005951,MCH0231,LIN008,FAC003,,MWO007612,2025-03-16 06:19:13,Material Shortage,3.65,234,140560.55,Resolved,Low
DTE005952,MCH0324,LIN024,FAC008,,MWO006332,2023-03-12 13:00:41,Material Shortage,6.76,957,939606.9,Resolved,Critical
DTE005953,MCH0259,LIN026,FAC009,,MWO011190,2025-12-29 11:56:39,Material Shortage,4.26,222,188348.88,Open,Medium
DTE005954,MCH0249,LIN006,FAC002,,MWO011655,2025-06-22 02:18:21,Planned Maintenance,4.29,868,986276.49,Open,Medium
DTE005955,MCH0196,LIN005,FAC002,,MWO009875,2025-08-24 16:14:52,Changeover,1.28,64,15778.69,Resolved,Medium
DTE005956,MCH0340,LIN012,FAC004,,MWO010635,2024-10-17 17:33:04,Material Shortage,4.53,266,247410.52,Resolved,High
DTE005957,MCH0337,LIN028,FAC010,,MWO005537,2023-03-13 08:23:40,Tool Change,1.4,63,11041.45,Open,Medium
DTE005958,MCH0550,LIN019,FAC007,,MWO009106,2025-10-23 03:25:32,Quality Hold,5.78,260,215784.83,Resolved,High
DTE005959,MCH0384,LIN021,FAC007,FLR002706,MWO001028,2023-06-08 07:42:32,Material Shortage,3.63,624,138182.04,Resolved,Medium
DTE005960,MCH0506,LIN001,FAC001,,MWO011089,2025-06-13 13:49:16,Material Shortage,11.58,953,213839.6,Resolved,Medium
DTE005961,MCH0460,LIN030,FAC010,,MWO011642,2024-11-20 09:30:48,Changeover,2.31,169,189647.5,Resolved,Critical
DTE005962,MCH0097,LIN022,FAC008,,MWO006363,2023-04-29 23:45:09,Power Failure,5.15,210,75135.08,Resolved,Medium
DTE005963,MCH0072,LIN011,FAC004,FLR000373,MWO000863,2025-07-05 22:44:27,Changeover,2.04,209,75167.38,Resolved,Medium
DTE005964,MCH0012,LIN030,FAC010,,MWO008088,2023-12-09 12:05:06,Tool Change,5.59,450,136007.98,Resolved,Medium
DTE005965,MCH0049,LIN007,FAC003,FLR002579,MWO002938,2024-05-08 07:27:35,Tool Change,10.8,1789,275623.56,Resolved,Critical
DTE005966,MCH0532,LIN007,FAC003,,MWO003268,2026-05-17 07:43:12,Material Shortage,0.17,39,26397.36,Resolved,Medium
DTE005967,MCH0420,LIN015,FAC005,FLR000738,MWO000693,2024-12-19 18:43:46,Planned Maintenance,3.06,144,75836.89,Resolved,Critical
DTE005968,MCH0330,LIN023,FAC008,,MWO010228,2025-12-04 23:47:54,Power Failure,4.69,680,263531.82,Resolved,Medium
DTE005969,MCH0395,LIN004,FAC002,,MWO010439,2023-05-30 22:52:39,Changeover,0.79,89,38226.47,Resolved,Medium
DTE005970,MCH0515,LIN012,FAC004,,MWO009999,2023-04-18 13:17:12,Tool Change,4.79,505,342352.16,Resolved,Medium
DTE005971,MCH0342,LIN026,FAC009,,MWO007772,2023-06-06 04:19:18,Changeover,3.15,213,67224.82,Resolved,High
DTE005972,MCH0135,LIN015,FAC005,,MWO006830,2025-12-15 12:58:47,Tool Change,0.75,167,189449.92,Resolved,Critical
DTE005973,MCH0304,LIN026,FAC009,,MWO003361,2024-12-05 14:22:47,Tool Change,5.88,1225,1459420.43,Resolved,Critical
DTE005974,MCH0078,LIN001,FAC001,,MWO009100,2024-07-26 05:09:51,Changeover,0.22,52,45160.43,Resolved,Medium
DTE005975,MCH0085,LIN020,FAC007,,MWO003353,2023-01-05 18:04:28,Power Failure,8.4,359,196971.18,Open,Medium
DTE005976,MCH0049,LIN007,FAC003,FLR002052,MWO001460,2023-09-25 02:45:40,Tool Change,18.41,3266,508827.35,Resolved,High
DTE005977,MCH0181,LIN020,FAC007,,MWO008954,2023-02-03 00:56:12,Planned Maintenance,0.16,11,12161.63,Resolved,Medium
DTE005978,MCH0438,LIN013,FAC005,,MWO006092,2026-03-02 13:40:50,Quality Hold,10.12,1595,1225723.84,Open,Medium
DTE005979,MCH0032,LIN023,FAC008,FLR002123,MWO002327,2026-05-13 15:49:37,Material Shortage,3.85,659,131787.66,Resolved,High
DTE005980,MCH0312,LIN015,FAC005,FLR000933,MWO000963,2023-07-08 16:33:30,Planned Maintenance,4.01,256,155804.51,Resolved,Medium
DTE005981,MCH0519,LIN030,FAC010,,MWO011034,2024-01-19 18:50:46,Tool Change,7.34,1578,298509.24,Resolved,Critical
DTE005982,MCH0528,LIN005,FAC002,,MWO008653,2024-12-25 09:01:33,Quality Hold,2.18,303,181141.3,Resolved,High
DTE005983,MCH0463,LIN018,FAC006,,MWO006120,2024-01-21 13:03:31,Tool Change,0.19,19,15977.73,Resolved,Medium
DTE005984,MCH0378,LIN025,FAC009,,MWO004996,2024-03-28 02:22:19,Changeover,8.93,1746,1377932.47,Resolved,Medium
DTE005985,MCH0452,LIN026,FAC009,,MWO010783,2023-12-03 02:06:29,Tool Change,5.21,466,181191.37,Resolved,Critical
DTE005986,MCH0028,LIN004,FAC002,,MWO011645,2025-03-01 20:11:21,Tool Change,2.26,210,73214.4,Open,High
DTE005987,MCH0523,LIN023,FAC008,,MWO011282,2026-04-13 03:19:13,Quality Hold,5.55,389,92111.04,Open,Medium
DTE005988,MCH0571,LIN020,FAC007,FLR001770,MWO001765,2023-11-07 23:41:33,Power Failure,3.47,451,428867.03,Resolved,Medium
DTE005989,MCH0122,LIN001,FAC001,,MWO011460,2026-01-01 13:18:49,Quality Hold,0.55,60,39138.75,Resolved,Critical
DTE005990,MCH0004,LIN020,FAC007,,MWO011808,2024-02-15 17:45:06,Material Shortage,0.09,19,20907.21,Resolved,Critical
DTE005991,MCH0048,LIN024,FAC008,,MWO004699,2023-07-06 07:33:17,Material Shortage,2.53,138,151270.89,Resolved,High
DTE005992,MCH0283,LIN027,FAC009,,MWO003762,2025-07-03 12:56:20,Material Shortage,0.86,58,13451.07,Open,High
DTE005993,MCH0008,LIN015,FAC005,,MWO003133,2023-08-11 22:53:02,Quality Hold,5.72,340,274866.28,Resolved,High
DTE005994,MCH0129,LIN003,FAC001,,MWO004661,2024-12-24 06:36:13,Tool Change,3.4,788,356108.64,Open,High
DTE005995,MCH0504,LIN008,FAC003,,MWO011914,2023-11-12 15:17:57,Quality Hold,2.35,402,369280.07,Resolved,Low
DTE005996,MCH0067,LIN005,FAC002,,MWO008273,2025-09-09 22:21:58,Power Failure,5.42,871,473064.29,Resolved,Low
DTE005997,MCH0190,LIN002,FAC001,,MWO004122,2024-07-19 09:40:53,Tool Change,3.29,245,178967.23,Resolved,Medium
DTE005998,MCH0474,LIN003,FAC001,,MWO003566,2025-11-29 05:27:22,Power Failure,10.1,2355,1194991.53,Resolved,Medium
DTE005999,MCH0173,LIN020,FAC007,,MWO011708,2026-03-07 19:50:54,Planned Maintenance,1.23,79,71543.73,Resolved,Medium
DTE006000,MCH0019,LIN029,FAC010,,MWO006507,2023-04-18 03:13:27,Power Failure,1.7,375,222140.89,Resolved,Medium
DTE006001,MCH0346,LIN015,FAC005,,MWO006510,2023-01-18 04:43:33,Quality Hold,3.5,197,50067.33,Resolved,High
DTE006002,MCH0121,LIN008,FAC003,FLR001750,MWO001231,2024-07-20 21:34:57,Power Failure,8.81,2019,2262743.47,Resolved,High
DTE006003,MCH0078,LIN001,FAC001,FLR002151,MWO002331,2023-06-14 06:59:05,Changeover,5.71,1167,248533.0,Open,High
DTE006004,MCH0564,LIN015,FAC005,,MWO011755,2025-04-23 02:53:24,Material Shortage,3.52,600,423396.1,Resolved,Medium
DTE006005,MCH0571,LIN020,FAC007,,MWO010813,2023-09-11 02:25:28,Material Shortage,3.91,900,482035.28,Resolved,Medium
DTE006006,MCH0594,LIN016,FAC006,,MWO005018,2023-01-24 10:23:47,Power Failure,0.97,101,115728.53,Resolved,High
DTE006007,MCH0412,LIN021,FAC007,,MWO006710,2023-10-02 18:30:17,Quality Hold,2.32,158,146792.6,Resolved,Low
DTE006008,MCH0546,LIN024,FAC008,,MWO005573,2024-05-15 09:33:26,Changeover,4.07,795,178848.44,Resolved,Medium
DTE006009,MCH0184,LIN001,FAC001,,MWO006610,2025-05-14 01:47:12,Planned Maintenance,5.88,1033,989942.51,Resolved,Critical
DTE006010,MCH0401,LIN015,FAC005,,MWO008670,2024-05-11 03:49:12,Tool Change,5.58,454,152664.44,Resolved,High
DTE006011,MCH0329,LIN014,FAC005,,MWO010223,2023-12-18 06:44:46,Quality Hold,3.34,208,103172.52,Resolved,Medium
DTE006012,MCH0492,LIN009,FAC003,,MWO005590,2023-12-22 11:08:48,Material Shortage,4.77,1125,956413.03,Resolved,High
DTE006013,MCH0016,LIN009,FAC003,,MWO005403,2024-11-16 14:53:06,Material Shortage,6.09,1377,737681.81,Resolved,Medium
DTE006014,MCH0326,LIN026,FAC009,,MWO010953,2023-03-19 00:36:38,Material Shortage,1.8,290,293637.82,Resolved,Low
DTE006015,MCH0478,LIN008,FAC003,,MWO009279,2026-06-13 15:54:02,Material Shortage,0.9,131,29751.38,Resolved,Critical
DTE006016,MCH0430,LIN016,FAC006,,MWO008967,2025-09-08 09:34:28,Planned Maintenance,2.48,125,41978.28,Open,High
DTE006017,MCH0561,LIN029,FAC010,,MWO004690,2023-11-29 18:36:34,Tool Change,0.73,127,115463.78,Resolved,Medium
DTE006018,MCH0198,LIN003,FAC001,,MWO011907,2024-03-13 23:53:34,Material Shortage,0.56,82,17131.99,Resolved,Medium
DTE006019,MCH0506,LIN001,FAC001,,MWO011677,2026-06-17 13:59:31,Tool Change,3.08,360,255949.97,Open,Medium
DTE006020,MCH0279,LIN001,FAC001,,MWO004252,2026-01-29 01:00:48,Changeover,3.12,571,413800.56,Resolved,High
DTE006021,MCH0496,LIN024,FAC008,,MWO009793,2026-01-24 18:29:20,Changeover,1.23,267,225257.48,Resolved,Low
DTE006022,MCH0275,LIN008,FAC003,,MWO008508,2023-10-28 13:44:46,Power Failure,2.14,395,103801.81,Resolved,Low
DTE006023,MCH0291,LIN022,FAC008,,MWO005962,2025-01-05 08:05:06,Tool Change,6.46,1453,811362.05,Resolved,Low
DTE006024,MCH0076,LIN008,FAC003,,MWO010756,2023-10-17 19:11:08,Power Failure,5.63,1223,1288348.49,Resolved,Medium
DTE006025,MCH0370,LIN029,FAC010,,MWO005374,2024-06-06 17:05:12,Material Shortage,1.02,242,92844.02,Resolved,Medium
DTE006026,MCH0154,LIN006,FAC002,,MWO008991,2024-04-30 11:47:43,Quality Hold,9.14,690,426692.62,Resolved,Critical
DTE006027,MCH0067,LIN005,FAC002,,MWO006766,2023-05-29 16:37:08,Quality Hold,4.09,220,120828.81,Resolved,Critical
DTE006028,MCH0154,LIN006,FAC002,FLR002881,MWO000631,2023-09-09 19:05:57,Power Failure,2.18,115,133649.32,Resolved,Critical
DTE006029,MCH0069,LIN018,FAC006,,MWO003780,2024-09-18 13:35:11,Power Failure,2.68,561,509093.61,Resolved,Low
DTE006030,MCH0515,LIN012,FAC004,,MWO007843,2023-12-06 07:04:41,Material Shortage,2.62,266,211562.73,Resolved,Medium
DTE006031,MCH0297,LIN018,FAC006,,MWO007905,2025-07-14 22:44:51,Power Failure,2.78,610,123207.43,Open,High
DTE006032,MCH0007,LIN021,FAC007,,MWO011110,2026-06-07 06:31:39,Changeover,3.02,169,45320.65,Resolved,High
DTE006033,MCH0014,LIN029,FAC010,,MWO007653,2023-11-06 15:04:33,Quality Hold,1.98,252,104680.63,Resolved,Medium
DTE006034,MCH0417,LIN001,FAC001,,MWO011465,2023-06-13 12:16:50,Quality Hold,0.23,43,45345.92,Resolved,High
DTE006035,MCH0465,LIN002,FAC001,,MWO003383,2026-06-22 16:43:31,Material Shortage,0.37,44,13520.51,Resolved,High
DTE006036,MCH0276,LIN012,FAC004,,MWO008374,2025-12-14 01:39:57,Power Failure,1.35,99,15077.75,Resolved,High
DTE006037,MCH0364,LIN029,FAC010,,MWO005921,2023-12-22 04:42:33,Power Failure,0.46,20,14939.53,Open,Medium
DTE006038,MCH0442,LIN001,FAC001,FLR001232,MWO000147,2023-05-29 00:20:32,Material Shortage,3.83,748,856177.46,Resolved,Critical
DTE006039,MCH0484,LIN019,FAC007,,MWO006540,2025-09-17 14:28:19,Power Failure,4.63,398,240516.32,Resolved,Medium
DTE006040,MCH0510,LIN023,FAC008,FLR001723,MWO000445,2025-09-26 14:15:42,Planned Maintenance,1.92,326,299491.05,Resolved,High
DTE006041,MCH0416,LIN002,FAC001,,MWO005812,2024-09-24 02:36:08,Material Shortage,1.68,124,137705.42,Resolved,High
DTE006042,MCH0053,LIN007,FAC003,,MWO011305,2023-11-05 19:00:33,Power Failure,5.84,786,179878.8,Resolved,High
DTE006043,MCH0456,LIN003,FAC001,,MWO007093,2023-01-24 18:23:58,Quality Hold,0.67,63,58924.83,Open,High
DTE006044,MCH0588,LIN006,FAC002,,MWO005825,2025-01-04 10:05:16,Material Shortage,3.57,520,596363.7,Resolved,High
DTE006045,MCH0478,LIN008,FAC003,,MWO004789,2024-05-07 11:16:39,Tool Change,2.09,148,43762.02,Resolved,High
DTE006046,MCH0173,LIN020,FAC007,FLR000511,MWO002778,2025-07-08 00:55:22,Planned Maintenance,1.27,294,96241.12,Resolved,Low
DTE006047,MCH0317,LIN021,FAC007,,MWO005986,2024-02-04 02:57:22,Planned Maintenance,2.35,218,151795.4,Open,Medium
DTE006048,MCH0458,LIN007,FAC003,,MWO004758,2023-02-08 14:17:21,Planned Maintenance,2.77,401,315469.68,Resolved,Low
DTE006049,MCH0264,LIN030,FAC010,,MWO007590,2024-02-28 10:46:43,Power Failure,3.47,207,223315.37,Resolved,High
DTE006050,MCH0298,LIN016,FAC006,,MWO004508,2024-11-07 05:31:39,Material Shortage,4.15,499,134695.23,Resolved,High
DTE006051,MCH0047,LIN026,FAC009,,MWO007925,2023-10-15 09:05:44,Power Failure,3.31,262,170988.5,Resolved,Medium
DTE006052,MCH0054,LIN006,FAC002,FLR000894,MWO002416,2025-11-16 18:33:25,Planned Maintenance,1.09,220,219909.06,Resolved,Medium
DTE006053,MCH0201,LIN006,FAC002,,MWO006189,2025-01-19 18:53:27,Material Shortage,0.7,32,24249.01,Resolved,High
DTE006054,MCH0563,LIN001,FAC001,FLR001448,MWO001929,2023-08-19 18:03:13,Tool Change,0.43,25,25729.67,Resolved,High
DTE006055,MCH0054,LIN006,FAC002,,MWO010488,2025-10-19 07:55:50,Power Failure,2.86,373,372665.3,Resolved,Low
DTE006056,MCH0332,LIN025,FAC009,FLR002737,MWO002492,2023-04-24 17:23:50,Tool Change,6.97,664,340500.58,Resolved,Low
DTE006057,MCH0443,LIN021,FAC007,,MWO011610,2023-05-15 23:05:58,Quality Hold,6.12,861,137239.1,Resolved,Medium
DTE006058,MCH0454,LIN022,FAC008,,MWO006008,2024-09-10 13:53:51,Tool Change,0.95,134,58961.37,Resolved,Medium
DTE006059,MCH0211,LIN018,FAC006,,MWO006745,2025-06-12 10:08:57,Tool Change,0.59,140,43524.79,Resolved,High
DTE006060,MCH0479,LIN007,FAC003,FLR002001,MWO001098,2023-11-07 13:12:05,Planned Maintenance,2.72,325,301782.88,Resolved,High
DTE006061,MCH0531,LIN021,FAC007,,MWO011547,2024-09-22 15:40:00,Material Shortage,5.43,1028,421434.78,Resolved,High
DTE006062,MCH0252,LIN027,FAC009,,MWO009989,2025-03-29 16:38:10,Power Failure,27.78,3411,3349847.92,Resolved,Medium
DTE006063,MCH0025,LIN017,FAC006,FLR000528,MWO001376,2024-11-20 08:58:38,Tool Change,0.62,106,24282.08,Resolved,Low
DTE006064,MCH0364,LIN029,FAC010,,MWO007698,2024-08-22 11:27:55,Tool Change,0.44,89,103635.57,Resolved,High
DTE006065,MCH0031,LIN010,FAC004,,MWO009882,2024-06-06 20:10:08,Power Failure,1.07,185,91435.6,Resolved,Medium
DTE006066,MCH0273,LIN002,FAC001,,MWO009183,2026-04-27 15:22:25,Power Failure,3.25,493,215996.9,Resolved,Medium
DTE006067,MCH0063,LIN013,FAC005,FLR000389,MWO001827,2025-06-05 02:25:27,Changeover,1.91,186,32310.16,Resolved,High
DTE006068,MCH0322,LIN010,FAC004,FLR001186,MWO001491,2026-05-15 22:18:02,Material Shortage,4.13,976,763096.86,Resolved,Medium
DTE006069,MCH0365,LIN014,FAC005,FLR001560,MWO002812,2026-02-19 10:02:35,Changeover,2.79,578,322112.0,Resolved,Low
DTE006070,MCH0576,LIN020,FAC007,,MWO008283,2026-05-26 14:41:24,Changeover,4.39,332,163444.49,Resolved,High
DTE006071,MCH0533,LIN017,FAC006,FLR001765,MWO000443,2026-06-09 18:57:16,Material Shortage,1.12,218,236383.42,Resolved,High
DTE006072,MCH0256,LIN005,FAC002,,MWO006732,2024-12-16 14:59:39,Changeover,4.62,460,430277.77,Resolved,High
DTE006073,MCH0169,LIN003,FAC001,FLR002864,MWO001286,2023-01-05 18:52:32,Changeover,1.65,170,129797.84,Resolved,Medium
DTE006074,MCH0426,LIN009,FAC003,,MWO009754,2023-04-06 18:09:11,Changeover,0.28,58,28320.25,Resolved,Low
DTE006075,MCH0403,LIN002,FAC001,FLR001744,MWO000824,2024-07-11 18:06:16,Changeover,2.01,445,411424.17,Open,Medium
DTE006076,MCH0563,LIN001,FAC001,FLR001448,MWO000499,2023-08-19 19:41:45,Power Failure,1.32,175,52891.36,Resolved,High
DTE006077,MCH0464,LIN002,FAC001,FLR002528,MWO001848,2025-08-14 03:19:37,Power Failure,3.5,204,166175.02,Resolved,Critical
DTE006078,MCH0305,LIN003,FAC001,,MWO003003,2026-03-19 15:53:16,Material Shortage,2.23,119,108584.58,Resolved,Critical
DTE006079,MCH0107,LIN010,FAC004,,MWO011378,2025-08-26 08:25:29,Material Shortage,3.45,326,200719.44,Resolved,Critical
DTE006080,MCH0556,LIN013,FAC005,,MWO005916,2024-05-20 20:15:51,Quality Hold,1.09,91,38372.88,Resolved,Medium
DTE006081,MCH0528,LIN005,FAC002,,MWO009451,2025-08-30 06:24:14,Power Failure,4.28,846,663083.34,Resolved,Medium
DTE006082,MCH0359,LIN019,FAC007,,MWO010442,2023-02-12 00:03:54,Tool Change,10.94,1706,2037678.09,Resolved,Low
DTE006083,MCH0529,LIN014,FAC005,,MWO007714,2024-04-10 05:52:34,Quality Hold,0.95,225,54568.31,Resolved,High
DTE006084,MCH0561,LIN029,FAC010,,MWO011432,2023-04-16 01:51:40,Planned Maintenance,1.22,240,120308.86,Resolved,Low
DTE006085,MCH0184,LIN001,FAC001,,MWO005755,2023-06-09 09:03:16,Power Failure,8.4,1317,713099.9,Resolved,Medium
DTE006086,MCH0100,LIN014,FAC005,FLR001980,MWO000042,2024-07-02 15:29:51,Changeover,5.69,414,436847.44,Resolved,Medium
DTE006087,MCH0393,LIN019,FAC007,,MWO008045,2025-01-13 15:11:40,Material Shortage,9.01,515,102799.15,Resolved,High
DTE006088,MCH0550,LIN019,FAC007,,MWO005042,2023-10-08 14:41:19,Planned Maintenance,2.16,476,476593.35,Resolved,Critical
DTE006089,MCH0482,LIN024,FAC008,,MWO010434,2023-06-24 00:48:17,Planned Maintenance,2.61,116,68166.66,Resolved,Low
DTE006090,MCH0524,LIN016,FAC006,,MWO004401,2024-03-28 12:55:50,Planned Maintenance,8.39,994,252316.29,Resolved,Medium
DTE006091,MCH0573,LIN004,FAC002,,MWO004235,2024-12-30 00:58:49,Power Failure,2.33,317,147181.36,Resolved,Low
DTE006092,MCH0196,LIN005,FAC002,,MWO005324,2025-04-02 23:41:49,Power Failure,2.08,346,212880.79,Open,Medium
DTE006093,MCH0535,LIN025,FAC009,FLR002178,MWO000389,2024-09-16 05:55:25,Material Shortage,3.9,499,424054.93,Resolved,High
DTE006094,MCH0344,LIN019,FAC007,FLR001493,MWO001653,2023-09-17 02:31:22,Planned Maintenance,2.1,495,178869.1,Resolved,Medium
DTE006095,MCH0024,LIN022,FAC008,,MWO004447,2026-04-08 13:28:53,Planned Maintenance,0.43,55,25306.1,Resolved,High
DTE006096,MCH0531,LIN021,FAC007,,MWO010975,2025-03-29 15:42:35,Planned Maintenance,1.8,122,128022.57,Resolved,Medium
DTE006097,MCH0095,LIN022,FAC008,FLR001308,MWO002569,2025-04-12 15:27:15,Material Shortage,3.79,808,537978.84,Resolved,Medium
DTE006098,MCH0363,LIN017,FAC006,,MWO009247,2023-08-10 20:04:24,Material Shortage,1.39,311,140154.37,Resolved,Medium
DTE006099,MCH0163,LIN007,FAC003,,MWO004478,2023-02-13 19:11:53,Power Failure,4.04,932,558564.7,Open,High
DTE006100,MCH0289,LIN010,FAC004,,MWO007817,2025-04-15 00:20:50,Material Shortage,3.34,356,98950.05,Resolved,Medium
DTE006101,MCH0416,LIN002,FAC001,,MWO005328,2025-06-17 05:03:56,Quality Hold,4.27,586,510118.21,Resolved,Medium
DTE006102,MCH0387,LIN005,FAC002,,MWO003627,2023-11-07 20:23:02,Material Shortage,3.62,166,182603.82,Resolved,Medium
DTE006103,MCH0194,LIN015,FAC005,,MWO005114,2024-11-07 06:08:20,Planned Maintenance,1.41,128,123014.7,Resolved,Medium
DTE006104,MCH0371,LIN005,FAC002,,MWO004417,2024-11-12 14:39:11,Quality Hold,6.54,1087,428777.69,Resolved,High
DTE006105,MCH0400,LIN002,FAC001,FLR001403,MWO002256,2024-04-20 07:22:35,Quality Hold,1.75,226,80922.24,Resolved,Medium
DTE006106,MCH0043,LIN023,FAC008,,MWO008791,2025-07-04 02:34:57,Material Shortage,3.93,289,227669.82,Resolved,High
DTE006107,MCH0019,LIN029,FAC010,,MWO006956,2024-12-28 15:26:10,Tool Change,3.92,727,419267.47,Resolved,High
DTE006108,MCH0304,LIN026,FAC009,,MWO005468,2024-06-11 11:17:46,Quality Hold,0.42,85,98824.17,Open,High
DTE006109,MCH0282,LIN001,FAC001,,MWO004800,2023-02-05 05:02:09,Power Failure,8.78,1945,960724.7,Resolved,Critical
DTE006110,MCH0246,LIN029,FAC010,,MWO007826,2025-06-26 05:53:04,Material Shortage,2.32,551,370183.79,Resolved,High
DTE006111,MCH0250,LIN007,FAC003,FLR002688,MWO000582,2023-05-25 01:16:47,Material Shortage,8.68,1434,604547.23,Resolved,High
DTE006112,MCH0180,LIN011,FAC004,,MWO007346,2023-08-17 17:58:44,Tool Change,0.8,89,85401.85,Resolved,Medium
DTE006113,MCH0079,LIN008,FAC003,,MWO009341,2024-07-24 18:05:10,Planned Maintenance,1.86,138,64108.85,Resolved,High
DTE006114,MCH0466,LIN005,FAC002,,MWO009904,2024-04-18 21:09:06,Planned Maintenance,10.57,1497,1449616.32,Resolved,Medium
DTE006115,MCH0235,LIN025,FAC009,,MWO003387,2026-04-04 17:10:59,Quality Hold,1.73,385,245238.82,Resolved,Medium
DTE006116,MCH0140,LIN013,FAC005,,MWO005350,2025-11-13 17:18:12,Material Shortage,1.53,67,63570.06,Resolved,Medium
DTE006117,MCH0202,LIN009,FAC003,FLR001111,MWO000727,2023-12-25 16:51:07,Planned Maintenance,1.31,166,130170.25,Resolved,High
DTE006118,MCH0394,LIN001,FAC001,,MWO008089,2024-08-18 04:15:56,Changeover,1.91,195,149415.8,Resolved,High
DTE006119,MCH0407,LIN018,FAC006,,MWO003260,2024-01-25 20:41:00,Changeover,4.07,496,170581.17,Resolved,Medium
DTE006120,MCH0077,LIN003,FAC001,,MWO003468,2023-04-06 08:40:36,Quality Hold,1.53,216,197780.88,Resolved,High
DTE006121,MCH0517,LIN005,FAC002,,MWO008529,2023-11-10 19:21:26,Power Failure,1.61,303,257229.72,Resolved,Medium
DTE006122,MCH0179,LIN010,FAC004,,MWO011198,2025-11-24 09:43:06,Tool Change,0.65,102,36202.02,Resolved,Critical
DTE006123,MCH0090,LIN018,FAC006,FLR001233,MWO002959,2023-01-08 00:35:08,Tool Change,3.35,450,510772.9,Resolved,Low
DTE006124,MCH0494,LIN001,FAC001,,MWO004095,2023-02-02 17:34:09,Material Shortage,0.97,101,119953.62,Resolved,High
DTE006125,MCH0589,LIN023,FAC008,,MWO009044,2023-07-06 07:23:26,Power Failure,1.39,92,27989.09,Open,High
DTE006126,MCH0162,LIN014,FAC005,,MWO009909,2026-03-06 13:22:26,Changeover,1.57,200,210410.41,Resolved,High
DTE006127,MCH0181,LIN020,FAC007,FLR000150,MWO001769,2024-07-21 06:17:25,Tool Change,3.06,690,535585.89,Resolved,Medium
DTE006128,MCH0047,LIN026,FAC009,FLR000355,MWO000219,2025-11-19 21:54:50,Quality Hold,2.65,575,139040.23,Resolved,Medium
DTE006129,MCH0211,LIN018,FAC006,,MWO006726,2025-09-29 21:35:23,Material Shortage,6.94,1354,1121325.44,Resolved,Critical
DTE006130,MCH0255,LIN005,FAC002,,MWO004014,2024-10-30 18:13:18,Changeover,2.19,212,117484.79,Resolved,Low
DTE006131,MCH0266,LIN021,FAC007,,MWO003413,2025-03-21 00:02:05,Power Failure,0.44,21,14711.25,Resolved,High
DTE006132,MCH0421,LIN007,FAC003,,MWO004489,2023-04-20 13:17:00,Quality Hold,10.61,1487,795060.36,Resolved,Low
DTE006133,MCH0323,LIN027,FAC009,,MWO004084,2023-11-18 07:22:10,Material Shortage,2.73,627,435291.88,Resolved,High
DTE006134,MCH0486,LIN029,FAC010,,MWO007694,2025-11-18 16:16:24,Material Shortage,2.92,450,409161.22,Resolved,Critical
DTE006135,MCH0432,LIN025,FAC009,,MWO005309,2024-07-04 01:55:23,Material Shortage,6.68,1396,456794.01,Resolved,Medium
DTE006136,MCH0212,LIN030,FAC010,FLR002991,MWO001121,2025-07-25 16:59:31,Changeover,3.76,834,737351.5,Resolved,Medium
DTE006137,MCH0522,LIN024,FAC008,FLR001117,MWO001232,2023-12-05 04:11:39,Power Failure,7.38,1708,1166148.31,Open,High
DTE006138,MCH0597,LIN012,FAC004,,MWO005041,2024-03-27 05:31:56,Changeover,5.44,884,332734.08,Resolved,Critical
DTE006139,MCH0155,LIN022,FAC008,FLR000110,MWO001421,2026-04-18 09:02:03,Material Shortage,2.16,440,111092.92,Resolved,High
DTE006140,MCH0027,LIN014,FAC005,FLR002866,MWO001553,2024-09-26 05:17:57,Material Shortage,2.92,437,127798.88,Resolved,High
DTE006141,MCH0082,LIN027,FAC009,FLR000743,MWO002564,2023-05-23 18:00:47,Changeover,2.55,349,317630.19,Open,Medium
DTE006142,MCH0028,LIN004,FAC002,,MWO010634,2026-06-13 15:26:28,Tool Change,2.69,569,219837.96,Resolved,High
DTE006143,MCH0502,LIN011,FAC004,FLR000732,MWO000163,2026-01-04 13:53:23,Material Shortage,0.44,92,43550.81,Resolved,Medium
DTE006144,MCH0205,LIN030,FAC010,FLR002365,MWO002719,2025-03-17 13:19:30,Changeover,2.15,322,284333.75,Resolved,Low
DTE006145,MCH0328,LIN024,FAC008,,MWO011392,2024-09-02 00:41:28,Power Failure,9.29,668,715572.53,Resolved,High
DTE006146,MCH0091,LIN024,FAC008,,MWO003872,2025-07-27 05:48:57,Material Shortage,2.36,328,126592.93,Resolved,Critical
DTE006147,MCH0523,LIN023,FAC008,,MWO011780,2023-04-25 23:08:30,Tool Change,0.92,173,99829.34,Open,Medium
DTE006148,MCH0213,LIN007,FAC003,,MWO009913,2024-05-17 16:02:17,Planned Maintenance,0.4,71,72271.52,Resolved,Low
DTE006149,MCH0547,LIN005,FAC002,,MWO005329,2025-06-05 10:04:49,Quality Hold,4.48,782,527740.61,Resolved,Critical
DTE006150,MCH0183,LIN025,FAC009,,MWO004184,2025-05-07 02:30:52,Material Shortage,6.58,1544,955013.36,Resolved,Medium
DTE006151,MCH0326,LIN026,FAC009,,MWO010448,2024-11-11 15:05:10,Quality Hold,0.92,61,62488.05,Resolved,Medium
DTE006152,MCH0092,LIN005,FAC002,FLR000316,MWO001113,2023-02-15 12:21:40,Tool Change,6.1,1300,518305.12,Resolved,High
DTE006153,MCH0294,LIN006,FAC002,,MWO005418,2024-09-15 13:45:59,Power Failure,4.71,901,859564.16,Open,Critical
DTE006154,MCH0400,LIN002,FAC001,,MWO009663,2025-03-17 05:51:02,Quality Hold,8.46,1430,1480993.59,Resolved,Medium
DTE006155,MCH0485,LIN007,FAC003,FLR001943,MWO002631,2025-01-21 13:39:17,Changeover,8.51,1375,1426404.99,Resolved,Low
DTE006156,MCH0125,LIN008,FAC003,,MWO003416,2025-06-18 09:29:13,Material Shortage,1.33,212,217298.57,Resolved,Medium
DTE006157,MCH0190,LIN002,FAC001,FLR001629,MWO000870,2024-07-08 09:01:59,Planned Maintenance,1.09,50,50043.46,Resolved,Medium
DTE006158,MCH0194,LIN015,FAC005,,MWO005114,2024-11-07 06:08:20,Changeover,1.18,86,42172.12,Resolved,Medium
DTE006159,MCH0024,LIN022,FAC008,,MWO008881,2025-02-13 16:20:28,Changeover,5.06,1031,1156608.2,Resolved,Medium
DTE006160,MCH0322,LIN010,FAC004,,MWO005489,2025-12-23 10:51:22,Material Shortage,0.38,57,19966.13,Resolved,Medium
DTE006161,MCH0583,LIN027,FAC009,,MWO010169,2023-05-31 01:11:02,Quality Hold,1.61,264,231639.74,Resolved,High
DTE006162,MCH0105,LIN004,FAC002,FLR002495,MWO002375,2023-02-07 16:11:45,Tool Change,4.38,879,173153.73,Resolved,High
DTE006163,MCH0146,LIN004,FAC002,,MWO005314,2023-07-25 12:38:09,Material Shortage,5.81,1055,806710.05,Resolved,Low
DTE006164,MCH0325,LIN011,FAC004,FLR001018,MWO002952,2026-03-12 09:37:34,Material Shortage,4.73,354,92382.66,Open,Medium
DTE006165,MCH0134,LIN006,FAC002,,MWO011827,2023-01-20 08:12:31,Quality Hold,0.87,63,21181.89,Resolved,High
DTE006166,MCH0029,LIN002,FAC001,,MWO009638,2024-01-22 04:38:40,Quality Hold,3.45,735,169534.34,Resolved,Low
DTE006167,MCH0356,LIN005,FAC002,,MWO003452,2026-06-01 22:12:09,Power Failure,0.93,83,43317.39,Resolved,High
DTE006168,MCH0091,LIN024,FAC008,,MWO003872,2025-07-27 05:48:57,Quality Hold,6.55,703,143322.58,Resolved,High
DTE006169,MCH0350,LIN021,FAC007,,MWO003262,2024-12-16 19:47:55,Material Shortage,1.76,382,120705.83,Resolved,Critical
DTE006170,MCH0030,LIN022,FAC008,,MWO008023,2023-03-15 07:03:24,Power Failure,2.26,400,112336.98,Resolved,High
DTE006171,MCH0092,LIN005,FAC002,FLR001236,MWO001331,2023-07-22 13:17:29,Changeover,8.5,408,313406.43,Open,Medium
DTE006172,MCH0302,LIN016,FAC006,,MWO008819,2025-05-16 14:04:15,Material Shortage,6.69,1229,825169.68,Resolved,Critical
DTE006173,MCH0287,LIN017,FAC006,,MWO009584,2026-04-02 11:45:32,Changeover,2.14,266,131055.91,Resolved,Low
DTE006174,MCH0021,LIN007,FAC003,,MWO009339,2024-04-21 02:48:13,Tool Change,2.15,136,81132.44,Resolved,Low
DTE006175,MCH0141,LIN006,FAC002,,MWO005610,2024-09-02 09:52:17,Tool Change,2.02,218,69584.18,Open,High
DTE006176,MCH0452,LIN026,FAC009,,MWO006251,2025-02-17 11:38:40,Quality Hold,3.95,191,196552.66,Resolved,High
DTE006177,MCH0441,LIN020,FAC007,FLR002824,MWO001204,2024-02-20 02:43:00,Power Failure,4.57,398,363098.48,Resolved,High
DTE006178,MCH0431,LIN023,FAC008,FLR001258,MWO000620,2024-07-31 17:02:03,Planned Maintenance,4.35,184,173135.66,Resolved,High
DTE006179,MCH0574,LIN029,FAC010,,MWO007784,2025-11-22 12:53:55,Power Failure,0.86,64,56781.38,Resolved,High
DTE006180,MCH0426,LIN009,FAC003,,MWO009473,2025-02-15 09:10:03,Quality Hold,9.89,1700,334100.55,Resolved,Low
DTE006181,MCH0567,LIN016,FAC006,FLR002216,MWO002999,2025-01-22 10:45:57,Planned Maintenance,4.14,419,119511.0,Resolved,Medium
DTE006182,MCH0474,LIN003,FAC001,,MWO011191,2025-03-24 01:51:52,Tool Change,0.22,43,35875.36,Resolved,Medium
DTE006183,MCH0429,LIN004,FAC002,,MWO008072,2024-10-05 09:23:35,Planned Maintenance,0.36,50,39033.1,Resolved,Medium
DTE006184,MCH0545,LIN004,FAC002,FLR001767,MWO002863,2025-01-21 06:15:32,Tool Change,4.82,198,210744.54,Resolved,Medium
DTE006185,MCH0571,LIN020,FAC007,,MWO004384,2025-01-20 21:38:22,Changeover,2.65,291,252101.66,Resolved,Medium
DTE006186,MCH0086,LIN003,FAC001,,MWO011915,2024-05-13 06:36:28,Tool Change,8.05,1063,487863.68,Resolved,Medium
DTE006187,MCH0483,LIN029,FAC010,FLR000978,MWO001561,2024-09-17 23:33:20,Planned Maintenance,9.88,431,331168.06,Resolved,Medium
DTE006188,MCH0240,LIN015,FAC005,FLR002238,MWO001539,2023-01-24 20:31:28,Quality Hold,1.7,293,301459.12,Resolved,High
DTE006189,MCH0295,LIN020,FAC007,,MWO008878,2024-12-20 20:58:22,Material Shortage,5.95,1239,1214787.42,Resolved,Critical
DTE006190,MCH0410,LIN016,FAC006,,MWO007846,2023-12-11 03:19:10,Planned Maintenance,2.73,546,456728.33,Resolved,High
DTE006191,MCH0034,LIN007,FAC003,,MWO009028,2023-02-01 03:11:23,Planned Maintenance,3.54,804,370982.37,Resolved,Low
DTE006192,MCH0283,LIN027,FAC009,,MWO010108,2024-08-15 00:20:04,Material Shortage,8.57,1208,1133766.8,Resolved,Medium
DTE006193,MCH0288,LIN014,FAC005,,MWO004490,2023-10-31 22:45:41,Tool Change,5.43,304,207442.07,Resolved,High
DTE006194,MCH0522,LIN024,FAC008,,MWO008560,2023-01-22 00:14:58,Material Shortage,4.46,920,292811.32,Resolved,Critical
DTE006195,MCH0593,LIN019,FAC007,,MWO008587,2024-03-16 09:56:15,Quality Hold,1.62,290,331265.09,Resolved,Low
DTE006196,MCH0298,LIN016,FAC006,,MWO005975,2023-08-28 07:29:18,Quality Hold,0.7,154,52843.61,Resolved,Medium
DTE006197,MCH0321,LIN029,FAC010,,MWO010456,2024-04-04 10:12:36,Changeover,4.89,574,374337.5,Resolved,High
DTE006198,MCH0236,LIN021,FAC007,,MWO010063,2024-09-22 20:33:45,Planned Maintenance,3.35,587,499708.96,Resolved,Medium
DTE006199,MCH0206,LIN007,FAC003,,MWO003861,2026-06-08 12:06:31,Quality Hold,3.04,177,102757.22,Resolved,High
DTE006200,MCH0449,LIN024,FAC008,FLR000656,MWO002161,2023-10-04 12:59:35,Power Failure,7.91,759,175949.21,Resolved,High
DTE006201,MCH0146,LIN004,FAC002,,MWO011021,2026-06-18 15:52:27,Power Failure,4.52,972,444716.84,Resolved,Low
DTE006202,MCH0008,LIN015,FAC005,,MWO009077,2026-01-03 16:49:02,Power Failure,2.15,306,52770.21,Resolved,High
DTE006203,MCH0238,LIN007,FAC003,FLR001507,MWO000385,2023-02-13 19:57:13,Tool Change,4.43,795,607838.27,Resolved,High
DTE006204,MCH0093,LIN027,FAC009,FLR001414,MWO001484,2023-08-05 17:31:29,Power Failure,1.2,228,120584.91,Open,Medium
DTE006205,MCH0439,LIN026,FAC009,,MWO003289,2026-02-15 10:44:40,Quality Hold,0.57,33,22896.01,Resolved,Medium
DTE006206,MCH0415,LIN008,FAC003,FLR000093,MWO000077,2025-04-01 18:53:11,Changeover,2.45,558,287157.43,Resolved,High
DTE006207,MCH0131,LIN006,FAC002,,MWO008559,2024-07-15 06:17:11,Quality Hold,4.2,875,326222.04,Resolved,High
DTE006208,MCH0161,LIN008,FAC003,,MWO003166,2023-06-17 18:56:48,Power Failure,7.23,814,839010.71,Resolved,Medium
DTE006209,MCH0596,LIN022,FAC008,,MWO010440,2025-06-21 13:50:18,Material Shortage,2.73,414,205664.1,Resolved,Critical
DTE006210,MCH0043,LIN023,FAC008,,MWO006360,2025-08-04 10:03:37,Power Failure,1.35,58,23128.96,Resolved,Medium
DTE006211,MCH0427,LIN027,FAC009,,MWO011589,2024-04-26 03:19:35,Tool Change,4.39,1011,865327.38,Resolved,Low
DTE006212,MCH0252,LIN027,FAC009,,MWO003856,2023-06-05 21:47:08,Quality Hold,9.8,1179,1159732.77,Resolved,Medium
DTE006213,MCH0073,LIN002,FAC001,,MWO008727,2023-02-06 07:51:44,Tool Change,0.79,172,103840.38,Resolved,High
DTE006214,MCH0097,LIN022,FAC008,FLR001495,MWO000646,2023-08-12 16:09:28,Material Shortage,2.21,506,96138.6,Resolved,Medium
DTE006215,MCH0372,LIN025,FAC009,,MWO011806,2024-03-07 17:37:55,Planned Maintenance,1.79,133,130552.19,Resolved,High
DTE006216,MCH0332,LIN025,FAC009,,MWO008405,2026-04-07 13:34:10,Material Shortage,7.04,1152,504376.82,Resolved,Medium
DTE006217,MCH0327,LIN009,FAC003,,MWO004943,2023-06-24 15:49:57,Power Failure,5.97,1118,660244.09,Resolved,High
DTE006218,MCH0448,LIN016,FAC006,,MWO003406,2025-04-08 09:57:26,Power Failure,1.84,298,85135.36,Resolved,Low
DTE006219,MCH0170,LIN002,FAC001,,MWO005254,2024-09-09 19:30:53,Power Failure,0.77,102,33296.29,Resolved,Medium
DTE006220,MCH0434,LIN011,FAC004,,MWO007873,2023-06-03 20:34:17,Planned Maintenance,6.77,1347,235446.2,Resolved,Medium
DTE006221,MCH0421,LIN007,FAC003,,MWO011824,2025-05-04 17:35:51,Power Failure,7.16,881,371480.69,Resolved,High
DTE006222,MCH0127,LIN004,FAC002,FLR000276,MWO000569,2023-02-07 08:42:47,Changeover,0.05,9,4744.53,Resolved,Low
DTE006223,MCH0337,LIN028,FAC010,,MWO011400,2025-06-10 05:04:43,Tool Change,5.18,612,690254.65,Resolved,High
DTE006224,MCH0133,LIN013,FAC005,FLR000839,MWO000081,2025-02-11 11:30:04,Tool Change,3.11,701,644951.38,Resolved,High
DTE006225,MCH0166,LIN004,FAC002,FLR001112,MWO002214,2023-12-15 19:00:52,Quality Hold,5.05,1111,460279.46,Open,High
DTE006226,MCH0113,LIN015,FAC005,,MWO003265,2026-05-24 18:56:47,Changeover,3.04,356,361434.08,Resolved,Low
DTE006227,MCH0530,LIN014,FAC005,FLR002934,MWO000180,2026-06-18 14:22:48,Tool Change,0.72,154,107160.37,Open,High
DTE006228,MCH0002,LIN009,FAC003,,MWO005688,2024-03-24 21:58:54,Tool Change,12.75,2632,1241578.42,Resolved,High
DTE006229,MCH0103,LIN030,FAC010,,MWO006669,2023-01-15 17:33:22,Changeover,3.64,799,916974.55,Resolved,Low
DTE006230,MCH0081,LIN021,FAC007,FLR001990,MWO000851,2024-11-28 10:58:36,Changeover,8.32,591,409917.54,Resolved,Medium
DTE006231,MCH0112,LIN003,FAC001,,MWO011288,2024-07-15 17:56:45,Tool Change,1.78,164,195220.02,Resolved,Low
DTE006232,MCH0277,LIN001,FAC001,,MWO005725,2025-09-30 01:13:44,Tool Change,0.95,175,62625.32,Resolved,High
DTE006233,MCH0512,LIN030,FAC010,,MWO004297,2023-05-17 10:19:11,Quality Hold,0.82,136,127815.69,Open,Critical
DTE006234,MCH0066,LIN011,FAC004,,MWO006408,2025-04-01 00:10:22,Tool Change,4.77,843,193501.54,Resolved,High
DTE006235,MCH0533,LIN017,FAC006,,MWO006935,2024-10-15 09:32:09,Changeover,3.19,242,155235.13,Resolved,Low
DTE006236,MCH0042,LIN016,FAC006,FLR000887,MWO000321,2023-11-10 20:04:15,Changeover,0.98,163,82222.29,Resolved,Medium
DTE006237,MCH0540,LIN026,FAC009,,MWO010799,2024-11-29 15:36:02,Planned Maintenance,3.76,843,471760.03,Resolved,Medium
DTE006238,MCH0021,LIN007,FAC003,,MWO011212,2025-11-04 08:44:28,Material Shortage,2.48,262,103650.75,Resolved,Low
DTE006239,MCH0504,LIN008,FAC003,,MWO009454,2026-02-04 20:21:57,Power Failure,0.64,143,169625.98,Resolved,High
DTE006240,MCH0552,LIN012,FAC004,,MWO005720,2024-06-13 12:37:44,Power Failure,1.48,302,255348.2,Resolved,High
DTE006241,MCH0523,LIN023,FAC008,,MWO011278,2023-12-10 07:10:03,Material Shortage,5.76,650,626938.17,Resolved,High
DTE006242,MCH0305,LIN003,FAC001,,MWO004998,2025-04-08 23:25:41,Quality Hold,0.4,37,33182.91,Open,High
DTE006243,MCH0083,LIN010,FAC004,,MWO011654,2023-08-07 12:51:55,Planned Maintenance,2.83,263,99084.69,Resolved,High
DTE006244,MCH0459,LIN006,FAC002,FLR001094,MWO001521,2023-12-27 09:00:57,Quality Hold,2.23,192,217991.3,Open,Medium
DTE006245,MCH0282,LIN001,FAC001,,MWO008609,2024-10-16 03:51:21,Quality Hold,8.85,476,501171.79,Resolved,Low
DTE006246,MCH0291,LIN022,FAC008,FLR001369,MWO002209,2025-02-16 05:37:21,Planned Maintenance,10.85,658,664494.24,Resolved,High
DTE006247,MCH0229,LIN014,FAC005,,MWO010544,2026-03-11 18:20:30,Material Shortage,5.7,1338,294330.91,Resolved,Critical
DTE006248,MCH0593,LIN019,FAC007,,MWO005224,2024-02-25 22:04:05,Quality Hold,4.67,188,117902.42,Resolved,High
DTE006249,MCH0352,LIN027,FAC009,,MWO005715,2025-02-11 22:03:25,Tool Change,5.15,1111,438721.06,Resolved,High
DTE006250,MCH0232,LIN030,FAC010,,MWO010572,2026-05-26 22:20:38,Material Shortage,4.09,283,156250.16,Resolved,Low
DTE006251,MCH0031,LIN010,FAC004,FLR002283,MWO002140,2023-06-05 15:31:25,Quality Hold,4.81,829,151624.84,Resolved,High
DTE006252,MCH0405,LIN026,FAC009,FLR000797,MWO001144,2026-03-22 18:27:48,Quality Hold,4.72,861,701646.02,Resolved,High
DTE006253,MCH0315,LIN015,FAC005,,MWO003843,2024-11-03 01:15:08,Tool Change,2.32,141,61610.92,Resolved,High
DTE006254,MCH0361,LIN024,FAC008,,MWO006472,2023-12-26 23:03:08,Material Shortage,3.25,535,291172.99,Resolved,Medium
DTE006255,MCH0440,LIN027,FAC009,FLR001440,MWO002966,2026-01-23 01:11:16,Planned Maintenance,2.54,553,594877.11,Resolved,Medium
DTE006256,MCH0424,LIN022,FAC008,,MWO011890,2025-07-09 16:06:27,Planned Maintenance,3.85,749,544059.12,Resolved,High
DTE006257,MCH0346,LIN015,FAC005,FLR000863,MWO001620,2023-07-06 20:44:46,Changeover,9.31,1133,227711.61,Resolved,High
DTE006258,MCH0088,LIN015,FAC005,,MWO010869,2023-07-24 21:06:54,Power Failure,1.41,147,61382.59,Resolved,Medium
DTE006259,MCH0143,LIN020,FAC007,,MWO005345,2023-09-24 21:17:01,Tool Change,0.54,84,30187.05,Resolved,Medium
DTE006260,MCH0189,LIN004,FAC002,,MWO005222,2025-10-12 04:04:59,Planned Maintenance,4.74,331,209258.41,Resolved,Medium
DTE006261,MCH0127,LIN004,FAC002,,MWO004625,2025-12-09 18:38:01,Quality Hold,8.15,404,95251.35,Resolved,High
DTE006262,MCH0104,LIN004,FAC002,,MWO004419,2026-05-09 14:24:02,Changeover,3.85,872,417594.56,Resolved,Medium
DTE006263,MCH0442,LIN001,FAC001,FLR001232,MWO000147,2023-05-29 00:20:32,Power Failure,8.13,525,466817.08,Resolved,Medium
DTE006264,MCH0329,LIN014,FAC005,FLR000840,MWO002275,2023-12-23 23:27:30,Power Failure,0.88,202,185104.95,Open,Medium
DTE006265,MCH0332,LIN025,FAC009,FLR000270,MWO002168,2025-10-01 03:32:00,Tool Change,3.87,841,223144.09,Resolved,High
DTE006266,MCH0381,LIN011,FAC004,,MWO008745,2025-02-14 13:36:22,Planned Maintenance,14.62,1728,309594.89,Resolved,High
DTE006267,MCH0213,LIN007,FAC003,,MWO003329,2025-01-03 21:09:12,Quality Hold,2.32,134,145970.83,Resolved,Critical
DTE006268,MCH0462,LIN016,FAC006,,MWO010908,2023-10-06 21:58:16,Quality Hold,2.47,314,284876.67,Resolved,Medium
DTE006269,MCH0202,LIN009,FAC003,,MWO007424,2025-02-07 11:48:59,Quality Hold,8.71,944,749430.58,Resolved,Medium
DTE006270,MCH0179,LIN010,FAC004,,MWO010117,2025-01-21 09:20:18,Power Failure,3.4,467,233431.31,Resolved,Medium
DTE006271,MCH0401,LIN015,FAC005,,MWO007988,2025-03-12 22:53:24,Power Failure,1.61,72,52718.68,Resolved,High
DTE006272,MCH0218,LIN007,FAC003,,MWO006422,2025-05-02 07:22:06,Changeover,1.45,176,210430.71,Resolved,Medium
DTE006273,MCH0209,LIN030,FAC010,,MWO010653,2023-08-19 15:37:45,Tool Change,3.91,467,295007.61,Resolved,Medium
DTE006274,MCH0364,LIN029,FAC010,,MWO007718,2024-12-15 04:52:46,Power Failure,1.0,48,7675.45,Resolved,High
DTE006275,MCH0496,LIN024,FAC008,,MWO006270,2026-05-26 09:39:06,Changeover,1.16,137,97015.01,Resolved,Medium
DTE006276,MCH0006,LIN013,FAC005,FLR001052,MWO001832,2025-05-16 15:35:36,Changeover,4.8,377,88045.27,Resolved,Medium
DTE006277,MCH0126,LIN009,FAC003,,MWO007551,2025-05-26 17:59:50,Planned Maintenance,2.94,344,371689.5,Resolved,Medium
DTE006278,MCH0376,LIN005,FAC002,,MWO005273,2026-03-01 23:36:36,Quality Hold,0.62,122,124310.0,Resolved,Critical
DTE006279,MCH0526,LIN028,FAC010,FLR000602,MWO000166,2024-11-07 16:35:08,Quality Hold,3.53,250,289360.37,Resolved,High
DTE006280,MCH0497,LIN029,FAC010,FLR002599,MWO000098,2024-12-12 12:25:04,Tool Change,4.62,430,387857.1,Resolved,Low
DTE006281,MCH0365,LIN014,FAC005,FLR002171,MWO001944,2025-05-22 19:42:06,Quality Hold,5.5,1000,605463.93,Resolved,High
DTE006282,MCH0017,LIN015,FAC005,,MWO009886,2025-10-06 02:40:26,Planned Maintenance,2.71,110,32378.12,Resolved,Medium
DTE006283,MCH0195,LIN014,FAC005,,MWO006290,2024-12-29 18:40:23,Material Shortage,5.65,592,141373.08,Resolved,High
DTE006284,MCH0350,LIN021,FAC007,,MWO008607,2025-02-25 18:38:25,Planned Maintenance,0.89,186,202532.31,Open,High
DTE006285,MCH0366,LIN019,FAC007,,MWO010506,2023-05-13 11:03:51,Tool Change,4.1,636,383177.56,Resolved,Critical
DTE006286,MCH0147,LIN028,FAC010,,MWO003967,2025-12-01 08:12:50,Material Shortage,3.75,845,360045.84,Resolved,High
DTE006287,MCH0499,LIN017,FAC006,,MWO005413,2025-05-10 09:14:40,Material Shortage,1.14,246,98254.6,Resolved,Medium
DTE006288,MCH0007,LIN021,FAC007,,MWO004967,2025-11-12 14:11:08,Material Shortage,1.01,53,38677.1,Resolved,Critical
DTE006289,MCH0171,LIN006,FAC002,,MWO003304,2024-04-13 05:41:19,Quality Hold,2.82,652,375458.64,Resolved,Medium
DTE006290,MCH0534,LIN027,FAC009,,MWO007076,2024-01-25 13:22:34,Planned Maintenance,9.39,1341,1208907.85,Resolved,Medium
DTE006291,MCH0040,LIN003,FAC001,FLR002471,MWO000314,2024-02-17 12:17:26,Changeover,0.98,59,51474.89,Resolved,Critical
DTE006292,MCH0109,LIN018,FAC006,FLR002949,MWO001079,2026-01-11 09:19:25,Power Failure,7.96,506,228779.69,Resolved,Low
DTE006293,MCH0335,LIN026,FAC009,,MWO011508,2024-05-12 05:09:34,Changeover,12.42,1576,964566.22,Open,Critical
DTE006294,MCH0187,LIN006,FAC002,,MWO011440,2026-06-24 20:13:25,Power Failure,2.32,210,64316.0,Resolved,High
DTE006295,MCH0555,LIN021,FAC007,,MWO003551,2023-01-31 09:33:29,Changeover,3.73,360,200397.32,Resolved,Medium
DTE006296,MCH0552,LIN012,FAC004,,MWO011864,2026-05-20 12:38:37,Tool Change,4.19,334,344930.32,Resolved,Medium
DTE006297,MCH0584,LIN009,FAC003,,MWO003587,2025-11-04 03:23:20,Planned Maintenance,4.29,907,928913.05,Resolved,Medium
DTE006298,MCH0456,LIN003,FAC001,,MWO005118,2025-08-08 07:47:33,Quality Hold,8.83,1962,1837890.89,Resolved,High
DTE006299,MCH0109,LIN018,FAC006,,MWO009067,2024-10-26 06:58:23,Power Failure,2.17,321,125728.12,Resolved,High
DTE006300,MCH0182,LIN025,FAC009,,MWO010479,2025-01-13 22:50:11,Power Failure,6.66,1127,988444.01,Resolved,Medium
DTE006301,MCH0425,LIN014,FAC005,FLR001360,MWO001811,2026-02-27 13:33:33,Quality Hold,1.07,141,77850.72,Resolved,High
DTE006302,MCH0252,LIN027,FAC009,,MWO003344,2024-05-25 09:23:17,Quality Hold,1.24,271,74285.19,Resolved,Medium
DTE006303,MCH0090,LIN018,FAC006,FLR000084,MWO001235,2026-05-06 18:31:12,Changeover,5.41,1281,1063172.82,Resolved,High
DTE006304,MCH0150,LIN008,FAC003,FLR000356,MWO000279,2025-11-13 22:46:25,Material Shortage,1.98,167,174253.46,Resolved,Medium
DTE006305,MCH0358,LIN027,FAC009,FLR002645,MWO002814,2024-04-20 15:10:40,Material Shortage,5.62,776,872715.67,Resolved,High
DTE006306,MCH0232,LIN030,FAC010,,MWO006498,2026-02-04 19:11:25,Planned Maintenance,2.0,214,233778.12,Resolved,Low
DTE006307,MCH0580,LIN007,FAC003,,MWO005848,2026-06-12 12:24:17,Planned Maintenance,0.19,12,13786.67,Resolved,High
DTE006308,MCH0369,LIN012,FAC004,,MWO009442,2025-05-08 23:37:36,Planned Maintenance,3.46,710,330306.28,Resolved,Low
DTE006309,MCH0375,LIN005,FAC002,,MWO004138,2023-08-24 07:49:21,Material Shortage,2.48,518,390674.79,Open,Medium
DTE006310,MCH0401,LIN015,FAC005,,MWO003327,2024-07-29 21:51:44,Tool Change,0.66,157,69683.49,Resolved,High
DTE006311,MCH0073,LIN002,FAC001,,MWO008935,2025-01-05 13:49:17,Planned Maintenance,0.09,21,17908.88,Open,Medium
DTE006312,MCH0483,LIN029,FAC010,FLR002686,MWO001276,2024-02-14 12:52:10,Material Shortage,0.55,28,21145.21,Resolved,Medium
DTE006313,MCH0170,LIN002,FAC001,,MWO006960,2023-03-12 00:53:00,Power Failure,11.53,1404,1630104.09,Open,Medium
DTE006314,MCH0278,LIN002,FAC001,,MWO005246,2024-11-29 20:57:07,Quality Hold,3.99,379,235930.76,Resolved,Medium
DTE006315,MCH0479,LIN007,FAC003,FLR002704,MWO002663,2023-10-15 06:36:06,Material Shortage,0.78,98,94456.53,Resolved,Medium
DTE006316,MCH0424,LIN022,FAC008,FLR001585,MWO002243,2024-12-15 22:32:17,Planned Maintenance,0.49,30,24459.68,Resolved,High
DTE006317,MCH0153,LIN017,FAC006,,MWO006580,2024-02-08 17:03:20,Changeover,6.22,778,706064.88,Resolved,Critical
DTE006318,MCH0554,LIN028,FAC010,,MWO008912,2023-06-12 17:32:51,Material Shortage,1.49,212,133539.39,Resolved,Medium
DTE006319,MCH0366,LIN019,FAC007,,MWO004448,2024-03-06 12:54:16,Power Failure,1.74,106,113003.77,Resolved,Medium
DTE006320,MCH0382,LIN018,FAC006,,MWO003222,2023-06-07 17:19:20,Material Shortage,1.13,91,72603.15,Resolved,Low
DTE006321,MCH0267,LIN013,FAC005,,MWO004339,2025-06-10 11:22:12,Power Failure,5.67,979,720576.5,Open,High
DTE006322,MCH0515,LIN012,FAC004,,MWO010788,2025-02-12 09:30:37,Changeover,3.99,856,143133.13,Resolved,High
DTE006323,MCH0005,LIN010,FAC004,FLR002067,MWO002411,2025-09-15 21:50:15,Tool Change,1.87,377,282228.03,Resolved,Medium
DTE006324,MCH0335,LIN026,FAC009,,MWO005992,2024-03-17 17:37:55,Planned Maintenance,8.07,1106,1161623.7,Resolved,Medium
DTE006325,MCH0340,LIN012,FAC004,,MWO007214,2024-11-23 19:46:25,Power Failure,2.52,412,156896.83,Resolved,Medium
DTE006326,MCH0474,LIN003,FAC001,,MWO009560,2024-04-29 15:57:28,Quality Hold,9.58,2123,1902885.97,Resolved,Medium
DTE006327,MCH0011,LIN013,FAC005,,MWO008319,2023-08-03 00:37:45,Power Failure,4.55,370,239122.53,Resolved,Medium
DTE006328,MCH0312,LIN015,FAC005,FLR002837,MWO002887,2025-02-15 14:26:28,Quality Hold,2.87,401,396310.86,Resolved,Low
DTE006329,MCH0173,LIN020,FAC007,,MWO011708,2026-03-07 19:50:54,Power Failure,7.17,1147,1300938.84,Resolved,Medium
DTE006330,MCH0055,LIN029,FAC010,,MWO010306,2023-04-20 01:55:54,Changeover,1.36,294,147732.68,Resolved,High
DTE006331,MCH0062,LIN011,FAC004,FLR001292,MWO000183,2023-10-19 00:39:51,Changeover,0.35,67,75208.23,Resolved,High
DTE006332,MCH0585,LIN026,FAC009,FLR001452,MWO002686,2023-02-15 04:38:16,Changeover,2.81,545,452554.3,Resolved,Medium
DTE006333,MCH0363,LIN017,FAC006,,MWO007479,2025-02-23 23:11:39,Quality Hold,2.01,211,90731.69,Resolved,Medium
DTE006334,MCH0414,LIN017,FAC006,,MWO010113,2024-02-27 23:28:00,Changeover,3.69,185,37143.18,Resolved,Medium
DTE006335,MCH0084,LIN022,FAC008,,MWO003820,2024-07-30 07:51:29,Material Shortage,0.99,129,126906.0,Resolved,Critical
DTE006336,MCH0299,LIN014,FAC005,,MWO011631,2024-11-21 11:06:02,Tool Change,3.85,774,125779.17,Open,High
DTE006337,MCH0503,LIN002,FAC001,,MWO009986,2023-01-22 00:46:27,Planned Maintenance,0.94,192,207687.67,Resolved,Medium
DTE006338,MCH0124,LIN013,FAC005,,MWO006681,2025-08-18 04:08:13,Planned Maintenance,2.28,540,211742.38,Resolved,Medium
DTE006339,MCH0154,LIN006,FAC002,,MWO009056,2023-08-24 20:49:15,Material Shortage,9.9,1413,731557.96,Resolved,Low
DTE006340,MCH0576,LIN020,FAC007,,MWO009724,2025-10-11 20:24:03,Planned Maintenance,1.74,121,109435.1,Open,Medium
DTE006341,MCH0211,LIN018,FAC006,,MWO008507,2023-02-27 00:24:31,Power Failure,1.03,211,88175.41,Resolved,Critical
DTE006342,MCH0556,LIN013,FAC005,,MWO008314,2023-02-15 07:56:06,Tool Change,4.41,346,209894.73,Resolved,Medium
DTE006343,MCH0520,LIN005,FAC002,FLR002350,MWO001237,2023-12-27 05:31:36,Changeover,4.2,800,416754.41,Resolved,Medium
DTE006344,MCH0579,LIN003,FAC001,,MWO007765,2024-11-16 11:42:53,Power Failure,5.7,1107,215456.94,Resolved,High
DTE006345,MCH0470,LIN002,FAC001,,MWO008268,2023-11-09 16:54:20,Quality Hold,3.2,608,513588.54,Resolved,Medium
DTE006346,MCH0483,LIN029,FAC010,,MWO005221,2024-10-03 22:44:25,Changeover,5.41,518,582147.55,Open,Critical
DTE006347,MCH0047,LIN026,FAC009,,MWO006428,2023-11-02 23:25:46,Planned Maintenance,2.67,223,164530.85,Resolved,High
DTE006348,MCH0345,LIN018,FAC006,,MWO009928,2025-01-01 13:24:10,Planned Maintenance,3.26,658,623188.07,Resolved,Medium
DTE006349,MCH0221,LIN027,FAC009,FLR002635,MWO000076,2024-01-10 17:08:32,Quality Hold,2.13,430,395376.75,Resolved,Low
DTE006350,MCH0479,LIN007,FAC003,FLR002704,MWO002756,2023-10-15 05:44:47,Planned Maintenance,1.19,252,98604.07,Resolved,High
DTE006351,MCH0129,LIN003,FAC001,,MWO006019,2024-08-02 15:39:41,Material Shortage,0.39,56,35898.6,Resolved,High
DTE006352,MCH0259,LIN026,FAC009,,MWO011709,2023-11-08 10:50:15,Changeover,4.99,1032,821094.84,Resolved,High
DTE006353,MCH0581,LIN004,FAC002,,MWO011884,2024-02-28 09:47:40,Quality Hold,3.31,623,171282.89,Open,Critical
DTE006354,MCH0435,LIN027,FAC009,,MWO008462,2023-12-20 01:58:01,Planned Maintenance,3.67,639,549254.51,Resolved,High
DTE006355,MCH0522,LIN024,FAC008,,MWO008755,2024-06-17 07:02:53,Quality Hold,6.7,519,135510.25,Resolved,Low
DTE006356,MCH0188,LIN004,FAC002,,MWO004083,2024-10-19 14:22:44,Changeover,2.16,125,48225.89,Resolved,Medium
DTE006357,MCH0271,LIN005,FAC002,,MWO011406,2024-07-15 14:28:15,Tool Change,4.54,967,466592.96,Resolved,High
DTE006358,MCH0380,LIN003,FAC001,FLR002272,MWO002418,2026-05-26 23:18:25,Tool Change,4.03,656,732885.84,Resolved,High
DTE006359,MCH0505,LIN023,FAC008,,MWO011335,2025-06-19 10:25:16,Planned Maintenance,2.32,323,101413.12,Resolved,High
DTE006360,MCH0062,LIN011,FAC004,,MWO005279,2026-03-18 16:41:55,Power Failure,6.8,379,369277.3,Resolved,Low
DTE006361,MCH0256,LIN005,FAC002,,MWO008546,2023-04-06 15:34:04,Material Shortage,0.72,96,78983.68,Resolved,Low
DTE006362,MCH0585,LIN026,FAC009,FLR002962,MWO001647,2024-01-23 03:36:17,Planned Maintenance,3.25,222,52322.48,Resolved,High
DTE006363,MCH0316,LIN029,FAC010,,MWO010689,2024-01-08 15:40:11,Changeover,4.53,871,140983.23,Resolved,Low
DTE006364,MCH0594,LIN016,FAC006,FLR000156,MWO000148,2026-05-02 16:31:11,Quality Hold,0.71,65,29348.28,Resolved,Critical
DTE006365,MCH0079,LIN008,FAC003,,MWO004984,2024-05-23 02:20:24,Tool Change,3.59,448,502688.34,Resolved,Medium
DTE006366,MCH0495,LIN009,FAC003,FLR002268,MWO000545,2025-02-19 18:02:17,Planned Maintenance,6.03,511,108495.92,Resolved,Medium
DTE006367,MCH0061,LIN026,FAC009,,MWO011775,2023-03-09 03:03:30,Changeover,1.54,136,141732.08,Resolved,Medium
DTE006368,MCH0470,LIN002,FAC001,FLR000569,MWO001543,2024-06-21 08:40:44,Power Failure,1.15,70,70960.12,Resolved,Medium
DTE006369,MCH0024,LIN022,FAC008,,MWO011606,2025-07-05 17:53:33,Quality Hold,3.47,738,834846.77,Resolved,Low
DTE006370,MCH0225,LIN006,FAC002,,MWO006128,2026-01-16 17:44:31,Planned Maintenance,3.15,193,34787.99,Resolved,Medium
DTE006371,MCH0342,LIN026,FAC009,,MWO007065,2024-09-06 08:42:43,Material Shortage,2.83,419,143427.65,Resolved,High
DTE006372,MCH0513,LIN027,FAC009,,MWO008953,2026-02-04 05:05:13,Power Failure,4.17,733,267335.41,Resolved,Low
DTE006373,MCH0497,LIN029,FAC010,,MWO011451,2023-05-29 12:51:29,Material Shortage,3.76,551,234439.3,Open,High
DTE006374,MCH0072,LIN011,FAC004,,MWO010052,2024-07-25 08:09:50,Power Failure,1.53,147,123787.72,Resolved,Critical
DTE006375,MCH0323,LIN027,FAC009,,MWO011845,2026-05-12 17:36:03,Material Shortage,0.3,54,16027.02,Resolved,High
DTE006376,MCH0090,LIN018,FAC006,,MWO007046,2023-08-02 08:01:48,Planned Maintenance,7.36,727,309382.84,Resolved,Medium
DTE006377,MCH0580,LIN007,FAC003,,MWO004567,2023-09-07 19:35:24,Power Failure,8.42,1848,718125.68,Resolved,Critical
DTE006378,MCH0213,LIN007,FAC003,,MWO008164,2025-06-20 01:41:16,Power Failure,2.34,113,26139.65,Resolved,High
DTE006379,MCH0380,LIN003,FAC001,,MWO006333,2025-12-03 23:57:57,Changeover,2.54,143,160670.63,Resolved,Critical
DTE006380,MCH0182,LIN025,FAC009,,MWO010479,2025-01-13 22:50:11,Material Shortage,2.12,394,160519.78,Resolved,Medium
DTE006381,MCH0552,LIN012,FAC004,,MWO003962,2025-02-28 11:37:24,Power Failure,6.63,626,434278.76,Resolved,Medium
DTE006382,MCH0015,LIN014,FAC005,FLR001074,MWO001606,2025-11-26 20:50:16,Material Shortage,2.3,98,74681.88,Resolved,Low
DTE006383,MCH0104,LIN004,FAC002,,MWO008694,2026-04-21 16:32:03,Quality Hold,2.37,277,75412.83,Resolved,Medium
DTE006384,MCH0090,LIN018,FAC006,,MWO010071,2023-12-30 04:30:22,Changeover,1.28,166,135078.38,Resolved,Medium
DTE006385,MCH0249,LIN006,FAC002,,MWO003562,2026-01-19 08:39:32,Quality Hold,0.92,100,85246.76,Resolved,Medium
DTE006386,MCH0565,LIN024,FAC008,,MWO004528,2023-06-11 20:25:29,Changeover,0.34,39,27143.67,Resolved,Medium
DTE006387,MCH0554,LIN028,FAC010,,MWO004576,2023-07-30 20:30:52,Material Shortage,2.52,311,241064.77,Resolved,Critical
DTE006388,MCH0464,LIN002,FAC001,,MWO008737,2025-02-02 19:08:09,Tool Change,1.79,165,172696.96,Resolved,Critical
DTE006389,MCH0151,LIN020,FAC007,,MWO009507,2025-09-25 10:59:40,Changeover,0.59,61,18582.09,Resolved,Medium
DTE006390,MCH0453,LIN010,FAC004,FLR002121,MWO001258,2025-05-10 08:33:52,Changeover,1.74,88,29098.03,Resolved,High
DTE006391,MCH0005,LIN010,FAC004,,MWO004418,2026-03-18 00:39:37,Material Shortage,3.95,397,182664.08,Resolved,Low
DTE006392,MCH0506,LIN001,FAC001,,MWO009200,2025-12-18 17:01:34,Quality Hold,6.82,512,389822.77,Resolved,Medium
DTE006393,MCH0267,LIN013,FAC005,FLR002926,MWO001532,2023-12-06 11:22:05,Quality Hold,1.48,156,165280.77,Resolved,Medium
DTE006394,MCH0508,LIN010,FAC004,,MWO007748,2025-11-13 11:40:26,Material Shortage,1.79,398,215199.51,Resolved,Medium
DTE006395,MCH0446,LIN004,FAC002,,MWO005927,2024-11-28 02:25:35,Power Failure,1.47,174,101519.63,Resolved,Low
DTE006396,MCH0075,LIN003,FAC001,FLR000922,MWO000156,2025-06-06 12:50:19,Power Failure,1.56,106,92812.52,Resolved,Medium
DTE006397,MCH0515,LIN012,FAC004,FLR001412,MWO001143,2025-02-24 01:35:59,Tool Change,0.89,193,185768.69,Resolved,Low
DTE006398,MCH0057,LIN020,FAC007,,MWO011169,2023-05-19 07:41:06,Tool Change,0.95,166,175239.43,Resolved,High
DTE006399,MCH0051,LIN011,FAC004,,MWO011019,2025-01-15 21:52:41,Tool Change,0.24,30,6145.97,Resolved,High
DTE006400,MCH0069,LIN018,FAC006,,MWO009363,2024-02-25 19:41:01,Quality Hold,4.78,382,79719.07,Resolved,Low
DTE006401,MCH0484,LIN019,FAC007,,MWO005484,2025-12-05 06:58:45,Tool Change,3.46,251,292454.72,Resolved,Low
DTE006402,MCH0226,LIN027,FAC009,,MWO006086,2023-01-28 01:32:05,Changeover,7.82,551,454071.47,Resolved,Medium
DTE006403,MCH0085,LIN020,FAC007,FLR001302,MWO001445,2023-03-13 15:00:55,Power Failure,2.34,510,476631.06,Resolved,High
DTE006404,MCH0043,LIN023,FAC008,FLR000672,MWO002570,2024-06-05 23:46:21,Planned Maintenance,10.89,2079,2326908.46,Resolved,Medium
DTE006405,MCH0092,LIN005,FAC002,,MWO008805,2024-10-21 17:53:01,Planned Maintenance,2.85,449,141960.78,Resolved,High
DTE006406,MCH0142,LIN023,FAC008,,MWO006183,2025-07-01 14:11:05,Changeover,2.63,288,241021.23,Resolved,High
DTE006407,MCH0243,LIN001,FAC001,,MWO008464,2023-05-11 20:03:31,Planned Maintenance,2.96,632,152241.31,Resolved,Low
DTE006408,MCH0496,LIN024,FAC008,FLR001082,MWO002102,2024-02-10 12:47:57,Quality Hold,6.14,719,301044.16,Resolved,High
DTE006409,MCH0390,LIN011,FAC004,,MWO006969,2026-05-30 05:22:00,Quality Hold,2.42,553,465196.02,Resolved,Medium
DTE006410,MCH0450,LIN022,FAC008,FLR001276,MWO002803,2024-10-14 21:43:37,Power Failure,4.37,966,322255.4,Resolved,Low
DTE006411,MCH0029,LIN002,FAC001,,MWO003334,2023-05-04 22:11:26,Tool Change,1.74,214,151363.14,Open,Medium
DTE006412,MCH0534,LIN027,FAC009,FLR001972,MWO000513,2025-05-04 20:36:36,Material Shortage,0.41,44,44744.99,Resolved,Medium
DTE006413,MCH0059,LIN012,FAC004,FLR001123,MWO000599,2025-02-18 19:49:50,Quality Hold,3.84,697,656898.93,Resolved,Medium
DTE006414,MCH0550,LIN019,FAC007,,MWO011160,2024-12-02 16:05:22,Power Failure,0.55,51,24182.76,Resolved,High
DTE006415,MCH0557,LIN030,FAC010,FLR001598,MWO002181,2025-10-03 09:12:35,Changeover,0.33,74,16408.06,Resolved,Medium
DTE006416,MCH0016,LIN009,FAC003,,MWO008538,2024-02-14 10:30:53,Power Failure,1.2,249,184947.04,Resolved,Medium
DTE006417,MCH0467,LIN027,FAC009,,MWO005181,2024-10-10 23:56:38,Power Failure,0.83,131,65126.58,Open,Critical
DTE006418,MCH0394,LIN001,FAC001,,MWO007894,2023-09-13 07:38:55,Tool Change,5.15,206,159369.4,Resolved,Medium
DTE006419,MCH0361,LIN024,FAC008,FLR001230,MWO001175,2025-10-19 10:23:55,Material Shortage,9.82,2194,605481.94,Resolved,High
DTE006420,MCH0062,LIN011,FAC004,FLR002108,MWO000221,2024-07-18 01:53:39,Tool Change,0.75,41,43407.48,Resolved,High
DTE006421,MCH0147,LIN028,FAC010,,MWO004545,2024-01-26 11:13:30,Quality Hold,3.94,185,188542.47,Open,Medium
DTE006422,MCH0139,LIN012,FAC004,,MWO011098,2025-08-28 23:28:23,Planned Maintenance,3.35,535,208115.89,Resolved,High
DTE006423,MCH0466,LIN005,FAC002,,MWO011448,2026-05-16 05:49:27,Planned Maintenance,5.3,593,114450.79,Resolved,Medium
DTE006424,MCH0201,LIN006,FAC002,,MWO003238,2024-07-26 16:43:39,Tool Change,8.46,1823,1270011.6,Resolved,Critical
DTE006425,MCH0296,LIN026,FAC009,FLR000855,MWO002308,2025-01-01 23:53:02,Changeover,1.03,229,76728.54,Resolved,Low
DTE006426,MCH0585,LIN026,FAC009,,MWO008933,2023-04-12 14:37:21,Material Shortage,9.02,1941,2219242.76,Resolved,High
DTE006427,MCH0148,LIN009,FAC003,,MWO003620,2023-03-24 01:35:18,Planned Maintenance,3.91,192,152104.11,Resolved,Medium
DTE006428,MCH0228,LIN011,FAC004,FLR001788,MWO000744,2023-07-12 09:28:47,Quality Hold,2.33,229,220635.27,Resolved,Critical
DTE006429,MCH0323,LIN027,FAC009,,MWO011845,2026-05-12 17:36:03,Power Failure,0.64,142,166747.68,Resolved,Medium
DTE006430,MCH0446,LIN004,FAC002,FLR000375,MWO000588,2025-01-19 20:06:49,Changeover,6.8,1022,977359.75,Open,Medium
DTE006431,MCH0281,LIN027,FAC009,,MWO010974,2024-06-25 01:49:08,Power Failure,6.53,456,393613.88,Resolved,High
DTE006432,MCH0092,LIN005,FAC002,,MWO008186,2024-02-01 19:34:54,Power Failure,1.88,145,134384.11,Resolved,Medium
DTE006433,MCH0528,LIN005,FAC002,FLR000143,MWO000841,2024-06-29 20:47:26,Quality Hold,7.14,291,88440.52,Resolved,High
DTE006434,MCH0523,LIN023,FAC008,,MWO009377,2025-09-29 10:50:44,Changeover,4.86,676,511033.55,Resolved,High
DTE006435,MCH0171,LIN006,FAC002,FLR000808,MWO002994,2023-05-10 14:40:25,Changeover,3.75,186,210784.4,Resolved,High
DTE006436,MCH0590,LIN008,FAC003,,MWO006967,2024-08-12 19:24:15,Tool Change,3.93,341,241597.84,Open,Medium
DTE006437,MCH0505,LIN023,FAC008,FLR001001,MWO001590,2023-09-23 00:19:20,Tool Change,1.71,106,114465.3,Resolved,High
DTE006438,MCH0101,LIN022,FAC008,,MWO008947,2024-04-01 21:01:11,Material Shortage,0.75,69,39582.11,Resolved,High
DTE006439,MCH0328,LIN024,FAC008,,MWO003712,2023-10-16 15:19:52,Power Failure,14.41,855,891181.32,Resolved,Critical
DTE006440,MCH0457,LIN007,FAC003,,MWO011840,2024-10-09 19:20:44,Tool Change,4.11,327,237173.16,Resolved,Low
DTE006441,MCH0270,LIN013,FAC005,,MWO005878,2025-12-30 03:19:33,Planned Maintenance,7.24,564,399828.31,Resolved,Medium
DTE006442,MCH0258,LIN026,FAC009,,MWO010772,2025-01-22 11:07:06,Tool Change,4.22,724,701818.67,Resolved,Medium
DTE006443,MCH0433,LIN022,FAC008,FLR000705,MWO001618,2023-06-26 05:08:35,Changeover,1.21,118,37101.7,Open,Medium
DTE006444,MCH0049,LIN007,FAC003,,MWO003125,2025-05-18 20:30:14,Tool Change,1.81,123,135907.34,Resolved,Low
DTE006445,MCH0122,LIN001,FAC001,,MWO007599,2025-11-25 16:26:20,Quality Hold,2.42,498,130283.85,Resolved,Medium
DTE006446,MCH0190,LIN002,FAC001,,MWO010683,2025-12-02 02:48:59,Quality Hold,2.07,424,127639.83,Resolved,Medium
DTE006447,MCH0137,LIN006,FAC002,,MWO003842,2025-05-20 04:19:28,Quality Hold,1.3,238,170603.67,Resolved,Critical
DTE006448,MCH0063,LIN013,FAC005,FLR000389,MWO001307,2025-06-05 04:22:41,Power Failure,0.63,145,56520.0,Resolved,Medium
DTE006449,MCH0475,LIN003,FAC001,,MWO007907,2023-10-04 19:20:51,Planned Maintenance,5.47,230,60607.0,Resolved,Critical
DTE006450,MCH0356,LIN005,FAC002,,MWO008530,2025-08-30 04:37:30,Changeover,2.96,457,84141.35,Resolved,Low
DTE006451,MCH0142,LIN023,FAC008,,MWO003233,2026-01-13 07:49:59,Changeover,7.64,1377,1278923.6,Resolved,Critical
DTE006452,MCH0151,LIN020,FAC007,,MWO006400,2024-11-09 07:38:11,Tool Change,2.07,162,26121.77,Resolved,Critical
DTE006453,MCH0445,LIN029,FAC010,,MWO006545,2024-11-29 06:37:43,Planned Maintenance,3.28,171,124759.09,Resolved,Critical
DTE006454,MCH0502,LIN011,FAC004,,MWO008963,2025-03-21 22:14:24,Changeover,1.37,306,268029.36,Resolved,Medium
DTE006455,MCH0298,LIN016,FAC006,,MWO009388,2024-04-21 19:56:14,Tool Change,4.36,835,484007.21,Resolved,Medium
DTE006456,MCH0055,LIN029,FAC010,FLR000564,MWO001547,2026-03-29 20:56:54,Changeover,5.78,630,384353.06,Open,Medium
DTE006457,MCH0028,LIN004,FAC002,,MWO010172,2024-03-13 22:25:38,Planned Maintenance,3.42,733,540578.15,Resolved,Medium
DTE006458,MCH0316,LIN029,FAC010,,MWO006223,2025-05-07 02:03:01,Material Shortage,4.53,729,690255.19,Resolved,Medium
DTE006459,MCH0390,LIN011,FAC004,,MWO008590,2025-05-06 23:31:25,Changeover,1.7,188,150249.49,Resolved,Low
DTE006460,MCH0071,LIN024,FAC008,,MWO009994,2023-09-29 17:24:05,Material Shortage,1.5,116,107547.03,Resolved,Medium
DTE006461,MCH0529,LIN014,FAC005,,MWO005141,2025-12-31 13:59:49,Quality Hold,0.42,82,35411.04,Resolved,Medium
DTE006462,MCH0354,LIN005,FAC002,,MWO006201,2025-10-23 14:31:45,Quality Hold,0.42,74,61787.52,Resolved,Medium
DTE006463,MCH0461,LIN007,FAC003,,MWO005995,2025-09-05 17:47:39,Power Failure,5.78,1273,650953.57,Resolved,High
DTE006464,MCH0238,LIN007,FAC003,,MWO011706,2024-10-31 12:31:42,Power Failure,1.75,275,233419.32,Resolved,Medium
DTE006465,MCH0531,LIN021,FAC007,,MWO009774,2026-05-11 04:31:51,Material Shortage,12.25,2420,2315011.9,Open,Medium
DTE006466,MCH0556,LIN013,FAC005,,MWO011599,2023-01-07 22:28:37,Power Failure,4.95,538,310651.34,Resolved,Medium
DTE006467,MCH0359,LIN019,FAC007,,MWO010442,2023-02-12 00:03:54,Power Failure,1.97,108,61897.61,Resolved,Medium
DTE006468,MCH0478,LIN008,FAC003,,MWO009279,2026-06-13 15:54:02,Power Failure,7.46,508,606315.72,Resolved,High
DTE006469,MCH0401,LIN015,FAC005,FLR002946,MWO000478,2024-07-23 10:39:55,Planned Maintenance,3.1,241,161207.75,Resolved,Medium
DTE006470,MCH0519,LIN030,FAC010,,MWO008217,2023-09-30 06:10:40,Material Shortage,4.03,800,755294.82,Resolved,High
DTE006471,MCH0083,LIN010,FAC004,,MWO008409,2025-01-09 04:23:14,Material Shortage,1.08,182,137194.47,Resolved,Medium
DTE006472,MCH0551,LIN025,FAC009,,MWO011697,2026-06-06 17:32:10,Material Shortage,3.83,782,515169.93,Resolved,Medium
DTE006473,MCH0576,LIN020,FAC007,FLR002048,MWO001129,2023-12-29 13:24:30,Changeover,1.21,238,165973.51,Resolved,Critical
DTE006474,MCH0020,LIN001,FAC001,,MWO007661,2025-02-28 08:08:24,Planned Maintenance,3.82,193,169803.32,Resolved,Medium
DTE006475,MCH0049,LIN007,FAC003,,MWO010957,2026-05-25 11:47:35,Quality Hold,3.73,243,136052.42,Resolved,Medium
DTE006476,MCH0372,LIN025,FAC009,,MWO008533,2023-11-26 05:27:19,Planned Maintenance,6.65,1094,598804.45,Resolved,High
DTE006477,MCH0069,LIN018,FAC006,,MWO011275,2024-09-02 04:04:05,Tool Change,0.85,138,91013.86,Resolved,Medium
DTE006478,MCH0445,LIN029,FAC010,,MWO011390,2025-10-20 12:39:01,Material Shortage,2.95,523,371403.33,Resolved,Medium
DTE006479,MCH0480,LIN019,FAC007,,MWO007395,2026-03-04 10:50:48,Planned Maintenance,1.99,261,174022.03,Resolved,High
DTE006480,MCH0407,LIN018,FAC006,,MWO010024,2025-02-09 18:48:40,Quality Hold,1.71,68,34351.74,Resolved,Medium
DTE006481,MCH0542,LIN004,FAC002,,MWO004482,2024-01-20 06:48:47,Planned Maintenance,5.76,721,796624.66,Resolved,Medium
DTE006482,MCH0233,LIN015,FAC005,,MWO009864,2024-11-13 19:17:31,Quality Hold,2.68,172,157545.65,Resolved,Medium
DTE006483,MCH0485,LIN007,FAC003,,MWO004606,2024-01-20 14:42:48,Changeover,2.6,547,127864.19,Resolved,Medium
DTE006484,MCH0406,LIN002,FAC001,,MWO008190,2023-06-09 15:36:29,Power Failure,1.54,110,28844.49,Resolved,Medium
DTE006485,MCH0257,LIN013,FAC005,,MWO009045,2025-10-27 17:52:39,Changeover,1.28,176,50041.4,Open,Medium
DTE006486,MCH0450,LIN022,FAC008,,MWO010819,2025-10-23 14:47:57,Material Shortage,1.0,138,26540.68,Resolved,Medium
DTE006487,MCH0364,LIN029,FAC010,FLR000674,MWO000199,2024-02-23 10:31:32,Changeover,3.91,882,208688.43,Resolved,Low
DTE006488,MCH0061,LIN026,FAC009,,MWO004026,2026-01-14 05:28:56,Power Failure,1.93,337,190709.66,Resolved,Medium
DTE006489,MCH0163,LIN007,FAC003,FLR001600,MWO000291,2024-03-03 16:58:46,Changeover,18.6,1245,435481.66,Resolved,Medium
DTE006490,MCH0166,LIN004,FAC002,,MWO007996,2024-09-27 03:34:50,Material Shortage,1.1,75,81944.39,Resolved,High
DTE006491,MCH0060,LIN022,FAC008,,MWO005066,2026-06-18 07:14:38,Changeover,1.34,225,243202.37,Resolved,Medium
DTE006492,MCH0113,LIN015,FAC005,,MWO003999,2023-12-31 04:37:48,Material Shortage,2.4,403,228764.59,Resolved,High
DTE006493,MCH0177,LIN009,FAC003,,MWO007897,2024-03-06 16:08:55,Material Shortage,2.89,274,284674.2,Resolved,Medium
DTE006494,MCH0287,LIN017,FAC006,,MWO010982,2023-01-27 20:47:20,Quality Hold,1.37,204,107580.26,Resolved,Medium
DTE006495,MCH0231,LIN008,FAC003,,MWO009987,2024-05-24 05:50:18,Changeover,0.73,41,7061.87,Resolved,High
DTE006496,MCH0236,LIN021,FAC007,,MWO005769,2024-03-20 15:43:36,Tool Change,1.81,137,50477.51,Resolved,High
DTE006497,MCH0488,LIN023,FAC008,,MWO011736,2024-11-05 19:35:49,Material Shortage,0.85,51,38924.81,Resolved,High
DTE006498,MCH0361,LIN024,FAC008,FLR002999,MWO000880,2026-03-05 08:05:06,Tool Change,1.83,130,46709.06,Resolved,High
DTE006499,MCH0058,LIN028,FAC010,,MWO008778,2023-11-02 14:15:59,Planned Maintenance,2.47,394,86167.6,Resolved,High
DTE006500,MCH0298,LIN016,FAC006,,MWO007358,2023-05-01 06:49:04,Quality Hold,1.35,290,48378.28,Resolved,Medium
DTE006501,MCH0139,LIN012,FAC004,,MWO006893,2026-04-08 23:11:52,Tool Change,7.13,850,770398.86,Resolved,Low
DTE006502,MCH0585,LIN026,FAC009,,MWO011148,2026-06-19 17:18:56,Tool Change,1.34,273,247253.85,Resolved,Medium
DTE006503,MCH0414,LIN017,FAC006,,MWO005544,2025-07-19 00:55:49,Quality Hold,4.18,654,256342.46,Resolved,Critical
DTE006504,MCH0415,LIN008,FAC003,FLR000093,MWO000064,2025-04-01 17:27:02,Tool Change,5.67,1113,641403.49,Resolved,Low
DTE006505,MCH0078,LIN001,FAC001,,MWO004565,2024-03-27 12:39:36,Material Shortage,4.47,598,122589.8,Resolved,Medium
DTE006506,MCH0140,LIN013,FAC005,,MWO003458,2026-06-28 03:42:15,Quality Hold,0.33,39,8556.14,Resolved,Medium
DTE006507,MCH0579,LIN003,FAC001,,MWO007765,2024-11-16 11:42:53,Planned Maintenance,6.91,329,109092.62,Resolved,High
DTE006508,MCH0371,LIN005,FAC002,,MWO008576,2025-07-10 05:40:50,Power Failure,1.79,269,223270.51,Resolved,Low
DTE006509,MCH0084,LIN022,FAC008,,MWO004265,2023-11-11 10:54:07,Quality Hold,6.18,1420,1446908.06,Resolved,Critical
DTE006510,MCH0565,LIN024,FAC008,FLR002817,MWO001528,2024-03-22 03:14:05,Tool Change,2.8,138,33255.96,Resolved,Medium
DTE006511,MCH0053,LIN007,FAC003,,MWO005097,2026-02-08 07:54:00,Changeover,2.55,527,478505.34,Resolved,High
DTE006512,MCH0250,LIN007,FAC003,FLR001866,MWO001259,2023-09-18 08:02:58,Quality Hold,3.7,332,370609.34,Resolved,High
DTE006513,MCH0239,LIN015,FAC005,,MWO010581,2023-08-17 05:01:15,Tool Change,5.07,1111,526741.91,Resolved,High
DTE006514,MCH0513,LIN027,FAC009,,MWO008953,2026-02-04 05:05:13,Changeover,2.7,131,29246.06,Resolved,Medium
DTE006515,MCH0057,LIN020,FAC007,,MWO010226,2024-05-23 21:24:54,Tool Change,3.81,223,35278.61,Resolved,Critical
DTE006516,MCH0233,LIN015,FAC005,,MWO009957,2024-01-29 13:59:30,Planned Maintenance,2.23,189,134589.5,Resolved,Medium
DTE006517,MCH0335,LIN026,FAC009,FLR001347,MWO001415,2024-02-07 22:03:33,Material Shortage,2.69,332,149374.54,Resolved,High
DTE006518,MCH0595,LIN028,FAC010,,MWO007396,2023-04-22 20:00:25,Power Failure,5.91,671,276615.33,Resolved,High
DTE006519,MCH0559,LIN019,FAC007,,MWO010130,2024-02-29 10:25:35,Changeover,6.23,309,65418.83,Resolved,Medium
DTE006520,MCH0488,LIN023,FAC008,,MWO006718,2026-03-12 06:17:07,Changeover,2.01,390,171273.79,Resolved,Medium
DTE006521,MCH0137,LIN006,FAC002,,MWO010178,2025-10-23 22:43:58,Planned Maintenance,2.6,620,723077.82,Resolved,Medium
DTE006522,MCH0431,LIN023,FAC008,FLR000758,MWO002372,2025-07-04 08:27:56,Quality Hold,2.65,150,103201.58,Resolved,Low
DTE006523,MCH0178,LIN023,FAC008,,MWO006655,2026-05-28 01:29:35,Planned Maintenance,2.81,374,411667.7,Open,Medium
DTE006524,MCH0176,LIN008,FAC003,,MWO003302,2023-12-17 11:50:27,Tool Change,0.74,122,71148.64,Resolved,Low
DTE006525,MCH0324,LIN024,FAC008,,MWO003049,2024-02-15 18:15:28,Changeover,2.28,141,64602.24,Open,Medium
DTE006526,MCH0197,LIN001,FAC001,,MWO003882,2023-07-18 16:32:10,Power Failure,2.08,366,378907.58,Resolved,Medium
DTE006527,MCH0168,LIN015,FAC005,,MWO005689,2025-07-02 14:42:35,Quality Hold,6.34,1145,456122.68,Resolved,Medium
DTE006528,MCH0271,LIN005,FAC002,FLR002196,MWO001054,2025-04-03 05:31:36,Changeover,0.36,32,16228.11,Resolved,Medium
DTE006529,MCH0547,LIN005,FAC002,,MWO008620,2023-08-17 03:02:29,Changeover,4.73,318,330556.5,Resolved,Medium
DTE006530,MCH0117,LIN013,FAC005,,MWO011028,2023-05-24 21:24:30,Material Shortage,0.75,95,64357.8,Resolved,Low
DTE006531,MCH0243,LIN001,FAC001,,MWO005784,2025-02-22 14:24:25,Tool Change,1.59,190,110620.54,Resolved,Low
DTE006532,MCH0071,LIN024,FAC008,,MWO011805,2023-11-07 12:18:24,Power Failure,2.93,452,280787.05,Resolved,High
DTE006533,MCH0094,LIN005,FAC002,,MWO011815,2025-11-04 02:40:50,Planned Maintenance,8.52,1672,1153128.48,Resolved,Low
DTE006534,MCH0336,LIN021,FAC007,,MWO010305,2023-06-25 06:54:16,Material Shortage,1.91,159,86351.16,Open,Medium
DTE006535,MCH0340,LIN012,FAC004,FLR000779,MWO002432,2025-12-07 05:19:04,Material Shortage,0.95,207,126932.25,Open,Medium
DTE006536,MCH0454,LIN022,FAC008,FLR001580,MWO002976,2024-04-13 00:59:12,Tool Change,1.64,300,186026.7,Resolved,High
DTE006537,MCH0530,LIN014,FAC005,,MWO003972,2026-04-09 19:21:42,Changeover,5.82,1232,267554.9,Resolved,High
DTE006538,MCH0158,LIN027,FAC009,,MWO006564,2024-10-12 21:43:24,Material Shortage,2.34,162,160274.24,Resolved,High
DTE006539,MCH0528,LIN005,FAC002,,MWO009113,2024-11-20 21:13:40,Changeover,7.94,388,121467.01,Resolved,High
DTE006540,MCH0138,LIN003,FAC001,,MWO008001,2026-04-24 12:12:18,Changeover,3.08,433,358179.95,Resolved,Critical
DTE006541,MCH0443,LIN021,FAC007,,MWO009210,2025-01-15 18:39:29,Power Failure,2.32,362,350948.62,Resolved,Medium
DTE006542,MCH0463,LIN018,FAC006,FLR001520,MWO001987,2023-11-29 00:28:37,Material Shortage,0.63,34,22269.98,Resolved,Medium
DTE006543,MCH0344,LIN019,FAC007,,MWO005007,2024-11-02 05:04:13,Power Failure,2.62,293,85664.88,Open,Medium
DTE006544,MCH0338,LIN015,FAC005,,MWO008851,2024-08-23 20:27:43,Changeover,2.99,141,71057.85,Resolved,Medium
DTE006545,MCH0293,LIN023,FAC008,,MWO005932,2023-08-02 05:58:35,Quality Hold,1.91,194,97193.61,Resolved,High
DTE006546,MCH0361,LIN024,FAC008,,MWO005615,2024-07-14 09:54:51,Planned Maintenance,6.06,595,351207.0,Open,High
DTE006547,MCH0061,LIN026,FAC009,,MWO004026,2026-01-14 05:28:56,Material Shortage,1.53,94,95999.89,Resolved,Medium
DTE006548,MCH0513,LIN027,FAC009,,MWO005889,2023-08-30 21:23:13,Changeover,2.94,397,317936.76,Resolved,High
DTE006549,MCH0457,LIN007,FAC003,,MWO008378,2026-04-03 05:51:09,Tool Change,0.36,72,28921.27,Resolved,High
DTE006550,MCH0021,LIN007,FAC003,,MWO005874,2025-09-20 17:58:11,Quality Hold,0.96,144,149092.28,Resolved,Medium
DTE006551,MCH0426,LIN009,FAC003,,MWO004217,2024-12-18 15:39:11,Changeover,6.83,1629,731726.94,Resolved,Low
DTE006552,MCH0415,LIN008,FAC003,,MWO005880,2023-11-11 07:37:11,Tool Change,4.14,805,953051.83,Resolved,High
DTE006553,MCH0597,LIN012,FAC004,,MWO005041,2024-03-27 05:31:56,Quality Hold,4.06,681,422431.13,Resolved,High
DTE006554,MCH0457,LIN007,FAC003,,MWO008378,2026-04-03 05:51:09,Power Failure,2.85,192,136416.04,Resolved,Critical
DTE006555,MCH0375,LIN005,FAC002,,MWO007492,2025-04-21 17:15:57,Quality Hold,4.38,779,853883.46,Resolved,Medium
DTE006556,MCH0155,LIN022,FAC008,,MWO011882,2024-09-02 23:22:58,Power Failure,5.58,1120,1066669.81,Resolved,Low
DTE006557,MCH0279,LIN001,FAC001,,MWO007898,2024-06-20 22:55:32,Quality Hold,3.97,532,223460.28,Resolved,Medium
DTE006558,MCH0075,LIN003,FAC001,,MWO009112,2024-11-10 18:34:01,Power Failure,9.4,1013,278916.14,Resolved,Medium
DTE006559,MCH0178,LIN023,FAC008,,MWO004125,2025-05-14 23:26:08,Material Shortage,1.22,75,37678.59,Resolved,Critical
DTE006560,MCH0157,LIN029,FAC010,FLR001590,MWO000252,2024-07-17 22:35:10,Material Shortage,4.04,569,574832.13,Resolved,Medium
DTE006561,MCH0433,LIN022,FAC008,FLR000488,MWO000853,2025-08-02 07:05:31,Changeover,1.91,297,290760.94,Resolved,High
DTE006562,MCH0150,LIN008,FAC003,,MWO004934,2023-04-25 13:58:26,Changeover,1.06,78,63017.46,Resolved,Medium
DTE006563,MCH0235,LIN025,FAC009,,MWO007937,2025-04-17 13:13:56,Tool Change,2.2,395,205717.39,Open,High
DTE006564,MCH0279,LIN001,FAC001,,MWO010146,2024-12-04 19:31:36,Planned Maintenance,0.6,108,77224.43,Resolved,Medium
DTE006565,MCH0086,LIN003,FAC001,,MWO009629,2023-12-03 14:27:07,Planned Maintenance,4.9,1059,628924.75,Resolved,High
DTE006566,MCH0579,LIN003,FAC001,,MWO008017,2023-06-27 19:30:38,Planned Maintenance,8.45,402,405510.27,Resolved,High
DTE006567,MCH0255,LIN005,FAC002,FLR000917,MWO002659,2025-08-15 23:53:19,Planned Maintenance,4.0,236,263154.63,Resolved,High
DTE006568,MCH0006,LIN013,FAC005,,MWO009471,2024-05-10 18:21:55,Planned Maintenance,1.06,246,163680.11,Resolved,Critical
DTE006569,MCH0576,LIN020,FAC007,,MWO007709,2024-08-20 16:20:40,Changeover,1.98,296,125860.23,Resolved,Medium
DTE006570,MCH0284,LIN006,FAC002,,MWO007090,2025-04-03 08:29:31,Power Failure,9.6,638,747794.85,Resolved,High
DTE006571,MCH0462,LIN016,FAC006,,MWO005348,2024-09-23 19:30:44,Changeover,0.53,120,90180.37,Resolved,Medium
DTE006572,MCH0263,LIN018,FAC006,,MWO003444,2025-07-10 16:39:23,Tool Change,8.19,1806,1805335.46,Resolved,High
DTE006573,MCH0207,LIN003,FAC001,,MWO006765,2026-04-15 23:44:41,Tool Change,1.5,348,172606.97,Resolved,High
DTE006574,MCH0486,LIN029,FAC010,,MWO005287,2026-03-27 20:28:13,Quality Hold,0.44,75,56427.36,Open,High
DTE006575,MCH0132,LIN018,FAC006,,MWO004389,2023-05-23 17:21:39,Power Failure,1.96,263,129354.5,Resolved,Medium
DTE006576,MCH0100,LIN014,FAC005,FLR001980,MWO000042,2024-07-02 15:29:51,Power Failure,2.17,490,499485.52,Resolved,High
DTE006577,MCH0401,LIN015,FAC005,,MWO004391,2023-12-30 18:04:27,Changeover,2.21,303,149873.13,Resolved,Critical
DTE006578,MCH0527,LIN027,FAC009,FLR000414,MWO001128,2025-02-17 06:07:19,Tool Change,2.17,209,93739.24,Resolved,Medium
DTE006579,MCH0174,LIN023,FAC008,,MWO006634,2026-03-04 09:12:21,Tool Change,2.27,402,118166.71,Resolved,Low
DTE006580,MCH0384,LIN021,FAC007,,MWO007862,2025-04-15 19:59:26,Tool Change,0.79,135,21198.78,Open,High
DTE006581,MCH0332,LIN025,FAC009,,MWO004575,2025-01-31 12:00:59,Material Shortage,1.55,100,23612.75,Resolved,Medium
DTE006582,MCH0001,LIN020,FAC007,,MWO009929,2025-11-27 13:41:42,Tool Change,0.88,154,68756.5,Resolved,Medium
DTE006583,MCH0501,LIN019,FAC007,,MWO005083,2025-11-21 18:35:56,Quality Hold,7.14,667,668653.51,Resolved,Medium
DTE006584,MCH0114,LIN004,FAC002,FLR002239,MWO002790,2024-08-01 00:53:20,Planned Maintenance,1.82,345,182178.79,Resolved,Medium
DTE006585,MCH0314,LIN023,FAC008,,MWO011912,2024-10-04 09:34:31,Changeover,1.24,184,132952.76,Resolved,High
DTE006586,MCH0534,LIN027,FAC009,FLR002915,MWO001787,2026-05-07 06:19:57,Quality Hold,11.3,1395,1507155.71,Resolved,Medium
DTE006587,MCH0487,LIN023,FAC008,,MWO003953,2024-08-23 17:49:43,Planned Maintenance,2.42,451,505819.95,Resolved,Critical
DTE006588,MCH0309,LIN007,FAC003,FLR000288,MWO001077,2023-03-28 08:23:11,Power Failure,1.12,218,119694.86,Resolved,Medium
DTE006589,MCH0586,LIN014,FAC005,FLR000341,MWO000281,2025-03-23 21:08:05,Changeover,0.86,76,63294.86,Resolved,High
DTE006590,MCH0273,LIN002,FAC001,,MWO009034,2025-07-29 21:01:04,Quality Hold,3.48,793,823618.5,Resolved,Low
DTE006591,MCH0553,LIN013,FAC005,,MWO003009,2023-12-25 00:28:35,Tool Change,1.37,197,80638.74,Resolved,Critical
DTE006592,MCH0151,LIN020,FAC007,,MWO004530,2025-02-05 01:28:56,Changeover,0.11,25,8116.46,Resolved,Medium
DTE006593,MCH0160,LIN018,FAC006,FLR001899,MWO001337,2025-04-26 14:55:25,Power Failure,1.27,237,273657.14,Resolved,Medium
DTE006594,MCH0448,LIN016,FAC006,,MWO008431,2025-09-02 03:55:44,Tool Change,1.57,138,106689.66,Resolved,High
DTE006595,MCH0484,LIN019,FAC007,,MWO009457,2023-03-20 18:55:13,Power Failure,1.6,331,146460.07,Resolved,Medium
DTE006596,MCH0230,LIN017,FAC006,,MWO006923,2025-02-02 08:07:41,Power Failure,0.19,10,9632.52,Resolved,Medium
DTE006597,MCH0029,LIN002,FAC001,,MWO003334,2023-05-04 22:11:26,Quality Hold,2.77,627,150605.3,Resolved,Critical
DTE006598,MCH0268,LIN013,FAC005,,MWO007476,2023-05-13 07:50:51,Changeover,4.41,643,124423.14,Resolved,High
DTE006599,MCH0239,LIN015,FAC005,FLR000174,MWO001792,2025-08-05 03:15:37,Material Shortage,0.76,158,99774.68,Resolved,Medium
DTE006600,MCH0257,LIN013,FAC005,,MWO004171,2023-11-08 17:36:12,Power Failure,2.05,101,81465.08,Resolved,Critical
DTE006601,MCH0248,LIN028,FAC010,,MWO006928,2023-05-30 22:28:20,Changeover,5.11,434,272279.51,Resolved,Critical
DTE006602,MCH0470,LIN002,FAC001,,MWO003807,2023-01-01 20:59:11,Quality Hold,5.08,973,1067717.3,Resolved,High
DTE006603,MCH0309,LIN007,FAC003,,MWO006519,2023-10-21 11:49:31,Material Shortage,6.83,1075,607024.9,Resolved,High
DTE006604,MCH0062,LIN011,FAC004,FLR002804,MWO002184,2024-06-28 08:53:24,Planned Maintenance,2.17,218,160329.84,Open,Critical
DTE006605,MCH0124,LIN013,FAC005,,MWO011999,2025-05-19 01:52:40,Changeover,0.84,193,202560.95,Resolved,Medium
DTE006606,MCH0118,LIN016,FAC006,FLR001482,MWO000383,2026-03-14 14:13:12,Quality Hold,1.73,217,62595.65,Resolved,Medium
DTE006607,MCH0397,LIN010,FAC004,,MWO003589,2025-02-12 05:13:09,Planned Maintenance,4.29,582,584126.57,Resolved,High
DTE006608,MCH0348,LIN017,FAC006,,MWO006662,2023-08-08 03:14:28,Power Failure,1.13,76,59067.24,Resolved,Low
DTE006609,MCH0546,LIN024,FAC008,,MWO003651,2023-08-29 21:36:13,Quality Hold,2.46,123,128809.76,Resolved,Low
DTE006610,MCH0503,LIN002,FAC001,,MWO006825,2025-06-27 15:29:16,Tool Change,0.81,159,100663.11,Resolved,Critical
DTE006611,MCH0215,LIN014,FAC005,FLR001129,MWO002664,2023-08-12 23:20:53,Quality Hold,4.99,389,273468.78,Resolved,High
DTE006612,MCH0149,LIN004,FAC002,,MWO011988,2023-02-21 03:32:46,Tool Change,3.7,705,748857.49,Resolved,High
DTE006613,MCH0009,LIN026,FAC009,,MWO010624,2023-09-19 18:39:13,Quality Hold,6.57,844,636076.43,Resolved,Medium
DTE006614,MCH0185,LIN018,FAC006,,MWO010001,2025-02-08 05:53:46,Planned Maintenance,14.93,3422,3251956.04,Resolved,High
DTE006615,MCH0008,LIN015,FAC005,FLR000890,MWO000974,2024-12-23 02:50:56,Planned Maintenance,4.55,781,908594.2,Resolved,Medium
DTE006616,MCH0455,LIN030,FAC010,,MWO008787,2026-05-02 17:40:53,Planned Maintenance,0.13,27,29105.13,Open,Medium
DTE006617,MCH0518,LIN020,FAC007,,MWO006949,2024-02-19 03:03:28,Planned Maintenance,2.32,419,184734.43,Resolved,Low
DTE006618,MCH0448,LIN016,FAC006,,MWO010390,2024-02-09 19:44:47,Tool Change,1.34,66,61059.36,Resolved,Medium
DTE006619,MCH0047,LIN026,FAC009,,MWO004725,2024-08-10 09:55:08,Planned Maintenance,3.54,716,500863.61,Resolved,Medium
DTE006620,MCH0237,LIN025,FAC009,,MWO006593,2026-06-29 01:03:33,Quality Hold,1.0,219,250590.97,Resolved,High
DTE006621,MCH0192,LIN007,FAC003,,MWO008575,2024-06-21 21:50:27,Planned Maintenance,0.48,105,59342.7,Resolved,Low
DTE006622,MCH0039,LIN009,FAC003,,MWO005553,2026-04-10 04:39:18,Material Shortage,2.89,177,181036.28,Resolved,Medium
DTE006623,MCH0150,LIN008,FAC003,,MWO008052,2025-08-05 23:13:44,Changeover,1.09,166,51560.05,Resolved,High
DTE006624,MCH0266,LIN021,FAC007,FLR000247,MWO002751,2026-06-01 08:43:03,Material Shortage,2.65,212,231187.33,Resolved,Medium
DTE006625,MCH0322,LIN010,FAC004,,MWO006213,2024-05-01 01:32:18,Changeover,4.04,467,229981.18,Resolved,Medium
DTE006626,MCH0281,LIN027,FAC009,,MWO007625,2023-05-08 12:56:36,Tool Change,3.77,715,129056.77,Resolved,Medium
DTE006627,MCH0067,LIN005,FAC002,,MWO008273,2025-09-09 22:21:58,Power Failure,0.57,112,90109.08,Resolved,Medium
DTE006628,MCH0588,LIN006,FAC002,,MWO007456,2023-01-13 21:25:09,Power Failure,2.68,363,332368.44,Resolved,High
DTE006629,MCH0269,LIN002,FAC001,,MWO003850,2024-10-03 08:38:29,Tool Change,2.43,205,189630.54,Resolved,Medium
DTE006630,MCH0137,LIN006,FAC002,,MWO011346,2026-04-07 00:28:19,Power Failure,0.98,74,54345.67,Resolved,Medium
DTE006631,MCH0466,LIN005,FAC002,FLR002169,MWO000463,2023-05-14 22:54:39,Material Shortage,2.73,235,255281.91,Resolved,Medium
DTE006632,MCH0454,LIN022,FAC008,,MWO010660,2023-09-08 22:43:14,Quality Hold,1.31,82,78003.43,Resolved,Low
DTE006633,MCH0340,LIN012,FAC004,,MWO009666,2026-02-01 14:39:48,Planned Maintenance,0.9,45,21456.18,Resolved,High
DTE006634,MCH0320,LIN011,FAC004,,MWO005080,2026-03-04 01:51:12,Quality Hold,4.82,534,530473.07,Resolved,High
DTE006635,MCH0477,LIN007,FAC003,,MWO009107,2026-06-30 02:19:00,Power Failure,3.95,277,134854.07,Resolved,Critical
DTE006636,MCH0412,LIN021,FAC007,FLR002882,MWO000278,2025-01-15 02:39:39,Power Failure,0.75,153,132054.93,Open,High
DTE006637,MCH0567,LIN016,FAC006,,MWO004807,2023-08-05 10:50:52,Changeover,0.81,186,111527.2,Resolved,Medium
DTE006638,MCH0111,LIN012,FAC004,,MWO011376,2024-05-13 11:13:03,Material Shortage,3.13,213,119711.49,Resolved,Medium
DTE006639,MCH0481,LIN004,FAC002,,MWO004748,2023-11-27 02:30:46,Planned Maintenance,1.34,84,85701.58,Resolved,High
DTE006640,MCH0093,LIN027,FAC009,,MWO006287,2025-12-23 07:52:52,Power Failure,3.98,291,80044.52,Resolved,Medium
DTE006641,MCH0079,LIN008,FAC003,,MWO011176,2024-11-13 16:43:54,Power Failure,6.8,1430,459656.94,Resolved,Low
DTE006642,MCH0057,LIN020,FAC007,FLR002050,MWO000375,2025-08-22 22:01:43,Material Shortage,6.33,1221,238004.88,Resolved,Medium
DTE006643,MCH0098,LIN002,FAC001,,MWO011297,2025-04-23 04:44:40,Material Shortage,1.07,221,160568.81,Resolved,High
DTE006644,MCH0509,LIN021,FAC007,,MWO003626,2024-07-20 10:24:23,Material Shortage,0.52,60,71340.21,Resolved,High
DTE006645,MCH0132,LIN018,FAC006,FLR000057,MWO001145,2023-12-08 13:52:17,Tool Change,0.7,57,54988.47,Resolved,Critical
DTE006646,MCH0487,LIN023,FAC008,,MWO006354,2025-07-29 05:26:17,Material Shortage,5.1,975,698302.73,Resolved,Low
DTE006647,MCH0418,LIN013,FAC005,,MWO004921,2026-04-21 22:15:47,Quality Hold,3.18,696,119736.29,Resolved,Medium
DTE006648,MCH0073,LIN002,FAC001,FLR002759,MWO001377,2025-11-28 10:17:07,Quality Hold,1.17,199,190483.74,Resolved,Critical
DTE006649,MCH0511,LIN004,FAC002,,MWO006202,2025-05-17 15:52:16,Tool Change,8.93,916,807203.61,Resolved,High
DTE006650,MCH0432,LIN025,FAC009,,MWO003464,2024-10-02 03:31:18,Quality Hold,0.35,57,60642.69,Resolved,Low
DTE006651,MCH0587,LIN024,FAC008,,MWO010076,2023-10-19 12:41:44,Quality Hold,3.75,316,281389.15,Resolved,Medium
DTE006652,MCH0365,LIN014,FAC005,,MWO011364,2026-01-02 16:55:50,Planned Maintenance,2.65,217,219806.88,Resolved,Medium
DTE006653,MCH0256,LIN005,FAC002,,MWO004377,2023-08-03 12:30:20,Tool Change,1.56,115,46066.95,Resolved,Low
DTE006654,MCH0333,LIN028,FAC010,,MWO004705,2023-09-10 19:20:19,Planned Maintenance,3.64,722,293973.46,Resolved,High
DTE006655,MCH0215,LIN014,FAC005,,MWO006214,2024-01-16 11:25:44,Planned Maintenance,2.08,227,36705.28,Resolved,Medium
DTE006656,MCH0320,LIN011,FAC004,,MWO011687,2025-01-10 20:25:00,Material Shortage,2.38,120,63986.08,Resolved,Medium
DTE006657,MCH0127,LIN004,FAC002,,MWO011447,2024-06-20 09:52:59,Material Shortage,3.85,295,107688.7,Resolved,High
DTE006658,MCH0284,LIN006,FAC002,,MWO010720,2026-06-19 19:26:26,Quality Hold,4.11,626,213401.21,Resolved,Medium
DTE006659,MCH0287,LIN017,FAC006,,MWO008297,2025-08-18 06:19:10,Planned Maintenance,3.2,352,86274.85,Resolved,Medium
DTE006660,MCH0135,LIN015,FAC005,,MWO003745,2024-07-15 04:15:28,Tool Change,1.64,260,268963.46,Resolved,Medium
DTE006661,MCH0152,LIN010,FAC004,,MWO004666,2025-04-01 20:37:07,Planned Maintenance,4.05,164,25279.89,Open,Medium
DTE006662,MCH0396,LIN028,FAC010,,MWO005586,2025-04-19 16:37:55,Tool Change,0.2,22,15325.29,Resolved,High
DTE006663,MCH0485,LIN007,FAC003,,MWO010416,2024-09-06 15:19:07,Material Shortage,11.62,2355,1756499.8,Resolved,Medium
DTE006664,MCH0211,LIN018,FAC006,,MWO006541,2024-09-22 15:49:27,Material Shortage,0.91,38,15735.48,Resolved,High
DTE006665,MCH0332,LIN025,FAC009,FLR002737,MWO000480,2023-04-24 15:52:39,Power Failure,14.61,1088,554629.16,Resolved,Critical
DTE006666,MCH0473,LIN022,FAC008,FLR001234,MWO001265,2023-03-08 02:15:50,Power Failure,1.79,83,37578.35,Resolved,Medium
DTE006667,MCH0340,LIN012,FAC004,,MWO009666,2026-02-01 14:39:48,Tool Change,3.99,711,722531.83,Resolved,Low
DTE006668,MCH0353,LIN002,FAC001,,MWO003258,2023-05-24 10:46:35,Power Failure,8.43,1532,1724242.17,Resolved,High
DTE006669,MCH0319,LIN007,FAC003,,MWO003732,2024-12-19 22:35:44,Quality Hold,3.47,231,163334.72,Resolved,Critical
DTE006670,MCH0015,LIN014,FAC005,FLR001074,MWO002720,2025-11-26 19:06:41,Tool Change,2.71,376,384154.1,Resolved,Low
DTE006671,MCH0359,LIN019,FAC007,,MWO009239,2023-09-11 08:04:58,Quality Hold,6.86,613,485985.47,Resolved,Medium
DTE006672,MCH0080,LIN020,FAC007,,MWO006702,2024-03-19 17:10:54,Quality Hold,2.8,434,513701.9,Resolved,Critical
DTE006673,MCH0014,LIN029,FAC010,FLR000119,MWO002073,2025-05-17 11:05:10,Material Shortage,11.57,1239,1020548.62,Open,Medium
DTE006674,MCH0413,LIN022,FAC008,FLR002699,MWO002910,2023-04-15 00:18:32,Material Shortage,0.81,140,94986.43,Resolved,Critical
DTE006675,MCH0460,LIN030,FAC010,,MWO009514,2025-05-28 20:10:28,Tool Change,7.9,713,189297.9,Resolved,Critical
DTE006676,MCH0034,LIN007,FAC003,FLR001848,MWO000357,2024-04-11 02:19:27,Power Failure,0.96,131,132270.4,Resolved,Low
DTE006677,MCH0093,LIN027,FAC009,FLR001414,MWO001295,2023-08-05 23:52:34,Tool Change,2.73,422,377665.04,Resolved,Medium
DTE006678,MCH0231,LIN008,FAC003,,MWO008150,2025-06-04 13:04:53,Tool Change,8.0,1543,1067846.42,Resolved,Medium
DTE006679,MCH0440,LIN027,FAC009,,MWO011636,2025-04-18 08:10:50,Power Failure,4.53,971,1030882.4,Resolved,Low
DTE006680,MCH0384,LIN021,FAC007,,MWO006452,2025-06-01 19:18:31,Power Failure,6.08,672,243313.89,Resolved,Medium
DTE006681,MCH0110,LIN002,FAC001,,MWO008718,2023-09-25 07:04:29,Power Failure,11.58,1793,751100.07,Resolved,High
DTE006682,MCH0182,LIN025,FAC009,FLR001327,MWO000431,2025-03-09 10:11:27,Planned Maintenance,1.97,343,160436.03,Resolved,Medium
DTE006683,MCH0504,LIN008,FAC003,FLR002184,MWO002998,2025-04-07 10:17:31,Material Shortage,2.84,560,286892.99,Resolved,Medium
DTE006684,MCH0537,LIN013,FAC005,,MWO009836,2025-09-03 17:26:37,Tool Change,1.38,102,83932.11,Resolved,Medium
DTE006685,MCH0080,LIN020,FAC007,,MWO006868,2025-04-25 06:54:55,Tool Change,3.91,781,722886.55,Resolved,High
DTE006686,MCH0049,LIN007,FAC003,,MWO003251,2025-09-16 20:17:29,Planned Maintenance,1.19,158,86201.55,Resolved,Low
DTE006687,MCH0443,LIN021,FAC007,,MWO003714,2024-12-20 03:01:20,Material Shortage,7.41,462,499510.33,Open,Critical
DTE006688,MCH0314,LIN023,FAC008,FLR002222,MWO001587,2024-12-25 05:53:36,Material Shortage,1.28,280,69495.38,Resolved,Medium
DTE006689,MCH0033,LIN010,FAC004,,MWO009960,2025-09-04 06:51:22,Planned Maintenance,0.09,21,7307.95,Resolved,Medium
DTE006690,MCH0082,LIN027,FAC009,,MWO008926,2026-05-14 09:34:58,Changeover,5.88,1339,1299582.35,Resolved,Medium
DTE006691,MCH0322,LIN010,FAC004,,MWO007724,2025-09-23 16:35:01,Power Failure,2.03,321,214092.5,Open,Medium
DTE006692,MCH0047,LIN026,FAC009,FLR002072,MWO001291,2025-05-05 13:14:06,Quality Hold,8.99,704,336036.36,Resolved,Critical
DTE006693,MCH0141,LIN006,FAC002,FLR002098,MWO000623,2024-02-01 14:08:16,Tool Change,1.84,321,320374.72,Open,Medium
DTE006694,MCH0310,LIN029,FAC010,,MWO011463,2023-07-14 05:04:09,Power Failure,0.18,34,36488.32,Resolved,Critical
DTE006695,MCH0531,LIN021,FAC007,FLR002689,MWO001839,2025-06-16 20:23:50,Planned Maintenance,0.7,90,103635.06,Resolved,High
DTE006696,MCH0558,LIN025,FAC009,,MWO011939,2025-11-12 23:37:59,Material Shortage,7.86,725,301306.36,Open,Medium
DTE006697,MCH0092,LIN005,FAC002,,MWO004276,2023-03-25 18:20:32,Power Failure,2.45,587,376310.8,Resolved,Critical
DTE006698,MCH0014,LIN029,FAC010,,MWO009895,2023-08-12 11:50:01,Changeover,6.61,973,891744.19,Resolved,Critical
DTE006699,MCH0300,LIN002,FAC001,FLR001431,MWO000521,2025-09-28 02:05:17,Power Failure,0.6,45,23293.64,Resolved,High
DTE006700,MCH0579,LIN003,FAC001,,MWO004096,2023-08-04 03:42:54,Tool Change,2.75,598,328298.88,Resolved,Low
DTE006701,MCH0502,LIN011,FAC004,FLR000732,MWO001431,2026-01-04 10:43:41,Tool Change,0.83,95,104800.67,Resolved,Medium
DTE006702,MCH0495,LIN009,FAC003,FLR001554,MWO000008,2024-02-25 15:46:33,Planned Maintenance,4.83,567,674358.88,Resolved,Medium
DTE006703,MCH0079,LIN008,FAC003,,MWO004984,2024-05-23 02:20:24,Changeover,1.02,151,103324.95,Resolved,High
DTE006704,MCH0390,LIN011,FAC004,,MWO003775,2024-11-01 21:14:36,Quality Hold,5.53,1200,921724.36,Resolved,Medium
DTE006705,MCH0426,LIN009,FAC003,FLR000088,MWO001097,2026-02-22 08:33:24,Quality Hold,1.44,277,197826.15,Resolved,Critical
DTE006706,MCH0091,LIN024,FAC008,,MWO005014,2024-05-04 08:01:12,Material Shortage,8.27,1622,1035437.74,Resolved,Medium
DTE006707,MCH0443,LIN021,FAC007,,MWO010034,2023-09-28 21:27:15,Power Failure,1.59,172,172313.9,Open,Medium
DTE006708,MCH0495,LIN009,FAC003,FLR001704,MWO001198,2025-08-29 10:15:46,Material Shortage,6.43,1313,1167978.0,Resolved,Low
DTE006709,MCH0231,LIN008,FAC003,,MWO011776,2023-03-01 19:06:27,Quality Hold,7.87,1252,695541.03,Resolved,Medium
DTE006710,MCH0593,LIN019,FAC007,,MWO008578,2024-09-01 15:57:58,Planned Maintenance,3.12,653,121243.47,Resolved,Low
DTE006711,MCH0277,LIN001,FAC001,,MWO004844,2025-02-07 18:49:46,Material Shortage,4.39,596,442882.5,Resolved,High
DTE006712,MCH0430,LIN016,FAC006,,MWO005078,2026-01-26 06:03:58,Quality Hold,6.27,585,678593.54,Open,Low
DTE006713,MCH0071,LIN024,FAC008,,MWO005404,2025-07-20 23:34:08,Planned Maintenance,2.05,224,230417.52,Resolved,High
DTE006714,MCH0217,LIN009,FAC003,,MWO010388,2025-05-18 15:45:33,Planned Maintenance,2.83,253,291076.08,Open,High
DTE006715,MCH0006,LIN013,FAC005,FLR001743,MWO002990,2024-06-24 01:35:35,Tool Change,1.93,119,46402.59,Resolved,Critical
DTE006716,MCH0422,LIN002,FAC001,FLR000612,MWO000911,2024-03-27 21:48:54,Quality Hold,8.31,1376,589881.29,Resolved,High
DTE006717,MCH0252,LIN027,FAC009,,MWO003344,2024-05-25 09:23:17,Power Failure,4.57,545,495680.8,Resolved,Low
DTE006718,MCH0553,LIN013,FAC005,,MWO003270,2025-02-20 07:26:36,Tool Change,2.48,145,70499.88,Resolved,High
DTE006719,MCH0416,LIN002,FAC001,,MWO007474,2024-12-01 10:19:32,Material Shortage,1.71,261,291256.3,Open,Medium
DTE006720,MCH0356,LIN005,FAC002,FLR002322,MWO000551,2026-06-26 10:54:18,Quality Hold,1.15,113,112884.44,Resolved,Critical
DTE006721,MCH0479,LIN007,FAC003,FLR002704,MWO002663,2023-10-15 06:36:06,Changeover,2.67,558,435119.97,Resolved,High
DTE006722,MCH0416,LIN002,FAC001,,MWO009305,2024-03-15 07:45:06,Material Shortage,4.31,424,257123.28,Resolved,Medium
DTE006723,MCH0555,LIN021,FAC007,,MWO010926,2025-03-15 02:14:01,Tool Change,2.74,367,183241.98,Resolved,Medium
DTE006724,MCH0472,LIN011,FAC004,FLR001835,MWO002021,2025-05-28 03:12:08,Planned Maintenance,2.12,248,74295.11,Resolved,High
DTE006725,MCH0225,LIN006,FAC002,,MWO006781,2023-09-30 08:37:08,Material Shortage,3.9,862,454511.9,Open,High
DTE006726,MCH0058,LIN028,FAC010,,MWO006917,2026-04-03 04:51:26,Quality Hold,2.69,406,341360.56,Resolved,High
DTE006727,MCH0065,LIN005,FAC002,FLR002700,MWO001551,2023-09-20 13:21:13,Planned Maintenance,1.93,412,411678.33,Open,Medium
DTE006728,MCH0523,LIN023,FAC008,,MWO008483,2023-02-10 02:32:28,Material Shortage,2.23,256,97442.66,Resolved,High
DTE006729,MCH0509,LIN021,FAC007,FLR000132,MWO002861,2025-06-07 18:13:56,Power Failure,0.73,82,79324.13,Resolved,Medium
DTE006730,MCH0397,LIN010,FAC004,,MWO005195,2025-12-28 02:11:09,Power Failure,4.53,734,629782.37,Resolved,High
DTE006731,MCH0481,LIN004,FAC002,,MWO010685,2024-12-05 14:52:41,Quality Hold,1.45,238,248512.55,Resolved,Medium
DTE006732,MCH0078,LIN001,FAC001,,MWO011247,2024-09-25 10:02:06,Planned Maintenance,2.85,245,62155.11,Resolved,High
DTE006733,MCH0008,LIN015,FAC005,FLR002175,MWO000878,2026-01-04 12:38:32,Material Shortage,0.48,48,46101.64,Resolved,Medium
DTE006734,MCH0105,LIN004,FAC002,FLR002495,MWO002795,2023-02-07 22:02:16,Power Failure,1.46,303,199518.44,Resolved,Critical
DTE006735,MCH0498,LIN011,FAC004,,MWO003969,2026-02-14 23:57:43,Tool Change,3.79,513,96148.75,Resolved,Critical
DTE006736,MCH0558,LIN025,FAC009,FLR002346,MWO002071,2024-12-16 18:37:16,Tool Change,1.8,347,128498.72,Resolved,High
DTE006737,MCH0049,LIN007,FAC003,,MWO010957,2026-05-25 11:47:35,Power Failure,1.34,164,28944.07,Resolved,Critical
DTE006738,MCH0267,LIN013,FAC005,,MWO005804,2023-07-24 16:11:09,Power Failure,1.0,148,135573.83,Resolved,Medium
DTE006739,MCH0153,LIN017,FAC006,FLR001592,MWO002820,2023-05-07 23:21:45,Power Failure,1.06,112,67862.83,Resolved,Medium
DTE006740,MCH0159,LIN014,FAC005,,MWO007779,2026-06-30 23:35:39,Tool Change,4.35,716,743998.24,Resolved,Critical
DTE006741,MCH0050,LIN017,FAC006,,MWO010743,2024-02-17 13:04:42,Material Shortage,1.75,413,456383.65,Resolved,Critical
DTE006742,MCH0581,LIN004,FAC002,,MWO011884,2024-02-28 09:47:40,Changeover,2.62,369,207823.98,Resolved,High
DTE006743,MCH0300,LIN002,FAC001,FLR001958,MWO000119,2023-03-06 01:33:47,Material Shortage,2.38,407,436574.1,Resolved,Medium
DTE006744,MCH0367,LIN007,FAC003,,MWO006727,2024-03-02 21:29:15,Planned Maintenance,2.03,188,170878.53,Resolved,Medium
DTE006745,MCH0075,LIN003,FAC001,,MWO005778,2023-06-12 05:27:06,Changeover,5.69,477,404720.5,Resolved,High
DTE006746,MCH0079,LIN008,FAC003,,MWO003487,2023-12-13 03:54:28,Planned Maintenance,10.96,1322,906790.53,Resolved,Medium
DTE006747,MCH0019,LIN029,FAC010,,MWO006507,2023-04-18 03:13:27,Quality Hold,7.63,1636,681269.88,Resolved,Medium
DTE006748,MCH0294,LIN006,FAC002,,MWO003161,2023-01-11 17:14:54,Power Failure,0.92,170,45855.99,Resolved,Medium
DTE006749,MCH0561,LIN029,FAC010,,MWO007237,2023-12-13 13:12:27,Quality Hold,0.59,121,48214.32,Resolved,Medium
DTE006750,MCH0536,LIN030,FAC010,,MWO006522,2026-06-25 15:40:43,Planned Maintenance,7.9,429,429987.03,Resolved,Low
DTE006751,MCH0009,LIN026,FAC009,,MWO006338,2023-07-07 07:32:07,Changeover,1.17,193,64637.68,Resolved,High
DTE006752,MCH0591,LIN016,FAC006,,MWO009525,2026-04-18 05:17:05,Power Failure,0.14,27,18934.58,Resolved,High
DTE006753,MCH0012,LIN030,FAC010,FLR002941,MWO002931,2025-01-26 05:32:39,Tool Change,2.08,485,471062.69,Resolved,Medium
DTE006754,MCH0270,LIN013,FAC005,,MWO008085,2024-06-07 03:48:28,Quality Hold,0.18,11,2035.66,Resolved,Medium
DTE006755,MCH0577,LIN009,FAC003,,MWO008497,2023-07-17 09:17:21,Planned Maintenance,3.56,434,459432.82,Resolved,High
DTE006756,MCH0244,LIN007,FAC003,,MWO003674,2026-03-21 03:35:53,Material Shortage,3.34,787,484680.93,Resolved,Medium
DTE006757,MCH0320,LIN011,FAC004,,MWO004604,2023-10-29 07:20:42,Tool Change,0.65,54,34934.49,Resolved,Low
DTE006758,MCH0430,LIN016,FAC006,,MWO003920,2023-12-05 22:29:23,Planned Maintenance,5.11,755,341049.42,Resolved,Medium
DTE006759,MCH0286,LIN023,FAC008,,MWO007409,2026-04-19 09:12:49,Changeover,0.83,47,24442.33,Resolved,Medium
DTE006760,MCH0355,LIN029,FAC010,,MWO005640,2024-11-18 15:44:35,Quality Hold,7.35,1072,1168346.28,Resolved,High
DTE006761,MCH0579,LIN003,FAC001,FLR002936,MWO000038,2025-12-21 11:30:49,Quality Hold,3.13,462,288456.13,Resolved,Medium
DTE006762,MCH0283,LIN027,FAC009,,MWO003815,2024-08-21 16:29:45,Tool Change,2.61,257,148784.33,Resolved,Low
DTE006763,MCH0009,LIN026,FAC009,,MWO006338,2023-07-07 07:32:07,Quality Hold,2.67,129,105892.83,Open,Medium
DTE006764,MCH0597,LIN012,FAC004,FLR000485,MWO001510,2025-09-06 02:16:21,Power Failure,0.85,158,171590.69,Open,Medium
DTE006765,MCH0161,LIN008,FAC003,,MWO005798,2025-04-26 04:46:23,Material Shortage,3.66,863,901259.59,Resolved,Low
DTE006766,MCH0361,LIN024,FAC008,FLR001166,MWO001385,2023-12-02 11:14:09,Power Failure,2.21,183,149650.31,Resolved,High
DTE006767,MCH0521,LIN019,FAC007,FLR000466,MWO000581,2026-02-10 18:03:53,Material Shortage,2.34,169,190987.58,Resolved,High
DTE006768,MCH0088,LIN015,FAC005,,MWO009515,2025-02-13 07:02:28,Tool Change,7.67,790,660198.14,Resolved,Medium
DTE006769,MCH0586,LIN014,FAC005,,MWO006381,2024-10-14 19:10:26,Material Shortage,0.92,85,25474.59,Resolved,Medium
DTE006770,MCH0359,LIN019,FAC007,,MWO005166,2024-09-17 21:38:36,Tool Change,1.83,119,26685.52,Open,High
DTE006771,MCH0407,LIN018,FAC006,,MWO004623,2026-06-10 12:06:12,Material Shortage,3.0,452,127640.09,Resolved,High
DTE006772,MCH0136,LIN019,FAC007,,MWO010171,2025-10-26 10:07:16,Material Shortage,4.18,743,618824.15,Resolved,High
DTE006773,MCH0531,LIN021,FAC007,FLR002902,MWO000806,2023-05-24 11:44:36,Material Shortage,0.33,73,50253.21,Resolved,Medium
DTE006774,MCH0243,LIN001,FAC001,,MWO005784,2025-02-22 14:24:25,Material Shortage,2.88,335,306983.07,Resolved,Medium
DTE006775,MCH0529,LIN014,FAC005,FLR000506,MWO002538,2024-04-28 00:31:18,Planned Maintenance,2.09,300,324449.56,Resolved,High
DTE006776,MCH0360,LIN028,FAC010,FLR001429,MWO002274,2026-05-17 17:33:36,Material Shortage,3.5,220,152741.76,Open,High
DTE006777,MCH0301,LIN019,FAC007,,MWO010776,2025-03-09 03:36:01,Material Shortage,6.87,463,131741.04,Resolved,High
DTE006778,MCH0482,LIN024,FAC008,,MWO009260,2023-09-03 00:12:31,Planned Maintenance,6.3,1135,1353521.47,Open,Low
DTE006779,MCH0083,LIN010,FAC004,,MWO008717,2025-02-20 19:17:16,Changeover,0.48,41,22526.84,Resolved,Critical
DTE006780,MCH0066,LIN011,FAC004,,MWO010406,2025-11-26 11:46:15,Tool Change,6.69,1378,1351500.47,Resolved,Critical
DTE006781,MCH0075,LIN003,FAC001,,MWO007086,2024-05-04 12:39:31,Material Shortage,0.29,56,13437.49,Resolved,Low
DTE006782,MCH0031,LIN010,FAC004,,MWO011848,2025-08-19 06:46:10,Quality Hold,1.33,210,168373.65,Resolved,Low
DTE006783,MCH0420,LIN015,FAC005,FLR000738,MWO000693,2024-12-19 18:43:46,Material Shortage,1.68,275,120407.56,Resolved,High
DTE006784,MCH0498,LIN011,FAC004,,MWO003802,2025-12-12 21:15:05,Quality Hold,5.15,516,521971.05,Resolved,Medium
DTE006785,MCH0570,LIN005,FAC002,,MWO008081,2024-12-23 08:00:10,Tool Change,4.65,837,746398.49,Resolved,High
DTE006786,MCH0477,LIN007,FAC003,,MWO006334,2023-11-07 10:09:21,Tool Change,0.83,160,159194.26,Resolved,Medium
DTE006787,MCH0166,LIN004,FAC002,,MWO010768,2024-02-24 13:07:46,Material Shortage,0.87,62,28493.53,Resolved,Medium
DTE006788,MCH0165,LIN029,FAC010,,MWO011175,2026-06-30 04:07:36,Power Failure,1.32,310,262975.09,Resolved,High
DTE006789,MCH0153,LIN017,FAC006,,MWO010677,2023-10-17 20:22:13,Planned Maintenance,0.5,58,14398.09,Resolved,Low
DTE006790,MCH0326,LIN026,FAC009,,MWO003068,2025-04-15 08:14:23,Power Failure,0.73,153,29829.17,Resolved,Critical
DTE006791,MCH0286,LIN023,FAC008,FLR001033,MWO001388,2023-03-14 09:31:21,Quality Hold,5.94,873,631586.84,Resolved,High
DTE006792,MCH0196,LIN005,FAC002,,MWO003478,2023-06-15 06:53:30,Tool Change,0.56,94,83443.24,Resolved,High
DTE006793,MCH0530,LIN014,FAC005,,MWO003040,2023-03-24 04:50:37,Quality Hold,9.43,1337,1449715.77,Resolved,Medium
DTE006794,MCH0596,LIN022,FAC008,FLR002016,MWO000325,2023-08-02 05:01:01,Planned Maintenance,3.42,367,193902.96,Resolved,Low
DTE006795,MCH0255,LIN005,FAC002,FLR000917,MWO002659,2025-08-15 23:53:19,Planned Maintenance,0.71,150,28312.27,Resolved,Critical
DTE006796,MCH0248,LIN028,FAC010,,MWO011702,2023-08-09 06:04:54,Tool Change,1.74,286,65542.31,Resolved,Medium
DTE006797,MCH0297,LIN018,FAC006,,MWO003905,2026-04-14 20:33:29,Tool Change,2.02,120,82465.18,Resolved,Critical
DTE006798,MCH0291,LIN022,FAC008,,MWO006162,2023-06-22 04:27:49,Quality Hold,2.64,404,174477.76,Open,High
DTE006799,MCH0496,LIN024,FAC008,,MWO011051,2023-12-09 17:00:52,Material Shortage,3.42,624,650223.15,Resolved,Critical
DTE006800,MCH0217,LIN009,FAC003,,MWO010388,2025-05-18 15:45:33,Changeover,1.54,260,86350.83,Resolved,Low
DTE006801,MCH0266,LIN021,FAC007,,MWO007441,2025-01-21 19:50:37,Tool Change,0.56,43,51014.21,Resolved,Low
DTE006802,MCH0375,LIN005,FAC002,FLR002513,MWO001274,2023-09-17 10:16:48,Planned Maintenance,2.62,531,378795.63,Resolved,Medium
DTE006803,MCH0521,LIN019,FAC007,,MWO008467,2024-12-24 19:57:41,Power Failure,1.85,343,251366.0,Resolved,Medium
DTE006804,MCH0040,LIN003,FAC001,,MWO009391,2025-04-05 23:46:10,Planned Maintenance,3.35,799,572413.21,Resolved,Medium
DTE006805,MCH0222,LIN028,FAC010,,MWO003287,2025-12-22 19:56:35,Power Failure,5.64,917,1061716.17,Resolved,Critical
DTE006806,MCH0133,LIN013,FAC005,,MWO007684,2025-02-25 06:39:20,Material Shortage,2.29,451,536334.58,Resolved,Low
DTE006807,MCH0555,LIN021,FAC007,,MWO007459,2023-02-12 16:48:33,Power Failure,2.98,209,197929.37,Resolved,Low
DTE006808,MCH0057,LIN020,FAC007,FLR000479,MWO000256,2023-01-26 20:19:45,Power Failure,1.46,324,380363.46,Open,Low
DTE006809,MCH0072,LIN011,FAC004,,MWO008648,2025-11-23 21:35:39,Tool Change,3.8,444,226550.64,Resolved,Critical
DTE006810,MCH0148,LIN009,FAC003,,MWO008728,2023-05-23 22:26:02,Changeover,4.85,395,312523.68,Resolved,Medium
DTE006811,MCH0408,LIN009,FAC003,,MWO003093,2024-10-09 09:45:44,Planned Maintenance,3.2,148,50572.71,Resolved,Low
DTE006812,MCH0560,LIN024,FAC008,,MWO005737,2025-03-12 18:31:03,Material Shortage,4.89,1040,495482.13,Resolved,Low
DTE006813,MCH0435,LIN027,FAC009,,MWO010382,2024-09-11 22:05:07,Changeover,0.76,174,97229.39,Resolved,Low
DTE006814,MCH0557,LIN030,FAC010,,MWO003424,2024-02-19 16:50:54,Quality Hold,1.21,106,91565.89,Resolved,Medium
DTE006815,MCH0555,LIN021,FAC007,FLR000125,MWO000936,2023-08-27 22:01:26,Changeover,2.43,253,216829.46,Resolved,Critical
DTE006816,MCH0460,LIN030,FAC010,,MWO009514,2025-05-28 20:10:28,Tool Change,2.06,201,100107.16,Resolved,Medium
DTE006817,MCH0520,LIN005,FAC002,FLR002350,MWO002469,2023-12-27 03:10:23,Power Failure,1.83,424,197603.99,Resolved,Low
DTE006818,MCH0221,LIN027,FAC009,FLR002635,MWO000076,2024-01-10 17:08:32,Power Failure,4.32,940,1065101.68,Resolved,Low
DTE006819,MCH0454,LIN022,FAC008,FLR000220,MWO000437,2024-10-22 04:06:21,Changeover,1.32,77,53543.51,Resolved,Low
DTE006820,MCH0163,LIN007,FAC003,FLR002482,MWO000079,2025-08-17 16:49:35,Tool Change,2.54,589,585667.12,Resolved,Critical
DTE006821,MCH0347,LIN015,FAC005,FLR000760,MWO000809,2024-07-10 08:58:44,Quality Hold,4.57,513,253564.28,Resolved,Low
DTE006822,MCH0288,LIN014,FAC005,,MWO004681,2024-12-11 16:38:00,Tool Change,2.34,392,466927.79,Open,High
DTE006823,MCH0159,LIN014,FAC005,,MWO006555,2025-10-09 04:44:47,Material Shortage,1.26,188,39851.83,Resolved,Medium
DTE006824,MCH0229,LIN014,FAC005,,MWO011476,2024-12-10 18:34:53,Quality Hold,4.9,339,114189.74,Resolved,High
DTE006825,MCH0403,LIN002,FAC001,,MWO005554,2024-11-09 04:38:21,Material Shortage,1.73,85,58780.05,Resolved,Medium
DTE006826,MCH0442,LIN001,FAC001,FLR000709,MWO001238,2024-07-13 00:50:15,Tool Change,5.91,669,371940.72,Resolved,High
DTE006827,MCH0439,LIN026,FAC009,,MWO007301,2025-02-14 04:42:32,Tool Change,3.61,846,143101.45,Resolved,Medium
DTE006828,MCH0505,LIN023,FAC008,,MWO011332,2023-09-28 09:25:27,Power Failure,0.13,5,2733.8,Resolved,Medium
DTE006829,MCH0286,LIN023,FAC008,,MWO008121,2025-01-18 07:17:45,Quality Hold,7.23,903,351136.7,Resolved,Medium
DTE006830,MCH0414,LIN017,FAC006,FLR000688,MWO000628,2023-11-15 08:11:21,Material Shortage,4.59,659,709024.57,Resolved,Medium
DTE006831,MCH0322,LIN010,FAC004,,MWO006258,2024-07-01 23:48:57,Quality Hold,4.7,380,59559.53,Resolved,High
DTE006832,MCH0158,LIN027,FAC009,,MWO009450,2025-06-11 08:17:03,Tool Change,3.2,736,646202.07,Resolved,Medium
DTE006833,MCH0261,LIN017,FAC006,,MWO008153,2025-11-22 08:44:47,Power Failure,1.82,283,197860.1,Resolved,Medium
DTE006834,MCH0058,LIN028,FAC010,,MWO010375,2023-10-03 22:57:15,Planned Maintenance,5.98,789,428168.74,Resolved,Critical
DTE006835,MCH0176,LIN008,FAC003,FLR001283,MWO001636,2023-04-15 05:11:54,Changeover,4.07,562,652488.08,Resolved,High
DTE006836,MCH0560,LIN024,FAC008,,MWO011896,2023-09-05 17:19:01,Planned Maintenance,3.67,406,275839.82,Open,Medium
DTE006837,MCH0113,LIN015,FAC005,,MWO003603,2025-07-04 17:06:46,Tool Change,1.76,101,62329.69,Resolved,High
DTE006838,MCH0323,LIN027,FAC009,FLR001630,MWO001386,2023-10-02 01:38:26,Tool Change,1.66,227,154008.65,Resolved,Medium
DTE006839,MCH0585,LIN026,FAC009,,MWO011148,2026-06-19 17:18:56,Planned Maintenance,0.89,39,25065.07,Resolved,High
DTE006840,MCH0323,LIN027,FAC009,,MWO009590,2024-05-05 11:50:24,Planned Maintenance,0.66,45,31565.65,Resolved,Medium
DTE006841,MCH0310,LIN029,FAC010,FLR001518,MWO001980,2026-02-14 11:43:45,Quality Hold,0.94,175,103808.22,Open,Critical
DTE006842,MCH0066,LIN011,FAC004,FLR002520,MWO001815,2024-11-14 21:38:05,Material Shortage,2.03,155,111442.08,Resolved,Medium
DTE006843,MCH0577,LIN009,FAC003,FLR001693,MWO001796,2026-01-16 11:50:30,Power Failure,3.2,157,92059.74,Resolved,High
DTE006844,MCH0448,LIN016,FAC006,,MWO011869,2024-03-19 20:40:23,Power Failure,1.52,308,213861.7,Resolved,High
DTE006845,MCH0587,LIN024,FAC008,,MWO006101,2023-03-09 01:52:08,Planned Maintenance,5.34,431,372086.9,Resolved,Medium
DTE006846,MCH0578,LIN030,FAC010,,MWO009961,2026-06-16 14:29:57,Planned Maintenance,7.04,1661,1675942.18,Resolved,Low
DTE006847,MCH0502,LIN011,FAC004,FLR000732,MWO001431,2026-01-04 10:43:41,Changeover,3.34,654,118268.82,Resolved,Critical
DTE006848,MCH0010,LIN011,FAC004,,MWO005967,2023-05-28 14:07:52,Quality Hold,1.36,251,80049.39,Resolved,Medium
DTE006849,MCH0457,LIN007,FAC003,,MWO008801,2026-05-01 12:19:33,Planned Maintenance,1.08,168,198873.67,Resolved,Low
DTE006850,MCH0144,LIN010,FAC004,,MWO009946,2024-01-27 14:57:12,Quality Hold,1.49,171,90778.14,Resolved,Critical
DTE006851,MCH0082,LIN027,FAC009,,MWO004755,2023-01-14 19:28:52,Quality Hold,0.29,48,32885.47,Resolved,High
DTE006852,MCH0312,LIN015,FAC005,FLR000933,MWO002633,2023-07-08 19:34:11,Quality Hold,3.23,762,813541.31,Resolved,Critical
DTE006853,MCH0468,LIN030,FAC010,,MWO003943,2024-10-08 15:33:53,Changeover,1.03,207,39452.37,Resolved,High
DTE006854,MCH0150,LIN008,FAC003,,MWO009185,2025-12-17 22:19:32,Planned Maintenance,1.48,238,108439.98,Resolved,Medium
DTE006855,MCH0238,LIN007,FAC003,,MWO005063,2024-07-15 16:37:46,Power Failure,3.0,514,590141.99,Resolved,Medium
DTE006856,MCH0234,LIN001,FAC001,,MWO010285,2023-10-14 19:28:30,Quality Hold,1.86,387,441422.87,Resolved,High
DTE006857,MCH0328,LIN024,FAC008,,MWO011818,2023-02-10 07:44:12,Power Failure,5.23,1133,520359.12,Resolved,Critical
DTE006858,MCH0052,LIN006,FAC002,FLR002164,MWO000095,2023-11-13 08:47:20,Power Failure,2.42,531,185617.65,Resolved,High
DTE006859,MCH0497,LIN029,FAC010,,MWO005115,2024-04-09 02:17:48,Tool Change,8.98,1371,1423116.62,Resolved,Medium
DTE006860,MCH0325,LIN011,FAC004,FLR001564,MWO002980,2023-01-07 19:14:17,Material Shortage,3.88,238,229813.95,Resolved,Medium
DTE006861,MCH0073,LIN002,FAC001,,MWO011965,2025-12-17 16:03:54,Material Shortage,4.83,556,569852.25,Resolved,Medium
DTE006862,MCH0167,LIN020,FAC007,,MWO006862,2025-06-19 12:33:49,Planned Maintenance,0.91,211,177327.39,Open,Medium
DTE006863,MCH0171,LIN006,FAC002,,MWO008300,2025-04-17 14:23:19,Power Failure,0.47,85,49753.61,Resolved,High
DTE006864,MCH0401,LIN015,FAC005,,MWO004136,2026-01-16 00:02:21,Power Failure,0.69,68,64876.5,Resolved,Medium
DTE006865,MCH0228,LIN011,FAC004,,MWO011084,2023-04-27 02:55:35,Power Failure,5.88,246,171893.69,Resolved,High
DTE006866,MCH0426,LIN009,FAC003,,MWO009473,2025-02-15 09:10:03,Material Shortage,2.15,355,164770.43,Open,Low
DTE006867,MCH0581,LIN004,FAC002,,MWO007579,2025-08-02 11:51:18,Changeover,1.35,74,25594.93,Resolved,Medium
DTE006868,MCH0299,LIN014,FAC005,FLR000124,MWO000055,2024-03-22 09:16:18,Quality Hold,10.97,1760,2084142.45,Resolved,Low
DTE006869,MCH0007,LIN021,FAC007,,MWO003633,2025-11-22 05:47:22,Quality Hold,2.19,346,235107.13,Resolved,High
DTE006870,MCH0453,LIN010,FAC004,,MWO007083,2024-03-06 02:55:17,Material Shortage,2.36,470,213483.85,Resolved,High
DTE006871,MCH0043,LIN023,FAC008,,MWO007902,2024-11-17 22:02:02,Tool Change,2.96,329,348788.25,Resolved,High
DTE006872,MCH0478,LIN008,FAC003,FLR002987,MWO000729,2023-06-13 08:41:41,Quality Hold,4.08,221,134227.58,Resolved,Medium
DTE006873,MCH0544,LIN003,FAC001,,MWO009990,2023-05-05 09:26:40,Tool Change,5.15,1158,224216.14,Resolved,Medium
DTE006874,MCH0114,LIN004,FAC002,FLR000130,MWO002769,2023-09-22 11:44:30,Changeover,1.55,69,71667.41,Resolved,Low
DTE006875,MCH0487,LIN023,FAC008,,MWO004787,2025-12-16 14:14:55,Quality Hold,5.31,213,163207.74,Resolved,Low
DTE006876,MCH0247,LIN026,FAC009,,MWO006289,2025-03-06 04:57:29,Power Failure,3.99,930,655247.83,Resolved,Low
DTE006877,MCH0414,LIN017,FAC006,,MWO009921,2025-09-15 12:58:16,Power Failure,1.99,189,101929.14,Resolved,High
DTE006878,MCH0500,LIN025,FAC009,,MWO007725,2025-06-01 07:34:12,Power Failure,0.79,95,95057.94,Resolved,High
DTE006879,MCH0498,LIN011,FAC004,,MWO009257,2024-12-16 01:04:55,Quality Hold,0.65,138,159983.14,Resolved,Medium
DTE006880,MCH0563,LIN001,FAC001,,MWO003917,2023-12-20 03:42:12,Material Shortage,2.15,359,286943.64,Resolved,Medium
DTE006881,MCH0216,LIN028,FAC010,,MWO010810,2024-03-20 11:45:30,Tool Change,2.89,574,124097.46,Resolved,Critical
DTE006882,MCH0534,LIN027,FAC009,FLR001972,MWO001530,2025-05-05 02:14:48,Planned Maintenance,3.7,286,222829.05,Resolved,Medium
DTE006883,MCH0095,LIN022,FAC008,,MWO008613,2026-04-02 05:30:00,Power Failure,0.58,52,24667.17,Resolved,Medium
DTE006884,MCH0285,LIN007,FAC003,,MWO008793,2024-08-20 08:49:22,Material Shortage,4.73,290,182647.83,Resolved,Medium
DTE006885,MCH0329,LIN014,FAC005,,MWO004875,2026-01-05 14:00:18,Planned Maintenance,1.64,319,303102.73,Resolved,High
DTE006886,MCH0425,LIN014,FAC005,,MWO003938,2024-10-18 09:20:13,Planned Maintenance,1.19,56,29287.9,Resolved,High
DTE006887,MCH0506,LIN001,FAC001,,MWO007121,2024-11-21 20:00:30,Tool Change,1.44,127,98181.69,Resolved,Medium
DTE006888,MCH0526,LIN028,FAC010,FLR000559,MWO002513,2023-02-24 04:15:37,Material Shortage,3.48,708,274141.65,Resolved,Critical
DTE006889,MCH0441,LIN020,FAC007,,MWO008776,2025-12-20 16:13:52,Planned Maintenance,0.82,151,138053.08,Resolved,Critical
DTE006890,MCH0018,LIN026,FAC009,,MWO004966,2023-08-28 22:58:04,Quality Hold,1.77,150,135287.32,Resolved,High
DTE006891,MCH0597,LIN012,FAC004,,MWO005041,2024-03-27 05:31:56,Planned Maintenance,1.94,89,15670.53,Resolved,High
DTE006892,MCH0359,LIN019,FAC007,,MWO005166,2024-09-17 21:38:36,Material Shortage,0.81,119,130175.63,Resolved,Medium
DTE006893,MCH0539,LIN017,FAC006,,MWO006178,2023-10-24 05:42:05,Quality Hold,2.62,533,179128.14,Resolved,Low
DTE006894,MCH0056,LIN027,FAC009,,MWO004754,2025-06-25 06:09:36,Quality Hold,1.04,92,98598.01,Resolved,Medium
DTE006895,MCH0156,LIN017,FAC006,,MWO011699,2026-05-16 12:08:12,Planned Maintenance,9.96,972,427024.13,Resolved,Low
DTE006896,MCH0344,LIN019,FAC007,,MWO005130,2023-12-10 17:31:58,Changeover,2.52,361,411971.03,Resolved,Low
DTE006897,MCH0155,LIN022,FAC008,,MWO005716,2025-03-06 18:57:33,Changeover,7.42,1229,1030258.79,Resolved,Critical
DTE006898,MCH0474,LIN003,FAC001,FLR001738,MWO001250,2025-06-24 21:58:55,Quality Hold,9.14,1588,986944.98,Resolved,Medium
DTE006899,MCH0214,LIN018,FAC006,,MWO008278,2026-04-12 01:55:32,Quality Hold,1.04,192,208106.81,Resolved,Low
DTE006900,MCH0587,LIN024,FAC008,,MWO008597,2023-12-19 11:49:21,Tool Change,2.07,137,117833.06,Resolved,High
DTE006901,MCH0174,LIN023,FAC008,,MWO011237,2023-07-30 18:00:42,Quality Hold,2.41,180,36288.58,Resolved,High
DTE006902,MCH0017,LIN015,FAC005,FLR001181,MWO000794,2024-08-06 21:45:47,Quality Hold,2.16,381,94130.73,Resolved,High
DTE006903,MCH0341,LIN006,FAC002,,MWO009241,2025-11-22 08:10:53,Quality Hold,0.2,31,25050.85,Resolved,High
DTE006904,MCH0056,LIN027,FAC009,FLR002371,MWO002108,2026-03-24 11:00:47,Planned Maintenance,10.39,533,330938.99,Resolved,Critical
DTE006905,MCH0161,LIN008,FAC003,,MWO010289,2023-06-10 13:43:41,Material Shortage,1.23,55,20572.67,Resolved,Critical
DTE006906,MCH0021,LIN007,FAC003,,MWO007129,2023-04-06 03:37:52,Planned Maintenance,3.77,369,311357.29,Resolved,Medium
DTE006907,MCH0042,LIN016,FAC006,,MWO003675,2023-11-18 03:39:36,Material Shortage,4.43,984,163261.35,Resolved,High
DTE006908,MCH0543,LIN019,FAC007,FLR002325,MWO001397,2026-01-18 07:22:25,Material Shortage,3.45,770,531881.48,Resolved,Medium
DTE006909,MCH0572,LIN017,FAC006,,MWO007330,2023-06-21 06:25:20,Tool Change,1.15,200,55411.84,Resolved,Low
DTE006910,MCH0255,LIN005,FAC002,,MWO008849,2025-01-15 05:22:45,Changeover,4.17,775,742573.88,Resolved,Medium
DTE006911,MCH0456,LIN003,FAC001,,MWO007968,2025-05-22 13:08:49,Tool Change,3.86,517,425929.67,Resolved,Medium
DTE006912,MCH0460,LIN030,FAC010,FLR000380,MWO000039,2023-11-10 23:11:58,Power Failure,1.92,160,78338.31,Resolved,High
DTE006913,MCH0486,LIN029,FAC010,,MWO010915,2026-03-09 10:56:59,Changeover,3.65,690,250468.74,Resolved,Medium
DTE006914,MCH0599,LIN003,FAC001,,MWO003671,2024-06-09 07:42:35,Planned Maintenance,3.97,917,926152.89,Resolved,High
DTE006915,MCH0508,LIN010,FAC004,FLR002399,MWO000475,2025-08-04 05:49:22,Planned Maintenance,1.9,237,193294.85,Resolved,Medium
DTE006916,MCH0471,LIN013,FAC005,,MWO008980,2026-06-07 07:14:06,Changeover,1.54,149,37669.15,Resolved,High
DTE006917,MCH0386,LIN012,FAC004,,MWO009172,2024-08-06 16:01:23,Power Failure,2.67,266,138207.12,Resolved,High
DTE006918,MCH0317,LIN021,FAC007,,MWO006520,2023-02-11 18:15:00,Planned Maintenance,1.13,170,73120.15,Resolved,High
DTE006919,MCH0107,LIN010,FAC004,FLR002860,MWO001599,2024-09-16 15:00:40,Quality Hold,2.67,219,226753.82,Resolved,High
DTE006920,MCH0417,LIN001,FAC001,,MWO008163,2024-10-26 18:57:24,Quality Hold,5.09,272,72405.31,Resolved,Medium
DTE006921,MCH0358,LIN027,FAC009,FLR002645,MWO002814,2024-04-20 15:10:40,Power Failure,3.12,661,143389.34,Resolved,Medium
DTE006922,MCH0183,LIN025,FAC009,,MWO007884,2023-02-07 05:45:33,Changeover,2.16,463,477291.34,Resolved,Critical
DTE006923,MCH0447,LIN011,FAC004,,MWO011106,2024-05-06 22:52:35,Material Shortage,2.63,477,266474.07,Open,Medium
DTE006924,MCH0590,LIN008,FAC003,,MWO006209,2025-04-16 13:59:50,Changeover,3.26,250,207003.14,Resolved,High
DTE006925,MCH0239,LIN015,FAC005,FLR000174,MWO001792,2025-08-05 03:15:37,Quality Hold,3.13,183,109521.99,Resolved,Critical
DTE006926,MCH0157,LIN029,FAC010,,MWO011230,2025-10-14 00:22:27,Material Shortage,3.18,508,463495.22,Resolved,Critical
DTE006927,MCH0343,LIN003,FAC001,,MWO007429,2025-12-17 14:26:21,Planned Maintenance,0.05,11,10352.05,Open,Low
DTE006928,MCH0138,LIN003,FAC001,,MWO009047,2026-04-17 22:46:36,Planned Maintenance,2.15,435,221695.47,Resolved,High
DTE006929,MCH0511,LIN004,FAC002,,MWO008231,2023-10-13 08:14:39,Power Failure,3.79,802,886474.42,Resolved,Medium
DTE006930,MCH0478,LIN008,FAC003,,MWO007686,2024-09-12 17:21:05,Changeover,0.83,101,22801.4,Resolved,Low
DTE006931,MCH0396,LIN028,FAC010,,MWO005586,2025-04-19 16:37:55,Tool Change,6.83,1262,424518.62,Resolved,Critical
DTE006932,MCH0160,LIN018,FAC006,,MWO006940,2024-03-13 13:07:49,Planned Maintenance,2.93,228,251894.07,Resolved,Medium
DTE006933,MCH0039,LIN009,FAC003,,MWO005553,2026-04-10 04:39:18,Power Failure,8.7,878,188578.06,Resolved,Medium
DTE006934,MCH0181,LIN020,FAC007,,MWO010969,2025-06-06 12:14:08,Quality Hold,16.04,902,945361.71,Resolved,Medium
DTE006935,MCH0220,LIN023,FAC008,,MWO003131,2025-09-06 10:40:40,Material Shortage,1.37,294,212356.83,Resolved,Medium
DTE006936,MCH0076,LIN008,FAC003,,MWO010483,2023-10-31 16:39:34,Changeover,1.73,175,199476.72,Resolved,Medium
DTE006937,MCH0394,LIN001,FAC001,,MWO008089,2024-08-18 04:15:56,Planned Maintenance,2.76,193,156744.07,Resolved,Critical
DTE006938,MCH0395,LIN004,FAC002,,MWO007228,2025-08-30 16:58:20,Planned Maintenance,0.94,179,47135.26,Resolved,Low
DTE006939,MCH0132,LIN018,FAC006,FLR000057,MWO002598,2023-12-08 16:25:51,Material Shortage,6.45,911,868395.21,Resolved,High
DTE006940,MCH0035,LIN005,FAC002,,MWO006283,2025-12-28 06:57:57,Tool Change,3.66,786,770800.1,Resolved,Medium
DTE006941,MCH0422,LIN002,FAC001,,MWO003925,2023-01-29 22:35:07,Material Shortage,4.31,516,273134.67,Resolved,Medium
DTE006942,MCH0009,LIN026,FAC009,,MWO007690,2024-03-18 16:55:08,Power Failure,1.03,117,21461.34,Resolved,Medium
DTE006943,MCH0010,LIN011,FAC004,,MWO004304,2025-10-07 19:52:08,Quality Hold,2.06,292,309562.17,Resolved,High
DTE006944,MCH0194,LIN015,FAC005,FLR002676,MWO001624,2023-04-01 22:10:24,Tool Change,1.86,356,342588.94,Resolved,Low
DTE006945,MCH0061,LIN026,FAC009,,MWO010282,2024-02-10 05:27:24,Changeover,2.31,248,88742.73,Resolved,Critical
DTE006946,MCH0195,LIN014,FAC005,,MWO006798,2025-04-22 18:19:06,Quality Hold,1.89,292,115084.97,Resolved,Medium
DTE006947,MCH0206,LIN007,FAC003,,MWO009855,2025-11-20 07:08:14,Changeover,5.59,783,135649.1,Resolved,High
DTE006948,MCH0285,LIN007,FAC003,,MWO004042,2024-12-14 06:06:32,Changeover,3.05,532,495655.3,Resolved,Medium
DTE006949,MCH0300,LIN002,FAC001,,MWO005347,2026-02-23 17:42:58,Changeover,2.94,246,170030.64,Resolved,Medium
DTE006950,MCH0063,LIN013,FAC005,FLR000389,MWO001827,2025-06-05 02:25:27,Planned Maintenance,0.72,73,84232.18,Resolved,High
DTE006951,MCH0004,LIN020,FAC007,FLR000298,MWO002979,2024-09-01 16:57:50,Changeover,4.05,933,449782.1,Resolved,Critical
DTE006952,MCH0198,LIN003,FAC001,,MWO011231,2024-08-06 11:41:36,Changeover,5.9,456,81243.02,Resolved,Medium
DTE006953,MCH0218,LIN007,FAC003,,MWO007729,2025-04-18 22:05:03,Power Failure,1.11,169,138603.93,Open,High
DTE006954,MCH0149,LIN004,FAC002,,MWO010775,2023-06-10 13:25:52,Planned Maintenance,4.86,257,126825.66,Resolved,Medium
DTE006955,MCH0319,LIN007,FAC003,,MWO008701,2024-11-30 06:17:01,Tool Change,3.57,218,194071.84,Resolved,Medium
DTE006956,MCH0070,LIN030,FAC010,FLR001627,MWO001014,2023-08-23 10:35:05,Tool Change,3.46,216,63906.25,Resolved,Medium
DTE006957,MCH0228,LIN011,FAC004,,MWO005085,2025-10-04 08:15:37,Changeover,6.01,830,709596.68,Resolved,Critical
DTE006958,MCH0451,LIN013,FAC005,,MWO008748,2023-08-09 04:56:21,Planned Maintenance,2.73,156,36637.51,Resolved,High
DTE006959,MCH0062,LIN011,FAC004,FLR002804,MWO002184,2024-06-28 08:53:24,Power Failure,2.21,287,309576.91,Resolved,Low
DTE006960,MCH0327,LIN009,FAC003,,MWO011797,2026-01-10 16:01:33,Tool Change,1.08,214,53970.1,Resolved,High
DTE006961,MCH0567,LIN016,FAC006,,MWO010851,2025-09-25 20:21:07,Quality Hold,1.4,269,220189.22,Resolved,Medium
DTE006962,MCH0328,LIN024,FAC008,,MWO008470,2025-09-04 15:47:52,Planned Maintenance,3.12,233,56226.3,Resolved,Medium
DTE006963,MCH0098,LIN002,FAC001,,MWO011297,2025-04-23 04:44:40,Planned Maintenance,1.15,265,153583.2,Resolved,Medium
DTE006964,MCH0058,LIN028,FAC010,,MWO004353,2024-05-22 06:59:04,Tool Change,2.24,265,294471.51,Resolved,High
DTE006965,MCH0164,LIN029,FAC010,,MWO007294,2025-12-02 15:27:04,Quality Hold,2.84,631,149596.52,Resolved,Low
DTE006966,MCH0561,LIN029,FAC010,,MWO003083,2025-01-18 09:38:03,Changeover,2.86,624,407414.74,Open,Low
DTE006967,MCH0433,LIN022,FAC008,,MWO008890,2026-02-24 09:04:09,Quality Hold,6.69,743,464553.56,Resolved,Medium
DTE006968,MCH0365,LIN014,FAC005,,MWO005187,2024-05-23 05:53:51,Power Failure,6.61,1099,738891.85,Resolved,Medium
DTE006969,MCH0424,LIN022,FAC008,,MWO005272,2025-03-01 19:44:03,Material Shortage,3.29,779,909990.28,Resolved,Low
DTE006970,MCH0104,LIN004,FAC002,,MWO004255,2026-05-28 04:46:20,Power Failure,4.76,699,164848.65,Resolved,Medium
DTE006971,MCH0229,LIN014,FAC005,,MWO005437,2024-02-02 01:36:52,Material Shortage,4.37,216,209596.88,Resolved,High
DTE006972,MCH0463,LIN018,FAC006,,MWO005736,2025-01-17 22:43:49,Changeover,3.0,258,75741.67,Open,Medium
DTE006973,MCH0523,LIN023,FAC008,,MWO011278,2023-12-10 07:10:03,Tool Change,0.42,45,36245.69,Resolved,Low
DTE006974,MCH0159,LIN014,FAC005,,MWO004382,2025-01-22 14:57:03,Material Shortage,1.54,117,130683.94,Resolved,Medium
DTE006975,MCH0229,LIN014,FAC005,,MWO005456,2025-07-21 02:21:48,Changeover,5.85,1073,977970.62,Resolved,Critical
DTE006976,MCH0274,LIN024,FAC008,,MWO004211,2024-02-21 14:05:26,Material Shortage,1.75,331,176947.6,Resolved,High
DTE006977,MCH0043,LIN023,FAC008,,MWO004542,2023-08-06 20:09:18,Planned Maintenance,1.68,229,85947.49,Resolved,Medium
DTE006978,MCH0080,LIN020,FAC007,,MWO003073,2023-03-26 03:27:17,Quality Hold,0.42,62,48442.0,Resolved,Low
DTE006979,MCH0481,LIN004,FAC002,,MWO009127,2024-07-16 05:52:15,Planned Maintenance,0.7,152,113700.59,Resolved,High
DTE006980,MCH0227,LIN023,FAC008,FLR002982,MWO001352,2025-12-22 18:27:19,Planned Maintenance,2.21,419,491007.16,Resolved,Critical
DTE006981,MCH0592,LIN023,FAC008,FLR001344,MWO000655,2024-10-18 02:55:41,Material Shortage,1.37,323,166839.64,Resolved,Medium
DTE006982,MCH0026,LIN006,FAC002,FLR001776,MWO000471,2025-12-15 11:33:27,Material Shortage,2.08,285,337858.68,Resolved,Medium
DTE006983,MCH0532,LIN007,FAC003,,MWO009758,2024-12-10 04:55:55,Tool Change,5.17,837,946213.05,Resolved,High
DTE006984,MCH0346,LIN015,FAC005,FLR002476,MWO000924,2023-10-02 18:01:11,Power Failure,2.42,444,425170.75,Resolved,Medium
DTE006985,MCH0456,LIN003,FAC001,,MWO008760,2023-09-27 14:32:37,Quality Hold,5.01,364,155184.23,Resolved,Medium
DTE006986,MCH0007,LIN021,FAC007,,MWO011935,2025-04-26 04:39:55,Tool Change,3.71,323,81143.61,Resolved,High
DTE006987,MCH0583,LIN027,FAC009,,MWO010169,2023-05-31 01:11:02,Planned Maintenance,4.47,1051,1189776.99,Resolved,Low
DTE006988,MCH0213,LIN007,FAC003,,MWO003329,2025-01-03 21:09:12,Tool Change,5.85,1203,320413.71,Resolved,Medium
DTE006989,MCH0561,LIN029,FAC010,FLR000171,MWO000345,2024-10-15 01:14:57,Quality Hold,6.1,387,237116.99,Resolved,Low
DTE006990,MCH0198,LIN003,FAC001,,MWO010051,2025-06-08 17:15:57,Planned Maintenance,2.98,354,318884.33,Resolved,Low
DTE006991,MCH0100,LIN014,FAC005,,MWO010250,2025-08-30 12:06:40,Quality Hold,2.42,461,315483.3,Resolved,Low
DTE006992,MCH0597,LIN012,FAC004,FLR000485,MWO001510,2025-09-06 02:16:21,Planned Maintenance,1.14,253,268303.52,Resolved,Low
DTE006993,MCH0531,LIN021,FAC007,FLR002902,MWO000806,2023-05-24 11:44:36,Quality Hold,3.41,280,145147.19,Open,Medium
DTE006994,MCH0573,LIN004,FAC002,,MWO008200,2024-03-20 05:39:10,Material Shortage,3.16,343,197390.97,Resolved,Medium
DTE006995,MCH0522,LIN024,FAC008,,MWO007420,2023-02-25 10:13:57,Quality Hold,1.14,99,106342.62,Resolved,Medium
DTE006996,MCH0311,LIN023,FAC008,,MWO004240,2024-10-09 21:59:00,Quality Hold,5.32,1232,248261.91,Resolved,Medium
DTE006997,MCH0538,LIN003,FAC001,,MWO004855,2025-06-08 19:03:41,Power Failure,3.24,319,104277.71,Resolved,High
DTE006998,MCH0455,LIN030,FAC010,,MWO008027,2023-09-10 09:32:21,Planned Maintenance,1.56,104,31397.06,Resolved,High
DTE006999,MCH0363,LIN017,FAC006,,MWO005558,2023-03-06 10:58:42,Changeover,4.94,464,297868.59,Resolved,Medium
DTE007000,MCH0217,LIN009,FAC003,,MWO006484,2024-02-16 21:02:09,Planned Maintenance,10.02,975,610845.14,Resolved,Medium
DTE007001,MCH0370,LIN029,FAC010,FLR002163,MWO002017,2026-04-16 05:12:41,Planned Maintenance,2.08,150,60017.38,Open,Medium
DTE007002,MCH0229,LIN014,FAC005,,MWO005456,2025-07-21 02:21:48,Tool Change,1.81,206,114813.81,Resolved,High
DTE007003,MCH0243,LIN001,FAC001,,MWO010065,2025-06-21 12:54:13,Material Shortage,3.0,259,217711.58,Resolved,High
DTE007004,MCH0327,LIN009,FAC003,,MWO006307,2026-03-14 04:43:47,Material Shortage,3.41,441,205816.08,Resolved,Critical
DTE007005,MCH0033,LIN010,FAC004,,MWO008986,2025-03-14 05:33:44,Planned Maintenance,13.14,1174,221884.04,Resolved,Critical
DTE007006,MCH0364,LIN029,FAC010,,MWO005921,2023-12-22 04:42:33,Power Failure,3.53,155,92006.0,Resolved,High
DTE007007,MCH0264,LIN030,FAC010,,MWO007404,2025-03-06 23:08:21,Material Shortage,1.4,294,268231.86,Open,High
DTE007008,MCH0001,LIN020,FAC007,,MWO005172,2024-09-14 04:15:22,Material Shortage,7.45,1682,681819.47,Resolved,Medium
DTE007009,MCH0571,LIN020,FAC007,,MWO004566,2025-01-06 05:53:49,Tool Change,1.69,150,148406.53,Resolved,Critical
DTE007010,MCH0462,LIN016,FAC006,,MWO011644,2026-03-15 02:17:45,Planned Maintenance,3.74,185,84456.88,Open,Medium
DTE007011,MCH0238,LIN007,FAC003,,MWO010355,2024-09-03 15:34:39,Quality Hold,2.83,312,260738.83,Resolved,Critical
DTE007012,MCH0382,LIN018,FAC006,,MWO003097,2024-10-02 13:42:18,Power Failure,3.88,701,245878.82,Resolved,Low
DTE007013,MCH0337,LIN028,FAC010,,MWO011391,2023-09-11 02:49:51,Tool Change,2.67,401,60782.17,Resolved,Medium
DTE007014,MCH0554,LIN028,FAC010,,MWO009458,2025-03-31 13:31:20,Power Failure,3.73,527,587307.58,Resolved,Medium
DTE007015,MCH0445,LIN029,FAC010,,MWO006545,2024-11-29 06:37:43,Quality Hold,13.15,1817,2149807.66,Resolved,Medium
DTE007016,MCH0288,LIN014,FAC005,,MWO010224,2025-08-17 10:43:09,Material Shortage,1.79,357,294340.14,Resolved,Medium
DTE007017,MCH0557,LIN030,FAC010,,MWO007221,2025-06-20 00:54:05,Power Failure,12.81,778,904649.72,Resolved,High
DTE007018,MCH0137,LIN006,FAC002,,MWO011346,2026-04-07 00:28:19,Planned Maintenance,3.1,570,164392.39,Resolved,High
DTE007019,MCH0325,LIN011,FAC004,FLR001446,MWO001935,2025-11-20 05:00:38,Quality Hold,2.92,659,116001.02,Resolved,High
DTE007020,MCH0117,LIN013,FAC005,,MWO011028,2023-05-24 21:24:30,Power Failure,4.69,1037,421546.67,Resolved,Critical
DTE007021,MCH0395,LIN004,FAC002,FLR000876,MWO000162,2024-07-07 16:49:36,Planned Maintenance,4.89,938,424535.93,Open,Medium
DTE007022,MCH0460,LIN030,FAC010,,MWO008184,2023-07-19 08:49:21,Planned Maintenance,1.82,320,102498.39,Resolved,Low
DTE007023,MCH0222,LIN028,FAC010,,MWO004245,2025-08-15 19:14:01,Quality Hold,5.33,1136,1020700.86,Resolved,Critical
DTE007024,MCH0181,LIN020,FAC007,,MWO009991,2026-02-21 16:42:01,Planned Maintenance,12.9,2470,2831703.34,Resolved,Medium
DTE007025,MCH0505,LIN023,FAC008,FLR001545,MWO002747,2024-04-25 11:07:58,Power Failure,0.74,44,31094.77,Resolved,High
DTE007026,MCH0586,LIN014,FAC005,,MWO006990,2024-09-12 17:07:05,Quality Hold,2.5,235,114419.65,Open,Low
DTE007027,MCH0365,LIN014,FAC005,,MWO006033,2023-08-08 13:40:18,Material Shortage,7.01,1517,1503766.44,Resolved,High
DTE007028,MCH0503,LIN002,FAC001,FLR001335,MWO002843,2025-09-02 07:12:03,Quality Hold,2.05,374,407846.74,Resolved,Medium
DTE007029,MCH0439,LIN026,FAC009,,MWO005821,2023-04-28 21:20:20,Tool Change,1.64,75,45291.6,Resolved,High
DTE007030,MCH0478,LIN008,FAC003,,MWO011272,2024-12-14 18:28:20,Material Shortage,5.6,362,132032.66,Open,Critical
DTE007031,MCH0577,LIN009,FAC003,FLR000902,MWO001541,2025-03-04 21:56:16,Changeover,1.15,160,62595.88,Resolved,Low
DTE007032,MCH0582,LIN013,FAC005,,MWO009400,2023-02-18 16:07:57,Quality Hold,0.38,59,40314.41,Resolved,Low
DTE007033,MCH0548,LIN011,FAC004,,MWO008445,2025-04-24 15:15:45,Material Shortage,1.5,114,65134.68,Resolved,High
DTE007034,MCH0234,LIN001,FAC001,,MWO006021,2023-12-27 10:00:29,Tool Change,1.51,338,98940.81,Resolved,Low
DTE007035,MCH0110,LIN002,FAC001,,MWO005261,2023-04-07 21:03:35,Changeover,3.33,728,208793.78,Resolved,High
DTE007036,MCH0271,LIN005,FAC002,,MWO008646,2025-11-15 11:06:08,Material Shortage,7.41,469,321602.62,Resolved,High
DTE007037,MCH0090,LIN018,FAC006,,MWO007535,2025-02-04 20:33:18,Tool Change,6.3,260,71473.9,Resolved,Low
DTE007038,MCH0450,LIN022,FAC008,FLR002911,MWO002131,2026-06-04 17:14:18,Changeover,1.77,226,95286.09,Resolved,High
DTE007039,MCH0134,LIN006,FAC002,,MWO009384,2026-01-10 07:24:15,Changeover,5.25,377,207188.96,Resolved,Medium
DTE007040,MCH0408,LIN009,FAC003,,MWO004337,2024-02-15 16:17:41,Changeover,2.82,454,341245.47,Resolved,Medium
DTE007041,MCH0592,LIN023,FAC008,,MWO011545,2025-03-28 19:21:49,Power Failure,1.8,281,315741.9,Resolved,High
DTE007042,MCH0579,LIN003,FAC001,,MWO011470,2023-05-21 21:18:07,Quality Hold,5.52,290,238599.15,Resolved,High
DTE007043,MCH0154,LIN006,FAC002,,MWO003949,2025-10-03 05:29:07,Tool Change,1.26,139,101545.4,Resolved,High
DTE007044,MCH0330,LIN023,FAC008,,MWO010228,2025-12-04 23:47:54,Planned Maintenance,3.37,208,174097.7,Resolved,High
DTE007045,MCH0310,LIN029,FAC010,,MWO009968,2023-08-22 08:51:15,Quality Hold,2.64,392,131075.16,Resolved,Medium
DTE007046,MCH0449,LIN024,FAC008,,MWO004983,2023-03-03 15:49:25,Changeover,2.95,645,621410.57,Resolved,Low
DTE007047,MCH0526,LIN028,FAC010,,MWO005922,2023-06-12 23:54:45,Material Shortage,6.94,957,150544.13,Resolved,Low
DTE007048,MCH0301,LIN019,FAC007,FLR001136,MWO002316,2024-08-13 21:32:16,Material Shortage,1.76,183,105359.09,Resolved,Medium
DTE007049,MCH0408,LIN009,FAC003,,MWO003093,2024-10-09 09:45:44,Material Shortage,1.31,166,158014.76,Resolved,Medium
DTE007050,MCH0263,LIN018,FAC006,,MWO005710,2023-05-15 04:44:38,Tool Change,0.41,58,59842.08,Resolved,Critical
DTE007051,MCH0370,LIN029,FAC010,,MWO004609,2026-02-07 03:03:49,Tool Change,0.4,42,18951.51,Resolved,Medium
DTE007052,MCH0456,LIN003,FAC001,FLR001901,MWO001192,2025-04-06 18:13:32,Material Shortage,4.96,925,616619.47,Resolved,High
DTE007053,MCH0101,LIN022,FAC008,,MWO005277,2024-05-28 22:03:24,Quality Hold,0.91,48,43578.65,Resolved,Medium
DTE007054,MCH0313,LIN018,FAC006,,MWO006886,2025-03-14 15:02:46,Quality Hold,1.42,132,111819.02,Resolved,Low
DTE007055,MCH0002,LIN009,FAC003,,MWO008502,2026-05-31 06:16:23,Power Failure,1.26,145,162254.07,Resolved,High
DTE007056,MCH0513,LIN027,FAC009,,MWO008953,2026-02-04 05:05:13,Changeover,4.38,912,235064.36,Resolved,Low
DTE007057,MCH0467,LIN027,FAC009,FLR001444,MWO000122,2023-10-19 22:20:57,Power Failure,2.07,160,103769.69,Resolved,Medium
DTE007058,MCH0386,LIN012,FAC004,,MWO009172,2024-08-06 16:01:23,Changeover,2.13,466,458355.73,Resolved,Medium
DTE007059,MCH0496,LIN024,FAC008,FLR001937,MWO000795,2024-03-20 23:22:40,Material Shortage,0.83,193,95959.42,Resolved,Critical
DTE007060,MCH0240,LIN015,FAC005,FLR002928,MWO000392,2025-06-19 13:44:26,Changeover,2.45,351,207234.93,Resolved,Critical
DTE007061,MCH0015,LIN014,FAC005,FLR001074,MWO000872,2025-11-26 20:19:25,Planned Maintenance,1.07,126,46717.83,Resolved,Medium
DTE007062,MCH0331,LIN012,FAC004,,MWO008266,2026-06-21 14:54:38,Planned Maintenance,6.32,1428,1307731.78,Resolved,Medium
DTE007063,MCH0182,LIN025,FAC009,,MWO009347,2024-01-31 05:19:47,Power Failure,2.31,187,127612.22,Resolved,Medium
DTE007064,MCH0357,LIN029,FAC010,,MWO008917,2026-04-04 05:16:20,Changeover,3.73,533,157719.71,Open,High
DTE007065,MCH0289,LIN010,FAC004,,MWO010511,2026-03-22 16:48:12,Quality Hold,2.37,374,259698.38,Resolved,High
DTE007066,MCH0189,LIN004,FAC002,,MWO006301,2023-10-23 23:27:21,Tool Change,5.18,431,373252.26,Resolved,Medium
DTE007067,MCH0496,LIN024,FAC008,,MWO006011,2025-12-22 19:27:44,Quality Hold,4.0,542,280164.23,Resolved,Medium
DTE007068,MCH0125,LIN008,FAC003,,MWO010107,2024-01-03 12:22:10,Tool Change,2.04,150,92630.93,Resolved,High
DTE007069,MCH0576,LIN020,FAC007,,MWO009724,2025-10-11 20:24:03,Planned Maintenance,0.29,63,72515.26,Open,Medium
DTE007070,MCH0474,LIN003,FAC001,,MWO011363,2024-08-31 10:46:37,Quality Hold,5.52,459,119867.49,Resolved,High
DTE007071,MCH0057,LIN020,FAC007,,MWO008139,2023-11-15 13:54:44,Changeover,2.79,211,225569.15,Resolved,High
DTE007072,MCH0371,LIN005,FAC002,,MWO005450,2025-04-08 18:31:54,Material Shortage,2.32,539,230831.44,Resolved,Medium
DTE007073,MCH0596,LIN022,FAC008,,MWO008402,2024-03-30 21:15:26,Changeover,1.63,127,50142.01,Resolved,Low
DTE007074,MCH0437,LIN015,FAC005,,MWO003477,2025-04-16 08:02:00,Material Shortage,3.32,410,81597.88,Resolved,Critical
DTE007075,MCH0181,LIN020,FAC007,FLR000150,MWO001147,2024-07-21 02:46:24,Quality Hold,2.35,277,256951.47,Resolved,Medium
DTE007076,MCH0308,LIN025,FAC009,FLR001006,MWO000778,2023-08-17 19:08:00,Quality Hold,1.49,277,60090.44,Resolved,Medium
DTE007077,MCH0243,LIN001,FAC001,,MWO003682,2023-09-17 04:46:36,Quality Hold,3.52,218,77319.84,Resolved,Medium
DTE007078,MCH0296,LIN026,FAC009,FLR002330,MWO002391,2024-02-06 02:15:35,Power Failure,2.56,112,46420.96,Resolved,Critical
DTE007079,MCH0407,LIN018,FAC006,FLR001370,MWO002409,2026-05-16 08:32:15,Power Failure,8.33,799,752876.82,Open,Medium
DTE007080,MCH0471,LIN013,FAC005,,MWO004105,2023-10-26 00:55:56,Power Failure,5.38,906,977464.15,Resolved,Critical
DTE007081,MCH0298,LIN016,FAC006,,MWO009893,2025-10-07 07:18:42,Changeover,2.56,200,209670.51,Resolved,Low
DTE007082,MCH0256,LIN005,FAC002,,MWO010694,2024-02-01 21:16:58,Quality Hold,1.78,94,49151.39,Resolved,High
DTE007083,MCH0573,LIN004,FAC002,,MWO007026,2026-04-02 09:11:15,Planned Maintenance,4.58,468,284192.35,Resolved,Medium
DTE007084,MCH0061,LIN026,FAC009,,MWO004026,2026-01-14 05:28:56,Power Failure,6.06,1432,1149444.28,Resolved,Medium
DTE007085,MCH0528,LIN005,FAC002,FLR001814,MWO001488,2025-04-07 03:43:08,Planned Maintenance,2.48,284,96250.43,Resolved,Medium
DTE007086,MCH0474,LIN003,FAC001,,MWO006818,2025-12-13 15:08:54,Planned Maintenance,2.08,397,393408.0,Resolved,High
DTE007087,MCH0360,LIN028,FAC010,FLR001429,MWO000263,2026-05-17 20:21:59,Tool Change,4.85,355,254486.08,Resolved,High
DTE007088,MCH0446,LIN004,FAC002,,MWO011166,2025-12-23 17:50:31,Planned Maintenance,4.12,323,156718.46,Resolved,Low
DTE007089,MCH0005,LIN010,FAC004,FLR001239,MWO000292,2024-01-30 08:32:15,Quality Hold,1.33,285,239916.18,Resolved,Low
DTE007090,MCH0565,LIN024,FAC008,,MWO010932,2023-01-15 05:08:23,Planned Maintenance,1.6,239,85343.98,Resolved,Medium
DTE007091,MCH0007,LIN021,FAC007,,MWO010519,2026-02-12 15:11:53,Quality Hold,2.49,447,387666.86,Resolved,High
DTE007092,MCH0329,LIN014,FAC005,,MWO003929,2023-10-11 04:02:14,Planned Maintenance,1.2,110,87356.3,Resolved,Medium
DTE007093,MCH0057,LIN020,FAC007,FLR000479,MWO000256,2023-01-26 20:19:45,Material Shortage,6.2,342,286738.88,Resolved,Medium
DTE007094,MCH0551,LIN025,FAC009,,MWO011092,2026-01-12 22:16:45,Material Shortage,11.84,568,388874.59,Resolved,High
DTE007095,MCH0489,LIN003,FAC001,,MWO004954,2025-12-05 22:50:40,Material Shortage,2.14,348,366019.36,Resolved,Medium
DTE007096,MCH0504,LIN008,FAC003,,MWO005483,2023-02-28 17:56:42,Quality Hold,3.18,538,283298.21,Resolved,Critical
DTE007097,MCH0458,LIN007,FAC003,,MWO011870,2026-04-24 01:24:46,Material Shortage,5.94,511,143087.95,Resolved,Low
DTE007098,MCH0557,LIN030,FAC010,FLR001598,MWO002091,2025-10-03 11:45:39,Material Shortage,1.29,283,69261.52,Resolved,High
DTE007099,MCH0112,LIN003,FAC001,,MWO007104,2023-09-16 16:02:00,Quality Hold,1.33,271,65720.35,Resolved,Medium
DTE007100,MCH0511,LIN004,FAC002,,MWO010792,2025-01-27 20:46:52,Planned Maintenance,2.52,272,159885.8,Resolved,Medium
DTE007101,MCH0147,LIN028,FAC010,,MWO007050,2025-07-12 22:33:02,Changeover,1.14,58,27690.14,Resolved,Medium
DTE007102,MCH0462,LIN016,FAC006,,MWO006878,2023-04-18 08:50:16,Tool Change,2.87,164,104172.2,Resolved,High
DTE007103,MCH0396,LIN028,FAC010,FLR001826,MWO001323,2023-08-28 23:30:54,Material Shortage,2.44,115,72594.11,Resolved,Low
DTE007104,MCH0027,LIN014,FAC005,,MWO009678,2026-06-01 23:12:13,Planned Maintenance,3.59,811,658988.93,Resolved,Critical
DTE007105,MCH0573,LIN004,FAC002,FLR001148,MWO002065,2025-07-16 15:36:16,Quality Hold,4.82,983,178838.02,Resolved,High
DTE007106,MCH0420,LIN015,FAC005,,MWO010297,2024-09-30 07:27:56,Changeover,5.65,431,476951.18,Resolved,Low
DTE007107,MCH0229,LIN014,FAC005,,MWO007777,2024-11-03 10:16:16,Changeover,4.23,183,178735.79,Resolved,Medium
DTE007108,MCH0279,LIN001,FAC001,FLR001873,MWO000784,2025-02-27 14:23:51,Tool Change,1.52,348,151805.87,Resolved,High
DTE007109,MCH0156,LIN017,FAC006,,MWO009350,2025-11-19 22:08:08,Planned Maintenance,1.98,202,64463.54,Resolved,Medium
DTE007110,MCH0396,LIN028,FAC010,FLR002512,MWO000769,2024-02-25 22:29:34,Power Failure,3.91,404,263707.62,Resolved,Medium
DTE007111,MCH0489,LIN003,FAC001,FLR001099,MWO002397,2023-02-24 11:23:14,Planned Maintenance,4.82,367,348971.5,Resolved,Medium
DTE007112,MCH0251,LIN017,FAC006,,MWO007687,2023-04-01 10:32:10,Changeover,1.24,181,157555.4,Open,High
DTE007113,MCH0087,LIN028,FAC010,,MWO010861,2026-03-10 00:20:32,Power Failure,7.5,680,213221.88,Resolved,Critical
DTE007114,MCH0448,LIN016,FAC006,,MWO007039,2023-05-14 04:45:07,Planned Maintenance,5.57,453,443462.72,Resolved,High
DTE007115,MCH0154,LIN006,FAC002,FLR002881,MWO002908,2023-09-09 17:58:56,Power Failure,1.98,416,225669.96,Resolved,Critical
DTE007116,MCH0291,LIN022,FAC008,FLR002480,MWO000717,2026-02-12 14:37:24,Tool Change,5.47,1226,1337697.97,Resolved,High
DTE007117,MCH0247,LIN026,FAC009,,MWO006289,2025-03-06 04:57:29,Tool Change,2.51,442,188364.49,Resolved,Medium
DTE007118,MCH0030,LIN022,FAC008,,MWO008042,2025-04-02 06:02:58,Planned Maintenance,0.6,102,35593.35,Resolved,Medium
DTE007119,MCH0276,LIN012,FAC004,,MWO010806,2024-01-28 07:54:54,Changeover,0.29,14,12269.84,Resolved,Critical
DTE007120,MCH0173,LIN020,FAC007,,MWO006490,2026-04-15 23:00:18,Tool Change,4.29,995,447743.28,Resolved,Medium
DTE007121,MCH0078,LIN001,FAC001,,MWO008598,2024-07-10 06:20:56,Quality Hold,1.97,231,176855.81,Resolved,High
DTE007122,MCH0453,LIN010,FAC004,,MWO006694,2023-10-31 10:34:49,Tool Change,1.29,62,48187.59,Resolved,Medium
DTE007123,MCH0039,LIN009,FAC003,FLR002589,MWO001056,2024-07-28 16:11:41,Power Failure,3.1,551,298567.69,Resolved,Medium
DTE007124,MCH0270,LIN013,FAC005,,MWO003698,2023-07-28 21:05:29,Tool Change,2.96,303,280586.34,Resolved,High
DTE007125,MCH0430,LIN016,FAC006,FLR001879,MWO001410,2023-01-23 20:14:31,Changeover,2.97,435,305987.53,Resolved,High
DTE007126,MCH0464,LIN002,FAC001,,MWO009698,2023-09-07 07:45:34,Quality Hold,2.05,452,314630.16,Resolved,Critical
DTE007127,MCH0281,LIN027,FAC009,,MWO010974,2024-06-25 01:49:08,Planned Maintenance,4.61,1045,1159173.99,Resolved,High
DTE007128,MCH0393,LIN019,FAC007,,MWO010061,2024-12-04 00:06:12,Material Shortage,1.44,214,163173.64,Resolved,Medium
DTE007129,MCH0024,LIN022,FAC008,,MWO007643,2023-08-14 01:18:43,Quality Hold,0.55,100,60153.32,Resolved,High
DTE007130,MCH0472,LIN011,FAC004,,MWO005282,2025-08-10 19:00:55,Quality Hold,2.85,306,242163.75,Resolved,High
DTE007131,MCH0359,LIN019,FAC007,,MWO009239,2023-09-11 08:04:58,Quality Hold,2.61,523,546995.92,Resolved,Low
DTE007132,MCH0257,LIN013,FAC005,,MWO004365,2023-11-12 17:06:11,Planned Maintenance,4.15,761,228740.1,Resolved,High
DTE007133,MCH0158,LIN027,FAC009,,MWO010288,2024-01-23 21:53:37,Changeover,1.36,93,94226.24,Resolved,High
DTE007134,MCH0557,LIN030,FAC010,,MWO005770,2023-02-06 16:54:11,Material Shortage,2.23,258,45899.93,Resolved,Medium
DTE007135,MCH0141,LIN006,FAC002,FLR000436,MWO002954,2023-01-18 03:07:32,Changeover,3.41,259,268976.95,Resolved,High
DTE007136,MCH0154,LIN006,FAC002,FLR002881,MWO002908,2023-09-09 17:58:56,Quality Hold,2.26,228,180838.85,Resolved,Medium
DTE007137,MCH0333,LIN028,FAC010,FLR002385,MWO002051,2023-03-12 09:32:13,Changeover,4.48,554,271094.47,Open,High
DTE007138,MCH0031,LIN010,FAC004,FLR001214,MWO001646,2024-05-11 05:48:46,Planned Maintenance,9.53,1964,1916205.81,Resolved,High
DTE007139,MCH0435,LIN027,FAC009,,MWO008462,2023-12-20 01:58:01,Power Failure,2.46,537,92080.03,Resolved,High
DTE007140,MCH0376,LIN005,FAC002,,MWO008932,2024-01-22 02:38:10,Tool Change,5.9,1403,870977.94,Resolved,Medium
DTE007141,MCH0503,LIN002,FAC001,,MWO007355,2025-07-27 08:32:51,Quality Hold,1.2,76,68798.75,Resolved,High
DTE007142,MCH0157,LIN029,FAC010,,MWO008025,2023-01-05 22:28:45,Changeover,8.84,422,363340.45,Resolved,High
DTE007143,MCH0150,LIN008,FAC003,,MWO005836,2025-03-09 21:49:57,Quality Hold,4.75,365,211980.96,Resolved,High
DTE007144,MCH0438,LIN013,FAC005,,MWO008010,2023-06-16 17:58:00,Power Failure,10.2,730,658335.22,Resolved,Medium
DTE007145,MCH0145,LIN010,FAC004,FLR000787,MWO000185,2023-08-29 01:45:52,Tool Change,8.52,1828,1522251.37,Resolved,Low
DTE007146,MCH0590,LIN008,FAC003,,MWO004426,2024-11-30 20:20:42,Material Shortage,0.09,8,9038.56,Resolved,High
DTE007147,MCH0531,LIN021,FAC007,,MWO008788,2024-12-05 17:53:45,Power Failure,1.89,104,117069.82,Resolved,Medium
DTE007148,MCH0148,LIN009,FAC003,,MWO006271,2023-01-15 09:45:45,Power Failure,4.9,699,488767.63,Open,High
DTE007149,MCH0016,LIN009,FAC003,,MWO004049,2024-11-03 03:20:37,Tool Change,4.72,807,800567.33,Resolved,High
DTE007150,MCH0178,LIN023,FAC008,,MWO008958,2025-04-24 19:54:46,Planned Maintenance,1.63,143,144743.39,Resolved,High
DTE007151,MCH0088,LIN015,FAC005,,MWO010876,2025-09-29 20:50:20,Tool Change,0.51,43,31677.99,Resolved,Low
DTE007152,MCH0342,LIN026,FAC009,,MWO011127,2026-04-08 05:04:59,Changeover,0.85,114,37394.39,Open,High
DTE007153,MCH0539,LIN017,FAC006,,MWO011689,2024-10-08 03:34:28,Power Failure,8.12,434,314701.23,Resolved,Low
DTE007154,MCH0537,LIN013,FAC005,,MWO011921,2026-06-08 11:53:25,Tool Change,2.52,600,257902.93,Resolved,High
DTE007155,MCH0119,LIN019,FAC007,,MWO005604,2025-02-23 15:07:37,Planned Maintenance,6.65,1557,567034.76,Resolved,Low
DTE007156,MCH0526,LIN028,FAC010,,MWO010508,2026-01-20 06:11:14,Tool Change,3.14,511,420800.34,Resolved,Medium
DTE007157,MCH0197,LIN001,FAC001,,MWO003447,2024-03-28 10:43:41,Quality Hold,7.18,1637,823419.08,Resolved,Medium
DTE007158,MCH0292,LIN015,FAC005,,MWO005987,2023-01-12 11:06:18,Planned Maintenance,3.05,208,205083.25,Resolved,Critical
DTE007159,MCH0221,LIN027,FAC009,,MWO005471,2023-11-11 21:10:42,Planned Maintenance,3.14,624,452904.56,Resolved,High
DTE007160,MCH0261,LIN017,FAC006,,MWO006257,2024-12-02 02:52:29,Tool Change,1.32,248,116451.41,Resolved,Medium
DTE007161,MCH0053,LIN007,FAC003,FLR002679,MWO002817,2024-10-29 13:42:31,Tool Change,0.13,15,11038.61,Resolved,Medium
DTE007162,MCH0074,LIN001,FAC001,FLR001267,MWO002253,2026-03-17 05:58:18,Planned Maintenance,2.21,321,358029.01,Resolved,Medium
DTE007163,MCH0191,LIN025,FAC009,,MWO009596,2025-10-23 15:28:39,Planned Maintenance,0.82,157,151270.56,Resolved,Medium
DTE007164,MCH0199,LIN008,FAC003,FLR001192,MWO001063,2026-05-10 00:44:28,Power Failure,3.87,179,76258.86,Resolved,Medium
DTE007165,MCH0009,LIN026,FAC009,,MWO007596,2026-03-03 12:28:26,Power Failure,10.01,405,479868.97,Resolved,Medium
DTE007166,MCH0528,LIN005,FAC002,,MWO004526,2024-06-15 01:32:36,Tool Change,0.1,13,11238.69,Resolved,Medium
DTE007167,MCH0208,LIN030,FAC010,,MWO011543,2024-01-10 14:40:42,Changeover,4.58,683,138334.15,Resolved,Medium
DTE007168,MCH0290,LIN027,FAC009,,MWO008337,2024-12-07 23:41:22,Planned Maintenance,1.32,69,64291.46,Open,High
DTE007169,MCH0112,LIN003,FAC001,,MWO006079,2026-02-06 18:42:40,Material Shortage,6.42,1018,1140145.83,Open,Medium
DTE007170,MCH0346,LIN015,FAC005,FLR001745,MWO000453,2024-11-08 19:52:11,Planned Maintenance,1.63,334,323122.3,Resolved,Medium
DTE007171,MCH0134,LIN006,FAC002,,MWO008854,2023-09-24 04:23:46,Tool Change,4.8,351,263578.45,Resolved,Critical
DTE007172,MCH0069,LIN018,FAC006,,MWO005237,2024-12-30 08:50:12,Changeover,2.0,351,385939.38,Open,Medium
DTE007173,MCH0434,LIN011,FAC004,,MWO003865,2026-05-13 06:06:59,Material Shortage,1.49,200,198445.61,Resolved,High
DTE007174,MCH0550,LIN019,FAC007,,MWO011748,2024-04-17 04:36:03,Quality Hold,5.77,316,205230.58,Resolved,Medium
DTE007175,MCH0025,LIN017,FAC006,FLR000528,MWO001376,2024-11-20 08:58:38,Quality Hold,1.89,138,131765.48,Resolved,High
DTE007176,MCH0151,LIN020,FAC007,,MWO006480,2026-02-21 13:14:43,Planned Maintenance,4.24,199,165333.35,Open,Medium
DTE007177,MCH0225,LIN006,FAC002,,MWO010426,2023-04-01 21:05:47,Quality Hold,0.65,116,54067.05,Resolved,Critical
DTE007178,MCH0540,LIN026,FAC009,,MWO009949,2025-02-23 20:49:32,Material Shortage,6.44,1380,1603973.54,Open,Medium
DTE007179,MCH0145,LIN010,FAC004,,MWO007759,2024-06-26 17:38:49,Planned Maintenance,2.91,673,704085.81,Resolved,High
DTE007180,MCH0445,LIN029,FAC010,,MWO005482,2024-12-12 18:17:17,Material Shortage,3.71,372,360075.97,Resolved,High
DTE007181,MCH0393,LIN019,FAC007,,MWO009216,2025-02-01 08:49:06,Power Failure,1.16,175,136554.79,Resolved,Medium
DTE007182,MCH0095,LIN022,FAC008,,MWO006277,2023-08-07 01:00:23,Planned Maintenance,2.85,292,115589.68,Resolved,High
DTE007183,MCH0513,LIN027,FAC009,,MWO010507,2025-04-01 10:28:23,Planned Maintenance,1.67,305,85155.49,Resolved,High
DTE007184,MCH0542,LIN004,FAC002,,MWO005174,2026-05-17 17:36:17,Planned Maintenance,1.41,163,182758.75,Open,Medium
DTE007185,MCH0495,LIN009,FAC003,,MWO007733,2023-06-02 07:14:22,Quality Hold,6.5,704,253432.32,Resolved,High
DTE007186,MCH0468,LIN030,FAC010,FLR001902,MWO001601,2025-09-22 08:47:12,Changeover,6.98,1021,841468.17,Resolved,Medium
DTE007187,MCH0383,LIN005,FAC002,,MWO006254,2024-08-18 22:54:49,Tool Change,1.83,215,248900.7,Resolved,High
DTE007188,MCH0263,LIN018,FAC006,,MWO010880,2024-11-20 12:28:07,Material Shortage,3.41,405,287709.47,Resolved,Low
DTE007189,MCH0197,LIN001,FAC001,,MWO009312,2024-12-05 08:13:13,Planned Maintenance,5.24,541,535471.89,Resolved,Medium
DTE007190,MCH0495,LIN009,FAC003,,MWO011067,2026-06-08 02:49:21,Quality Hold,7.62,456,398088.87,Resolved,Medium
DTE007191,MCH0083,LIN010,FAC004,FLR002693,MWO000228,2023-01-11 16:59:31,Quality Hold,1.06,221,146175.37,Resolved,Low
DTE007192,MCH0145,LIN010,FAC004,,MWO005813,2025-11-24 23:08:51,Tool Change,4.2,789,711197.08,Resolved,Critical
DTE007193,MCH0428,LIN011,FAC004,,MWO010216,2025-12-04 03:06:29,Tool Change,10.32,611,174885.05,Resolved,High
DTE007194,MCH0029,LIN002,FAC001,,MWO006854,2026-02-16 12:52:46,Planned Maintenance,3.65,493,198608.53,Resolved,High
DTE007195,MCH0018,LIN026,FAC009,,MWO009266,2025-05-23 18:18:05,Quality Hold,0.38,67,64925.94,Resolved,Medium
DTE007196,MCH0146,LIN004,FAC002,,MWO005314,2023-07-25 12:38:09,Quality Hold,11.87,2295,719200.75,Resolved,Low
DTE007197,MCH0344,LIN019,FAC007,FLR001493,MWO001653,2023-09-17 02:31:22,Changeover,4.73,254,174503.04,Resolved,Medium
DTE007198,MCH0507,LIN006,FAC002,,MWO004525,2026-06-26 01:29:18,Planned Maintenance,2.82,211,36831.53,Open,Medium
DTE007199,MCH0045,LIN029,FAC010,FLR001522,MWO000465,2025-02-03 20:58:38,Power Failure,6.03,1062,333445.25,Resolved,Medium
DTE007200,MCH0229,LIN014,FAC005,,MWO007777,2024-11-03 10:16:16,Tool Change,2.28,228,41623.75,Resolved,Medium
DTE007201,MCH0220,LIN023,FAC008,,MWO003131,2025-09-06 10:40:40,Power Failure,1.29,234,216895.76,Open,Medium
DTE007202,MCH0022,LIN024,FAC008,,MWO010077,2025-06-11 07:27:53,Material Shortage,0.13,6,2744.81,Resolved,Medium
DTE007203,MCH0562,LIN011,FAC004,,MWO010629,2024-09-25 21:25:09,Tool Change,0.39,86,58891.2,Open,Medium
DTE007204,MCH0480,LIN019,FAC007,,MWO004993,2023-06-09 09:46:46,Material Shortage,6.55,387,377811.58,Resolved,High
DTE007205,MCH0464,LIN002,FAC001,,MWO006819,2024-10-06 03:41:50,Tool Change,2.13,268,315119.44,Resolved,High
DTE007206,MCH0471,LIN013,FAC005,,MWO009243,2023-11-30 22:58:14,Tool Change,5.65,825,575141.3,Resolved,Medium
DTE007207,MCH0293,LIN023,FAC008,FLR000574,MWO001534,2024-06-08 04:43:32,Tool Change,1.94,251,291362.06,Resolved,High
DTE007208,MCH0008,LIN015,FAC005,,MWO008696,2023-10-18 07:50:29,Quality Hold,2.4,172,137974.57,Resolved,Medium
DTE007209,MCH0179,LIN010,FAC004,FLR001754,MWO000714,2024-01-22 16:14:05,Changeover,0.71,55,11148.79,Resolved,High
DTE007210,MCH0237,LIN025,FAC009,,MWO011546,2025-12-24 13:04:40,Changeover,6.68,755,368372.26,Resolved,Medium
DTE007211,MCH0517,LIN005,FAC002,,MWO005678,2025-05-03 18:08:51,Changeover,12.47,1917,406972.57,Resolved,Low
DTE007212,MCH0589,LIN023,FAC008,,MWO004048,2024-02-11 09:06:43,Tool Change,3.58,853,131735.85,Resolved,High
DTE007213,MCH0281,LIN027,FAC009,,MWO007625,2023-05-08 12:56:36,Planned Maintenance,3.44,340,381642.61,Resolved,Low
DTE007214,MCH0187,LIN006,FAC002,,MWO006230,2025-07-25 01:28:15,Tool Change,1.55,120,61249.4,Resolved,Medium
DTE007215,MCH0352,LIN027,FAC009,,MWO010985,2023-12-20 18:48:58,Changeover,1.38,212,220489.62,Resolved,Medium
DTE007216,MCH0574,LIN029,FAC010,,MWO003288,2023-02-04 19:47:26,Planned Maintenance,2.71,564,197917.75,Resolved,High
DTE007217,MCH0068,LIN009,FAC003,,MWO003420,2025-08-22 11:23:27,Changeover,6.14,253,95835.7,Resolved,Medium
DTE007218,MCH0012,LIN030,FAC010,,MWO009262,2024-12-18 03:40:34,Changeover,2.24,456,519607.87,Resolved,Medium
DTE007219,MCH0546,LIN024,FAC008,,MWO011728,2025-05-18 12:18:43,Tool Change,3.19,273,258141.33,Resolved,Medium
DTE007220,MCH0578,LIN030,FAC010,,MWO009700,2025-12-04 05:32:22,Quality Hold,4.46,257,260230.28,Resolved,Medium
DTE007221,MCH0383,LIN005,FAC002,,MWO007912,2024-04-10 21:45:15,Changeover,2.12,268,306030.88,Resolved,High
DTE007222,MCH0371,LIN005,FAC002,,MWO004417,2024-11-12 14:39:11,Tool Change,3.76,789,246861.27,Resolved,High
DTE007223,MCH0211,LIN018,FAC006,,MWO004327,2023-07-07 08:42:35,Material Shortage,1.62,153,90133.91,Resolved,Medium
DTE007224,MCH0304,LIN026,FAC009,,MWO003119,2023-05-12 16:39:57,Power Failure,1.48,307,165759.91,Resolved,Medium
DTE007225,MCH0442,LIN001,FAC001,FLR000709,MWO001238,2024-07-13 00:50:15,Quality Hold,2.32,282,215222.19,Resolved,Medium
DTE007226,MCH0061,LIN026,FAC009,,MWO009850,2025-10-07 13:28:48,Power Failure,2.31,278,174974.16,Resolved,High
DTE007227,MCH0023,LIN005,FAC002,FLR000884,MWO000514,2024-04-19 03:47:24,Quality Hold,9.67,2216,1689063.11,Open,High
DTE007228,MCH0467,LIN027,FAC009,FLR001444,MWO000122,2023-10-19 22:20:57,Quality Hold,3.28,311,122112.34,Resolved,Medium
DTE007229,MCH0227,LIN023,FAC008,,MWO011489,2023-12-18 03:14:28,Tool Change,2.23,326,177891.4,Resolved,Critical
DTE007230,MCH0150,LIN008,FAC003,,MWO005836,2025-03-09 21:49:57,Changeover,7.9,1857,824000.45,Resolved,High
DTE007231,MCH0446,LIN004,FAC002,,MWO005157,2025-04-13 15:00:44,Tool Change,5.5,1142,1008813.03,Resolved,High
DTE007232,MCH0113,LIN015,FAC005,,MWO004259,2023-03-16 22:05:59,Planned Maintenance,4.11,328,292761.12,Resolved,Medium
DTE007233,MCH0020,LIN001,FAC001,,MWO007979,2024-02-27 21:45:59,Power Failure,1.04,235,111000.95,Resolved,Medium
DTE007234,MCH0071,LIN024,FAC008,,MWO011120,2024-04-24 20:21:31,Planned Maintenance,3.78,860,712252.85,Resolved,Medium
DTE007235,MCH0124,LIN013,FAC005,,MWO008110,2025-03-30 12:53:30,Power Failure,1.25,232,50508.08,Open,High
DTE007236,MCH0441,LIN020,FAC007,FLR000667,MWO000738,2024-04-09 08:49:11,Power Failure,4.56,897,834704.76,Resolved,Low
DTE007237,MCH0292,LIN015,FAC005,,MWO008972,2024-08-16 02:14:36,Quality Hold,0.31,18,4297.27,Resolved,Medium
DTE007238,MCH0532,LIN007,FAC003,FLR000701,MWO000068,2024-05-27 07:20:02,Material Shortage,0.64,87,53580.87,Resolved,Low
DTE007239,MCH0101,LIN022,FAC008,,MWO003660,2024-02-23 00:03:43,Tool Change,6.52,651,138626.69,Open,Medium
DTE007240,MCH0139,LIN012,FAC004,,MWO006731,2023-04-30 14:18:17,Tool Change,1.17,73,61805.46,Resolved,Low
DTE007241,MCH0036,LIN014,FAC005,,MWO010347,2023-02-09 19:04:01,Changeover,2.24,521,558237.81,Resolved,Medium
DTE007242,MCH0393,LIN019,FAC007,,MWO006296,2023-03-18 16:57:45,Material Shortage,1.51,112,28421.78,Resolved,High
DTE007243,MCH0537,LIN013,FAC005,FLR002890,MWO001947,2023-05-05 02:51:18,Power Failure,0.13,12,2527.16,Resolved,Medium
DTE007244,MCH0132,LIN018,FAC006,,MWO007425,2024-03-24 23:01:07,Power Failure,3.04,565,296933.61,Resolved,High
DTE007245,MCH0076,LIN008,FAC003,,MWO004238,2023-09-12 08:18:49,Changeover,4.87,695,412553.76,Resolved,Medium
DTE007246,MCH0571,LIN020,FAC007,,MWO010813,2023-09-11 02:25:28,Planned Maintenance,1.45,315,78501.26,Open,Low
DTE007247,MCH0456,LIN003,FAC001,,MWO010379,2025-12-07 04:59:41,Planned Maintenance,0.71,166,122881.19,Resolved,High
DTE007248,MCH0367,LIN007,FAC003,,MWO006076,2024-05-25 17:14:03,Changeover,1.76,292,268401.52,Resolved,Low
DTE007249,MCH0111,LIN012,FAC004,FLR002989,MWO000284,2026-04-06 05:41:16,Quality Hold,1.6,365,280922.67,Resolved,Low
DTE007250,MCH0313,LIN018,FAC006,,MWO004456,2024-08-01 19:53:27,Planned Maintenance,1.44,335,392450.09,Resolved,High
DTE007251,MCH0117,LIN013,FAC005,,MWO011028,2023-05-24 21:24:30,Tool Change,1.81,149,52178.05,Resolved,Medium
DTE007252,MCH0515,LIN012,FAC004,,MWO010011,2024-12-08 12:55:19,Quality Hold,2.37,165,131406.0,Resolved,Critical
DTE007253,MCH0418,LIN013,FAC005,,MWO004921,2026-04-21 22:15:47,Quality Hold,1.75,192,112069.99,Resolved,High
DTE007254,MCH0516,LIN030,FAC010,,MWO003351,2024-06-30 09:24:49,Material Shortage,5.27,633,581310.83,Resolved,Low
DTE007255,MCH0104,LIN004,FAC002,FLR001382,MWO000311,2025-02-14 11:53:24,Quality Hold,0.8,185,48308.8,Open,Low
DTE007256,MCH0505,LIN023,FAC008,FLR001545,MWO002689,2024-04-25 08:37:29,Changeover,2.9,512,360153.23,Resolved,High
DTE007257,MCH0303,LIN020,FAC007,,MWO004889,2025-10-07 18:18:32,Changeover,6.04,775,530352.38,Resolved,High
DTE007258,MCH0522,LIN024,FAC008,,MWO007556,2023-05-05 12:53:06,Changeover,1.06,121,103690.78,Resolved,High
DTE007259,MCH0040,LIN003,FAC001,,MWO010408,2025-11-09 19:09:19,Power Failure,1.73,212,200025.06,Resolved,Low
DTE007260,MCH0203,LIN016,FAC006,,MWO003305,2025-11-25 05:57:00,Quality Hold,0.48,66,78103.16,Resolved,Critical
DTE007261,MCH0179,LIN010,FAC004,FLR002374,MWO000695,2026-05-14 06:59:51,Material Shortage,3.7,445,482197.92,Resolved,Critical
DTE007262,MCH0450,LIN022,FAC008,FLR001276,MWO002803,2024-10-14 21:43:37,Tool Change,1.66,242,181423.82,Resolved,Medium
DTE007263,MCH0233,LIN015,FAC005,,MWO006900,2024-07-02 15:26:55,Planned Maintenance,3.91,331,299624.05,Open,Critical
DTE007264,MCH0308,LIN025,FAC009,FLR001006,MWO000813,2023-08-17 21:16:16,Planned Maintenance,0.26,59,69460.67,Resolved,Medium
DTE007265,MCH0099,LIN011,FAC004,FLR002755,MWO002695,2024-07-16 08:59:18,Planned Maintenance,4.14,572,346980.15,Resolved,Medium
DTE007266,MCH0124,LIN013,FAC005,,MWO011999,2025-05-19 01:52:40,Material Shortage,7.02,1119,847435.87,Resolved,High
DTE007267,MCH0224,LIN018,FAC006,,MWO007972,2024-08-07 01:35:23,Planned Maintenance,3.18,241,62947.46,Open,Critical
DTE007268,MCH0358,LIN027,FAC009,FLR000246,MWO001268,2024-09-02 15:21:18,Quality Hold,3.18,341,297426.75,Resolved,Medium
DTE007269,MCH0406,LIN002,FAC001,,MWO008486,2026-05-20 15:48:12,Planned Maintenance,10.15,1306,519274.92,Resolved,Medium
DTE007270,MCH0592,LIN023,FAC008,,MWO011804,2025-02-17 09:33:49,Quality Hold,3.61,182,148223.86,Resolved,High
DTE007271,MCH0575,LIN008,FAC003,FLR000238,MWO000865,2025-08-12 11:43:35,Tool Change,4.07,743,859713.87,Resolved,Low
DTE007272,MCH0113,LIN015,FAC005,,MWO004259,2023-03-16 22:05:59,Material Shortage,2.03,151,125586.41,Resolved,Medium
DTE007273,MCH0342,LIN026,FAC009,,MWO010864,2025-06-29 02:27:47,Planned Maintenance,6.16,499,168031.39,Open,High
DTE007274,MCH0164,LIN029,FAC010,,MWO010760,2026-06-21 11:01:42,Quality Hold,2.95,466,291630.99,Resolved,Low
DTE007275,MCH0423,LIN009,FAC003,,MWO005318,2026-06-07 04:55:13,Power Failure,6.22,1327,236202.71,Resolved,High
DTE007276,MCH0379,LIN027,FAC009,,MWO006097,2024-09-01 06:49:47,Power Failure,10.37,2436,1240536.44,Resolved,Low
DTE007277,MCH0172,LIN008,FAC003,FLR002810,MWO002062,2024-01-31 23:30:29,Tool Change,1.33,133,57947.24,Resolved,High
DTE007278,MCH0449,LIN024,FAC008,,MWO009550,2024-05-29 02:05:08,Changeover,2.55,350,179232.02,Open,Low
DTE007279,MCH0063,LIN013,FAC005,FLR000895,MWO002016,2023-02-08 22:09:57,Power Failure,3.33,686,240225.64,Resolved,High
DTE007280,MCH0549,LIN013,FAC005,FLR002511,MWO001858,2025-03-31 12:03:13,Tool Change,0.95,151,72057.53,Resolved,Medium
DTE007281,MCH0436,LIN013,FAC005,,MWO006605,2023-08-17 11:20:37,Tool Change,1.13,74,77725.2,Resolved,High
DTE007282,MCH0582,LIN013,FAC005,FLR001319,MWO002733,2024-08-15 06:46:40,Tool Change,0.68,66,43635.55,Resolved,Medium
DTE007283,MCH0005,LIN010,FAC004,FLR002912,MWO000018,2025-09-25 23:13:35,Power Failure,0.53,118,82206.57,Resolved,High
DTE007284,MCH0094,LIN005,FAC002,FLR001342,MWO001408,2024-01-14 03:48:46,Changeover,10.55,1786,1963546.46,Open,Medium
DTE007285,MCH0246,LIN029,FAC010,,MWO006845,2023-04-08 17:06:01,Planned Maintenance,1.66,177,135141.65,Resolved,High
DTE007286,MCH0288,LIN014,FAC005,,MWO011491,2025-05-15 22:45:58,Tool Change,1.23,284,69886.98,Open,High
DTE007287,MCH0462,LIN016,FAC006,,MWO005093,2023-07-28 01:03:58,Changeover,1.5,101,113414.52,Resolved,Low
DTE007288,MCH0481,LIN004,FAC002,,MWO009551,2024-06-08 02:02:49,Material Shortage,0.21,33,26329.1,Resolved,Critical
DTE007289,MCH0396,LIN028,FAC010,FLR001475,MWO002594,2023-07-24 11:06:27,Material Shortage,0.39,45,35996.89,Open,Critical
DTE007290,MCH0031,LIN010,FAC004,FLR001214,MWO001029,2024-05-11 02:38:09,Changeover,3.58,571,619397.23,Resolved,Medium
DTE007291,MCH0450,LIN022,FAC008,,MWO007592,2025-03-25 15:01:47,Changeover,1.04,105,123549.76,Resolved,Low
DTE007292,MCH0092,LIN005,FAC002,,MWO011738,2024-10-20 00:59:06,Planned Maintenance,5.69,1244,1405269.78,Resolved,High
DTE007293,MCH0533,LIN017,FAC006,,MWO008301,2024-05-08 02:09:56,Material Shortage,0.8,167,190238.71,Resolved,Low
DTE007294,MCH0209,LIN030,FAC010,FLR000609,MWO000907,2024-11-15 04:20:54,Changeover,6.58,1119,794734.14,Resolved,High
DTE007295,MCH0143,LIN020,FAC007,,MWO004854,2025-04-29 18:17:27,Material Shortage,1.95,285,64366.63,Resolved,Medium
DTE007296,MCH0353,LIN002,FAC001,FLR001763,MWO002644,2023-06-10 03:01:20,Power Failure,3.7,289,73929.51,Resolved,Medium
DTE007297,MCH0594,LIN016,FAC006,,MWO003386,2024-08-26 01:57:16,Planned Maintenance,4.45,1040,588121.73,Resolved,High
DTE007298,MCH0315,LIN015,FAC005,FLR001185,MWO002436,2024-07-28 01:22:19,Material Shortage,1.31,202,152873.63,Resolved,Medium
DTE007299,MCH0006,LIN013,FAC005,,MWO003138,2023-01-13 03:31:55,Material Shortage,3.08,137,109876.26,Resolved,High
DTE007300,MCH0547,LIN005,FAC002,,MWO007227,2025-08-29 16:05:13,Planned Maintenance,3.39,269,285702.65,Resolved,Low
DTE007301,MCH0440,LIN027,FAC009,,MWO006759,2024-08-07 12:04:50,Changeover,1.51,185,192835.89,Resolved,Critical
DTE007302,MCH0388,LIN011,FAC004,FLR000955,MWO000981,2024-11-14 20:10:09,Changeover,2.11,161,178503.31,Resolved,High
DTE007303,MCH0036,LIN014,FAC005,,MWO010875,2023-09-07 05:29:43,Quality Hold,2.62,533,202183.09,Resolved,Low
DTE007304,MCH0382,LIN018,FAC006,,MWO006405,2026-01-22 08:42:57,Material Shortage,2.74,192,64510.15,Resolved,High
DTE007305,MCH0276,LIN012,FAC004,,MWO007901,2023-09-12 01:05:58,Changeover,2.07,95,36403.39,Resolved,Critical
DTE007306,MCH0031,LIN010,FAC004,,MWO006153,2024-12-04 06:54:18,Planned Maintenance,3.48,414,440850.79,Resolved,Medium
DTE007307,MCH0421,LIN007,FAC003,FLR000599,MWO000511,2024-11-29 21:11:14,Quality Hold,0.82,149,121421.31,Resolved,Medium
DTE007308,MCH0025,LIN017,FAC006,FLR001272,MWO002390,2023-11-21 11:29:19,Planned Maintenance,11.45,1454,286181.28,Resolved,High
DTE007309,MCH0154,LIN006,FAC002,,MWO003949,2025-10-03 05:29:07,Material Shortage,11.17,1394,1048431.86,Resolved,Medium
DTE007310,MCH0195,LIN014,FAC005,,MWO004445,2024-08-02 04:33:49,Power Failure,1.82,362,277907.81,Resolved,Medium
DTE007311,MCH0506,LIN001,FAC001,,MWO010531,2023-11-04 09:58:55,Planned Maintenance,4.22,472,88285.4,Resolved,High
DTE007312,MCH0202,LIN009,FAC003,,MWO008233,2024-06-06 07:34:25,Material Shortage,2.93,164,84683.9,Resolved,Low
DTE007313,MCH0431,LIN023,FAC008,FLR000758,MWO000748,2025-07-04 08:18:27,Quality Hold,3.34,737,689360.28,Resolved,High
DTE007314,MCH0069,LIN018,FAC006,,MWO010312,2026-02-08 09:35:31,Material Shortage,1.59,296,134194.79,Resolved,Critical
DTE007315,MCH0532,LIN007,FAC003,,MWO008808,2023-10-20 19:33:59,Power Failure,2.69,249,67156.64,Resolved,High
DTE007316,MCH0296,LIN026,FAC009,FLR000855,MWO002308,2025-01-01 23:53:02,Changeover,2.54,577,571893.58,Resolved,High
DTE007317,MCH0487,LIN023,FAC008,FLR001194,MWO002925,2023-03-06 10:25:40,Planned Maintenance,3.6,811,215883.23,Resolved,High
DTE007318,MCH0059,LIN012,FAC004,FLR002969,MWO001392,2023-07-27 05:52:34,Planned Maintenance,10.35,2289,2467652.25,Resolved,Medium
DTE007319,MCH0394,LIN001,FAC001,,MWO007894,2023-09-13 07:38:55,Changeover,4.34,369,439732.17,Resolved,Low
DTE007320,MCH0564,LIN015,FAC005,,MWO011831,2023-09-27 15:36:02,Quality Hold,5.42,489,348386.68,Open,Low
DTE007321,MCH0248,LIN028,FAC010,FLR001385,MWO002354,2024-09-15 03:12:19,Quality Hold,0.98,156,170576.54,Resolved,High
DTE007322,MCH0597,LIN012,FAC004,,MWO011826,2025-08-31 11:47:05,Material Shortage,7.54,993,909288.85,Resolved,Medium
DTE007323,MCH0134,LIN006,FAC002,FLR000640,MWO001347,2026-02-27 08:55:29,Planned Maintenance,1.64,75,87675.18,Resolved,High
DTE007324,MCH0231,LIN008,FAC003,,MWO007304,2025-07-16 17:06:35,Tool Change,2.65,354,379189.33,Resolved,Low
DTE007325,MCH0153,LIN017,FAC006,,MWO008329,2023-04-04 21:52:42,Power Failure,2.37,461,381472.98,Resolved,Low
DTE007326,MCH0559,LIN019,FAC007,,MWO010266,2024-12-22 20:53:21,Planned Maintenance,3.18,482,95613.45,Resolved,Critical
DTE007327,MCH0074,LIN001,FAC001,,MWO009677,2023-02-18 22:12:07,Power Failure,4.9,314,179364.85,Resolved,High
DTE007328,MCH0075,LIN003,FAC001,,MWO009430,2023-10-05 19:04:38,Tool Change,3.02,153,141607.06,Resolved,Medium
DTE007329,MCH0241,LIN010,FAC004,,MWO009196,2023-03-04 13:43:33,Material Shortage,5.73,583,569885.79,Resolved,High
DTE007330,MCH0039,LIN009,FAC003,,MWO007836,2025-02-05 09:15:01,Quality Hold,0.72,55,51345.97,Resolved,Low
DTE007331,MCH0464,LIN002,FAC001,FLR002528,MWO001848,2025-08-14 03:19:37,Quality Hold,1.29,259,222355.95,Resolved,High
DTE007332,MCH0040,LIN003,FAC001,,MWO005423,2024-07-08 13:18:38,Material Shortage,2.9,385,79629.07,Resolved,High
DTE007333,MCH0561,LIN029,FAC010,,MWO011432,2023-04-16 01:51:40,Planned Maintenance,2.82,370,244208.75,Resolved,Medium
DTE007334,MCH0357,LIN029,FAC010,,MWO011651,2025-07-06 22:07:40,Quality Hold,2.57,562,450021.58,Resolved,High
DTE007335,MCH0388,LIN011,FAC004,,MWO004180,2025-01-28 07:43:03,Planned Maintenance,6.77,667,197971.35,Resolved,High
DTE007336,MCH0031,LIN010,FAC004,,MWO006858,2023-09-13 06:12:06,Changeover,7.34,1107,592201.71,Open,Medium
DTE007337,MCH0210,LIN004,FAC002,,MWO008275,2025-07-26 13:13:21,Power Failure,2.04,178,63553.74,Resolved,High
DTE007338,MCH0511,LIN004,FAC002,,MWO003384,2023-05-21 23:56:05,Planned Maintenance,2.86,115,89819.08,Resolved,High
DTE007339,MCH0579,LIN003,FAC001,,MWO007605,2026-02-03 01:30:47,Material Shortage,1.16,107,59334.8,Resolved,Critical
DTE007340,MCH0498,LIN011,FAC004,FLR001575,MWO001511,2024-09-11 10:31:02,Planned Maintenance,2.52,122,78624.93,Resolved,Low
DTE007341,MCH0555,LIN021,FAC007,,MWO007820,2025-06-26 08:23:16,Material Shortage,0.65,128,24114.33,Resolved,Medium
DTE007342,MCH0353,LIN002,FAC001,,MWO005575,2025-04-29 01:15:27,Power Failure,1.3,228,170820.22,Resolved,High
DTE007343,MCH0180,LIN011,FAC004,FLR000324,MWO002297,2026-01-20 04:38:52,Material Shortage,1.45,151,170132.27,Resolved,Critical
DTE007344,MCH0203,LIN016,FAC006,,MWO003053,2025-03-30 15:23:42,Material Shortage,1.63,166,63909.61,Resolved,Low
DTE007345,MCH0120,LIN007,FAC003,FLR002925,MWO000615,2026-06-23 12:44:15,Changeover,5.63,328,74004.81,Resolved,Low
DTE007346,MCH0269,LIN002,FAC001,FLR002428,MWO002471,2026-02-28 09:44:05,Changeover,1.82,240,110595.64,Resolved,Medium
DTE007347,MCH0486,LIN029,FAC010,,MWO004636,2023-04-20 19:04:24,Planned Maintenance,3.01,347,148318.7,Resolved,Medium
DTE007348,MCH0448,LIN016,FAC006,,MWO005010,2024-07-29 21:12:27,Planned Maintenance,3.72,527,346117.38,Resolved,Medium
DTE007349,MCH0305,LIN003,FAC001,,MWO009452,2023-06-02 13:40:22,Quality Hold,1.9,405,438007.5,Resolved,Medium
DTE007350,MCH0510,LIN023,FAC008,,MWO003632,2024-02-08 11:55:37,Tool Change,1.86,267,101210.0,Resolved,Medium
DTE007351,MCH0379,LIN027,FAC009,,MWO006640,2024-05-09 08:33:03,Changeover,3.19,455,287232.01,Resolved,Medium
DTE007352,MCH0427,LIN027,FAC009,FLR001660,MWO001963,2025-03-06 22:36:24,Changeover,11.21,2531,2167470.03,Resolved,High
DTE007353,MCH0362,LIN007,FAC003,,MWO004408,2024-07-04 02:40:21,Changeover,0.83,176,53650.08,Resolved,Medium
DTE007354,MCH0322,LIN010,FAC004,FLR001186,MWO001678,2026-05-15 20:34:53,Quality Hold,1.53,209,239534.23,Resolved,High
DTE007355,MCH0204,LIN002,FAC001,,MWO006039,2023-12-10 01:26:34,Quality Hold,0.69,125,26444.67,Resolved,Medium
DTE007356,MCH0009,LIN026,FAC009,FLR001048,MWO000153,2023-05-16 19:32:00,Power Failure,2.66,367,418135.73,Resolved,Critical
DTE007357,MCH0522,LIN024,FAC008,FLR002927,MWO001007,2025-04-12 15:55:50,Material Shortage,4.45,624,241295.49,Resolved,Medium
DTE007358,MCH0331,LIN012,FAC004,,MWO003959,2023-01-10 23:08:14,Tool Change,3.58,330,148219.07,Resolved,Critical
DTE007359,MCH0354,LIN005,FAC002,,MWO009316,2024-07-22 18:42:34,Tool Change,2.75,414,460187.75,Resolved,High
DTE007360,MCH0273,LIN002,FAC001,FLR002060,MWO001773,2026-06-14 08:33:12,Power Failure,1.51,274,300660.09,Resolved,Critical
DTE007361,MCH0223,LIN025,FAC009,,MWO007328,2026-05-14 20:53:39,Changeover,2.49,318,78931.75,Open,Medium
DTE007362,MCH0179,LIN010,FAC004,,MWO004333,2025-04-14 14:21:13,Changeover,4.54,898,247463.92,Resolved,High
DTE007363,MCH0334,LIN018,FAC006,,MWO006904,2024-12-20 10:29:11,Planned Maintenance,4.05,197,158405.05,Resolved,Critical
DTE007364,MCH0012,LIN030,FAC010,,MWO004790,2023-01-13 04:17:39,Material Shortage,2.02,472,109533.54,Resolved,High
DTE007365,MCH0253,LIN016,FAC006,,MWO004209,2025-05-12 00:14:18,Material Shortage,2.87,237,171190.64,Resolved,Medium
DTE007366,MCH0414,LIN017,FAC006,FLR000911,MWO002834,2023-10-23 12:57:44,Planned Maintenance,0.51,87,37359.41,Resolved,Low
DTE007367,MCH0175,LIN019,FAC007,,MWO008373,2025-01-03 04:14:58,Tool Change,4.24,696,241295.46,Resolved,Low
DTE007368,MCH0252,LIN027,FAC009,,MWO009425,2024-04-23 07:39:21,Quality Hold,7.44,405,75337.38,Resolved,High
DTE007369,MCH0436,LIN013,FAC005,,MWO010208,2025-02-17 19:57:49,Material Shortage,1.73,262,221268.89,Resolved,Medium
DTE007370,MCH0092,LIN005,FAC002,FLR001789,MWO002236,2023-02-07 10:57:07,Material Shortage,0.52,76,52286.38,Resolved,Medium
DTE007371,MCH0393,LIN019,FAC007,,MWO005103,2024-10-06 12:32:05,Changeover,4.2,591,311513.66,Resolved,Medium
DTE007372,MCH0061,LIN026,FAC009,,MWO010021,2024-10-04 10:55:17,Planned Maintenance,1.39,105,107184.83,Resolved,Medium
DTE007373,MCH0228,LIN011,FAC004,,MWO009992,2024-08-03 10:39:35,Quality Hold,3.38,416,340027.27,Resolved,Medium
DTE007374,MCH0529,LIN014,FAC005,,MWO003863,2024-04-17 07:53:27,Quality Hold,5.91,1164,1142299.25,Resolved,Medium
DTE007375,MCH0243,LIN001,FAC001,,MWO009687,2023-06-14 15:32:18,Tool Change,1.39,195,38984.06,Open,High
DTE007376,MCH0383,LIN005,FAC002,,MWO007543,2025-05-27 05:53:44,Material Shortage,4.94,942,248447.91,Resolved,Medium
DTE007377,MCH0069,LIN018,FAC006,,MWO005044,2023-06-23 13:14:04,Power Failure,5.29,471,376539.22,Resolved,Medium
DTE007378,MCH0033,LIN010,FAC004,,MWO005851,2023-07-04 19:59:41,Quality Hold,0.35,45,19166.92,Resolved,High
DTE007379,MCH0056,LIN027,FAC009,,MWO004441,2025-09-26 19:47:32,Quality Hold,1.94,341,297373.6,Resolved,Medium
DTE007380,MCH0132,LIN018,FAC006,,MWO010671,2024-10-09 11:53:08,Tool Change,4.55,1063,1245297.75,Resolved,Medium
DTE007381,MCH0565,LIN024,FAC008,,MWO007717,2026-05-28 08:12:21,Changeover,0.5,73,86352.35,Resolved,Medium
DTE007382,MCH0106,LIN018,FAC006,,MWO003219,2025-12-08 00:17:33,Changeover,0.82,126,119883.49,Open,High
DTE007383,MCH0504,LIN008,FAC003,,MWO010461,2025-06-05 16:30:12,Planned Maintenance,8.07,432,347775.63,Resolved,Medium
DTE007384,MCH0040,LIN003,FAC001,,MWO008223,2026-05-13 23:26:24,Quality Hold,8.73,366,209204.36,Resolved,Low
DTE007385,MCH0524,LIN016,FAC006,,MWO004401,2024-03-28 12:55:50,Changeover,5.67,634,542626.24,Resolved,Critical
DTE007386,MCH0499,LIN017,FAC006,,MWO006648,2026-01-26 02:31:11,Tool Change,6.39,917,461756.07,Resolved,Medium
DTE007387,MCH0261,LIN017,FAC006,FLR002087,MWO002054,2025-11-20 03:21:58,Changeover,4.13,861,500441.84,Resolved,Medium
DTE007388,MCH0037,LIN022,FAC008,,MWO006085,2026-05-07 08:55:56,Power Failure,2.17,257,207247.33,Resolved,High
DTE007389,MCH0122,LIN001,FAC001,FLR001217,MWO001045,2025-07-06 09:08:25,Quality Hold,1.16,89,59240.93,Resolved,High
DTE007390,MCH0523,LIN023,FAC008,,MWO004687,2025-12-18 11:30:56,Material Shortage,0.91,191,225075.83,Resolved,Medium
DTE007391,MCH0119,LIN019,FAC007,,MWO009335,2026-04-03 09:09:53,Material Shortage,1.39,120,80071.44,Resolved,Medium
DTE007392,MCH0055,LIN029,FAC010,,MWO003115,2023-01-13 16:43:43,Tool Change,0.6,136,29668.91,Resolved,High
DTE007393,MCH0304,LIN026,FAC009,,MWO003361,2024-12-05 14:22:47,Material Shortage,0.91,105,21389.07,Resolved,High
DTE007394,MCH0135,LIN015,FAC005,,MWO004498,2024-12-24 09:46:56,Quality Hold,9.01,761,344520.2,Resolved,Low
DTE007395,MCH0120,LIN007,FAC003,FLR002065,MWO002040,2024-09-14 14:31:10,Quality Hold,3.52,433,409762.57,Resolved,Medium
DTE007396,MCH0064,LIN025,FAC009,FLR001000,MWO000559,2023-02-05 01:28:22,Power Failure,5.9,681,623840.66,Open,Medium
DTE007397,MCH0594,LIN016,FAC006,,MWO006801,2024-03-28 13:05:27,Changeover,3.09,265,260152.29,Resolved,Critical
DTE007398,MCH0564,LIN015,FAC005,,MWO005354,2025-09-02 07:23:26,Power Failure,0.98,157,162927.85,Resolved,Medium
DTE007399,MCH0247,LIN026,FAC009,,MWO005294,2023-04-25 09:53:52,Material Shortage,5.34,1011,248282.13,Resolved,High
DTE007400,MCH0427,LIN027,FAC009,,MWO009945,2024-10-25 16:26:05,Tool Change,2.3,204,193745.01,Resolved,Medium
DTE007401,MCH0524,LIN016,FAC006,,MWO008416,2025-01-04 01:03:02,Material Shortage,4.27,533,111426.58,Resolved,Low
DTE007402,MCH0470,LIN002,FAC001,,MWO008756,2023-07-01 09:24:29,Changeover,1.63,269,298250.58,Resolved,Medium
DTE007403,MCH0355,LIN029,FAC010,,MWO005640,2024-11-18 15:44:35,Power Failure,0.96,77,26597.08,Resolved,High
DTE007404,MCH0303,LIN020,FAC007,,MWO004889,2025-10-07 18:18:32,Quality Hold,1.97,163,167246.2,Resolved,Critical
DTE007405,MCH0218,LIN007,FAC003,,MWO005238,2024-07-13 06:51:24,Changeover,0.59,127,79378.22,Resolved,Medium
DTE007406,MCH0005,LIN010,FAC004,,MWO008185,2024-08-04 02:36:27,Power Failure,2.27,343,371046.47,Resolved,Medium
DTE007407,MCH0042,LIN016,FAC006,,MWO006991,2023-02-11 13:33:39,Material Shortage,1.67,166,33876.35,Open,Medium
DTE007408,MCH0048,LIN024,FAC008,FLR002518,MWO001368,2024-11-21 22:01:35,Changeover,2.86,146,29282.74,Resolved,Medium
DTE007409,MCH0244,LIN007,FAC003,,MWO003631,2025-03-27 18:56:58,Material Shortage,9.31,1439,1055143.86,Resolved,High
DTE007410,MCH0243,LIN001,FAC001,,MWO009838,2023-10-03 13:41:16,Tool Change,8.54,947,1088875.3,Resolved,Medium
DTE007411,MCH0086,LIN003,FAC001,,MWO009629,2023-12-03 14:27:07,Quality Hold,1.8,191,46489.93,Resolved,High
DTE007412,MCH0449,LIN024,FAC008,FLR002137,MWO001001,2024-02-02 00:40:16,Changeover,1.11,213,89475.24,Resolved,Medium
DTE007413,MCH0435,LIN027,FAC009,,MWO005111,2026-05-08 17:07:32,Power Failure,4.03,315,267521.54,Resolved,Medium
DTE007414,MCH0177,LIN009,FAC003,,MWO004206,2024-11-05 23:15:46,Planned Maintenance,0.91,149,170736.37,Resolved,Medium
DTE007415,MCH0429,LIN004,FAC002,,MWO006001,2023-05-31 15:24:48,Tool Change,5.13,1160,816997.2,Resolved,Medium
DTE007416,MCH0016,LIN009,FAC003,,MWO008538,2024-02-14 10:30:53,Tool Change,2.23,338,387515.9,Resolved,Critical
DTE007417,MCH0584,LIN009,FAC003,,MWO006059,2025-03-10 15:00:32,Power Failure,4.43,926,589638.95,Resolved,Medium
DTE007418,MCH0191,LIN025,FAC009,,MWO004415,2025-07-19 08:15:48,Quality Hold,1.48,103,65046.94,Resolved,Medium
DTE007419,MCH0278,LIN002,FAC001,,MWO009372,2024-05-28 17:52:19,Tool Change,3.39,464,337656.75,Resolved,High
DTE007420,MCH0105,LIN004,FAC002,,MWO010960,2023-09-10 03:56:20,Planned Maintenance,2.43,403,386646.33,Resolved,Medium
DTE007421,MCH0414,LIN017,FAC006,FLR002964,MWO002907,2024-06-16 04:48:39,Power Failure,0.48,78,34889.01,Resolved,Medium
DTE007422,MCH0240,LIN015,FAC005,,MWO008270,2025-02-02 15:49:48,Planned Maintenance,0.84,128,124266.12,Resolved,Medium
DTE007423,MCH0442,LIN001,FAC001,,MWO005244,2026-04-14 13:19:24,Material Shortage,7.28,1409,598504.8,Resolved,Medium
DTE007424,MCH0568,LIN019,FAC007,,MWO011927,2025-12-11 23:11:10,Material Shortage,5.7,713,731462.63,Resolved,Medium
DTE007425,MCH0011,LIN013,FAC005,,MWO010217,2024-02-21 06:53:42,Planned Maintenance,1.62,365,248456.07,Resolved,Low
DTE007426,MCH0009,LIN026,FAC009,,MWO006267,2025-12-26 18:52:56,Changeover,1.18,92,87427.92,Resolved,Low
DTE007427,MCH0083,LIN010,FAC004,FLR002693,MWO001260,2023-01-11 13:10:05,Tool Change,1.92,419,257886.79,Resolved,Low
DTE007428,MCH0410,LIN016,FAC006,,MWO005808,2023-01-30 22:10:38,Quality Hold,0.39,61,9740.68,Resolved,High
DTE007429,MCH0058,LIN028,FAC010,,MWO008053,2025-06-01 07:40:32,Quality Hold,3.24,529,483218.95,Resolved,Low
DTE007430,MCH0184,LIN001,FAC001,,MWO009509,2025-01-04 02:55:08,Power Failure,8.17,1405,1597705.64,Resolved,Critical
DTE007431,MCH0315,LIN015,FAC005,,MWO003795,2024-04-13 15:40:43,Changeover,2.03,255,50190.7,Resolved,Medium
DTE007432,MCH0110,LIN002,FAC001,,MWO011320,2023-12-15 05:00:10,Planned Maintenance,3.35,459,377530.06,Resolved,High
DTE007433,MCH0125,LIN008,FAC003,,MWO006073,2023-11-23 07:03:24,Changeover,4.93,1006,914906.69,Open,Critical
DTE007434,MCH0428,LIN011,FAC004,,MWO010831,2024-08-08 12:57:55,Changeover,3.47,410,86627.68,Resolved,Medium
DTE007435,MCH0578,LIN030,FAC010,,MWO009961,2026-06-16 14:29:57,Material Shortage,5.07,434,152890.89,Resolved,Medium
DTE007436,MCH0168,LIN015,FAC005,,MWO008785,2023-07-23 11:27:44,Power Failure,3.22,296,172792.12,Resolved,High
DTE007437,MCH0152,LIN010,FAC004,,MWO006102,2024-03-24 07:15:15,Planned Maintenance,1.83,424,85048.64,Resolved,High
DTE007438,MCH0397,LIN010,FAC004,,MWO005473,2025-08-30 14:31:46,Material Shortage,3.42,442,209267.21,Resolved,Critical
DTE007439,MCH0589,LIN023,FAC008,,MWO010494,2026-05-15 02:38:37,Tool Change,0.62,89,24455.23,Resolved,Low
DTE007440,MCH0251,LIN017,FAC006,,MWO007870,2023-08-25 22:59:53,Planned Maintenance,0.78,105,121719.21,Resolved,High
DTE007441,MCH0555,LIN021,FAC007,,MWO007948,2025-10-16 22:20:16,Planned Maintenance,3.07,212,123430.33,Open,High
DTE007442,MCH0534,LIN027,FAC009,,MWO010672,2025-01-25 21:07:37,Tool Change,1.39,139,31176.18,Resolved,Medium
DTE007443,MCH0303,LIN020,FAC007,,MWO004889,2025-10-07 18:18:32,Tool Change,3.48,572,264182.69,Resolved,Critical
DTE007444,MCH0197,LIN001,FAC001,,MWO007532,2025-06-02 03:03:46,Power Failure,2.96,496,534835.03,Resolved,High
DTE007445,MCH0482,LIN024,FAC008,FLR002721,MWO000535,2023-10-16 11:38:17,Tool Change,2.35,170,195999.11,Resolved,Critical
DTE007446,MCH0504,LIN008,FAC003,,MWO011271,2026-02-14 12:35:13,Quality Hold,5.41,528,156948.4,Resolved,High
DTE007447,MCH0403,LIN002,FAC001,,MWO006602,2025-11-17 07:55:59,Material Shortage,6.53,1439,1579205.99,Resolved,High
DTE007448,MCH0003,LIN025,FAC009,FLR002726,MWO001559,2025-09-23 18:51:40,Tool Change,8.53,1241,777661.26,Open,Low
DTE007449,MCH0530,LIN014,FAC005,FLR000241,MWO002426,2024-04-21 15:38:50,Power Failure,2.87,512,442814.87,Resolved,Medium
DTE007450,MCH0204,LIN002,FAC001,,MWO006268,2026-06-13 08:01:49,Planned Maintenance,3.42,589,684068.11,Resolved,Critical
DTE007451,MCH0393,LIN019,FAC007,,MWO005103,2024-10-06 12:32:05,Quality Hold,2.75,309,272673.51,Resolved,Low
DTE007452,MCH0446,LIN004,FAC002,,MWO011017,2025-05-26 00:48:47,Planned Maintenance,1.51,358,97251.6,Resolved,Critical
DTE007453,MCH0043,LIN023,FAC008,FLR000672,MWO002570,2024-06-05 23:46:21,Material Shortage,8.39,1657,1886592.36,Resolved,Low
DTE007454,MCH0060,LIN022,FAC008,FLR001386,MWO000774,2025-02-14 12:04:40,Quality Hold,8.16,1359,817819.18,Resolved,High
DTE007455,MCH0533,LIN017,FAC006,,MWO007495,2025-08-26 12:22:56,Changeover,5.97,1250,1059719.83,Resolved,High
DTE007456,MCH0570,LIN005,FAC002,,MWO010561,2026-06-05 20:08:45,Planned Maintenance,7.47,1361,522220.11,Open,High
DTE007457,MCH0344,LIN019,FAC007,FLR001493,MWO001338,2023-09-17 03:36:03,Material Shortage,5.47,1081,550273.56,Resolved,High
DTE007458,MCH0458,LIN007,FAC003,,MWO004758,2023-02-08 14:17:21,Power Failure,1.11,137,126523.83,Resolved,Critical
DTE007459,MCH0170,LIN002,FAC001,,MWO004812,2023-03-25 11:59:26,Planned Maintenance,3.85,294,183134.91,Resolved,Medium
DTE007460,MCH0056,LIN027,FAC009,FLR001253,MWO000681,2025-09-12 18:15:42,Tool Change,1.78,139,128649.97,Resolved,High
DTE007461,MCH0054,LIN006,FAC002,FLR002301,MWO000580,2026-04-30 15:48:10,Tool Change,1.63,323,84863.32,Resolved,Medium
DTE007462,MCH0565,LIN024,FAC008,,MWO006740,2024-05-20 21:05:27,Tool Change,2.22,436,139233.5,Resolved,Critical
DTE007463,MCH0057,LIN020,FAC007,FLR001786,MWO002123,2025-05-02 02:28:43,Tool Change,5.39,509,439765.64,Open,High
DTE007464,MCH0018,LIN026,FAC009,,MWO006528,2023-04-15 16:16:43,Tool Change,1.77,215,45892.17,Resolved,Medium
DTE007465,MCH0232,LIN030,FAC010,,MWO006591,2025-03-25 23:50:21,Tool Change,10.33,1401,782285.43,Resolved,Low
DTE007466,MCH0183,LIN025,FAC009,,MWO006440,2023-08-29 09:15:43,Tool Change,2.99,135,25587.82,Open,Low
DTE007467,MCH0292,LIN015,FAC005,,MWO011760,2025-09-25 07:02:13,Changeover,2.2,524,607891.36,Resolved,Medium
DTE007468,MCH0406,LIN002,FAC001,,MWO011468,2025-12-10 13:11:44,Planned Maintenance,2.02,238,282350.45,Resolved,High
DTE007469,MCH0107,LIN010,FAC004,FLR001180,MWO001422,2025-08-17 03:23:27,Quality Hold,1.61,375,160130.87,Resolved,Critical
DTE007470,MCH0008,LIN015,FAC005,FLR001374,MWO001203,2023-03-15 03:29:30,Quality Hold,2.13,288,330195.77,Resolved,High
DTE007471,MCH0027,LIN014,FAC005,FLR002866,MWO000833,2024-09-26 07:39:42,Changeover,2.11,242,141023.48,Resolved,Medium
DTE007472,MCH0477,LIN007,FAC003,,MWO008675,2024-03-28 14:31:52,Power Failure,4.51,983,207484.26,Open,High
DTE007473,MCH0007,LIN021,FAC007,,MWO004967,2025-11-12 14:11:08,Quality Hold,3.14,204,113980.64,Resolved,High
DTE007474,MCH0580,LIN007,FAC003,,MWO011714,2024-03-03 21:07:40,Power Failure,1.54,361,101512.25,Resolved,High
DTE007475,MCH0159,LIN014,FAC005,,MWO011410,2025-02-21 16:52:49,Material Shortage,1.77,213,41784.94,Resolved,Critical
DTE007476,MCH0575,LIN008,FAC003,,MWO003676,2023-02-07 10:00:09,Tool Change,7.64,1656,1182899.98,Resolved,Medium
DTE007477,MCH0369,LIN012,FAC004,,MWO010409,2024-01-11 00:27:26,Power Failure,2.42,225,261023.71,Resolved,Medium
DTE007478,MCH0362,LIN007,FAC003,,MWO005625,2025-11-24 05:38:01,Tool Change,3.05,244,292411.21,Resolved,High
DTE007479,MCH0588,LIN006,FAC002,,MWO011317,2025-06-21 06:41:59,Power Failure,1.46,281,232757.03,Resolved,Low
DTE007480,MCH0355,LIN029,FAC010,FLR000918,MWO001596,2023-02-10 23:14:30,Material Shortage,1.54,280,320788.61,Resolved,Medium
DTE007481,MCH0274,LIN024,FAC008,,MWO004675,2023-12-29 16:23:11,Material Shortage,4.77,621,404018.17,Resolved,Medium
DTE007482,MCH0474,LIN003,FAC001,FLR002548,MWO002581,2024-07-03 10:01:04,Power Failure,2.0,326,57907.73,Resolved,Medium
DTE007483,MCH0145,LIN010,FAC004,,MWO006281,2023-07-01 22:36:01,Quality Hold,1.67,153,35029.31,Resolved,Low
DTE007484,MCH0443,LIN021,FAC007,,MWO005759,2023-12-12 23:44:10,Changeover,1.69,78,19357.57,Resolved,Medium
DTE007485,MCH0048,LIN024,FAC008,FLR002518,MWO001368,2024-11-21 22:01:35,Tool Change,2.71,603,491779.14,Resolved,Medium
DTE007486,MCH0136,LIN019,FAC007,,MWO003746,2025-09-18 14:12:02,Material Shortage,8.01,1872,906539.72,Resolved,Medium
DTE007487,MCH0126,LIN009,FAC003,,MWO005581,2023-06-19 18:20:30,Power Failure,1.98,159,69935.89,Resolved,High
DTE007488,MCH0184,LIN001,FAC001,FLR000195,MWO001795,2024-11-11 09:20:42,Planned Maintenance,6.24,643,499356.4,Open,Low
DTE007489,MCH0258,LIN026,FAC009,,MWO004560,2024-04-07 15:33:54,Tool Change,2.75,314,308644.21,Resolved,Medium
DTE007490,MCH0242,LIN001,FAC001,FLR001919,MWO000733,2023-08-11 22:25:22,Changeover,2.5,477,466006.18,Resolved,Low
DTE007491,MCH0117,LIN013,FAC005,,MWO005850,2023-06-10 21:05:38,Changeover,2.24,113,34490.34,Resolved,Medium
DTE007492,MCH0407,LIN018,FAC006,,MWO003260,2024-01-25 20:41:00,Tool Change,0.53,121,109756.02,Resolved,High
DTE007493,MCH0542,LIN004,FAC002,,MWO011567,2025-12-05 13:20:12,Tool Change,2.18,371,407101.44,Resolved,Medium
DTE007494,MCH0206,LIN007,FAC003,FLR001908,MWO002565,2025-03-26 19:41:28,Tool Change,4.96,1024,736430.28,Resolved,Medium
DTE007495,MCH0118,LIN016,FAC006,FLR002311,MWO001846,2024-12-15 12:53:35,Material Shortage,1.73,290,293231.53,Open,Critical
DTE007496,MCH0383,LIN005,FAC002,,MWO006065,2023-04-08 09:23:20,Material Shortage,4.11,238,150212.15,Resolved,Low
DTE007497,MCH0324,LIN024,FAC008,FLR000186,MWO000750,2024-03-29 05:21:27,Power Failure,2.8,322,208954.25,Resolved,Medium
DTE007498,MCH0401,LIN015,FAC005,,MWO003773,2026-06-21 14:55:38,Changeover,5.27,1080,995879.23,Resolved,High
DTE007499,MCH0229,LIN014,FAC005,,MWO003784,2026-04-16 10:17:55,Power Failure,3.08,279,264494.88,Open,High
DTE007500,MCH0092,LIN005,FAC002,,MWO008186,2024-02-01 19:34:54,Quality Hold,4.45,891,1055691.17,Resolved,Medium
DTE007501,MCH0547,LIN005,FAC002,,MWO003678,2025-12-11 19:24:45,Power Failure,2.46,120,69806.38,Resolved,High
DTE007502,MCH0466,LIN005,FAC002,FLR002169,MWO002630,2023-05-14 20:14:22,Planned Maintenance,5.49,1073,784709.65,Open,High
DTE007503,MCH0088,LIN015,FAC005,,MWO010360,2026-03-18 02:32:59,Changeover,11.22,1476,384138.6,Resolved,Critical
DTE007504,MCH0042,LIN016,FAC006,,MWO003963,2025-09-02 14:25:59,Planned Maintenance,1.29,301,236162.4,Resolved,Low
DTE007505,MCH0120,LIN007,FAC003,FLR002654,MWO001439,2024-09-24 23:25:32,Material Shortage,2.75,532,473890.13,Resolved,Medium
DTE007506,MCH0438,LIN013,FAC005,,MWO005632,2024-11-16 19:08:49,Power Failure,4.52,499,244236.19,Resolved,High
DTE007507,MCH0584,LIN009,FAC003,,MWO006059,2025-03-10 15:00:32,Quality Hold,2.19,221,46187.15,Open,Medium
DTE007508,MCH0136,LIN019,FAC007,,MWO004227,2023-02-20 17:56:52,Planned Maintenance,3.62,574,458741.51,Resolved,Medium
DTE007509,MCH0393,LIN019,FAC007,FLR001345,MWO002648,2024-05-17 21:30:25,Planned Maintenance,0.35,39,24114.52,Resolved,High
DTE007510,MCH0171,LIN006,FAC002,FLR001645,MWO000177,2023-11-29 13:01:00,Quality Hold,7.97,1267,428003.28,Resolved,High
DTE007511,MCH0404,LIN007,FAC003,,MWO004440,2023-03-01 11:57:02,Planned Maintenance,2.34,97,44683.35,Resolved,High
DTE007512,MCH0338,LIN015,FAC005,,MWO003610,2024-11-08 09:34:21,Power Failure,0.52,83,45321.81,Resolved,Medium
DTE007513,MCH0048,LIN024,FAC008,,MWO003946,2023-05-26 11:25:09,Material Shortage,1.22,263,162778.97,Resolved,Medium
DTE007514,MCH0339,LIN019,FAC007,FLR001685,MWO002039,2024-02-13 07:12:42,Material Shortage,0.61,29,27961.06,Resolved,High
DTE007515,MCH0365,LIN014,FAC005,FLR002849,MWO000286,2023-09-03 21:18:14,Material Shortage,1.47,235,222959.18,Resolved,High
DTE007516,MCH0368,LIN016,FAC006,,MWO006193,2023-12-15 04:39:41,Quality Hold,0.58,78,47598.56,Resolved,High
DTE007517,MCH0396,LIN028,FAC010,,MWO007415,2025-03-09 03:02:55,Tool Change,5.45,435,107204.89,Resolved,High
DTE007518,MCH0595,LIN028,FAC010,,MWO006585,2025-08-14 01:51:18,Changeover,1.28,230,63173.82,Resolved,Medium
DTE007519,MCH0458,LIN007,FAC003,FLR001423,MWO002088,2024-12-10 06:30:21,Planned Maintenance,9.74,1721,799616.18,Resolved,Medium
DTE007520,MCH0016,LIN009,FAC003,FLR001291,MWO000959,2026-06-23 08:23:40,Planned Maintenance,4.62,999,1033134.9,Resolved,High
DTE007521,MCH0414,LIN017,FAC006,,MWO005544,2025-07-19 00:55:49,Tool Change,3.54,585,265888.73,Resolved,Medium
DTE007522,MCH0486,LIN029,FAC010,,MWO004636,2023-04-20 19:04:24,Material Shortage,2.03,320,125539.76,Resolved,Medium
DTE007523,MCH0040,LIN003,FAC001,FLR000831,MWO002238,2025-10-28 21:13:37,Changeover,5.05,968,447164.18,Open,Medium
DTE007524,MCH0566,LIN010,FAC004,,MWO005003,2026-04-26 04:21:05,Changeover,4.48,861,355251.24,Open,Medium
DTE007525,MCH0133,LIN013,FAC005,,MWO006704,2024-01-22 06:13:20,Planned Maintenance,2.21,384,154553.2,Resolved,Medium
DTE007526,MCH0478,LIN008,FAC003,,MWO007101,2025-09-21 16:14:43,Power Failure,4.25,616,199554.46,Open,Low
DTE007527,MCH0533,LIN017,FAC006,,MWO007393,2026-04-03 00:22:41,Material Shortage,4.61,901,583193.48,Resolved,Medium
DTE007528,MCH0369,LIN012,FAC004,,MWO007028,2025-10-08 02:33:29,Planned Maintenance,1.66,103,77948.98,Resolved,Medium
DTE007529,MCH0359,LIN019,FAC007,FLR001756,MWO000108,2024-08-02 21:42:51,Material Shortage,2.89,320,218024.1,Resolved,Critical
DTE007530,MCH0177,LIN009,FAC003,,MWO003599,2023-12-02 06:09:10,Changeover,3.66,313,365636.88,Resolved,Low
DTE007531,MCH0444,LIN012,FAC004,,MWO011005,2025-01-21 06:21:26,Tool Change,6.8,518,163037.11,Resolved,Critical
DTE007532,MCH0281,LIN027,FAC009,FLR002134,MWO000796,2026-01-30 21:00:57,Power Failure,4.41,587,155512.06,Resolved,Medium
DTE007533,MCH0523,LIN023,FAC008,,MWO009377,2025-09-29 10:50:44,Tool Change,8.37,1131,544030.3,Resolved,High
DTE007534,MCH0566,LIN010,FAC004,FLR000563,MWO000848,2025-05-04 23:01:01,Power Failure,4.56,571,550327.89,Resolved,Medium
DTE007535,MCH0332,LIN025,FAC009,FLR002737,MWO002492,2023-04-24 17:23:50,Planned Maintenance,0.13,11,4473.3,Resolved,Medium
DTE007536,MCH0596,LIN022,FAC008,,MWO008079,2026-02-27 04:02:05,Quality Hold,6.92,1163,376263.88,Open,Medium
DTE007537,MCH0179,LIN010,FAC004,FLR001249,MWO002868,2026-04-27 11:24:36,Power Failure,4.69,340,155453.41,Resolved,Medium
DTE007538,MCH0537,LIN013,FAC005,,MWO005021,2023-08-10 16:14:29,Changeover,0.66,60,60121.65,Resolved,Medium
DTE007539,MCH0255,LIN005,FAC002,,MWO006208,2025-07-15 04:06:51,Changeover,0.78,145,59975.13,Resolved,Critical
DTE007540,MCH0348,LIN017,FAC006,,MWO009808,2025-10-15 13:55:45,Changeover,1.25,192,191062.63,Resolved,High
DTE007541,MCH0146,LIN004,FAC002,,MWO006320,2023-07-19 23:10:28,Material Shortage,1.16,126,20840.16,Resolved,High
DTE007542,MCH0229,LIN014,FAC005,,MWO011476,2024-12-10 18:34:53,Planned Maintenance,4.09,267,261611.05,Resolved,Critical
DTE007543,MCH0426,LIN009,FAC003,,MWO005646,2025-06-02 21:20:50,Changeover,1.6,143,39476.06,Resolved,Low
DTE007544,MCH0353,LIN002,FAC001,,MWO004292,2026-03-07 11:23:12,Planned Maintenance,2.39,147,79794.64,Resolved,Medium
DTE007545,MCH0403,LIN002,FAC001,FLR001744,MWO000327,2024-07-11 12:40:57,Changeover,7.47,1112,389607.12,Resolved,Low
DTE007546,MCH0582,LIN013,FAC005,,MWO005095,2024-08-17 22:24:45,Power Failure,4.91,771,304465.09,Open,High
DTE007547,MCH0348,LIN017,FAC006,,MWO006662,2023-08-08 03:14:28,Power Failure,8.46,414,214314.77,Resolved,Medium
DTE007548,MCH0496,LIN024,FAC008,,MWO003183,2026-06-25 07:40:11,Power Failure,2.55,482,567151.33,Resolved,High
DTE007549,MCH0055,LIN029,FAC010,,MWO011232,2024-11-17 20:02:11,Changeover,1.54,359,260346.6,Resolved,Medium
DTE007550,MCH0178,LIN023,FAC008,FLR001900,MWO000816,2025-07-18 16:37:27,Planned Maintenance,2.81,320,68988.91,Resolved,High
DTE007551,MCH0527,LIN027,FAC009,,MWO006395,2026-05-15 00:13:27,Quality Hold,1.67,138,57319.64,Resolved,Medium
DTE007552,MCH0134,LIN006,FAC002,,MWO009482,2023-04-29 07:18:21,Power Failure,5.94,778,494380.78,Resolved,Low
DTE007553,MCH0441,LIN020,FAC007,FLR002824,MWO002647,2024-02-20 05:16:57,Tool Change,5.8,1048,1032545.8,Resolved,Medium
DTE007554,MCH0011,LIN013,FAC005,,MWO005859,2026-05-09 22:24:39,Changeover,3.8,681,586176.48,Resolved,High
DTE007555,MCH0067,LIN005,FAC002,,MWO006766,2023-05-29 16:37:08,Changeover,0.58,82,64068.53,Resolved,Medium
DTE007556,MCH0021,LIN007,FAC003,,MWO006531,2023-09-05 23:46:29,Changeover,4.11,684,621158.05,Resolved,Low
DTE007557,MCH0255,LIN005,FAC002,,MWO009800,2026-01-08 00:12:35,Tool Change,4.67,470,348351.65,Resolved,Medium
DTE007558,MCH0433,LIN022,FAC008,FLR000488,MWO000853,2025-08-02 07:05:31,Quality Hold,0.74,122,78186.07,Resolved,Low
DTE007559,MCH0090,LIN018,FAC006,,MWO004947,2024-02-29 11:01:47,Power Failure,0.84,104,51464.46,Open,Low
DTE007560,MCH0296,LIN026,FAC009,FLR002453,MWO001849,2024-05-25 02:30:43,Changeover,1.84,159,175436.91,Resolved,High
DTE007561,MCH0302,LIN016,FAC006,FLR000311,MWO000890,2026-01-27 19:31:09,Power Failure,0.53,98,47121.69,Resolved,Critical
DTE007562,MCH0278,LIN002,FAC001,FLR002436,MWO000538,2024-07-22 23:39:13,Power Failure,1.69,199,61342.55,Resolved,Medium
DTE007563,MCH0150,LIN008,FAC003,,MWO004249,2024-08-09 19:31:03,Tool Change,1.3,250,173956.02,Resolved,Medium
DTE007564,MCH0354,LIN005,FAC002,,MWO006127,2025-11-25 05:01:26,Material Shortage,0.17,9,8365.86,Resolved,High
DTE007565,MCH0218,LIN007,FAC003,,MWO011879,2024-04-12 13:06:42,Material Shortage,3.86,555,543391.21,Resolved,Medium
DTE007566,MCH0346,LIN015,FAC005,FLR002434,MWO000301,2024-01-16 05:19:31,Power Failure,3.95,874,378787.36,Resolved,High
DTE007567,MCH0196,LIN005,FAC002,FLR002914,MWO001359,2026-02-03 00:33:24,Changeover,2.16,269,52664.75,Resolved,Low
DTE007568,MCH0326,LIN026,FAC009,,MWO010953,2023-03-19 00:36:38,Tool Change,3.41,573,665091.43,Open,Medium
DTE007569,MCH0056,LIN027,FAC009,,MWO004050,2026-06-13 07:59:35,Power Failure,4.23,696,114096.06,Resolved,Medium
DTE007570,MCH0410,LIN016,FAC006,,MWO007791,2024-12-21 20:23:05,Material Shortage,2.53,529,192548.08,Resolved,Medium
DTE007571,MCH0117,LIN013,FAC005,,MWO009233,2023-01-15 09:41:18,Material Shortage,0.96,202,85516.78,Resolved,Medium
DTE007572,MCH0514,LIN029,FAC010,FLR002756,MWO002809,2024-07-24 09:27:28,Tool Change,2.28,107,34040.43,Resolved,Medium
DTE007573,MCH0044,LIN012,FAC004,,MWO007792,2025-11-14 02:41:43,Planned Maintenance,0.36,35,39718.93,Open,Critical
DTE007574,MCH0147,LIN028,FAC010,,MWO009271,2025-06-21 09:41:52,Tool Change,4.04,352,390305.28,Resolved,High
DTE007575,MCH0279,LIN001,FAC001,FLR002898,MWO001677,2023-11-02 07:00:11,Quality Hold,1.87,230,242765.8,Resolved,High
DTE007576,MCH0334,LIN018,FAC006,,MWO006309,2025-03-30 14:52:45,Changeover,3.08,622,494800.36,Resolved,Low
DTE007577,MCH0486,LIN029,FAC010,,MWO005182,2025-07-17 02:12:23,Quality Hold,3.9,515,616802.96,Resolved,High
DTE007578,MCH0362,LIN007,FAC003,,MWO006645,2023-12-27 11:10:07,Planned Maintenance,2.21,498,300668.62,Resolved,High
DTE007579,MCH0529,LIN014,FAC005,FLR001690,MWO001524,2024-03-17 07:53:40,Planned Maintenance,5.53,1045,881941.24,Resolved,Medium
DTE007580,MCH0165,LIN029,FAC010,,MWO010751,2023-11-24 01:59:55,Material Shortage,3.82,774,150419.11,Resolved,Medium
DTE007581,MCH0381,LIN011,FAC004,,MWO011828,2025-08-06 22:34:04,Power Failure,2.01,242,163415.15,Resolved,High
DTE007582,MCH0231,LIN008,FAC003,,MWO009987,2024-05-24 05:50:18,Planned Maintenance,2.36,421,341519.3,Resolved,Critical
DTE007583,MCH0561,LIN029,FAC010,,MWO007639,2024-09-07 10:06:28,Material Shortage,6.72,1108,395783.09,Resolved,Medium
DTE007584,MCH0168,LIN015,FAC005,,MWO009065,2023-12-09 21:04:10,Planned Maintenance,1.31,125,45719.83,Resolved,Medium
DTE007585,MCH0544,LIN003,FAC001,,MWO003830,2023-04-21 19:21:06,Planned Maintenance,5.21,356,123046.19,Open,Low
DTE007586,MCH0531,LIN021,FAC007,,MWO010341,2024-06-02 14:09:31,Planned Maintenance,10.44,1004,449326.69,Resolved,Low
DTE007587,MCH0147,LIN028,FAC010,,MWO003462,2023-01-25 11:59:20,Planned Maintenance,0.79,187,86864.28,Resolved,Medium
DTE007588,MCH0092,LIN005,FAC002,FLR000369,MWO000502,2025-08-25 18:11:41,Quality Hold,4.34,240,138472.12,Resolved,High
DTE007589,MCH0073,LIN002,FAC001,FLR002685,MWO002403,2026-01-22 18:03:21,Quality Hold,5.95,1324,748379.48,Resolved,Low
DTE007590,MCH0594,LIN016,FAC006,,MWO009124,2024-03-24 08:41:02,Planned Maintenance,1.56,190,110951.65,Resolved,High
DTE007591,MCH0430,LIN016,FAC006,,MWO007518,2023-01-18 21:11:22,Power Failure,2.17,305,45993.36,Resolved,Medium
DTE007592,MCH0430,LIN016,FAC006,,MWO005078,2026-01-26 06:03:58,Quality Hold,3.33,168,177220.47,Resolved,Medium
DTE007593,MCH0132,LIN018,FAC006,,MWO009719,2025-12-11 03:21:06,Tool Change,1.3,176,197856.3,Resolved,Medium
DTE007594,MCH0477,LIN007,FAC003,,MWO004214,2026-06-21 08:58:22,Planned Maintenance,3.07,709,520821.27,Resolved,Low
DTE007595,MCH0543,LIN019,FAC007,,MWO006589,2024-08-27 18:54:57,Material Shortage,1.03,229,256125.69,Open,Medium
DTE007596,MCH0393,LIN019,FAC007,,MWO003273,2025-08-16 04:21:20,Quality Hold,2.26,123,113075.05,Open,Medium
DTE007597,MCH0429,LIN004,FAC002,FLR000746,MWO000805,2026-04-18 18:10:14,Quality Hold,2.79,500,365181.18,Resolved,High
DTE007598,MCH0390,LIN011,FAC004,,MWO009865,2023-10-08 23:58:22,Planned Maintenance,2.57,406,84100.18,Resolved,Medium
DTE007599,MCH0269,LIN002,FAC001,,MWO009827,2024-11-15 08:56:33,Power Failure,2.8,115,48308.17,Resolved,Critical
DTE007600,MCH0585,LIN026,FAC009,,MWO011008,2025-05-09 07:16:31,Material Shortage,4.42,1030,1194156.5,Resolved,Critical
DTE007601,MCH0355,LIN029,FAC010,,MWO005640,2024-11-18 15:44:35,Changeover,3.43,248,149955.11,Resolved,High
DTE007602,MCH0154,LIN006,FAC002,,MWO003949,2025-10-03 05:29:07,Power Failure,5.56,597,344541.29,Resolved,Medium
DTE007603,MCH0463,LIN018,FAC006,FLR002854,MWO001857,2024-10-20 18:19:01,Planned Maintenance,2.04,196,48960.78,Resolved,Medium
DTE007604,MCH0103,LIN030,FAC010,,MWO007944,2025-02-17 19:48:42,Power Failure,3.88,441,513208.01,Resolved,High
DTE007605,MCH0377,LIN009,FAC003,FLR002559,MWO001108,2025-04-10 23:04:54,Changeover,4.32,664,622813.18,Resolved,Low
DTE007606,MCH0040,LIN003,FAC001,,MWO010622,2025-01-17 07:24:58,Planned Maintenance,1.26,198,178963.03,Resolved,Critical
DTE007607,MCH0314,LIN023,FAC008,FLR002222,MWO001587,2024-12-25 05:53:36,Power Failure,2.32,167,88096.92,Resolved,Medium
DTE007608,MCH0351,LIN021,FAC007,FLR002250,MWO000417,2026-04-12 14:55:33,Quality Hold,3.28,703,808763.48,Resolved,Low
DTE007609,MCH0427,LIN027,FAC009,,MWO007454,2023-01-06 10:53:17,Power Failure,11.02,2479,2628357.55,Resolved,Medium
DTE007610,MCH0213,LIN007,FAC003,,MWO003336,2024-11-03 12:30:08,Tool Change,2.15,367,294346.88,Resolved,Medium
DTE007611,MCH0478,LIN008,FAC003,,MWO011274,2023-09-21 01:17:06,Power Failure,2.79,569,262494.61,Resolved,High
DTE007612,MCH0530,LIN014,FAC005,FLR002538,MWO000539,2025-08-24 07:12:46,Material Shortage,1.31,224,58603.39,Resolved,Low
DTE007613,MCH0591,LIN016,FAC006,,MWO009692,2025-01-27 04:02:20,Planned Maintenance,1.4,196,177538.26,Resolved,Medium
DTE007614,MCH0306,LIN010,FAC004,FLR000893,MWO000196,2024-02-10 17:40:59,Quality Hold,3.62,389,448302.74,Open,High
DTE007615,MCH0011,LIN013,FAC005,,MWO006774,2023-05-16 11:15:02,Planned Maintenance,0.73,71,65602.9,Resolved,Low
DTE007616,MCH0415,LIN008,FAC003,FLR001126,MWO002617,2024-01-05 22:07:34,Changeover,2.28,504,157558.65,Resolved,Medium
DTE007617,MCH0019,LIN029,FAC010,,MWO006956,2024-12-28 15:26:10,Changeover,0.74,74,31688.69,Resolved,High
DTE007618,MCH0421,LIN007,FAC003,,MWO004489,2023-04-20 13:17:00,Material Shortage,4.88,1049,370670.51,Open,Medium
DTE007619,MCH0179,LIN010,FAC004,,MWO008212,2024-11-19 19:18:02,Quality Hold,5.13,208,134104.74,Resolved,Medium
DTE007620,MCH0218,LIN007,FAC003,,MWO003935,2025-07-03 04:17:24,Quality Hold,5.65,282,240532.37,Resolved,Medium
DTE007621,MCH0255,LIN005,FAC002,FLR001542,MWO001926,2023-09-04 07:00:31,Tool Change,0.7,156,102709.55,Resolved,Critical
DTE007622,MCH0002,LIN009,FAC003,,MWO011526,2025-09-19 02:40:56,Changeover,7.34,1530,1164660.06,Resolved,Low
DTE007623,MCH0484,LIN019,FAC007,,MWO006619,2024-03-27 08:49:11,Quality Hold,6.51,839,658420.23,Resolved,Medium
DTE007624,MCH0125,LIN008,FAC003,,MWO009606,2023-01-25 17:23:55,Changeover,2.43,336,276747.07,Resolved,Critical
DTE007625,MCH0491,LIN021,FAC007,,MWO006670,2026-05-30 14:41:17,Material Shortage,1.65,206,57063.52,Resolved,Medium
DTE007626,MCH0537,LIN013,FAC005,,MWO006389,2024-04-28 01:45:00,Changeover,2.42,394,420496.52,Resolved,Medium
DTE007627,MCH0043,LIN023,FAC008,FLR000672,MWO002421,2024-06-05 19:30:38,Changeover,6.58,893,1028749.98,Open,Medium
DTE007628,MCH0228,LIN011,FAC004,FLR001788,MWO001172,2023-07-12 09:58:32,Changeover,5.94,1196,643147.0,Resolved,Medium
DTE007629,MCH0459,LIN006,FAC002,,MWO009735,2023-02-09 00:31:34,Material Shortage,5.02,1101,1252987.48,Resolved,Medium
DTE007630,MCH0374,LIN013,FAC005,FLR001422,MWO001974,2024-08-26 11:01:03,Tool Change,0.18,22,20166.55,Resolved,Medium
DTE007631,MCH0368,LIN016,FAC006,,MWO009571,2025-06-10 01:01:36,Material Shortage,6.55,401,129309.75,Resolved,High
DTE007632,MCH0577,LIN009,FAC003,,MWO010470,2025-11-30 15:04:50,Planned Maintenance,4.08,549,294753.11,Resolved,Critical
DTE007633,MCH0281,LIN027,FAC009,,MWO009437,2023-05-04 06:48:28,Tool Change,1.14,252,72893.27,Open,Critical
DTE007634,MCH0056,LIN027,FAC009,FLR001516,MWO001464,2026-01-04 01:57:48,Quality Hold,0.83,54,19584.41,Resolved,Medium
DTE007635,MCH0053,LIN007,FAC003,,MWO005369,2025-12-15 15:00:37,Changeover,1.65,84,77877.17,Resolved,High
DTE007636,MCH0589,LIN023,FAC008,FLR002680,MWO001333,2024-08-06 15:08:11,Material Shortage,7.52,498,490698.67,Resolved,High
DTE007637,MCH0276,LIN012,FAC004,,MWO005056,2025-07-27 06:08:33,Planned Maintenance,3.98,638,650198.57,Resolved,Medium
DTE007638,MCH0195,LIN014,FAC005,,MWO003403,2024-12-14 09:51:51,Power Failure,0.37,48,33148.05,Resolved,Medium
DTE007639,MCH0186,LIN010,FAC004,,MWO004467,2025-08-31 05:32:49,Power Failure,5.81,1111,913689.46,Resolved,High
DTE007640,MCH0267,LIN013,FAC005,,MWO011844,2024-11-29 12:36:09,Tool Change,7.36,440,182338.95,Resolved,Medium
DTE007641,MCH0325,LIN011,FAC004,,MWO010190,2025-10-31 06:42:35,Power Failure,3.52,228,73249.86,Resolved,High
DTE007642,MCH0561,LIN029,FAC010,,MWO003083,2025-01-18 09:38:03,Tool Change,3.14,193,127783.23,Resolved,Low
DTE007643,MCH0254,LIN013,FAC005,,MWO005469,2024-10-07 21:53:21,Planned Maintenance,2.69,175,73102.82,Resolved,Medium
DTE007644,MCH0313,LIN018,FAC006,,MWO004583,2023-08-29 11:24:52,Power Failure,2.5,175,192677.77,Resolved,Low
DTE007645,MCH0084,LIN022,FAC008,,MWO004265,2023-11-11 10:54:07,Tool Change,8.08,696,423391.66,Resolved,Low
DTE007646,MCH0530,LIN014,FAC005,FLR000241,MWO000342,2024-04-21 15:00:42,Power Failure,0.19,22,24776.85,Resolved,High
DTE007647,MCH0410,LIN016,FAC006,FLR002142,MWO001130,2025-08-01 09:24:07,Changeover,3.0,454,380614.01,Resolved,High
DTE007648,MCH0069,LIN018,FAC006,,MWO008253,2023-04-06 10:58:47,Power Failure,2.66,119,25264.45,Resolved,High
DTE007649,MCH0394,LIN001,FAC001,,MWO005120,2025-10-16 00:27:55,Power Failure,2.67,539,327594.89,Resolved,High
DTE007650,MCH0220,LIN023,FAC008,,MWO007885,2026-06-24 02:34:39,Power Failure,0.99,80,43275.06,Resolved,High
DTE007651,MCH0176,LIN008,FAC003,,MWO005274,2024-10-20 09:08:51,Quality Hold,1.46,309,165444.85,Resolved,Critical
DTE007652,MCH0481,LIN004,FAC002,,MWO009551,2024-06-08 02:02:49,Material Shortage,4.73,446,312198.6,Resolved,Medium
DTE007653,MCH0513,LIN027,FAC009,,MWO006903,2024-07-24 04:28:51,Planned Maintenance,7.78,934,258087.74,Resolved,Medium
DTE007654,MCH0586,LIN014,FAC005,,MWO004077,2023-05-01 11:32:45,Changeover,2.64,625,253758.28,Resolved,Medium
DTE007655,MCH0070,LIN030,FAC010,FLR001494,MWO002291,2025-07-07 21:40:52,Changeover,3.27,228,115380.23,Resolved,Critical
DTE007656,MCH0450,LIN022,FAC008,FLR002276,MWO001875,2025-11-02 01:09:26,Changeover,3.28,295,100357.57,Resolved,High
DTE007657,MCH0196,LIN005,FAC002,,MWO005203,2023-06-25 22:01:44,Power Failure,0.76,83,16544.52,Resolved,Medium
DTE007658,MCH0439,LIN026,FAC009,FLR000183,MWO000834,2024-11-02 06:49:14,Quality Hold,2.31,532,495241.57,Resolved,Low
DTE007659,MCH0398,LIN029,FAC010,,MWO005701,2023-06-16 15:44:00,Power Failure,6.22,1279,399048.27,Resolved,Medium
DTE007660,MCH0233,LIN015,FAC005,,MWO006900,2024-07-02 15:26:55,Power Failure,2.1,202,129965.68,Resolved,Critical
DTE007661,MCH0092,LIN005,FAC002,FLR000316,MWO001113,2023-02-15 12:21:40,Power Failure,1.99,224,64046.63,Resolved,High
DTE007662,MCH0207,LIN003,FAC001,,MWO011442,2026-01-23 21:18:46,Power Failure,1.03,244,49826.25,Resolved,Medium
DTE007663,MCH0198,LIN003,FAC001,,MWO006228,2025-02-13 09:12:02,Planned Maintenance,9.53,2170,2350384.53,Resolved,Critical
DTE007664,MCH0427,LIN027,FAC009,,MWO009881,2025-10-19 10:02:49,Quality Hold,6.67,819,412703.19,Resolved,Medium
DTE007665,MCH0128,LIN027,FAC009,FLR000728,MWO001420,2024-02-26 05:02:05,Material Shortage,2.08,425,96361.83,Resolved,High
DTE007666,MCH0035,LIN005,FAC002,,MWO003079,2023-07-16 14:02:52,Power Failure,2.77,541,585360.97,Open,Medium
DTE007667,MCH0105,LIN004,FAC002,,MWO010173,2024-09-13 11:22:53,Quality Hold,11.8,2701,480862.74,Resolved,Medium
DTE007668,MCH0347,LIN015,FAC005,FLR001153,MWO002381,2024-09-13 18:28:44,Changeover,2.76,306,169033.97,Resolved,Medium
DTE007669,MCH0371,LIN005,FAC002,,MWO003370,2026-03-23 14:56:23,Changeover,3.1,416,285571.37,Resolved,Low
DTE007670,MCH0084,LIN022,FAC008,,MWO006543,2023-02-13 05:14:58,Quality Hold,1.92,136,151502.9,Resolved,Medium
DTE007671,MCH0582,LIN013,FAC005,FLR002386,MWO002279,2025-12-10 00:50:20,Tool Change,1.57,104,100527.81,Resolved,High
DTE007672,MCH0415,LIN008,FAC003,FLR002807,MWO001140,2023-12-13 17:15:20,Changeover,2.92,420,117959.62,Resolved,Medium
DTE007673,MCH0251,LIN017,FAC006,FLR002670,MWO001263,2025-12-09 21:36:34,Power Failure,0.87,93,94819.2,Resolved,Medium
DTE007674,MCH0470,LIN002,FAC001,FLR001426,MWO000003,2024-06-22 01:36:00,Power Failure,12.25,742,503656.14,Resolved,Medium
DTE007675,MCH0397,LIN010,FAC004,,MWO007122,2023-01-27 15:24:12,Changeover,0.16,19,4237.01,Resolved,Critical
DTE007676,MCH0187,LIN006,FAC002,FLR002938,MWO002229,2023-06-24 23:42:02,Quality Hold,3.94,277,76982.18,Resolved,High
DTE007677,MCH0094,LIN005,FAC002,,MWO011815,2025-11-04 02:40:50,Power Failure,6.22,479,157743.12,Resolved,High
DTE007678,MCH0031,LIN010,FAC004,,MWO011156,2025-04-08 23:42:54,Planned Maintenance,0.57,96,98795.96,Open,High
DTE007679,MCH0558,LIN025,FAC009,,MWO006042,2023-07-13 13:53:54,Power Failure,0.37,33,9920.55,Resolved,High
DTE007680,MCH0297,LIN018,FAC006,,MWO004631,2024-09-11 10:19:16,Material Shortage,3.41,279,226032.81,Resolved,High
DTE007681,MCH0313,LIN018,FAC006,,MWO008929,2025-04-23 08:43:27,Tool Change,4.55,939,1074981.81,Resolved,High
DTE007682,MCH0144,LIN010,FAC004,,MWO005498,2024-11-07 13:59:28,Quality Hold,1.07,74,37904.43,Resolved,High
DTE007683,MCH0149,LIN004,FAC002,,MWO006100,2025-02-20 22:37:02,Material Shortage,2.32,329,282176.3,Resolved,Critical
DTE007684,MCH0085,LIN020,FAC007,,MWO007821,2023-07-23 07:37:27,Changeover,4.97,264,202538.84,Resolved,Medium
DTE007685,MCH0058,LIN028,FAC010,,MWO006508,2024-09-23 22:49:02,Power Failure,1.46,154,106749.36,Resolved,High
DTE007686,MCH0589,LIN023,FAC008,FLR002002,MWO001229,2023-10-26 22:55:15,Quality Hold,0.8,60,55768.47,Open,Medium
DTE007687,MCH0158,LIN027,FAC009,FLR002772,MWO002344,2026-03-07 02:08:15,Changeover,2.52,310,79885.35,Open,High
DTE007688,MCH0137,LIN006,FAC002,,MWO005073,2026-02-02 23:48:09,Power Failure,17.2,3263,716350.27,Resolved,High
DTE007689,MCH0235,LIN025,FAC009,,MWO010040,2024-03-08 03:29:44,Power Failure,1.56,95,43118.83,Resolved,High
DTE007690,MCH0556,LIN013,FAC005,,MWO009920,2024-12-20 11:11:19,Material Shortage,3.44,233,155919.66,Resolved,High
DTE007691,MCH0390,LIN011,FAC004,,MWO003198,2024-12-05 13:33:17,Power Failure,3.74,437,501272.91,Resolved,Medium
DTE007692,MCH0016,LIN009,FAC003,,MWO010133,2026-05-07 19:46:30,Quality Hold,1.97,271,145111.0,Resolved,Critical
DTE007693,MCH0083,LIN010,FAC004,,MWO011654,2023-08-07 12:51:55,Tool Change,2.63,164,191231.63,Resolved,High
DTE007694,MCH0165,LIN029,FAC010,,MWO005079,2024-12-20 17:29:17,Material Shortage,2.46,318,114797.03,Resolved,High
DTE007695,MCH0308,LIN025,FAC009,FLR001006,MWO000778,2023-08-17 19:08:00,Material Shortage,2.12,277,224701.99,Resolved,Medium
DTE007696,MCH0083,LIN010,FAC004,,MWO007775,2024-12-14 18:34:41,Power Failure,2.56,156,83949.04,Open,Critical
DTE007697,MCH0298,LIN016,FAC006,,MWO006786,2025-08-13 11:31:22,Power Failure,3.18,383,108117.78,Resolved,Low
DTE007698,MCH0214,LIN018,FAC006,,MWO007169,2023-08-17 03:36:26,Quality Hold,6.66,1371,1548512.88,Resolved,High
DTE007699,MCH0485,LIN007,FAC003,,MWO005706,2025-03-02 03:53:43,Power Failure,2.51,386,364166.43,Resolved,Low
DTE007700,MCH0358,LIN027,FAC009,,MWO007735,2025-05-29 07:47:21,Tool Change,5.79,1296,711389.31,Resolved,Medium
DTE007701,MCH0574,LIN029,FAC010,FLR001527,MWO000723,2026-06-03 15:31:05,Material Shortage,0.13,22,21234.22,Resolved,Medium
DTE007702,MCH0054,LIN006,FAC002,,MWO009528,2023-11-07 21:40:38,Tool Change,9.27,953,988692.55,Resolved,High
DTE007703,MCH0570,LIN005,FAC002,,MWO003525,2024-06-09 21:41:15,Power Failure,0.86,75,61481.45,Resolved,High
DTE007704,MCH0296,LIN026,FAC009,,MWO005929,2025-12-17 12:43:53,Planned Maintenance,5.43,504,324897.49,Open,Medium
DTE007705,MCH0026,LIN006,FAC002,,MWO007373,2025-05-17 10:16:39,Quality Hold,1.83,136,162494.68,Resolved,Medium
DTE007706,MCH0364,LIN029,FAC010,,MWO007665,2026-05-09 09:16:35,Planned Maintenance,4.78,270,304023.07,Resolved,High
DTE007707,MCH0014,LIN029,FAC010,,MWO008396,2023-05-27 11:35:15,Quality Hold,6.18,378,393049.5,Resolved,Medium
DTE007708,MCH0422,LIN002,FAC001,,MWO005151,2026-01-04 05:49:05,Power Failure,1.9,289,330312.54,Resolved,Medium
DTE007709,MCH0524,LIN016,FAC006,,MWO004174,2025-03-11 02:37:33,Tool Change,3.06,285,174270.85,Resolved,High
DTE007710,MCH0574,LIN029,FAC010,FLR001527,MWO001863,2026-06-03 08:50:10,Power Failure,1.12,59,63484.58,Resolved,Medium
DTE007711,MCH0444,LIN012,FAC004,,MWO011005,2025-01-21 06:21:26,Tool Change,1.94,201,32550.7,Resolved,High
DTE007712,MCH0302,LIN016,FAC006,,MWO006970,2023-02-01 04:22:36,Tool Change,7.35,1163,586975.42,Resolved,High
DTE007713,MCH0420,LIN015,FAC005,,MWO007291,2023-07-29 17:06:14,Quality Hold,2.42,300,208138.28,Resolved,Medium
DTE007714,MCH0190,LIN002,FAC001,,MWO010283,2025-06-05 14:01:57,Quality Hold,1.87,248,153194.81,Open,Low
DTE007715,MCH0098,LIN002,FAC001,,MWO008039,2025-02-16 02:26:15,Power Failure,6.8,1138,1292662.3,Resolved,Medium
DTE007716,MCH0278,LIN002,FAC001,,MWO009465,2025-11-29 15:35:40,Changeover,1.35,290,185059.73,Resolved,High
DTE007717,MCH0588,LIN006,FAC002,,MWO009435,2026-02-26 08:17:02,Power Failure,1.34,76,69477.11,Resolved,High
DTE007718,MCH0014,LIN029,FAC010,,MWO008396,2023-05-27 11:35:15,Tool Change,9.77,1993,1032748.46,Resolved,High
DTE007719,MCH0435,LIN027,FAC009,,MWO009520,2025-01-31 10:36:11,Tool Change,4.38,457,468886.71,Resolved,Medium
DTE007720,MCH0182,LIN025,FAC009,,MWO003505,2024-01-09 06:41:28,Tool Change,1.38,63,59192.95,Resolved,High
DTE007721,MCH0204,LIN002,FAC001,FLR000816,MWO000593,2023-11-03 20:52:10,Material Shortage,3.0,288,221237.87,Resolved,High
DTE007722,MCH0506,LIN001,FAC001,FLR001836,MWO002862,2024-06-21 11:56:52,Quality Hold,0.8,117,119704.21,Resolved,High
DTE007723,MCH0485,LIN007,FAC003,,MWO004903,2023-10-06 21:26:05,Tool Change,1.16,49,49157.04,Resolved,Low
DTE007724,MCH0432,LIN025,FAC009,,MWO010068,2023-12-26 11:57:21,Tool Change,0.38,70,46520.4,Resolved,Medium
DTE007725,MCH0296,LIN026,FAC009,,MWO010435,2024-07-19 18:12:04,Planned Maintenance,5.91,1086,676943.6,Resolved,Low
DTE007726,MCH0446,LIN004,FAC002,,MWO009995,2025-06-17 16:59:44,Power Failure,2.53,530,579083.78,Resolved,Critical
DTE007727,MCH0269,LIN002,FAC001,FLR000118,MWO002029,2023-06-20 04:45:27,Quality Hold,1.19,270,299625.35,Resolved,Medium
DTE007728,MCH0411,LIN006,FAC002,,MWO004679,2025-11-28 20:01:01,Quality Hold,0.9,56,56070.48,Resolved,Medium
DTE007729,MCH0120,LIN007,FAC003,,MWO005711,2023-04-27 23:05:21,Quality Hold,2.7,298,266115.24,Resolved,High
DTE007730,MCH0173,LIN020,FAC007,,MWO006091,2026-02-24 03:17:27,Material Shortage,1.58,204,233061.86,Open,Low
DTE007731,MCH0568,LIN019,FAC007,,MWO005487,2023-09-10 10:32:27,Tool Change,2.38,205,58621.07,Resolved,High
DTE007732,MCH0206,LIN007,FAC003,,MWO006458,2024-01-19 08:24:31,Power Failure,1.45,337,262522.39,Resolved,High
DTE007733,MCH0125,LIN008,FAC003,,MWO011007,2024-10-24 20:16:08,Changeover,0.47,77,74224.37,Resolved,High
DTE007734,MCH0157,LIN029,FAC010,,MWO005823,2023-11-13 19:09:32,Power Failure,2.01,448,451998.51,Resolved,Low
DTE007735,MCH0161,LIN008,FAC003,FLR000465,MWO001710,2023-09-16 04:39:37,Power Failure,11.87,2282,1966226.01,Resolved,High
DTE007736,MCH0459,LIN006,FAC002,,MWO009735,2023-02-09 00:31:34,Changeover,7.74,1442,540429.71,Resolved,Medium
DTE007737,MCH0421,LIN007,FAC003,FLR000599,MWO000511,2024-11-29 21:11:14,Changeover,5.25,900,1001069.87,Resolved,High
DTE007738,MCH0417,LIN001,FAC001,FLR002412,MWO002831,2025-05-01 00:12:20,Changeover,3.7,534,464900.4,Resolved,Low
DTE007739,MCH0174,LIN023,FAC008,,MWO003298,2023-05-04 19:47:14,Quality Hold,3.48,391,456097.03,Open,Critical
DTE007740,MCH0054,LIN006,FAC002,,MWO006373,2025-08-25 04:19:40,Tool Change,6.29,829,538681.33,Open,High
DTE007741,MCH0289,LIN010,FAC004,FLR001195,MWO002004,2026-05-19 22:04:22,Tool Change,0.39,26,10538.16,Resolved,Critical
DTE007742,MCH0553,LIN013,FAC005,,MWO011936,2023-11-20 04:40:22,Quality Hold,4.1,891,151364.97,Resolved,Medium
DTE007743,MCH0025,LIN017,FAC006,FLR001063,MWO002536,2025-03-12 15:09:21,Tool Change,3.07,368,427410.42,Resolved,Medium
DTE007744,MCH0555,LIN021,FAC007,,MWO003551,2023-01-31 09:33:29,Tool Change,0.91,146,62173.23,Resolved,Medium
DTE007745,MCH0190,LIN002,FAC001,FLR001809,MWO002501,2025-10-25 17:36:55,Power Failure,0.93,166,51110.33,Resolved,Low
DTE007746,MCH0039,LIN009,FAC003,,MWO006406,2024-07-30 18:23:20,Planned Maintenance,1.62,250,138866.39,Resolved,High
DTE007747,MCH0220,LIN023,FAC008,FLR000937,MWO001290,2023-06-11 21:57:06,Tool Change,2.03,215,113022.29,Resolved,High
DTE007748,MCH0295,LIN020,FAC007,,MWO008773,2025-02-10 11:46:08,Power Failure,8.53,1237,412374.67,Resolved,High
DTE007749,MCH0030,LIN022,FAC008,FLR001535,MWO000036,2023-03-25 21:14:06,Power Failure,3.62,528,197918.94,Resolved,Medium
DTE007750,MCH0074,LIN001,FAC001,FLR002138,MWO002609,2025-07-31 07:49:11,Material Shortage,1.3,263,80299.14,Resolved,High
DTE007751,MCH0139,LIN012,FAC004,,MWO005509,2023-12-25 08:27:18,Changeover,2.31,148,155964.99,Resolved,Medium
DTE007752,MCH0410,LIN016,FAC006,,MWO009642,2025-07-12 09:07:43,Material Shortage,9.02,1348,910578.4,Resolved,High
DTE007753,MCH0446,LIN004,FAC002,,MWO007576,2025-11-06 04:45:18,Planned Maintenance,0.94,81,35996.62,Resolved,Critical
DTE007754,MCH0396,LIN028,FAC010,,MWO006099,2026-03-17 21:58:50,Quality Hold,0.66,67,20715.65,Resolved,Medium
DTE007755,MCH0591,LIN016,FAC006,FLR000929,MWO002953,2025-12-03 04:50:19,Tool Change,0.62,42,41748.98,Resolved,Low
DTE007756,MCH0179,LIN010,FAC004,,MWO009325,2024-02-18 10:11:42,Power Failure,1.8,340,121358.18,Open,Medium
DTE007757,MCH0365,LIN014,FAC005,,MWO005187,2024-05-23 05:53:51,Planned Maintenance,3.6,828,584555.03,Resolved,Medium
DTE007758,MCH0242,LIN001,FAC001,FLR001538,MWO002113,2023-02-26 01:25:04,Changeover,4.97,619,646640.36,Resolved,Low
DTE007759,MCH0197,LIN001,FAC001,,MWO009980,2024-08-30 19:01:28,Planned Maintenance,2.06,381,281716.57,Resolved,High
DTE007760,MCH0161,LIN008,FAC003,,MWO007757,2026-01-30 02:18:30,Planned Maintenance,3.25,270,182483.53,Resolved,Low
DTE007761,MCH0044,LIN012,FAC004,FLR002286,MWO001089,2025-12-01 17:58:46,Changeover,10.11,807,946993.25,Resolved,Medium
DTE007762,MCH0097,LIN022,FAC008,,MWO003902,2025-10-12 05:16:27,Material Shortage,5.56,459,490398.42,Resolved,Low
DTE007763,MCH0138,LIN003,FAC001,,MWO008845,2025-01-22 10:04:49,Changeover,6.26,1352,1385504.57,Resolved,High
DTE007764,MCH0364,LIN029,FAC010,,MWO008629,2024-06-13 12:28:08,Quality Hold,4.25,909,1022718.03,Resolved,Critical
DTE007765,MCH0143,LIN020,FAC007,FLR002812,MWO000456,2026-05-31 03:31:48,Tool Change,1.94,200,226513.06,Resolved,Low
DTE007766,MCH0129,LIN003,FAC001,,MWO007071,2024-08-31 05:40:01,Tool Change,1.92,393,345457.6,Resolved,Low
DTE007767,MCH0545,LIN004,FAC002,,MWO005069,2024-04-21 01:08:46,Changeover,7.31,819,193269.11,Open,Medium
DTE007768,MCH0183,LIN025,FAC009,FLR002323,MWO001718,2025-08-23 21:01:02,Power Failure,0.42,93,44423.52,Resolved,High
DTE007769,MCH0111,LIN012,FAC004,,MWO011685,2024-02-26 04:22:54,Quality Hold,2.4,193,41684.52,Resolved,High
DTE007770,MCH0095,LIN022,FAC008,,MWO008613,2026-04-02 05:30:00,Quality Hold,10.13,1898,2069746.47,Resolved,High
DTE007771,MCH0572,LIN017,FAC006,,MWO007330,2023-06-21 06:25:20,Material Shortage,1.74,338,390074.24,Resolved,Low
DTE007772,MCH0056,LIN027,FAC009,FLR002371,MWO002108,2026-03-24 11:00:47,Quality Hold,5.79,711,680494.89,Open,High
DTE007773,MCH0569,LIN014,FAC005,,MWO006080,2023-08-26 16:09:49,Changeover,7.24,1507,1118046.46,Resolved,High
DTE007774,MCH0133,LIN013,FAC005,FLR002610,MWO001314,2024-10-27 10:18:01,Tool Change,1.27,287,310201.03,Resolved,High
DTE007775,MCH0329,LIN014,FAC005,,MWO005144,2026-04-21 11:37:34,Tool Change,1.25,164,134650.98,Resolved,Medium
DTE007776,MCH0468,LIN030,FAC010,FLR001237,MWO001416,2026-06-08 22:03:09,Changeover,2.43,432,431925.3,Resolved,Low
DTE007777,MCH0197,LIN001,FAC001,,MWO008688,2024-12-06 22:59:47,Tool Change,8.64,1894,507559.88,Resolved,Medium
DTE007778,MCH0285,LIN007,FAC003,,MWO008241,2024-03-06 18:20:42,Power Failure,3.84,892,546006.03,Resolved,High
DTE007779,MCH0127,LIN004,FAC002,FLR000276,MWO000569,2023-02-07 08:42:47,Power Failure,8.55,1884,412071.37,Resolved,High
DTE007780,MCH0480,LIN019,FAC007,,MWO004993,2023-06-09 09:46:46,Quality Hold,2.06,142,142012.32,Resolved,Critical
DTE007781,MCH0508,LIN010,FAC004,FLR000621,MWO001152,2026-06-17 22:15:35,Planned Maintenance,4.14,569,295298.04,Resolved,High
DTE007782,MCH0428,LIN011,FAC004,,MWO004203,2023-09-28 15:31:54,Quality Hold,1.44,80,18398.62,Resolved,High
DTE007783,MCH0532,LIN007,FAC003,,MWO005709,2024-12-06 01:35:33,Power Failure,0.51,30,12761.35,Resolved,Low
DTE007784,MCH0149,LIN004,FAC002,,MWO003104,2025-06-17 07:27:22,Quality Hold,0.51,48,43214.1,Resolved,Medium
DTE007785,MCH0017,LIN015,FAC005,,MWO008860,2026-04-11 06:09:29,Tool Change,6.17,1090,1084325.0,Resolved,High
DTE007786,MCH0242,LIN001,FAC001,FLR001538,MWO002113,2023-02-26 01:25:04,Quality Hold,1.46,85,30685.77,Resolved,High
DTE007787,MCH0153,LIN017,FAC006,,MWO010677,2023-10-17 20:22:13,Material Shortage,2.04,435,450308.26,Open,Medium
DTE007788,MCH0117,LIN013,FAC005,,MWO003549,2023-09-29 21:17:24,Changeover,8.56,1698,1023345.62,Resolved,High
DTE007789,MCH0240,LIN015,FAC005,FLR002474,MWO000084,2024-04-12 10:18:10,Quality Hold,2.92,428,271767.96,Resolved,Low
DTE007790,MCH0228,LIN011,FAC004,FLR001788,MWO000744,2023-07-12 09:28:47,Material Shortage,1.78,187,183092.57,Resolved,Low
DTE007791,MCH0140,LIN013,FAC005,,MWO010526,2025-08-21 14:32:40,Quality Hold,3.92,294,152672.43,Resolved,High
DTE007792,MCH0396,LIN028,FAC010,FLR001826,MWO001323,2023-08-28 23:30:54,Planned Maintenance,1.14,78,42310.74,Resolved,High
DTE007793,MCH0495,LIN009,FAC003,,MWO004425,2025-04-08 12:50:06,Quality Hold,8.36,1552,981579.35,Resolved,High
DTE007794,MCH0034,LIN007,FAC003,,MWO011321,2023-11-20 14:17:17,Material Shortage,5.27,1178,798668.02,Resolved,High
DTE007795,MCH0113,LIN015,FAC005,,MWO003495,2024-04-25 08:06:57,Changeover,3.34,268,94924.04,Resolved,Medium
DTE007796,MCH0359,LIN019,FAC007,,MWO009111,2025-07-25 22:00:43,Planned Maintenance,2.95,264,148728.8,Resolved,Critical
DTE007797,MCH0428,LIN011,FAC004,FLR000648,MWO000062,2023-07-06 22:22:42,Changeover,5.63,750,462510.38,Resolved,Medium
DTE007798,MCH0185,LIN018,FAC006,,MWO011070,2024-09-26 22:23:49,Tool Change,3.2,220,136542.71,Open,High
DTE007799,MCH0008,LIN015,FAC005,FLR001374,MWO001203,2023-03-15 03:29:30,Tool Change,2.12,247,106895.61,Resolved,Low
DTE007800,MCH0573,LIN004,FAC002,,MWO004235,2024-12-30 00:58:49,Planned Maintenance,2.55,144,157320.76,Resolved,Critical
DTE007801,MCH0016,LIN009,FAC003,,MWO008016,2023-06-10 07:10:33,Quality Hold,1.53,366,146027.94,Resolved,Critical
DTE007802,MCH0211,LIN018,FAC006,,MWO004257,2023-06-24 02:45:13,Material Shortage,11.71,2777,2833236.33,Resolved,Medium
DTE007803,MCH0073,LIN002,FAC001,,MWO005370,2024-10-07 06:53:30,Power Failure,3.49,563,486555.48,Open,Low
DTE007804,MCH0151,LIN020,FAC007,,MWO008639,2023-01-08 23:18:54,Tool Change,2.89,523,286257.2,Resolved,Medium
DTE007805,MCH0395,LIN004,FAC002,,MWO009776,2025-10-27 21:50:06,Planned Maintenance,1.87,132,155245.41,Resolved,Medium
DTE007806,MCH0118,LIN016,FAC006,,MWO010351,2024-02-14 12:35:07,Tool Change,3.87,302,260931.04,Resolved,Low
DTE007807,MCH0018,LIN026,FAC009,,MWO004966,2023-08-28 22:58:04,Tool Change,7.44,731,755577.84,Resolved,Medium
DTE007808,MCH0424,LIN022,FAC008,FLR001585,MWO002243,2024-12-15 22:32:17,Planned Maintenance,0.93,68,42103.73,Resolved,Medium
DTE007809,MCH0589,LIN023,FAC008,,MWO009044,2023-07-06 07:23:26,Planned Maintenance,1.63,173,67465.81,Resolved,Low
DTE007810,MCH0116,LIN010,FAC004,,MWO004981,2026-05-31 12:26:28,Material Shortage,0.72,66,11455.01,Resolved,High
DTE007811,MCH0381,LIN011,FAC004,,MWO009868,2024-06-14 22:34:47,Material Shortage,2.39,525,619532.39,Open,High
DTE007812,MCH0238,LIN007,FAC003,,MWO010666,2026-06-14 04:42:24,Material Shortage,4.92,808,339668.53,Resolved,Medium
DTE007813,MCH0088,LIN015,FAC005,,MWO010360,2026-03-18 02:32:59,Power Failure,1.18,196,216781.87,Open,Medium
DTE007814,MCH0009,LIN026,FAC009,,MWO011080,2025-11-25 00:31:14,Planned Maintenance,4.41,794,152091.94,Resolved,Medium
DTE007815,MCH0597,LIN012,FAC004,,MWO003212,2023-04-12 22:29:20,Quality Hold,4.96,444,276932.28,Open,Medium
DTE007816,MCH0401,LIN015,FAC005,,MWO009492,2024-02-08 21:50:38,Power Failure,2.86,461,499629.37,Open,High
DTE007817,MCH0250,LIN007,FAC003,,MWO006912,2023-07-04 16:43:50,Planned Maintenance,1.49,199,235062.13,Resolved,High
DTE007818,MCH0532,LIN007,FAC003,,MWO005709,2024-12-06 01:35:33,Quality Hold,1.42,173,116611.01,Resolved,Critical
DTE007819,MCH0297,LIN018,FAC006,,MWO010770,2023-01-01 14:50:35,Material Shortage,1.3,72,68283.85,Resolved,Low
DTE007820,MCH0391,LIN007,FAC003,,MWO004617,2025-01-16 08:39:15,Changeover,1.28,176,87397.42,Open,Medium
DTE007821,MCH0401,LIN015,FAC005,,MWO005478,2024-03-04 20:50:35,Tool Change,1.11,88,43590.07,Resolved,Medium
DTE007822,MCH0114,LIN004,FAC002,,MWO009712,2024-08-18 00:51:16,Quality Hold,4.86,507,151263.8,Resolved,High
DTE007823,MCH0245,LIN030,FAC010,FLR000226,MWO000827,2025-05-23 15:06:58,Power Failure,2.11,98,36712.64,Resolved,High
DTE007824,MCH0586,LIN014,FAC005,FLR002980,MWO001302,2025-11-30 13:04:25,Planned Maintenance,6.17,363,385885.58,Resolved,Medium
DTE007825,MCH0521,LIN019,FAC007,,MWO008407,2026-02-10 11:50:02,Tool Change,4.68,250,115786.26,Resolved,High
DTE007826,MCH0594,LIN016,FAC006,FLR002117,MWO000889,2023-12-29 09:27:36,Quality Hold,5.44,1016,925515.44,Resolved,Medium
DTE007827,MCH0573,LIN004,FAC002,,MWO005557,2023-08-25 12:15:16,Power Failure,2.0,350,111571.29,Resolved,Medium
DTE007828,MCH0522,LIN024,FAC008,,MWO008715,2023-03-06 05:38:45,Quality Hold,3.0,387,417486.92,Resolved,Medium
DTE007829,MCH0500,LIN025,FAC009,,MWO009933,2023-02-09 12:06:04,Power Failure,2.83,632,691245.63,Resolved,High
DTE007830,MCH0547,LIN005,FAC002,,MWO010934,2023-11-25 04:16:54,Tool Change,1.48,251,69284.92,Resolved,High
DTE007831,MCH0093,LIN027,FAC009,,MWO006287,2025-12-23 07:52:52,Power Failure,3.12,275,270190.09,Resolved,Medium
DTE007832,MCH0509,LIN021,FAC007,,MWO005065,2024-05-21 00:02:16,Planned Maintenance,8.12,689,486440.71,Resolved,Low
DTE007833,MCH0235,LIN025,FAC009,,MWO008247,2026-01-07 15:55:56,Tool Change,1.53,240,87621.27,Resolved,Critical
DTE007834,MCH0368,LIN016,FAC006,,MWO004140,2024-04-17 12:08:59,Changeover,2.72,496,517256.07,Open,Critical
DTE007835,MCH0480,LIN019,FAC007,,MWO004993,2023-06-09 09:46:46,Tool Change,2.49,295,346910.18,Resolved,High
DTE007836,MCH0482,LIN024,FAC008,,MWO010195,2025-09-18 14:15:25,Material Shortage,0.6,101,91143.84,Resolved,High
DTE007837,MCH0163,LIN007,FAC003,,MWO010612,2023-11-19 21:17:53,Power Failure,3.67,503,119611.29,Resolved,Medium
DTE007838,MCH0318,LIN006,FAC002,,MWO003143,2023-01-13 19:38:53,Quality Hold,3.18,219,153113.75,Resolved,Medium
DTE007839,MCH0204,LIN002,FAC001,,MWO003702,2023-10-31 10:09:08,Tool Change,1.27,65,65558.86,Resolved,High
DTE007840,MCH0353,LIN002,FAC001,FLR001763,MWO002644,2023-06-10 03:01:20,Planned Maintenance,7.15,1418,665736.59,Resolved,Low
DTE007841,MCH0387,LIN005,FAC002,,MWO003627,2023-11-07 20:23:02,Power Failure,3.07,338,332621.25,Resolved,Medium
DTE007842,MCH0347,LIN015,FAC005,FLR002745,MWO002323,2023-05-11 08:49:53,Power Failure,1.43,140,65589.19,Resolved,High
DTE007843,MCH0516,LIN030,FAC010,,MWO006147,2025-03-29 08:17:30,Tool Change,2.67,280,174917.47,Resolved,High
DTE007844,MCH0133,LIN013,FAC005,,MWO004500,2024-05-17 18:56:17,Material Shortage,3.39,303,280424.14,Resolved,Medium
DTE007845,MCH0022,LIN024,FAC008,,MWO010592,2023-12-08 22:32:10,Planned Maintenance,2.51,165,61499.3,Open,High
DTE007846,MCH0491,LIN021,FAC007,,MWO004155,2023-12-12 04:57:22,Material Shortage,1.44,218,173508.83,Resolved,Low
DTE007847,MCH0190,LIN002,FAC001,FLR000999,MWO002687,2024-05-03 05:00:23,Power Failure,4.29,816,817720.96,Resolved,High
DTE007848,MCH0213,LIN007,FAC003,,MWO004046,2025-03-04 10:23:43,Changeover,1.75,349,95840.55,Resolved,High
DTE007849,MCH0341,LIN006,FAC002,FLR002064,MWO000859,2026-06-14 19:59:43,Material Shortage,0.05,7,3356.06,Resolved,High
DTE007850,MCH0140,LIN013,FAC005,,MWO004378,2024-05-07 21:16:49,Changeover,6.37,255,195126.45,Resolved,High
DTE007851,MCH0413,LIN022,FAC008,FLR002699,MWO002757,2023-04-15 00:13:43,Quality Hold,10.23,703,571162.79,Resolved,High
DTE007852,MCH0133,LIN013,FAC005,,MWO003395,2024-01-11 12:50:53,Tool Change,5.81,352,245127.25,Resolved,Critical
DTE007853,MCH0578,LIN030,FAC010,,MWO006754,2025-11-05 17:36:47,Material Shortage,1.54,147,164066.4,Resolved,High
DTE007854,MCH0251,LIN017,FAC006,FLR002670,MWO001263,2025-12-09 21:36:34,Quality Hold,2.5,317,211836.85,Resolved,High
DTE007855,MCH0215,LIN014,FAC005,,MWO004160,2024-10-12 01:56:46,Tool Change,2.25,403,417128.06,Resolved,High
DTE007856,MCH0304,LIN026,FAC009,,MWO011887,2026-06-07 21:28:12,Changeover,9.29,2068,1666608.76,Resolved,Medium
DTE007857,MCH0361,LIN024,FAC008,FLR001451,MWO000236,2025-05-15 09:14:58,Quality Hold,3.23,478,485353.67,Resolved,High
DTE007858,MCH0309,LIN007,FAC003,FLR002963,MWO002992,2023-08-24 14:25:13,Tool Change,3.57,546,327281.0,Resolved,Medium
DTE007859,MCH0469,LIN025,FAC009,,MWO007851,2024-12-13 09:03:30,Material Shortage,0.36,67,57622.05,Resolved,High
DTE007860,MCH0096,LIN010,FAC004,,MWO005055,2026-02-22 01:54:58,Power Failure,1.79,377,236349.18,Resolved,High
DTE007861,MCH0357,LIN029,FAC010,FLR000986,MWO002114,2026-04-03 07:52:37,Tool Change,0.04,3,3501.3,Resolved,Critical
DTE007862,MCH0405,LIN026,FAC009,FLR000797,MWO001144,2026-03-22 18:27:48,Planned Maintenance,2.3,292,211963.3,Resolved,Low
DTE007863,MCH0398,LIN029,FAC010,FLR001548,MWO001607,2024-05-20 12:38:06,Quality Hold,2.11,119,134177.04,Resolved,Medium
DTE007864,MCH0145,LIN010,FAC004,,MWO004130,2024-07-29 10:28:43,Power Failure,2.92,685,185472.93,Resolved,High
DTE007865,MCH0105,LIN004,FAC002,,MWO004769,2025-06-10 14:13:40,Planned Maintenance,1.34,141,58258.56,Resolved,High
DTE007866,MCH0346,LIN015,FAC005,FLR000863,MWO001620,2023-07-06 20:44:46,Power Failure,2.67,529,290293.48,Resolved,High
DTE007867,MCH0417,LIN001,FAC001,,MWO011465,2023-06-13 12:16:50,Tool Change,4.35,954,344218.12,Resolved,Medium
DTE007868,MCH0267,LIN013,FAC005,,MWO008466,2025-09-16 11:16:40,Planned Maintenance,2.94,559,474295.14,Resolved,Low
DTE007869,MCH0165,LIN029,FAC010,FLR000410,MWO002148,2023-08-15 17:40:27,Material Shortage,2.99,318,69434.76,Resolved,Medium
DTE007870,MCH0109,LIN018,FAC006,,MWO007560,2025-01-06 07:38:02,Tool Change,3.02,299,246301.77,Resolved,Medium
DTE007871,MCH0499,LIN017,FAC006,,MWO006648,2026-01-26 02:31:11,Tool Change,0.46,71,39084.69,Resolved,High
DTE007872,MCH0161,LIN008,FAC003,,MWO010568,2023-06-10 02:49:04,Material Shortage,2.1,313,138975.33,Resolved,Medium
DTE007873,MCH0274,LIN024,FAC008,,MWO006067,2026-02-01 13:17:14,Planned Maintenance,3.96,544,295253.19,Resolved,High
DTE007874,MCH0250,LIN007,FAC003,,MWO006613,2024-09-08 04:29:17,Quality Hold,4.78,672,120966.1,Resolved,High
DTE007875,MCH0073,LIN002,FAC001,,MWO004153,2023-01-08 15:03:40,Power Failure,3.13,614,324098.14,Resolved,Medium
DTE007876,MCH0149,LIN004,FAC002,FLR000394,MWO002773,2026-01-29 19:43:52,Planned Maintenance,3.31,353,236383.2,Resolved,High
DTE007877,MCH0411,LIN006,FAC002,,MWO004679,2025-11-28 20:01:01,Quality Hold,1.32,155,89156.76,Resolved,High
DTE007878,MCH0192,LIN007,FAC003,,MWO004511,2024-07-04 22:50:15,Planned Maintenance,3.91,558,658176.54,Resolved,Medium
DTE007879,MCH0427,LIN027,FAC009,,MWO006210,2024-08-20 07:08:33,Power Failure,1.9,213,245348.86,Resolved,High
DTE007880,MCH0303,LIN020,FAC007,FLR000406,MWO002789,2026-04-09 14:31:17,Quality Hold,3.1,235,138020.27,Open,Medium
DTE007881,MCH0151,LIN020,FAC007,FLR001463,MWO000718,2024-09-06 01:40:21,Quality Hold,2.29,110,77142.49,Resolved,Medium
DTE007882,MCH0481,LIN004,FAC002,,MWO007962,2024-02-16 15:44:22,Planned Maintenance,3.03,309,318702.38,Open,High
DTE007883,MCH0013,LIN023,FAC008,,MWO003402,2024-02-20 05:28:26,Power Failure,5.55,766,341204.39,Resolved,High
DTE007884,MCH0586,LIN014,FAC005,FLR000341,MWO002398,2025-03-24 00:43:07,Material Shortage,13.67,918,765412.3,Resolved,High
DTE007885,MCH0067,LIN005,FAC002,,MWO011372,2023-11-05 15:25:26,Changeover,1.57,153,115522.31,Resolved,High
DTE007886,MCH0137,LIN006,FAC002,FLR001031,MWO002603,2024-08-05 03:23:02,Material Shortage,1.34,256,174825.82,Resolved,High
DTE007887,MCH0484,LIN019,FAC007,,MWO006540,2025-09-17 14:28:19,Material Shortage,3.46,413,266163.63,Resolved,High
DTE007888,MCH0374,LIN013,FAC005,,MWO008627,2023-09-24 17:02:02,Changeover,0.32,23,7084.74,Resolved,High
DTE007889,MCH0415,LIN008,FAC003,,MWO004615,2023-07-06 03:54:03,Tool Change,1.9,318,180954.49,Open,Low
DTE007890,MCH0056,LIN027,FAC009,,MWO009729,2024-07-03 04:23:35,Material Shortage,0.91,192,57857.4,Resolved,High
DTE007891,MCH0180,LIN011,FAC004,FLR000324,MWO002297,2026-01-20 04:38:52,Changeover,0.8,137,118626.82,Resolved,High
DTE007892,MCH0050,LIN017,FAC006,,MWO004906,2024-02-14 12:01:48,Material Shortage,1.51,88,37029.61,Resolved,Medium
DTE007893,MCH0086,LIN003,FAC001,,MWO010981,2024-12-12 01:10:29,Tool Change,2.47,285,110325.82,Resolved,Critical
DTE007894,MCH0505,LIN023,FAC008,,MWO011980,2026-02-18 02:05:11,Tool Change,1.87,159,26368.99,Resolved,Medium
DTE007895,MCH0383,LIN005,FAC002,,MWO010695,2025-07-07 23:37:37,Quality Hold,1.54,237,109935.4,Resolved,Critical
DTE007896,MCH0107,LIN010,FAC004,,MWO011378,2025-08-26 08:25:29,Planned Maintenance,4.78,788,300003.47,Resolved,Medium
DTE007897,MCH0571,LIN020,FAC007,,MWO009334,2026-03-23 03:22:01,Planned Maintenance,5.47,966,343981.07,Resolved,Medium
DTE007898,MCH0072,LIN011,FAC004,,MWO008648,2025-11-23 21:35:39,Tool Change,0.84,158,54440.82,Open,High
DTE007899,MCH0441,LIN020,FAC007,,MWO007904,2024-03-07 08:09:16,Quality Hold,0.78,115,45458.5,Resolved,High
DTE007900,MCH0437,LIN015,FAC005,,MWO006025,2023-06-30 09:46:02,Planned Maintenance,2.41,282,96604.07,Resolved,High
DTE007901,MCH0467,LIN027,FAC009,,MWO008683,2025-10-25 05:09:58,Quality Hold,3.1,124,32070.5,Open,High
DTE007902,MCH0438,LIN013,FAC005,FLR001730,MWO002736,2025-07-18 03:29:14,Tool Change,2.72,171,49225.46,Resolved,Medium
DTE007903,MCH0044,LIN012,FAC004,,MWO005789,2023-03-18 04:09:03,Changeover,2.04,280,160601.21,Resolved,Medium
DTE007904,MCH0270,LIN013,FAC005,,MWO009222,2025-01-01 11:56:32,Material Shortage,0.99,49,19610.91,Resolved,High
DTE007905,MCH0595,LIN028,FAC010,,MWO007710,2025-01-14 17:55:39,Changeover,1.01,220,245314.95,Resolved,Medium
DTE007906,MCH0260,LIN005,FAC002,,MWO011177,2025-09-20 08:19:56,Tool Change,4.1,375,357571.69,Resolved,Medium
DTE007907,MCH0419,LIN008,FAC003,,MWO011665,2026-06-23 20:21:58,Planned Maintenance,4.4,396,200987.0,Resolved,High
DTE007908,MCH0526,LIN028,FAC010,,MWO003156,2023-10-27 14:47:30,Power Failure,6.57,1484,520742.36,Resolved,Critical
DTE007909,MCH0283,LIN027,FAC009,,MWO007074,2025-08-09 18:29:35,Quality Hold,2.2,138,108487.76,Open,Low
DTE007910,MCH0317,LIN021,FAC007,,MWO007662,2025-08-23 10:07:35,Changeover,6.42,1517,1234660.23,Resolved,Critical
DTE007911,MCH0056,LIN027,FAC009,,MWO009729,2024-07-03 04:23:35,Planned Maintenance,3.0,695,758617.98,Resolved,High
DTE007912,MCH0521,LIN019,FAC007,,MWO007381,2024-06-05 09:37:34,Changeover,5.93,637,125776.79,Resolved,High
DTE007913,MCH0087,LIN028,FAC010,,MWO010997,2024-03-06 14:22:21,Material Shortage,4.15,172,97134.12,Resolved,High
DTE007914,MCH0057,LIN020,FAC007,,MWO009516,2026-01-24 18:31:13,Changeover,1.1,139,81141.65,Resolved,Medium
DTE007915,MCH0428,LIN011,FAC004,,MWO003553,2023-03-12 11:49:15,Material Shortage,4.29,337,241671.63,Resolved,High
DTE007916,MCH0516,LIN030,FAC010,,MWO004719,2025-04-01 18:31:19,Planned Maintenance,3.45,295,341684.78,Resolved,Medium
DTE007917,MCH0553,LIN013,FAC005,,MWO008512,2023-01-22 22:29:54,Quality Hold,4.58,201,73156.92,Resolved,Low
DTE007918,MCH0501,LIN019,FAC007,,MWO004147,2023-01-18 21:48:14,Quality Hold,0.5,93,51851.96,Resolved,Low
DTE007919,MCH0386,LIN012,FAC004,FLR002711,MWO002334,2026-06-25 19:59:05,Planned Maintenance,1.57,184,27753.73,Resolved,High
DTE007920,MCH0223,LIN025,FAC009,,MWO003259,2024-08-20 01:24:32,Material Shortage,6.88,1501,1370780.01,Resolved,Medium
DTE007921,MCH0276,LIN012,FAC004,,MWO005153,2025-07-28 06:19:25,Changeover,2.81,121,125011.8,Open,Low
DTE007922,MCH0036,LIN014,FAC005,,MWO006179,2024-09-11 15:00:32,Tool Change,1.54,67,80230.07,Resolved,High
DTE007923,MCH0140,LIN013,FAC005,FLR001785,MWO000485,2025-02-15 10:58:55,Planned Maintenance,3.15,501,131219.11,Resolved,High
DTE007924,MCH0018,LIN026,FAC009,,MWO006414,2023-02-25 05:00:54,Material Shortage,1.62,273,280839.4,Open,Low
DTE007925,MCH0130,LIN020,FAC007,,MWO003534,2024-01-25 11:54:58,Quality Hold,1.59,196,150206.37,Resolved,Critical
DTE007926,MCH0053,LIN007,FAC003,,MWO009715,2024-10-31 11:01:46,Power Failure,5.6,497,381640.34,Resolved,Medium
DTE007927,MCH0281,LIN027,FAC009,,MWO003269,2025-08-20 17:33:42,Power Failure,7.29,635,153328.14,Resolved,High
DTE007928,MCH0380,LIN003,FAC001,FLR002272,MWO002418,2026-05-26 23:18:25,Power Failure,1.19,261,281452.65,Resolved,Critical
DTE007929,MCH0003,LIN025,FAC009,FLR002726,MWO000818,2025-09-23 20:43:07,Material Shortage,3.14,267,197797.09,Resolved,Medium
DTE007930,MCH0009,LIN026,FAC009,,MWO010137,2025-03-09 12:35:09,Changeover,2.25,156,183066.03,Resolved,Medium
DTE007931,MCH0247,LIN026,FAC009,,MWO004757,2025-07-06 15:26:59,Quality Hold,4.97,727,710304.89,Resolved,High
DTE007932,MCH0359,LIN019,FAC007,,MWO005117,2026-04-09 23:45:07,Material Shortage,7.28,1011,359463.16,Resolved,Critical
DTE007933,MCH0259,LIN026,FAC009,,MWO011978,2023-12-23 03:58:46,Material Shortage,3.34,384,389828.99,Resolved,Medium
DTE007934,MCH0317,LIN021,FAC007,FLR001924,MWO001189,2023-04-12 13:11:41,Changeover,11.74,2619,2967715.38,Resolved,Medium
DTE007935,MCH0295,LIN020,FAC007,,MWO009324,2023-04-21 09:52:29,Tool Change,1.22,111,100773.75,Resolved,High
DTE007936,MCH0080,LIN020,FAC007,,MWO004570,2024-08-25 11:07:29,Quality Hold,3.31,154,135077.55,Resolved,Medium
DTE007937,MCH0229,LIN014,FAC005,,MWO003708,2024-08-11 18:40:11,Changeover,1.8,190,170531.49,Resolved,Low
DTE007938,MCH0573,LIN004,FAC002,,MWO008220,2023-05-19 20:44:48,Changeover,0.88,63,61587.6,Resolved,Low
DTE007939,MCH0047,LIN026,FAC009,,MWO004759,2025-03-31 22:11:55,Power Failure,4.04,175,138071.11,Resolved,High
DTE007940,MCH0214,LIN018,FAC006,,MWO007571,2025-05-12 22:11:40,Planned Maintenance,0.94,74,45170.13,Resolved,High
DTE007941,MCH0307,LIN024,FAC008,,MWO009061,2023-06-08 06:07:05,Quality Hold,0.4,76,48542.11,Open,Medium
DTE007942,MCH0294,LIN006,FAC002,,MWO003685,2026-06-26 12:10:10,Quality Hold,0.5,63,55842.33,Open,High
DTE007943,MCH0470,LIN002,FAC001,,MWO009219,2026-03-15 08:29:24,Quality Hold,3.77,703,499860.52,Resolved,High
DTE007944,MCH0075,LIN003,FAC001,,MWO009592,2026-06-29 02:19:39,Material Shortage,5.45,295,195819.86,Resolved,Low
DTE007945,MCH0112,LIN003,FAC001,FLR000412,MWO000040,2026-01-21 15:06:53,Changeover,0.45,29,30288.35,Resolved,Medium
DTE007946,MCH0038,LIN022,FAC008,,MWO007692,2024-11-19 18:35:58,Planned Maintenance,7.45,699,236440.09,Resolved,Medium
DTE007947,MCH0495,LIN009,FAC003,,MWO008488,2024-10-16 01:54:03,Material Shortage,6.72,286,321042.6,Resolved,Medium
DTE007948,MCH0116,LIN010,FAC004,,MWO007138,2023-11-27 23:36:34,Power Failure,1.22,182,140373.07,Resolved,High
DTE007949,MCH0266,LIN021,FAC007,,MWO003413,2025-03-21 00:02:05,Changeover,2.69,117,22963.69,Resolved,Medium
DTE007950,MCH0278,LIN002,FAC001,,MWO005140,2024-11-01 07:38:57,Tool Change,4.57,498,188854.32,Resolved,Medium
DTE007951,MCH0441,LIN020,FAC007,FLR002026,MWO001230,2024-02-13 02:54:36,Quality Hold,3.45,556,443368.49,Resolved,Medium
DTE007952,MCH0154,LIN006,FAC002,,MWO003889,2023-10-23 06:01:56,Planned Maintenance,5.51,1220,999012.66,Resolved,High
DTE007953,MCH0424,LIN022,FAC008,,MWO007998,2025-11-25 22:30:02,Quality Hold,3.37,161,173709.37,Resolved,Low
DTE007954,MCH0444,LIN012,FAC004,,MWO007829,2023-06-23 15:48:43,Tool Change,2.35,107,55035.84,Resolved,Medium
DTE007955,MCH0209,LIN030,FAC010,,MWO011251,2023-07-24 17:53:47,Quality Hold,4.25,832,785800.0,Resolved,High
DTE007956,MCH0148,LIN009,FAC003,FLR000657,MWO002465,2023-03-26 04:07:45,Tool Change,2.08,427,253196.78,Resolved,Critical
DTE007957,MCH0253,LIN016,FAC006,,MWO008930,2024-09-22 05:30:01,Material Shortage,2.29,267,165480.26,Resolved,Low
DTE007958,MCH0289,LIN010,FAC004,FLR001569,MWO001412,2024-08-08 08:22:45,Power Failure,2.49,591,275575.45,Resolved,High
DTE007959,MCH0276,LIN012,FAC004,,MWO005153,2025-07-28 06:19:25,Changeover,3.23,552,132556.51,Open,Medium
DTE007960,MCH0315,LIN015,FAC005,FLR001185,MWO002436,2024-07-28 01:22:19,Quality Hold,5.23,289,318373.7,Resolved,Low
DTE007961,MCH0477,LIN007,FAC003,FLR002076,MWO002539,2023-11-22 04:24:08,Power Failure,5.9,1155,1233915.34,Resolved,Critical
DTE007962,MCH0165,LIN029,FAC010,,MWO007924,2024-12-30 02:26:33,Material Shortage,1.25,219,155214.81,Resolved,Medium
DTE007963,MCH0465,LIN002,FAC001,,MWO003383,2026-06-22 16:43:31,Quality Hold,1.95,364,162297.93,Resolved,Medium
DTE007964,MCH0102,LIN015,FAC005,,MWO009156,2023-01-11 09:13:37,Changeover,2.25,484,310010.46,Resolved,Medium
DTE007965,MCH0259,LIN026,FAC009,,MWO007056,2024-03-20 05:08:53,Changeover,1.13,56,9135.79,Resolved,Medium
DTE007966,MCH0307,LIN024,FAC008,,MWO009389,2023-03-30 04:43:21,Material Shortage,2.79,268,159208.94,Resolved,Medium
DTE007967,MCH0364,LIN029,FAC010,,MWO007698,2024-08-22 11:27:55,Planned Maintenance,6.24,345,367444.0,Resolved,Low
DTE007968,MCH0183,LIN025,FAC009,,MWO003573,2023-07-22 01:15:48,Quality Hold,2.34,469,535068.78,Resolved,Critical
DTE007969,MCH0210,LIN004,FAC002,FLR000446,MWO000773,2026-04-10 05:35:55,Material Shortage,1.96,190,98358.08,Resolved,High
DTE007970,MCH0566,LIN010,FAC004,FLR001550,MWO002870,2023-08-07 13:47:55,Power Failure,5.16,461,180701.9,Resolved,Medium
DTE007971,MCH0112,LIN003,FAC001,,MWO009171,2026-01-24 12:53:09,Planned Maintenance,3.11,196,96076.55,Resolved,High
DTE007972,MCH0523,LIN023,FAC008,,MWO009094,2024-01-02 18:43:30,Quality Hold,0.61,125,60829.07,Resolved,Critical
DTE007973,MCH0526,LIN028,FAC010,,MWO008555,2023-02-11 05:55:19,Tool Change,1.87,80,82291.71,Resolved,Medium
DTE007974,MCH0194,LIN015,FAC005,FLR001505,MWO001993,2023-07-08 14:52:02,Quality Hold,3.25,175,157023.32,Resolved,Medium
DTE007975,MCH0373,LIN011,FAC004,FLR000860,MWO002894,2024-09-29 06:01:49,Power Failure,8.27,1970,2204021.53,Resolved,Critical
DTE007976,MCH0528,LIN005,FAC002,,MWO009451,2025-08-30 06:24:14,Material Shortage,4.2,177,100013.45,Resolved,Medium
DTE007977,MCH0532,LIN007,FAC003,,MWO004497,2024-07-09 01:59:23,Power Failure,0.65,153,133250.05,Resolved,Medium
DTE007978,MCH0549,LIN013,FAC005,,MWO010094,2024-12-09 07:16:15,Planned Maintenance,6.17,1361,816939.17,Resolved,Low
DTE007979,MCH0218,LIN007,FAC003,FLR000228,MWO001928,2023-01-28 02:23:20,Quality Hold,10.24,1897,1565476.3,Open,Low
DTE007980,MCH0263,LIN018,FAC006,,MWO007018,2025-05-30 23:06:15,Power Failure,1.5,359,343390.82,Resolved,Critical
DTE007981,MCH0373,LIN011,FAC004,FLR000570,MWO000173,2026-04-30 13:05:15,Quality Hold,7.44,1141,331840.35,Resolved,Low
DTE007982,MCH0567,LIN016,FAC006,FLR000727,MWO002743,2024-03-27 10:50:28,Tool Change,3.44,230,35123.72,Resolved,Medium
DTE007983,MCH0038,LIN022,FAC008,FLR001696,MWO001462,2024-04-09 21:29:58,Power Failure,0.82,60,50831.03,Resolved,Low
DTE007984,MCH0025,LIN017,FAC006,,MWO004430,2025-08-20 09:32:58,Tool Change,3.63,369,135791.32,Resolved,Critical
DTE007985,MCH0166,LIN004,FAC002,,MWO006121,2025-09-26 10:03:00,Material Shortage,3.11,649,400140.85,Resolved,Medium
DTE007986,MCH0160,LIN018,FAC006,FLR000114,MWO001316,2025-02-07 09:07:46,Tool Change,1.38,229,215472.95,Resolved,High
DTE007987,MCH0032,LIN023,FAC008,,MWO003866,2024-10-12 01:35:01,Power Failure,5.91,431,329658.49,Open,Medium
DTE007988,MCH0461,LIN007,FAC003,,MWO007971,2023-10-05 04:33:51,Power Failure,1.62,327,357673.83,Resolved,Medium
DTE007989,MCH0318,LIN006,FAC002,,MWO004429,2023-04-26 00:13:30,Quality Hold,2.25,171,100752.27,Resolved,Medium
DTE007990,MCH0101,LIN022,FAC008,,MWO004579,2025-05-22 21:27:18,Quality Hold,3.63,858,908084.07,Resolved,Medium
DTE007991,MCH0042,LIN016,FAC006,,MWO003196,2023-07-17 06:35:05,Power Failure,5.64,878,774187.63,Resolved,Low
DTE007992,MCH0406,LIN002,FAC001,FLR002664,MWO002419,2024-10-15 18:17:49,Power Failure,7.24,663,486057.9,Resolved,Medium
DTE007993,MCH0142,LIN023,FAC008,,MWO007284,2023-09-12 03:21:26,Material Shortage,3.25,531,232346.23,Resolved,Medium
DTE007994,MCH0394,LIN001,FAC001,,MWO007894,2023-09-13 07:38:55,Quality Hold,3.81,181,155063.24,Resolved,Medium
DTE007995,MCH0446,LIN004,FAC002,FLR002148,MWO001479,2026-02-25 14:36:14,Tool Change,1.91,121,53850.25,Resolved,Low
DTE007996,MCH0177,LIN009,FAC003,,MWO006243,2025-03-06 18:44:03,Tool Change,5.24,1167,1051654.18,Resolved,High
DTE007997,MCH0594,LIN016,FAC006,,MWO006801,2024-03-28 13:05:27,Material Shortage,1.6,259,61207.68,Resolved,High
DTE007998,MCH0169,LIN003,FAC001,FLR000244,MWO002141,2026-04-25 05:19:51,Changeover,1.36,122,38322.58,Resolved,High
DTE007999,MCH0218,LIN007,FAC003,FLR002665,MWO001674,2023-11-09 05:36:42,Power Failure,2.62,267,164023.29,Resolved,High
DTE008000,MCH0217,LIN009,FAC003,,MWO010896,2023-12-11 05:43:16,Changeover,0.91,63,25760.51,Resolved,Critical
