failure_event_id,machine_id,line_id,factory_id,failure_timestamp,failure_mode,failure_severity,sensor_precursor_days,repair_duration_hours,estimated_failure_loss_inr,resolution_status
FLR000001,MCH0296,LIN026,FAC009,2026-02-12 11:52:47,Tool Wear,Major,6,4.96,339981.62,Open
FLR000002,MCH0573,LIN004,FAC002,2025-05-24 10:22:32,Bearing Failure,Minor,2,4.01,132393.65,Open
FLR000003,MCH0388,LIN011,FAC004,2023-08-11 10:12:05,Sensor Failure,Critical,3,10.37,586745.98,Resolved
FLR000004,MCH0202,LIN009,FAC003,2024-01-01 21:26:00,Hydraulic Leak,Minor,7,17.13,1150036.04,Resolved
FLR000005,MCH0321,LIN029,FAC010,2025-04-01 13:33:41,Excessive Vibration,Major,4,5.65,586168.29,Resolved
FLR000006,MCH0600,LIN014,FAC005,2025-02-04 01:05:08,Lubrication Failure,Minor,6,6.53,518413.26,Open
FLR000007,MCH0442,LIN001,FAC001,2024-08-23 12:00:31,Tool Wear,Critical,6,11.24,1111387.83,Resolved
FLR000008,MCH0212,LIN030,FAC010,2025-07-16 05:02:34,Sensor Failure,Minor,3,6.69,344655.81,Resolved
FLR000009,MCH0287,LIN017,FAC006,2024-10-17 03:39:42,Sensor Failure,Minor,7,2.21,216382.27,Open
FLR000010,MCH0466,LIN005,FAC002,2024-04-02 08:38:36,Electrical Fault,Major,4,2.81,314293.93,Resolved
FLR000011,MCH0336,LIN021,FAC007,2023-02-25 01:17:50,Excessive Vibration,Major,5,5.39,238092.75,Resolved
FLR000012,MCH0128,LIN027,FAC009,2025-11-24 14:58:27,Overheating,Minor,4,3.2,236667.17,Resolved
FLR000013,MCH0309,LIN007,FAC003,2023-12-10 09:23:55,Electrical Fault,Minor,2,8.75,377224.36,Resolved
FLR000014,MCH0569,LIN014,FAC005,2024-06-29 14:09:24,Tool Wear,Minor,7,4.65,483668.51,Resolved
FLR000015,MCH0232,LIN030,FAC010,2023-07-12 15:42:47,Tool Wear,Minor,5,9.66,730235.07,Resolved
FLR000016,MCH0215,LIN014,FAC005,2023-01-05 20:43:19,Lubrication Failure,Major,7,1.27,77044.03,Resolved
FLR000017,MCH0551,LIN025,FAC009,2023-02-25 18:52:09,Sensor Failure,Major,4,2.52,90017.98,Open
FLR000018,MCH0073,LIN002,FAC001,2026-04-24 06:53:51,Excessive Vibration,Major,6,7.52,806480.66,Resolved
FLR000019,MCH0053,LIN007,FAC003,2026-03-05 12:51:50,Hydraulic Leak,Minor,2,3.53,397145.03,Open
FLR000020,MCH0554,LIN028,FAC010,2025-09-15 10:26:16,Tool Wear,Major,2,11.23,964057.96,Resolved
FLR000021,MCH0072,LIN011,FAC004,2023-01-09 10:24:31,Overheating,Minor,5,2.67,309777.26,Resolved
FLR000022,MCH0199,LIN008,FAC003,2023-08-16 00:24:19,Tool Wear,Major,5,7.66,472537.07,Open
FLR000023,MCH0587,LIN024,FAC008,2023-10-15 07:45:24,Overheating,Major,6,2.15,247390.76,Resolved
FLR000024,MCH0256,LIN005,FAC002,2023-10-20 19:22:26,Sensor Failure,Minor,3,10.71,1221073.69,Open
FLR000025,MCH0375,LIN005,FAC002,2024-11-04 02:55:03,Overheating,Minor,3,2.19,106228.67,Resolved
FLR000026,MCH0182,LIN025,FAC009,2026-02-07 09:30:04,Hydraulic Leak,Major,1,14.04,748329.13,Resolved
FLR000027,MCH0144,LIN010,FAC004,2025-12-29 23:48:55,Hydraulic Leak,Major,7,5.16,554393.86,Resolved
FLR000028,MCH0068,LIN009,FAC003,2023-10-23 01:26:46,Tool Wear,Major,1,1.49,124383.07,Resolved
FLR000029,MCH0476,LIN023,FAC008,2023-09-22 00:41:02,Electrical Fault,Minor,6,3.72,348600.39,Resolved
FLR000030,MCH0268,LIN013,FAC005,2024-12-01 15:26:11,Lubrication Failure,Minor,6,1.82,171514.5,Resolved
FLR000031,MCH0064,LIN025,FAC009,2024-03-27 17:28:57,Overheating,Major,5,0.79,38100.46,Resolved
FLR000032,MCH0381,LIN011,FAC004,2025-03-25 17:30:40,Overheating,Major,2,4.81,203270.64,Resolved
FLR000033,MCH0387,LIN005,FAC002,2026-01-28 11:22:32,Sensor Failure,Major,6,7.52,284038.01,Resolved
FLR000034,MCH0484,LIN019,FAC007,2025-02-14 05:18:16,Lubrication Failure,Minor,6,5.94,341686.05,Resolved
FLR000035,MCH0460,LIN030,FAC010,2025-06-11 14:50:41,Hydraulic Leak,Major,4,4.01,168077.46,Resolved
FLR000036,MCH0160,LIN018,FAC006,2026-06-25 04:20:42,Bearing Failure,Minor,3,18.77,724468.45,Resolved
FLR000037,MCH0514,LIN029,FAC010,2024-07-01 13:23:14,Overheating,Minor,6,6.26,601702.8,Resolved
FLR000038,MCH0119,LIN019,FAC007,2024-05-09 17:01:59,Tool Wear,Minor,7,10.12,473782.39,Resolved
FLR000039,MCH0465,LIN002,FAC001,2025-02-18 02:39:08,Overheating,Minor,1,12.56,1336670.15,Open
FLR000040,MCH0401,LIN015,FAC005,2024-07-01 04:31:27,Hydraulic Leak,Minor,1,9.63,854850.38,Resolved
FLR000041,MCH0167,LIN020,FAC007,2024-04-07 15:59:58,Overheating,Major,1,14.44,1672801.35,Resolved
FLR000042,MCH0370,LIN029,FAC010,2025-08-05 15:25:51,Excessive Vibration,Minor,5,13.46,469329.51,Open
FLR000043,MCH0009,LIN026,FAC009,2023-06-12 04:41:24,Excessive Vibration,Major,6,10.04,277991.99,Open
FLR000044,MCH0474,LIN003,FAC001,2024-07-22 07:06:04,Excessive Vibration,Critical,5,13.69,1215299.58,Open
FLR000045,MCH0281,LIN027,FAC009,2024-11-06 15:48:55,Bearing Failure,Major,5,10.22,886893.49,Open
FLR000046,MCH0095,LIN022,FAC008,2023-06-22 22:41:11,Tool Wear,Major,4,20.1,632256.57,Resolved
FLR000047,MCH0494,LIN001,FAC001,2025-10-07 01:37:12,Electrical Fault,Critical,5,22.29,2217218.3,Resolved
FLR000048,MCH0123,LIN019,FAC007,2025-03-01 13:44:50,Excessive Vibration,Major,4,1.87,193034.43,Resolved
FLR000049,MCH0311,LIN023,FAC008,2024-12-29 01:43:30,Lubrication Failure,Minor,4,5.21,185168.79,Resolved
FLR000050,MCH0147,LIN028,FAC010,2026-05-22 14:53:33,Overheating,Minor,7,10.75,800908.24,Resolved
FLR000051,MCH0140,LIN013,FAC005,2025-08-11 07:42:01,Excessive Vibration,Minor,6,9.4,660791.94,Resolved
FLR000052,MCH0454,LIN022,FAC008,2023-04-11 08:36:43,Sensor Failure,Critical,3,14.5,1565913.09,Resolved
FLR000053,MCH0140,LIN013,FAC005,2026-01-20 09:09:40,Sensor Failure,Minor,3,11.48,1008926.94,Resolved
FLR000054,MCH0569,LIN014,FAC005,2025-06-16 16:41:57,Lubrication Failure,Minor,7,3.02,154682.28,Resolved
FLR000055,MCH0407,LIN018,FAC006,2025-07-15 04:52:35,Electrical Fault,Minor,2,19.61,909736.33,Resolved
FLR000056,MCH0500,LIN025,FAC009,2024-07-19 06:26:41,Tool Wear,Minor,4,5.27,420707.51,Open
FLR000057,MCH0132,LIN018,FAC006,2023-12-08 09:59:40,Bearing Failure,Major,6,3.47,221891.71,Resolved
FLR000058,MCH0379,LIN027,FAC009,2026-03-10 02:52:22,Lubrication Failure,Major,1,1.6,107470.12,Resolved
FLR000059,MCH0549,LIN013,FAC005,2024-01-19 03:23:51,Hydraulic Leak,Minor,2,3.61,216715.67,Resolved
FLR000060,MCH0254,LIN013,FAC005,2023-05-27 07:52:21,Excessive Vibration,Major,6,11.09,1239273.38,Resolved
FLR000061,MCH0136,LIN019,FAC007,2024-02-06 00:05:08,Hydraulic Leak,Major,5,3.35,95261.17,Resolved
FLR000062,MCH0494,LIN001,FAC001,2026-05-14 10:37:35,Sensor Failure,Major,4,4.68,152320.7,Open
FLR000063,MCH0120,LIN007,FAC003,2023-10-21 20:50:27,Lubrication Failure,Major,5,20.54,676981.66,Resolved
FLR000064,MCH0235,LIN025,FAC009,2024-08-07 04:49:23,Hydraulic Leak,Major,2,13.11,879837.4,Resolved
FLR000065,MCH0206,LIN007,FAC003,2024-05-29 15:01:35,Electrical Fault,Minor,6,4.62,326515.81,Resolved
FLR000066,MCH0436,LIN013,FAC005,2023-06-18 20:28:42,Overheating,Major,6,6.34,368063.84,Open
FLR000067,MCH0114,LIN004,FAC002,2023-04-21 10:06:55,Overheating,Major,4,0.89,54563.37,Resolved
FLR000068,MCH0086,LIN003,FAC001,2025-01-15 13:47:37,Hydraulic Leak,Major,1,16.37,654257.17,Resolved
FLR000069,MCH0560,LIN024,FAC008,2025-11-25 18:15:49,Excessive Vibration,Critical,3,13.7,456003.44,Resolved
FLR000070,MCH0019,LIN029,FAC010,2025-09-08 03:42:02,Tool Wear,Major,5,4.42,528868.38,Resolved
FLR000071,MCH0580,LIN007,FAC003,2023-11-10 11:53:45,Hydraulic Leak,Minor,6,3.03,255946.49,Open
FLR000072,MCH0435,LIN027,FAC009,2025-08-14 03:32:51,Sensor Failure,Critical,1,10.56,433057.37,Resolved
FLR000073,MCH0137,LIN006,FAC002,2023-06-24 17:39:04,Bearing Failure,Major,5,9.09,1052276.87,Resolved
FLR000074,MCH0031,LIN010,FAC004,2025-07-28 10:47:41,Electrical Fault,Major,4,4.98,214998.7,Resolved
FLR000075,MCH0396,LIN028,FAC010,2023-01-16 17:40:38,Bearing Failure,Major,6,9.13,922780.18,Resolved
FLR000076,MCH0351,LIN021,FAC007,2023-07-10 06:22:24,Excessive Vibration,Major,1,2.9,212540.43,Open
FLR000077,MCH0276,LIN012,FAC004,2023-06-12 16:51:41,Excessive Vibration,Major,3,2.17,170418.15,Resolved
FLR000078,MCH0487,LIN023,FAC008,2026-04-21 00:39:08,Sensor Failure,Critical,3,11.48,661472.39,Open
FLR000079,MCH0239,LIN015,FAC005,2026-02-10 22:26:45,Tool Wear,Major,1,3.08,91481.55,Open
FLR000080,MCH0463,LIN018,FAC006,2023-04-15 05:54:27,Bearing Failure,Major,3,11.01,655288.95,Open
FLR000081,MCH0229,LIN014,FAC005,2024-12-21 23:00:17,Lubrication Failure,Minor,5,5.2,496520.86,Resolved
FLR000082,MCH0197,LIN001,FAC001,2024-09-25 15:11:25,Bearing Failure,Critical,7,17.08,638487.58,Resolved
FLR000083,MCH0427,LIN027,FAC009,2024-07-07 23:06:30,Bearing Failure,Major,4,2.62,131694.19,Resolved
FLR000084,MCH0090,LIN018,FAC006,2026-05-06 13:42:46,Excessive Vibration,Major,4,4.22,209732.62,Resolved
FLR000085,MCH0133,LIN013,FAC005,2023-10-31 06:14:57,Hydraulic Leak,Major,7,7.68,485865.97,Open
FLR000086,MCH0125,LIN008,FAC003,2025-05-06 15:01:06,Excessive Vibration,Critical,3,13.71,1439301.86,Resolved
FLR000087,MCH0037,LIN022,FAC008,2026-03-07 02:16:59,Tool Wear,Minor,4,11.46,1358695.5,Resolved
FLR000088,MCH0426,LIN009,FAC003,2026-02-22 05:20:11,Overheating,Major,1,7.08,191078.48,Resolved
FLR000089,MCH0257,LIN013,FAC005,2024-01-30 20:24:24,Lubrication Failure,Critical,7,19.31,1359507.42,Resolved
FLR000090,MCH0391,LIN007,FAC003,2023-02-05 12:25:53,Electrical Fault,Major,2,3.45,296123.08,Open
FLR000091,MCH0440,LIN027,FAC009,2025-08-12 02:25:48,Tool Wear,Major,7,2.69,247597.28,Resolved
FLR000092,MCH0598,LIN029,FAC010,2025-01-20 11:58:04,Sensor Failure,Critical,6,14.71,589040.2,Resolved
FLR000093,MCH0415,LIN008,FAC003,2025-04-01 11:50:31,Overheating,Minor,4,1.59,135144.05,Open
FLR000094,MCH0534,LIN027,FAC009,2023-01-29 04:19:31,Lubrication Failure,Major,1,4.05,418202.62,Resolved
FLR000095,MCH0403,LIN002,FAC001,2025-11-17 10:14:25,Overheating,Critical,3,19.53,2158912.21,Resolved
FLR000096,MCH0476,LIN023,FAC008,2023-04-12 10:25:09,Electrical Fault,Minor,3,2.4,218291.03,Resolved
FLR000097,MCH0515,LIN012,FAC004,2023-04-26 17:52:51,Excessive Vibration,Major,1,13.36,1336492.84,Open
FLR000098,MCH0092,LIN005,FAC002,2026-02-12 02:11:39,Electrical Fault,Minor,5,5.54,417845.14,Resolved
FLR000099,MCH0325,LIN011,FAC004,2025-10-16 14:42:00,Excessive Vibration,Minor,6,1.05,92670.3,Open
FLR000100,MCH0250,LIN007,FAC003,2024-04-18 16:14:53,Tool Wear,Critical,1,17.81,1810275.89,Resolved
FLR000101,MCH0080,LIN020,FAC007,2024-08-07 16:26:07,Hydraulic Leak,Minor,1,2.1,160419.68,Resolved
FLR000102,MCH0380,LIN003,FAC001,2025-03-23 08:10:44,Electrical Fault,Major,5,8.1,623902.06,Resolved
FLR000103,MCH0359,LIN019,FAC007,2023-04-08 11:26:40,Lubrication Failure,Minor,3,3.71,117405.04,Open
FLR000104,MCH0394,LIN001,FAC001,2024-04-19 17:26:52,Excessive Vibration,Major,6,4.57,523550.98,Resolved
FLR000105,MCH0115,LIN002,FAC001,2024-02-29 21:49:36,Sensor Failure,Major,5,4.85,180098.24,Resolved
FLR000106,MCH0349,LIN024,FAC008,2024-01-13 21:10:02,Lubrication Failure,Major,5,21.1,1190397.87,Open
FLR000107,MCH0585,LIN026,FAC009,2026-01-16 06:33:39,Electrical Fault,Minor,2,8.34,718007.26,Resolved
FLR000108,MCH0600,LIN014,FAC005,2025-07-19 13:46:39,Electrical Fault,Major,3,3.81,408262.64,Resolved
FLR000109,MCH0164,LIN029,FAC010,2023-07-28 22:56:28,Overheating,Major,5,4.3,222318.49,Resolved
FLR000110,MCH0155,LIN022,FAC008,2026-04-18 03:54:35,Hydraulic Leak,Critical,2,38.33,2879970.33,Resolved
FLR000111,MCH0035,LIN005,FAC002,2023-02-13 18:32:19,Hydraulic Leak,Major,1,0.74,26239.44,Open
FLR000112,MCH0127,LIN004,FAC002,2025-08-22 17:51:02,Sensor Failure,Minor,5,6.57,511133.52,Resolved
FLR000113,MCH0556,LIN013,FAC005,2025-11-26 04:49:24,Tool Wear,Major,1,2.39,85935.25,Resolved
FLR000114,MCH0160,LIN018,FAC006,2025-02-07 04:01:56,Excessive Vibration,Major,1,4.77,499488.8,Resolved
FLR000115,MCH0101,LIN022,FAC008,2026-03-06 04:26:14,Lubrication Failure,Critical,7,16.19,1215940.31,Resolved
FLR000116,MCH0366,LIN019,FAC007,2024-12-25 05:02:12,Tool Wear,Critical,2,12.53,778290.96,Resolved
FLR000117,MCH0025,LIN017,FAC006,2025-03-12 04:43:43,Bearing Failure,Major,6,2.74,146975.55,Resolved
FLR000118,MCH0269,LIN002,FAC001,2023-06-19 23:38:34,Hydraulic Leak,Minor,1,8.02,466096.52,Resolved
FLR000119,MCH0014,LIN029,FAC010,2025-05-17 08:07:03,Electrical Fault,Minor,3,6.58,169401.23,Resolved
FLR000120,MCH0392,LIN005,FAC002,2023-01-28 14:04:42,Hydraulic Leak,Minor,1,3.81,370177.3,Resolved
FLR000121,MCH0292,LIN015,FAC005,2023-01-18 02:21:05,Overheating,Major,2,1.7,161896.94,Open
FLR000122,MCH0265,LIN011,FAC004,2023-02-13 11:27:24,Lubrication Failure,Major,2,2.71,312325.66,Resolved
FLR000123,MCH0320,LIN011,FAC004,2025-02-25 22:24:08,Lubrication Failure,Major,6,6.6,165341.9,Resolved
FLR000124,MCH0299,LIN014,FAC005,2024-03-22 08:00:25,Excessive Vibration,Major,5,18.47,910301.66,Resolved
FLR000125,MCH0555,LIN021,FAC007,2023-08-27 16:03:56,Tool Wear,Major,4,9.66,630362.27,Open
FLR000126,MCH0086,LIN003,FAC001,2023-09-09 04:43:01,Electrical Fault,Major,2,3.52,205432.67,Resolved
FLR000127,MCH0028,LIN004,FAC002,2026-04-23 00:47:34,Tool Wear,Major,6,3.56,331960.43,Resolved
FLR000128,MCH0088,LIN015,FAC005,2025-10-14 05:42:30,Bearing Failure,Minor,3,5.31,468536.2,Resolved
FLR000129,MCH0422,LIN002,FAC001,2026-02-27 04:29:57,Lubrication Failure,Major,4,6.7,410655.03,Resolved
FLR000130,MCH0114,LIN004,FAC002,2023-09-22 07:11:59,Overheating,Critical,1,13.97,1171841.48,Resolved
FLR000131,MCH0479,LIN007,FAC003,2024-03-02 10:11:24,Lubrication Failure,Major,5,7.27,375082.43,Open
FLR000132,MCH0509,LIN021,FAC007,2025-06-07 16:59:27,Lubrication Failure,Major,1,12.99,807917.81,Resolved
FLR000133,MCH0527,LIN027,FAC009,2024-11-28 01:19:08,Hydraulic Leak,Minor,2,16.32,1188471.51,Resolved
FLR000134,MCH0426,LIN009,FAC003,2026-02-24 12:13:55,Sensor Failure,Major,7,8.53,984666.99,Resolved
FLR000135,MCH0496,LIN024,FAC008,2023-03-17 09:29:32,Electrical Fault,Major,3,3.02,301080.54,Resolved
FLR000136,MCH0537,LIN013,FAC005,2024-03-19 04:40:07,Overheating,Major,3,3.5,196261.11,Resolved
FLR000137,MCH0315,LIN015,FAC005,2024-02-20 04:45:21,Overheating,Minor,5,7.52,228120.86,Open
FLR000138,MCH0226,LIN027,FAC009,2023-01-28 09:33:09,Sensor Failure,Critical,5,16.11,1520708.46,Resolved
FLR000139,MCH0305,LIN003,FAC001,2026-04-07 13:58:17,Hydraulic Leak,Critical,2,10.62,319604.93,Resolved
FLR000140,MCH0552,LIN012,FAC004,2024-07-07 18:45:44,Bearing Failure,Critical,1,18.23,996333.83,Resolved
FLR000141,MCH0592,LIN023,FAC008,2025-07-25 19:08:22,Overheating,Minor,3,7.7,630582.9,Resolved
FLR000142,MCH0575,LIN008,FAC003,2024-01-02 15:14:55,Overheating,Minor,2,5.68,435637.77,Resolved
FLR000143,MCH0528,LIN005,FAC002,2024-06-29 15:31:33,Bearing Failure,Critical,2,10.02,487123.53,Resolved
FLR000144,MCH0506,LIN001,FAC001,2024-02-05 22:13:46,Electrical Fault,Major,5,10.92,882250.5,Open
FLR000145,MCH0581,LIN004,FAC002,2023-09-06 17:07:36,Bearing Failure,Critical,2,11.32,635364.89,Resolved
FLR000146,MCH0550,LIN019,FAC007,2025-03-30 01:45:01,Excessive Vibration,Critical,4,24.47,626373.55,Resolved
FLR000147,MCH0020,LIN001,FAC001,2025-01-27 00:18:10,Bearing Failure,Major,7,7.29,685417.5,Resolved
FLR000148,MCH0028,LIN004,FAC002,2026-02-01 10:39:54,Bearing Failure,Major,4,6.37,515556.1,Open
FLR000149,MCH0539,LIN017,FAC006,2023-04-08 22:07:24,Bearing Failure,Major,1,2.8,76076.39,Resolved
FLR000150,MCH0181,LIN020,FAC007,2024-07-20 23:08:31,Tool Wear,Minor,1,3.98,293880.64,Open
FLR000151,MCH0259,LIN026,FAC009,2023-11-11 19:03:13,Hydraulic Leak,Major,1,3.94,335815.66,Resolved
FLR000152,MCH0599,LIN003,FAC001,2023-02-08 21:21:35,Bearing Failure,Major,2,14.94,1691192.05,Open
FLR000153,MCH0068,LIN009,FAC003,2023-01-08 00:27:40,Sensor Failure,Minor,5,5.09,270129.11,Resolved
FLR000154,MCH0423,LIN009,FAC003,2024-09-15 20:11:48,Hydraulic Leak,Major,2,1.74,204073.24,Resolved
FLR000155,MCH0043,LIN023,FAC008,2025-08-15 01:05:14,Tool Wear,Minor,1,5.74,558735.16,Resolved
FLR000156,MCH0594,LIN016,FAC006,2026-05-02 12:26:47,Hydraulic Leak,Critical,6,8.98,527724.2,Resolved
FLR000157,MCH0300,LIN002,FAC001,2024-06-25 09:00:41,Hydraulic Leak,Minor,2,0.93,28363.83,Open
FLR000158,MCH0018,LIN026,FAC009,2024-06-23 07:59:36,Overheating,Major,4,5.3,503127.63,Resolved
FLR000159,MCH0498,LIN011,FAC004,2024-10-24 04:01:26,Tool Wear,Minor,5,16.41,715245.93,Resolved
FLR000160,MCH0198,LIN003,FAC001,2024-04-23 09:46:56,Tool Wear,Major,3,6.13,253663.56,Resolved
FLR000161,MCH0180,LIN011,FAC004,2024-02-18 02:20:38,Overheating,Critical,2,10.27,902870.16,Resolved
FLR000162,MCH0041,LIN011,FAC004,2025-04-03 09:38:53,Excessive Vibration,Major,4,5.08,320166.86,Resolved
FLR000163,MCH0363,LIN017,FAC006,2023-03-06 15:33:38,Tool Wear,Major,7,4.45,269540.64,Open
FLR000164,MCH0114,LIN004,FAC002,2023-12-31 13:04:21,Hydraulic Leak,Critical,5,14.91,1505767.49,Resolved
FLR000165,MCH0176,LIN008,FAC003,2025-01-03 16:01:53,Hydraulic Leak,Major,2,6.72,237742.52,Resolved
FLR000166,MCH0287,LIN017,FAC006,2024-07-16 00:36:33,Bearing Failure,Minor,5,13.87,654363.05,Resolved
FLR000167,MCH0279,LIN001,FAC001,2023-12-29 12:43:47,Electrical Fault,Minor,6,8.14,887623.26,Resolved
FLR000168,MCH0334,LIN018,FAC006,2024-02-27 12:49:04,Tool Wear,Minor,7,2.03,158311.89,Open
FLR000169,MCH0444,LIN012,FAC004,2023-10-04 17:03:27,Excessive Vibration,Minor,1,12.1,1046144.67,Resolved
FLR000170,MCH0275,LIN008,FAC003,2023-12-28 18:43:23,Overheating,Major,3,4.64,186773.99,Resolved
FLR000171,MCH0561,LIN029,FAC010,2024-10-14 22:29:27,Excessive Vibration,Major,6,8.94,933972.56,Resolved
FLR000172,MCH0140,LIN013,FAC005,2025-08-02 07:03:24,Excessive Vibration,Minor,3,3.27,162510.59,Resolved
FLR000173,MCH0019,LIN029,FAC010,2025-10-20 21:15:16,Overheating,Minor,4,1.47,106412.84,Resolved
FLR000174,MCH0239,LIN015,FAC005,2025-08-05 01:23:24,Electrical Fault,Major,3,1.53,87396.55,Resolved
FLR000175,MCH0416,LIN002,FAC001,2026-05-21 03:00:23,Electrical Fault,Minor,5,11.37,1099241.58,Resolved
FLR000176,MCH0517,LIN005,FAC002,2023-03-28 04:36:02,Lubrication Failure,Major,1,2.74,255449.22,Resolved
FLR000177,MCH0329,LIN014,FAC005,2025-08-14 19:05:07,Tool Wear,Major,3,8.27,408918.75,Resolved
FLR000178,MCH0200,LIN004,FAC002,2023-01-11 19:23:35,Bearing Failure,Critical,7,14.81,551359.77,Resolved
FLR000179,MCH0314,LIN023,FAC008,2023-11-06 16:23:29,Electrical Fault,Major,4,7.49,863313.29,Open
FLR000180,MCH0288,LIN014,FAC005,2023-01-13 01:17:50,Hydraulic Leak,Minor,1,4.53,499871.9,Resolved
FLR000181,MCH0133,LIN013,FAC005,2025-09-21 16:03:43,Electrical Fault,Major,6,0.61,27048.41,Resolved
FLR000182,MCH0479,LIN007,FAC003,2024-08-23 10:43:13,Lubrication Failure,Major,3,1.15,43079.06,Open
FLR000183,MCH0439,LIN026,FAC009,2024-11-02 03:16:45,Overheating,Major,7,1.87,111086.2,Resolved
FLR000184,MCH0166,LIN004,FAC002,2023-03-18 19:03:19,Sensor Failure,Major,4,4.56,124668.02,Resolved
FLR000185,MCH0057,LIN020,FAC007,2024-12-12 08:37:58,Overheating,Minor,7,15.47,671937.16,Resolved
FLR000186,MCH0324,LIN024,FAC008,2024-03-28 21:48:01,Electrical Fault,Minor,7,2.21,93434.85,Resolved
FLR000187,MCH0036,LIN014,FAC005,2024-12-05 05:43:52,Tool Wear,Minor,4,4.88,367889.23,Resolved
FLR000188,MCH0295,LIN020,FAC007,2023-09-03 22:21:26,Overheating,Major,7,3.34,321047.13,Resolved
FLR000189,MCH0286,LIN023,FAC008,2023-07-30 00:47:35,Lubrication Failure,Minor,5,8.97,678973.69,Resolved
FLR000190,MCH0018,LIN026,FAC009,2026-06-04 08:09:48,Bearing Failure,Minor,7,6.49,551873.69,Resolved
FLR000191,MCH0484,LIN019,FAC007,2024-03-04 18:37:52,Sensor Failure,Major,4,11.98,1313323.47,Resolved
FLR000192,MCH0582,LIN013,FAC005,2024-09-06 02:09:05,Sensor Failure,Minor,1,6.0,530143.29,Resolved
FLR000193,MCH0238,LIN007,FAC003,2024-11-08 09:06:46,Electrical Fault,Critical,3,11.01,893821.85,Resolved
FLR000194,MCH0144,LIN010,FAC004,2026-05-21 18:42:49,Excessive Vibration,Critical,4,18.65,570228.16,Open
FLR000195,MCH0184,LIN001,FAC001,2024-11-11 08:12:10,Tool Wear,Major,1,11.81,680209.7,Resolved
FLR000196,MCH0331,LIN012,FAC004,2023-05-25 19:08:44,Sensor Failure,Major,7,11.48,1042539.5,Resolved
FLR000197,MCH0553,LIN013,FAC005,2025-10-02 04:32:05,Bearing Failure,Minor,7,5.75,573778.2,Resolved
FLR000198,MCH0560,LIN024,FAC008,2026-03-16 22:26:42,Bearing Failure,Minor,1,10.94,719187.02,Resolved
FLR000199,MCH0200,LIN004,FAC002,2024-11-11 00:35:31,Hydraulic Leak,Major,3,2.92,297245.93,Resolved
FLR000200,MCH0447,LIN011,FAC004,2023-02-15 22:01:28,Hydraulic Leak,Major,7,15.64,579948.28,Resolved
FLR000201,MCH0129,LIN003,FAC001,2023-03-12 03:00:00,Lubrication Failure,Major,6,3.45,122823.87,Resolved
FLR000202,MCH0243,LIN001,FAC001,2023-03-19 18:03:55,Overheating,Major,6,5.54,650815.91,Resolved
FLR000203,MCH0533,LIN017,FAC006,2023-01-14 12:55:36,Hydraulic Leak,Major,6,2.15,247837.37,Resolved
FLR000204,MCH0169,LIN003,FAC001,2023-10-06 22:46:19,Hydraulic Leak,Major,1,12.43,361789.56,Resolved
FLR000205,MCH0549,LIN013,FAC005,2024-01-12 22:26:36,Electrical Fault,Major,7,10.65,733297.97,Resolved
FLR000206,MCH0337,LIN028,FAC010,2025-10-22 19:33:43,Tool Wear,Major,4,11.89,1288887.49,Open
FLR000207,MCH0544,LIN003,FAC001,2024-05-04 23:52:31,Electrical Fault,Major,6,0.41,41855.27,Resolved
FLR000208,MCH0182,LIN025,FAC009,2023-07-09 18:32:29,Lubrication Failure,Minor,7,10.64,710925.83,Resolved
FLR000209,MCH0399,LIN028,FAC010,2026-04-06 10:32:26,Excessive Vibration,Major,4,1.11,46607.06,Resolved
FLR000210,MCH0561,LIN029,FAC010,2026-01-21 20:30:19,Excessive Vibration,Critical,7,17.63,854854.64,Resolved
FLR000211,MCH0122,LIN001,FAC001,2024-06-30 21:19:08,Excessive Vibration,Major,2,7.82,902010.0,Resolved
FLR000212,MCH0389,LIN002,FAC001,2024-07-14 21:17:03,Tool Wear,Major,2,7.89,296956.81,Resolved
FLR000213,MCH0013,LIN023,FAC008,2026-01-03 20:00:00,Lubrication Failure,Major,2,4.43,320629.78,Resolved
FLR000214,MCH0085,LIN020,FAC007,2023-09-05 02:23:55,Sensor Failure,Major,6,7.19,387270.53,Resolved
FLR000215,MCH0426,LIN009,FAC003,2025-04-29 13:53:27,Sensor Failure,Minor,4,7.42,725711.08,Resolved
FLR000216,MCH0314,LIN023,FAC008,2023-03-12 00:35:14,Excessive Vibration,Minor,4,3.75,148664.49,Resolved
FLR000217,MCH0133,LIN013,FAC005,2026-03-07 04:17:38,Overheating,Critical,4,18.37,1665634.76,Resolved
FLR000218,MCH0106,LIN018,FAC006,2023-01-09 19:12:26,Lubrication Failure,Critical,3,12.26,806715.39,Resolved
FLR000219,MCH0385,LIN006,FAC002,2025-02-15 09:35:06,Excessive Vibration,Minor,1,14.25,1488195.96,Resolved
FLR000220,MCH0454,LIN022,FAC008,2024-10-21 22:34:31,Excessive Vibration,Major,6,8.33,563966.42,Resolved
FLR000221,MCH0265,LIN011,FAC004,2023-11-25 17:09:25,Sensor Failure,Minor,2,35.4,3314505.67,Resolved
FLR000222,MCH0204,LIN002,FAC001,2023-11-30 21:19:23,Sensor Failure,Major,1,6.57,626116.19,Resolved
FLR000223,MCH0194,LIN015,FAC005,2025-03-14 06:48:26,Excessive Vibration,Critical,1,11.27,1134134.09,Resolved
FLR000224,MCH0281,LIN027,FAC009,2025-05-07 00:38:42,Sensor Failure,Major,1,3.97,435556.12,Resolved
FLR000225,MCH0353,LIN002,FAC001,2023-06-22 18:07:56,Electrical Fault,Major,4,5.52,180587.48,Resolved
FLR000226,MCH0245,LIN030,FAC010,2025-05-23 08:10:36,Lubrication Failure,Major,1,10.28,482171.15,Open
FLR000227,MCH0396,LIN028,FAC010,2026-05-08 01:31:21,Overheating,Major,1,5.7,178569.56,Open
FLR000228,MCH0218,LIN007,FAC003,2023-01-28 01:10:02,Lubrication Failure,Major,3,2.33,118445.44,Open
FLR000229,MCH0377,LIN009,FAC003,2023-06-17 05:51:40,Sensor Failure,Critical,1,16.78,1861928.09,Open
FLR000230,MCH0440,LIN027,FAC009,2026-04-16 01:07:48,Electrical Fault,Major,4,2.61,165171.68,Resolved
FLR000231,MCH0078,LIN001,FAC001,2024-02-13 12:00:36,Electrical Fault,Major,5,6.29,519731.33,Resolved
FLR000232,MCH0225,LIN006,FAC002,2025-06-20 22:53:38,Excessive Vibration,Minor,6,2.96,183141.3,Resolved
FLR000233,MCH0438,LIN013,FAC005,2024-10-07 01:30:57,Excessive Vibration,Major,5,6.87,545157.59,Resolved
FLR000234,MCH0549,LIN013,FAC005,2025-04-17 18:23:27,Bearing Failure,Minor,3,6.3,433912.16,Resolved
FLR000235,MCH0091,LIN024,FAC008,2023-08-02 06:14:05,Bearing Failure,Critical,4,15.67,1090639.44,Resolved
FLR000236,MCH0136,LIN019,FAC007,2025-07-29 00:09:25,Lubrication Failure,Critical,1,15.39,640965.76,Resolved
FLR000237,MCH0060,LIN022,FAC008,2024-02-24 06:47:22,Overheating,Minor,7,4.65,207214.34,Open
FLR000238,MCH0575,LIN008,FAC003,2025-08-12 07:20:05,Hydraulic Leak,Major,5,5.99,233664.21,Resolved
FLR000239,MCH0556,LIN013,FAC005,2024-07-04 21:39:38,Sensor Failure,Major,1,2.8,248886.34,Open
FLR000240,MCH0431,LIN023,FAC008,2025-02-10 22:37:34,Electrical Fault,Major,2,6.99,231310.21,Resolved
FLR000241,MCH0530,LIN014,FAC005,2024-04-21 12:37:49,Electrical Fault,Major,7,0.73,40252.28,Resolved
FLR000242,MCH0012,LIN030,FAC010,2023-08-22 19:53:41,Tool Wear,Major,1,11.85,791400.92,Resolved
FLR000243,MCH0505,LIN023,FAC008,2024-02-18 00:04:42,Lubrication Failure,Minor,3,5.58,580880.26,Resolved
FLR000244,MCH0169,LIN003,FAC001,2026-04-25 02:33:34,Tool Wear,Major,5,4.79,374670.99,Resolved
FLR000245,MCH0099,LIN011,FAC004,2023-01-23 05:25:51,Bearing Failure,Critical,4,14.53,1459248.65,Open
FLR000246,MCH0358,LIN027,FAC009,2024-09-02 07:40:59,Lubrication Failure,Critical,7,16.99,1102181.44,Resolved
FLR000247,MCH0266,LIN021,FAC007,2026-06-01 01:13:49,Excessive Vibration,Critical,6,23.64,912630.5,Resolved
FLR000248,MCH0451,LIN013,FAC005,2026-01-14 18:25:32,Sensor Failure,Minor,7,4.19,417293.97,Open
FLR000249,MCH0310,LIN029,FAC010,2025-07-08 17:57:38,Lubrication Failure,Critical,4,9.67,456891.91,Resolved
FLR000250,MCH0536,LIN030,FAC010,2026-06-07 01:58:06,Excessive Vibration,Minor,6,9.41,494916.81,Resolved
FLR000251,MCH0521,LIN019,FAC007,2025-02-03 08:37:25,Bearing Failure,Major,7,2.58,112691.05,Resolved
FLR000252,MCH0113,LIN015,FAC005,2026-05-09 20:01:53,Bearing Failure,Critical,3,10.49,1170978.96,Resolved
FLR000253,MCH0167,LIN020,FAC007,2024-07-12 00:08:29,Lubrication Failure,Minor,4,10.39,520461.94,Resolved
FLR000254,MCH0553,LIN013,FAC005,2023-09-08 04:14:35,Overheating,Major,5,10.71,730059.16,Open
FLR000255,MCH0283,LIN027,FAC009,2024-10-31 18:54:16,Tool Wear,Major,6,10.89,728692.2,Resolved
FLR000256,MCH0439,LIN026,FAC009,2024-11-17 07:44:41,Lubrication Failure,Major,6,1.98,69789.51,Resolved
FLR000257,MCH0599,LIN003,FAC001,2024-03-25 09:25:02,Hydraulic Leak,Major,7,11.12,474512.73,Open
FLR000258,MCH0243,LIN001,FAC001,2025-12-08 06:27:02,Bearing Failure,Minor,5,3.24,180526.53,Open
FLR000259,MCH0548,LIN011,FAC004,2025-09-25 07:34:00,Overheating,Major,5,6.28,199380.81,Resolved
FLR000260,MCH0090,LIN018,FAC006,2023-07-12 14:31:30,Hydraulic Leak,Minor,4,0.51,22316.24,Resolved
FLR000261,MCH0156,LIN017,FAC006,2026-04-21 10:29:24,Electrical Fault,Major,5,4.42,211747.81,Resolved
FLR000262,MCH0228,LIN011,FAC004,2026-06-09 16:06:29,Excessive Vibration,Major,4,6.12,227868.77,Resolved
FLR000263,MCH0258,LIN026,FAC009,2023-03-15 12:40:16,Bearing Failure,Minor,4,0.46,24073.55,Resolved
FLR000264,MCH0009,LIN026,FAC009,2023-11-04 07:35:08,Bearing Failure,Minor,3,5.0,400114.23,Resolved
FLR000265,MCH0088,LIN015,FAC005,2025-10-21 17:38:22,Electrical Fault,Major,7,16.51,658897.82,Resolved
FLR000266,MCH0002,LIN009,FAC003,2025-07-09 20:04:12,Sensor Failure,Minor,4,5.75,275755.2,Resolved
FLR000267,MCH0374,LIN013,FAC005,2024-09-20 02:52:28,Excessive Vibration,Major,3,3.55,230189.7,Resolved
FLR000268,MCH0030,LIN022,FAC008,2024-01-02 13:14:08,Bearing Failure,Minor,7,5.78,549761.7,Resolved
FLR000269,MCH0269,LIN002,FAC001,2023-12-08 12:54:26,Sensor Failure,Minor,2,3.32,305049.63,Resolved
FLR000270,MCH0332,LIN025,FAC009,2025-09-30 20:46:49,Lubrication Failure,Critical,5,8.52,592258.3,Open
FLR000271,MCH0223,LIN025,FAC009,2023-09-25 11:45:04,Sensor Failure,Major,3,10.57,681473.41,Resolved
FLR000272,MCH0028,LIN004,FAC002,2024-08-23 10:14:34,Electrical Fault,Minor,2,3.3,265898.22,Open
FLR000273,MCH0247,LIN026,FAC009,2023-02-01 10:57:47,Sensor Failure,Critical,3,15.73,547381.77,Resolved
FLR000274,MCH0360,LIN028,FAC010,2024-04-03 19:52:03,Lubrication Failure,Major,6,2.25,66138.33,Open
FLR000275,MCH0283,LIN027,FAC009,2023-08-16 09:13:44,Lubrication Failure,Critical,3,16.51,453533.07,Resolved
FLR000276,MCH0127,LIN004,FAC002,2023-02-07 07:03:27,Lubrication Failure,Minor,3,14.03,536991.6,Open
FLR000277,MCH0227,LIN023,FAC008,2025-06-14 01:02:02,Sensor Failure,Major,7,0.34,12567.97,Resolved
FLR000278,MCH0150,LIN008,FAC003,2025-04-14 09:53:50,Tool Wear,Major,1,2.29,134983.54,Resolved
FLR000279,MCH0438,LIN013,FAC005,2023-08-12 04:22:14,Sensor Failure,Minor,2,13.36,864728.24,Open
FLR000280,MCH0415,LIN008,FAC003,2025-11-14 19:12:56,Lubrication Failure,Major,3,10.02,1130029.05,Open
FLR000281,MCH0141,LIN006,FAC002,2023-06-03 06:41:01,Bearing Failure,Minor,7,1.4,133463.82,Resolved
FLR000282,MCH0391,LIN007,FAC003,2025-09-25 06:38:52,Excessive Vibration,Major,3,1.31,95593.37,Open
FLR000283,MCH0255,LIN005,FAC002,2025-12-30 18:53:01,Excessive Vibration,Critical,1,14.59,1524860.99,Resolved
FLR000284,MCH0176,LIN008,FAC003,2024-05-17 06:55:33,Sensor Failure,Major,6,18.6,1020444.91,Resolved
FLR000285,MCH0057,LIN020,FAC007,2026-06-02 10:29:46,Overheating,Critical,1,15.15,551502.38,Resolved
FLR000286,MCH0416,LIN002,FAC001,2023-09-06 23:39:13,Excessive Vibration,Major,6,6.14,669412.15,Resolved
FLR000287,MCH0328,LIN024,FAC008,2024-08-17 07:42:36,Lubrication Failure,Critical,5,32.49,858348.24,Open
FLR000288,MCH0309,LIN007,FAC003,2023-03-28 03:15:41,Tool Wear,Major,3,20.79,2182583.11,Resolved
FLR000289,MCH0587,LIN024,FAC008,2024-01-29 22:34:21,Electrical Fault,Critical,3,20.22,1753007.31,Resolved
FLR000290,MCH0292,LIN015,FAC005,2024-12-10 00:43:41,Bearing Failure,Minor,3,25.27,2474847.6,Resolved
FLR000291,MCH0069,LIN018,FAC006,2024-10-28 12:07:17,Tool Wear,Critical,6,17.86,2075752.9,Resolved
FLR000292,MCH0359,LIN019,FAC007,2026-03-12 09:31:33,Sensor Failure,Critical,6,14.13,1606513.79,Resolved
FLR000293,MCH0231,LIN008,FAC003,2023-08-25 02:59:08,Bearing Failure,Major,5,6.5,736541.17,Resolved
FLR000294,MCH0397,LIN010,FAC004,2024-08-05 12:18:37,Sensor Failure,Critical,3,14.88,1698019.76,Open
FLR000295,MCH0238,LIN007,FAC003,2025-11-12 14:01:45,Sensor Failure,Critical,5,16.82,1068852.59,Open
FLR000296,MCH0519,LIN030,FAC010,2026-05-27 07:36:22,Hydraulic Leak,Major,6,17.11,1275598.0,Resolved
FLR000297,MCH0037,LIN022,FAC008,2024-06-17 17:56:11,Excessive Vibration,Major,1,9.34,560709.19,Resolved
FLR000298,MCH0004,LIN020,FAC007,2024-09-01 15:33:37,Electrical Fault,Major,3,0.71,76494.9,Resolved
FLR000299,MCH0598,LIN029,FAC010,2024-10-25 04:01:15,Excessive Vibration,Major,5,12.64,590331.94,Resolved
FLR000300,MCH0353,LIN002,FAC001,2024-05-28 23:49:26,Excessive Vibration,Major,3,2.25,93612.11,Resolved
FLR000301,MCH0030,LIN022,FAC008,2025-02-17 23:16:34,Bearing Failure,Major,2,7.07,603498.31,Open
FLR000302,MCH0233,LIN015,FAC005,2026-02-10 22:51:11,Tool Wear,Minor,6,3.15,360553.06,Resolved
FLR000303,MCH0263,LIN018,FAC006,2026-04-01 09:23:53,Lubrication Failure,Minor,2,2.15,205086.01,Resolved
FLR000304,MCH0464,LIN002,FAC001,2023-11-15 18:50:12,Bearing Failure,Major,5,15.63,1841551.3,Resolved
FLR000305,MCH0003,LIN025,FAC009,2026-05-21 11:04:50,Lubrication Failure,Major,4,3.47,193479.92,Resolved
FLR000306,MCH0475,LIN003,FAC001,2023-07-17 14:36:23,Hydraulic Leak,Major,4,8.28,626050.18,Resolved
FLR000307,MCH0242,LIN001,FAC001,2025-10-24 11:58:28,Overheating,Minor,2,1.95,78395.26,Open
FLR000308,MCH0106,LIN018,FAC006,2026-03-27 19:46:25,Excessive Vibration,Major,5,2.81,256701.25,Resolved
FLR000309,MCH0120,LIN007,FAC003,2024-01-27 16:27:58,Electrical Fault,Major,3,15.41,852519.12,Resolved
FLR000310,MCH0141,LIN006,FAC002,2024-07-10 21:03:23,Sensor Failure,Major,3,3.78,201093.12,Resolved
FLR000311,MCH0302,LIN016,FAC006,2026-01-27 13:43:39,Overheating,Critical,7,21.5,1905581.25,Resolved
FLR000312,MCH0031,LIN010,FAC004,2025-02-01 03:08:08,Electrical Fault,Critical,5,18.19,2179695.02,Resolved
FLR000313,MCH0426,LIN009,FAC003,2025-03-21 10:55:32,Tool Wear,Minor,7,3.86,213617.87,Resolved
FLR000314,MCH0541,LIN019,FAC007,2024-01-29 09:57:50,Lubrication Failure,Critical,3,18.94,1961559.68,Resolved
FLR000315,MCH0172,LIN008,FAC003,2023-09-16 16:39:43,Excessive Vibration,Major,7,7.35,278010.83,Resolved
FLR000316,MCH0092,LIN005,FAC002,2023-02-15 04:40:11,Electrical Fault,Major,1,11.55,418151.38,Open
FLR000317,MCH0198,LIN003,FAC001,2025-05-31 19:38:50,Electrical Fault,Major,7,3.05,205575.29,Open
FLR000318,MCH0447,LIN011,FAC004,2023-11-11 11:01:44,Tool Wear,Major,6,13.43,480791.83,Resolved
FLR000319,MCH0442,LIN001,FAC001,2023-07-09 05:13:04,Overheating,Minor,4,3.53,241770.13,Resolved
FLR000320,MCH0059,LIN012,FAC004,2023-11-05 15:58:42,Tool Wear,Minor,2,4.78,181039.5,Resolved
FLR000321,MCH0527,LIN027,FAC009,2026-06-21 04:29:36,Overheating,Critical,1,10.28,282331.45,Resolved
FLR000322,MCH0302,LIN016,FAC006,2024-10-31 06:27:47,Lubrication Failure,Minor,2,20.06,595975.22,Open
FLR000323,MCH0437,LIN015,FAC005,2025-12-20 12:53:08,Tool Wear,Major,6,4.08,113378.4,Resolved
FLR000324,MCH0180,LIN011,FAC004,2026-01-19 23:04:28,Overheating,Critical,7,16.18,545282.92,Open
FLR000325,MCH0101,LIN022,FAC008,2024-01-29 00:29:45,Tool Wear,Major,7,8.21,415849.32,Resolved
FLR000326,MCH0354,LIN005,FAC002,2025-04-15 07:14:59,Excessive Vibration,Major,5,4.38,376770.26,Resolved
FLR000327,MCH0340,LIN012,FAC004,2025-03-28 12:25:37,Overheating,Minor,5,1.22,121705.81,Resolved
FLR000328,MCH0508,LIN010,FAC004,2023-09-29 16:05:59,Tool Wear,Minor,3,2.24,100299.26,Resolved
FLR000329,MCH0316,LIN029,FAC010,2025-10-05 05:02:20,Sensor Failure,Critical,4,14.73,1472875.82,Open
FLR000330,MCH0341,LIN006,FAC002,2023-09-09 00:35:12,Bearing Failure,Minor,2,6.96,350077.94,Open
FLR000331,MCH0017,LIN015,FAC005,2024-07-31 03:26:47,Electrical Fault,Minor,3,5.24,180563.36,Resolved
FLR000332,MCH0435,LIN027,FAC009,2024-11-26 17:34:57,Electrical Fault,Major,4,4.31,342209.08,Resolved
FLR000333,MCH0310,LIN029,FAC010,2023-11-21 16:14:11,Tool Wear,Minor,1,8.02,693940.18,Resolved
FLR000334,MCH0547,LIN005,FAC002,2026-05-20 22:24:10,Sensor Failure,Critical,4,10.69,881083.43,Resolved
FLR000335,MCH0093,LIN027,FAC009,2023-12-17 18:44:06,Tool Wear,Critical,4,13.9,771064.66,Resolved
FLR000336,MCH0527,LIN027,FAC009,2023-08-28 14:56:29,Hydraulic Leak,Critical,6,9.88,494080.16,Open
FLR000337,MCH0386,LIN012,FAC004,2024-05-04 11:53:31,Sensor Failure,Minor,2,5.23,280342.93,Resolved
FLR000338,MCH0274,LIN024,FAC008,2023-06-14 08:04:53,Hydraulic Leak,Minor,3,5.86,314758.61,Resolved
FLR000339,MCH0079,LIN008,FAC003,2023-06-23 06:57:37,Bearing Failure,Major,7,8.43,368543.36,Resolved
FLR000340,MCH0425,LIN014,FAC005,2024-05-18 11:50:32,Hydraulic Leak,Major,3,7.95,623376.66,Resolved
FLR000341,MCH0586,LIN014,FAC005,2025-03-23 18:06:03,Tool Wear,Major,6,3.22,296893.81,Resolved
FLR000342,MCH0289,LIN010,FAC004,2024-12-17 19:53:47,Bearing Failure,Minor,5,4.78,355624.95,Resolved
FLR000343,MCH0282,LIN001,FAC001,2026-06-15 10:43:58,Bearing Failure,Minor,1,5.21,139407.07,Resolved
FLR000344,MCH0325,LIN011,FAC004,2026-04-05 19:58:22,Electrical Fault,Major,5,7.04,275760.13,Resolved
FLR000345,MCH0117,LIN013,FAC005,2025-11-12 03:38:03,Hydraulic Leak,Major,2,0.97,95610.36,Resolved
FLR000346,MCH0587,LIN024,FAC008,2025-08-08 15:08:23,Bearing Failure,Critical,7,9.35,1087292.17,Open
FLR000347,MCH0189,LIN004,FAC002,2024-09-12 10:16:35,Excessive Vibration,Major,2,3.42,401556.49,Resolved
FLR000348,MCH0032,LIN023,FAC008,2026-03-29 01:39:39,Hydraulic Leak,Critical,1,12.14,1369385.59,Resolved
FLR000349,MCH0509,LIN021,FAC007,2026-01-24 10:02:33,Excessive Vibration,Major,3,9.04,385381.09,Resolved
FLR000350,MCH0077,LIN003,FAC001,2024-03-20 18:38:55,Sensor Failure,Critical,5,12.83,539330.43,Resolved
FLR000351,MCH0341,LIN006,FAC002,2023-07-30 17:38:50,Electrical Fault,Critical,1,12.32,347553.04,Resolved
FLR000352,MCH0455,LIN030,FAC010,2025-03-27 09:58:19,Sensor Failure,Major,7,4.66,171703.52,Resolved
FLR000353,MCH0543,LIN019,FAC007,2023-02-20 09:50:27,Excessive Vibration,Critical,3,20.4,1631440.55,Resolved
FLR000354,MCH0459,LIN006,FAC002,2025-01-03 14:40:39,Hydraulic Leak,Major,1,3.64,354419.33,Resolved
FLR000355,MCH0047,LIN026,FAC009,2025-11-19 19:50:25,Hydraulic Leak,Minor,3,12.99,1085103.24,Resolved
FLR000356,MCH0150,LIN008,FAC003,2025-11-13 19:19:09,Electrical Fault,Minor,5,1.73,103551.15,Resolved
FLR000357,MCH0177,LIN009,FAC003,2025-04-13 19:10:21,Sensor Failure,Critical,5,14.56,874660.46,Resolved
FLR000358,MCH0053,LIN007,FAC003,2025-12-26 10:32:55,Tool Wear,Major,6,8.66,734828.38,Resolved
FLR000359,MCH0059,LIN012,FAC004,2026-01-06 20:49:23,Excessive Vibration,Major,5,4.37,187702.45,Open
FLR000360,MCH0133,LIN013,FAC005,2024-05-30 11:31:12,Tool Wear,Minor,2,3.06,323996.25,Open
FLR000361,MCH0409,LIN021,FAC007,2023-11-23 01:15:16,Electrical Fault,Major,2,2.27,175771.72,Open
FLR000362,MCH0149,LIN004,FAC002,2026-05-25 21:45:55,Sensor Failure,Minor,5,4.45,465065.91,Open
FLR000363,MCH0286,LIN023,FAC008,2026-03-29 13:01:05,Sensor Failure,Major,4,8.28,930295.33,Resolved
FLR000364,MCH0191,LIN025,FAC009,2026-01-27 03:18:30,Tool Wear,Major,3,4.9,300579.98,Open
FLR000365,MCH0523,LIN023,FAC008,2023-04-14 16:51:35,Electrical Fault,Major,1,4.06,255392.28,Resolved
FLR000366,MCH0577,LIN009,FAC003,2023-06-21 18:00:51,Excessive Vibration,Minor,3,2.13,83050.54,Resolved
FLR000367,MCH0545,LIN004,FAC002,2024-04-04 05:13:13,Lubrication Failure,Critical,3,13.22,1502598.21,Resolved
FLR000368,MCH0175,LIN019,FAC007,2025-02-19 10:42:55,Lubrication Failure,Minor,5,2.52,190955.64,Open
FLR000369,MCH0092,LIN005,FAC002,2025-08-25 11:34:55,Bearing Failure,Minor,4,5.95,208399.98,Resolved
FLR000370,MCH0175,LIN019,FAC007,2023-05-30 18:17:12,Tool Wear,Major,4,2.28,201393.24,Resolved
FLR000371,MCH0191,LIN025,FAC009,2024-02-13 06:45:24,Tool Wear,Major,4,2.97,159823.76,Open
FLR000372,MCH0253,LIN016,FAC006,2025-05-21 22:14:11,Overheating,Major,4,11.72,331941.59,Resolved
FLR000373,MCH0072,LIN011,FAC004,2025-07-05 17:28:13,Overheating,Minor,5,4.96,344963.27,Open
FLR000374,MCH0143,LIN020,FAC007,2026-05-20 01:36:40,Bearing Failure,Major,5,7.69,661067.28,Open
FLR000375,MCH0446,LIN004,FAC002,2025-01-19 15:44:44,Excessive Vibration,Critical,4,11.62,620979.14,Resolved
FLR000376,MCH0594,LIN016,FAC006,2023-09-03 04:52:42,Hydraulic Leak,Major,3,3.82,212107.9,Resolved
FLR000377,MCH0008,LIN015,FAC005,2023-04-13 10:16:40,Tool Wear,Critical,4,16.77,991829.24,Resolved
FLR000378,MCH0340,LIN012,FAC004,2023-12-10 23:27:28,Excessive Vibration,Major,5,7.69,730617.23,Resolved
FLR000379,MCH0491,LIN021,FAC007,2026-05-26 14:02:53,Sensor Failure,Major,5,3.99,319541.14,Resolved
FLR000380,MCH0460,LIN030,FAC010,2023-11-10 20:57:23,Lubrication Failure,Critical,4,13.55,930732.03,Resolved
FLR000381,MCH0586,LIN014,FAC005,2025-07-02 14:01:42,Sensor Failure,Major,1,13.37,1524833.43,Resolved
FLR000382,MCH0034,LIN007,FAC003,2026-03-07 19:12:29,Hydraulic Leak,Critical,2,12.38,1247146.21,Resolved
FLR000383,MCH0286,LIN023,FAC008,2025-10-23 22:12:48,Bearing Failure,Critical,5,13.55,1442586.2,Resolved
FLR000384,MCH0096,LIN010,FAC004,2024-12-12 10:47:06,Tool Wear,Minor,3,6.13,723575.03,Open
FLR000385,MCH0106,LIN018,FAC006,2023-08-09 08:03:41,Lubrication Failure,Minor,3,5.54,495526.56,Resolved
FLR000386,MCH0304,LIN026,FAC009,2025-05-04 01:14:09,Lubrication Failure,Major,5,8.05,918393.45,Resolved
FLR000387,MCH0095,LIN022,FAC008,2024-05-09 03:06:23,Sensor Failure,Minor,4,1.85,160613.32,Resolved
FLR000388,MCH0311,LIN023,FAC008,2025-05-26 09:18:56,Lubrication Failure,Major,4,13.22,1356947.74,Open
FLR000389,MCH0063,LIN013,FAC005,2025-06-05 00:16:01,Excessive Vibration,Major,1,3.5,315770.27,Resolved
FLR000390,MCH0060,LIN022,FAC008,2025-07-07 10:35:46,Sensor Failure,Major,6,4.39,169088.47,Resolved
FLR000391,MCH0105,LIN004,FAC002,2023-02-02 07:09:40,Sensor Failure,Minor,2,26.41,2354438.44,Resolved
FLR000392,MCH0367,LIN007,FAC003,2024-03-15 16:12:58,Electrical Fault,Critical,7,24.32,1437720.64,Resolved
FLR000393,MCH0462,LIN016,FAC006,2023-03-14 21:21:15,Lubrication Failure,Critical,3,13.41,1523638.31,Resolved
FLR000394,MCH0149,LIN004,FAC002,2026-01-29 16:16:56,Electrical Fault,Major,1,6.57,771759.59,Open
FLR000395,MCH0535,LIN025,FAC009,2023-11-10 12:15:10,Sensor Failure,Minor,2,4.34,210311.39,Resolved
FLR000396,MCH0422,LIN002,FAC001,2026-04-28 09:39:02,Overheating,Major,1,1.42,60141.17,Resolved
FLR000397,MCH0003,LIN025,FAC009,2023-10-03 13:13:37,Hydraulic Leak,Minor,6,6.16,357113.72,Open
FLR000398,MCH0327,LIN009,FAC003,2023-11-23 08:35:01,Lubrication Failure,Minor,7,21.08,2529186.64,Resolved
FLR000399,MCH0595,LIN028,FAC010,2026-02-01 16:37:08,Hydraulic Leak,Critical,1,12.7,1341551.33,Open
FLR000400,MCH0356,LIN005,FAC002,2023-01-17 09:35:09,Hydraulic Leak,Major,5,3.32,391140.53,Open
FLR000401,MCH0379,LIN027,FAC009,2026-01-14 16:25:54,Sensor Failure,Critical,2,11.4,975601.56,Resolved
FLR000402,MCH0034,LIN007,FAC003,2024-08-02 19:38:45,Electrical Fault,Minor,2,6.9,416857.04,Resolved
FLR000403,MCH0220,LIN023,FAC008,2025-08-04 17:49:30,Bearing Failure,Minor,3,0.72,72365.67,Resolved
FLR000404,MCH0077,LIN003,FAC001,2024-06-23 03:03:32,Excessive Vibration,Major,5,10.27,748226.85,Resolved
FLR000405,MCH0022,LIN024,FAC008,2024-04-12 03:31:38,Sensor Failure,Minor,4,2.79,232753.33,Resolved
FLR000406,MCH0303,LIN020,FAC007,2026-04-09 09:13:52,Electrical Fault,Critical,4,17.87,724056.9,Resolved
FLR000407,MCH0383,LIN005,FAC002,2026-04-20 08:59:45,Lubrication Failure,Critical,4,12.91,403425.33,Resolved
FLR000408,MCH0452,LIN026,FAC009,2025-12-28 07:00:09,Electrical Fault,Critical,7,16.53,1963028.31,Resolved
FLR000409,MCH0216,LIN028,FAC010,2024-12-17 21:40:20,Overheating,Major,2,6.05,440380.58,Resolved
FLR000410,MCH0165,LIN029,FAC010,2023-08-15 11:36:54,Bearing Failure,Major,6,6.48,686188.95,Resolved
FLR000411,MCH0186,LIN010,FAC004,2023-12-22 00:40:48,Hydraulic Leak,Critical,5,14.02,366487.89,Resolved
FLR000412,MCH0112,LIN003,FAC001,2026-01-21 11:21:19,Tool Wear,Major,5,8.9,937097.17,Resolved
FLR000413,MCH0166,LIN004,FAC002,2024-04-01 14:32:26,Tool Wear,Minor,4,4.62,338732.42,Resolved
FLR000414,MCH0527,LIN027,FAC009,2025-02-17 05:20:08,Sensor Failure,Minor,4,18.3,2124617.71,Resolved
FLR000415,MCH0466,LIN005,FAC002,2024-02-13 20:22:41,Bearing Failure,Minor,1,14.24,832149.98,Open
FLR000416,MCH0054,LIN006,FAC002,2026-03-11 08:39:24,Tool Wear,Critical,1,10.57,666307.0,Resolved
FLR000417,MCH0144,LIN010,FAC004,2025-07-13 00:29:08,Excessive Vibration,Major,6,2.84,129242.49,Resolved
FLR000418,MCH0396,LIN028,FAC010,2026-03-19 10:08:21,Excessive Vibration,Minor,4,11.31,588684.53,Resolved
FLR000419,MCH0251,LIN017,FAC006,2024-08-28 05:32:36,Overheating,Critical,3,10.86,650686.25,Resolved
FLR000420,MCH0526,LIN028,FAC010,2024-05-15 21:04:17,Electrical Fault,Major,2,6.32,737245.38,Resolved
FLR000421,MCH0159,LIN014,FAC005,2025-06-27 20:05:03,Sensor Failure,Major,2,27.63,1341548.77,Resolved
FLR000422,MCH0052,LIN006,FAC002,2026-01-15 10:06:00,Overheating,Major,1,3.06,243518.93,Open
FLR000423,MCH0270,LIN013,FAC005,2025-10-23 00:08:46,Excessive Vibration,Major,4,7.55,626975.78,Resolved
FLR000424,MCH0330,LIN023,FAC008,2023-08-31 00:14:48,Electrical Fault,Critical,7,13.51,1369409.75,Resolved
FLR000425,MCH0485,LIN007,FAC003,2025-02-08 11:36:12,Overheating,Minor,2,3.15,144241.2,Open
FLR000426,MCH0088,LIN015,FAC005,2025-06-02 10:15:23,Excessive Vibration,Major,3,7.4,873918.49,Resolved
FLR000427,MCH0120,LIN007,FAC003,2023-12-29 03:36:55,Electrical Fault,Critical,2,13.13,1382490.73,Resolved
FLR000428,MCH0363,LIN017,FAC006,2025-03-12 09:20:23,Sensor Failure,Minor,5,2.7,187840.49,Resolved
FLR000429,MCH0117,LIN013,FAC005,2023-09-29 09:55:01,Sensor Failure,Major,2,7.19,768895.46,Resolved
FLR000430,MCH0038,LIN022,FAC008,2023-10-28 00:19:12,Lubrication Failure,Minor,5,16.99,701596.98,Resolved
FLR000431,MCH0497,LIN029,FAC010,2024-09-16 09:25:08,Overheating,Major,2,9.42,708931.11,Open
FLR000432,MCH0390,LIN011,FAC004,2023-07-06 09:49:03,Lubrication Failure,Minor,2,14.55,1458311.99,Resolved
FLR000433,MCH0014,LIN029,FAC010,2023-05-08 00:26:20,Hydraulic Leak,Minor,7,8.13,498808.81,Resolved
FLR000434,MCH0586,LIN014,FAC005,2023-09-18 11:56:24,Sensor Failure,Minor,3,4.58,391448.33,Resolved
FLR000435,MCH0050,LIN017,FAC006,2023-07-12 04:32:45,Tool Wear,Major,6,1.03,122250.38,Resolved
FLR000436,MCH0141,LIN006,FAC002,2023-01-17 20:13:40,Lubrication Failure,Minor,7,8.62,435522.68,Open
FLR000437,MCH0194,LIN015,FAC005,2023-04-02 04:32:34,Overheating,Major,5,2.05,151603.18,Resolved
FLR000438,MCH0147,LIN028,FAC010,2025-09-12 16:07:51,Bearing Failure,Major,5,11.92,300402.67,Resolved
FLR000439,MCH0257,LIN013,FAC005,2026-03-05 17:18:21,Bearing Failure,Major,3,9.62,1106117.82,Resolved
FLR000440,MCH0020,LIN001,FAC001,2025-05-12 19:57:20,Tool Wear,Minor,2,0.63,43223.55,Open
FLR000441,MCH0312,LIN015,FAC005,2024-04-12 00:44:57,Electrical Fault,Major,7,7.59,637523.2,Resolved
FLR000442,MCH0377,LIN009,FAC003,2024-07-18 08:30:36,Tool Wear,Critical,1,12.62,1015387.81,Resolved
FLR000443,MCH0106,LIN018,FAC006,2024-02-04 23:35:59,Sensor Failure,Minor,5,7.27,333868.85,Open
FLR000444,MCH0553,LIN013,FAC005,2025-10-28 08:39:15,Electrical Fault,Minor,3,5.68,460057.82,Open
FLR000445,MCH0233,LIN015,FAC005,2024-01-13 00:07:07,Tool Wear,Major,5,3.47,203582.39,Resolved
FLR000446,MCH0210,LIN004,FAC002,2026-04-10 01:53:01,Sensor Failure,Critical,7,11.02,442474.4,Resolved
FLR000447,MCH0074,LIN001,FAC001,2026-02-20 20:40:22,Excessive Vibration,Major,6,11.82,1118400.43,Resolved
FLR000448,MCH0031,LIN010,FAC004,2023-02-19 00:58:42,Tool Wear,Major,1,2.44,225104.54,Resolved
FLR000449,MCH0036,LIN014,FAC005,2024-02-22 15:08:01,Lubrication Failure,Major,2,7.0,751182.05,Resolved
FLR000450,MCH0457,LIN007,FAC003,2023-09-10 05:29:59,Lubrication Failure,Major,7,4.63,546572.74,Open
FLR000451,MCH0010,LIN011,FAC004,2026-03-25 19:28:49,Tool Wear,Critical,4,13.85,947877.67,Resolved
FLR000452,MCH0112,LIN003,FAC001,2026-02-26 22:43:26,Electrical Fault,Major,1,9.67,1135146.89,Resolved
FLR000453,MCH0138,LIN003,FAC001,2025-06-21 20:33:37,Hydraulic Leak,Minor,7,7.84,316282.26,Resolved
FLR000454,MCH0600,LIN014,FAC005,2026-04-30 15:11:10,Bearing Failure,Major,5,5.47,334641.78,Resolved
FLR000455,MCH0204,LIN002,FAC001,2026-01-31 22:16:18,Excessive Vibration,Major,3,15.94,1171889.09,Resolved
FLR000456,MCH0371,LIN005,FAC002,2025-11-15 05:28:59,Overheating,Critical,7,17.62,1724567.04,Resolved
FLR000457,MCH0113,LIN015,FAC005,2023-03-11 02:28:01,Excessive Vibration,Minor,1,10.55,308311.77,Resolved
FLR000458,MCH0422,LIN002,FAC001,2025-05-28 22:47:03,Tool Wear,Minor,3,5.07,446231.41,Open
FLR000459,MCH0490,LIN018,FAC006,2026-02-15 01:36:43,Sensor Failure,Critical,7,12.36,742240.37,Resolved
FLR000460,MCH0510,LIN023,FAC008,2026-05-03 09:11:38,Tool Wear,Minor,2,4.64,320021.89,Resolved
FLR000461,MCH0508,LIN010,FAC004,2026-02-26 07:27:10,Overheating,Critical,6,18.38,1308594.36,Resolved
FLR000462,MCH0026,LIN006,FAC002,2025-10-19 09:27:21,Tool Wear,Major,4,1.74,73898.49,Resolved
FLR000463,MCH0074,LIN001,FAC001,2023-07-10 05:49:48,Sensor Failure,Major,3,11.74,1318669.15,Resolved
FLR000464,MCH0133,LIN013,FAC005,2024-04-11 01:35:24,Tool Wear,Major,5,7.29,480057.15,Resolved
FLR000465,MCH0161,LIN008,FAC003,2023-09-15 23:43:07,Lubrication Failure,Minor,2,16.0,1532073.73,Open
FLR000466,MCH0521,LIN019,FAC007,2026-02-10 13:06:29,Excessive Vibration,Major,6,8.49,313090.04,Resolved
FLR000467,MCH0468,LIN030,FAC010,2023-04-28 01:57:55,Hydraulic Leak,Major,7,2.75,313742.21,Resolved
FLR000468,MCH0381,LIN011,FAC004,2023-01-26 08:18:03,Sensor Failure,Minor,3,4.95,353537.12,Resolved
FLR000469,MCH0482,LIN024,FAC008,2025-07-19 04:03:03,Tool Wear,Major,6,11.3,442934.55,Resolved
FLR000470,MCH0382,LIN018,FAC006,2025-10-02 08:08:49,Hydraulic Leak,Critical,5,9.27,598355.69,Open
FLR000471,MCH0295,LIN020,FAC007,2023-07-08 18:43:52,Electrical Fault,Minor,1,4.96,211061.92,Open
FLR000472,MCH0038,LIN022,FAC008,2024-06-01 19:35:25,Overheating,Major,6,4.45,188030.51,Resolved
FLR000473,MCH0349,LIN024,FAC008,2023-08-02 19:47:52,Overheating,Major,5,6.42,596465.09,Resolved
FLR000474,MCH0311,LIN023,FAC008,2024-12-18 12:50:08,Bearing Failure,Critical,7,9.65,426762.93,Resolved
FLR000475,MCH0595,LIN028,FAC010,2026-01-27 13:48:47,Excessive Vibration,Major,6,8.76,231214.26,Resolved
FLR000476,MCH0579,LIN003,FAC001,2023-01-03 03:46:29,Lubrication Failure,Critical,6,15.82,1252472.0,Resolved
FLR000477,MCH0241,LIN010,FAC004,2024-09-24 23:08:44,Electrical Fault,Major,1,7.41,875462.29,Resolved
FLR000478,MCH0318,LIN006,FAC002,2024-10-25 15:56:54,Sensor Failure,Critical,1,14.34,1557814.63,Resolved
FLR000479,MCH0057,LIN020,FAC007,2023-01-26 17:37:58,Hydraulic Leak,Minor,2,8.07,889868.44,Resolved
FLR000480,MCH0376,LIN005,FAC002,2025-06-24 01:50:46,Lubrication Failure,Major,2,1.74,104984.77,Resolved
FLR000481,MCH0382,LIN018,FAC006,2025-01-30 07:10:51,Hydraulic Leak,Major,1,3.25,352012.23,Open
FLR000482,MCH0367,LIN007,FAC003,2025-11-03 16:07:01,Hydraulic Leak,Major,1,2.93,234381.03,Resolved
FLR000483,MCH0179,LIN010,FAC004,2023-02-15 13:01:37,Lubrication Failure,Major,2,3.29,301066.22,Resolved
FLR000484,MCH0148,LIN009,FAC003,2024-05-05 19:56:41,Excessive Vibration,Major,3,12.66,494817.91,Resolved
FLR000485,MCH0597,LIN012,FAC004,2025-09-05 23:02:28,Bearing Failure,Critical,4,10.54,366604.76,Resolved
FLR000486,MCH0014,LIN029,FAC010,2024-04-16 21:08:08,Tool Wear,Critical,7,20.93,2142891.43,Open
FLR000487,MCH0551,LIN025,FAC009,2024-07-12 04:09:44,Hydraulic Leak,Critical,2,13.72,1274606.43,Open
FLR000488,MCH0433,LIN022,FAC008,2025-08-02 01:51:51,Electrical Fault,Critical,5,11.84,1401657.09,Resolved
FLR000489,MCH0485,LIN007,FAC003,2023-08-19 08:48:39,Bearing Failure,Critical,5,8.85,869075.43,Open
FLR000490,MCH0527,LIN027,FAC009,2024-04-01 09:26:48,Tool Wear,Minor,5,5.59,498256.79,Resolved
FLR000491,MCH0125,LIN008,FAC003,2023-07-11 22:28:15,Excessive Vibration,Major,3,6.62,561578.46,Resolved
FLR000492,MCH0083,LIN010,FAC004,2025-01-09 07:01:54,Hydraulic Leak,Critical,1,10.56,277237.89,Resolved
FLR000493,MCH0103,LIN030,FAC010,2025-05-21 22:45:58,Hydraulic Leak,Major,7,17.89,1577259.38,Resolved
FLR000494,MCH0122,LIN001,FAC001,2026-03-26 04:24:03,Overheating,Critical,5,11.39,345295.65,Resolved
FLR000495,MCH0507,LIN006,FAC002,2025-02-07 22:12:11,Excessive Vibration,Critical,5,18.71,1199454.29,Resolved
FLR000496,MCH0321,LIN029,FAC010,2023-02-19 09:19:36,Sensor Failure,Major,1,10.75,1013889.64,Open
FLR000497,MCH0455,LIN030,FAC010,2023-11-09 13:55:00,Tool Wear,Minor,6,6.11,429245.9,Resolved
FLR000498,MCH0098,LIN002,FAC001,2026-03-30 00:42:40,Lubrication Failure,Minor,5,7.18,285012.4,Open
FLR000499,MCH0404,LIN007,FAC003,2025-02-26 19:10:06,Electrical Fault,Minor,6,0.28,21714.98,Resolved
FLR000500,MCH0378,LIN025,FAC009,2024-10-06 06:34:42,Hydraulic Leak,Minor,4,2.56,218671.59,Resolved
FLR000501,MCH0551,LIN025,FAC009,2023-04-29 00:29:26,Bearing Failure,Critical,7,14.41,1242276.3,Open
FLR000502,MCH0542,LIN004,FAC002,2025-07-27 11:08:27,Bearing Failure,Minor,2,9.0,912119.43,Open
FLR000503,MCH0439,LIN026,FAC009,2025-05-18 05:19:22,Tool Wear,Major,7,4.13,196495.66,Resolved
FLR000504,MCH0049,LIN007,FAC003,2025-11-20 18:05:01,Bearing Failure,Major,7,6.49,453244.07,Resolved
FLR000505,MCH0040,LIN003,FAC001,2026-02-21 11:54:32,Bearing Failure,Critical,7,15.51,869371.54,Resolved
FLR000506,MCH0529,LIN014,FAC005,2024-04-27 23:17:02,Electrical Fault,Major,6,6.44,181053.02,Resolved
FLR000507,MCH0004,LIN020,FAC007,2023-02-01 04:29:11,Lubrication Failure,Minor,3,5.78,370258.25,Resolved
FLR000508,MCH0595,LIN028,FAC010,2023-02-11 05:26:17,Overheating,Critical,7,12.54,333076.97,Resolved
FLR000509,MCH0568,LIN019,FAC007,2025-04-20 18:13:13,Electrical Fault,Major,6,6.45,653728.12,Resolved
FLR000510,MCH0507,LIN006,FAC002,2025-06-22 07:42:44,Excessive Vibration,Major,5,6.29,454134.05,Open
FLR000511,MCH0173,LIN020,FAC007,2025-07-07 17:12:17,Bearing Failure,Major,4,1.4,133008.43,Open
FLR000512,MCH0139,LIN012,FAC004,2023-07-12 19:29:53,Hydraulic Leak,Minor,3,4.57,398547.18,Resolved
FLR000513,MCH0025,LIN017,FAC006,2023-04-07 13:59:33,Excessive Vibration,Minor,1,10.39,496980.82,Resolved
FLR000514,MCH0069,LIN018,FAC006,2025-11-29 06:26:51,Electrical Fault,Major,5,6.91,703687.15,Resolved
FLR000515,MCH0009,LIN026,FAC009,2025-01-22 23:55:51,Hydraulic Leak,Minor,5,2.7,167353.6,Resolved
FLR000516,MCH0154,LIN006,FAC002,2024-12-17 11:49:16,Sensor Failure,Critical,7,11.43,922499.82,Open
FLR000517,MCH0504,LIN008,FAC003,2024-11-18 04:52:49,Overheating,Minor,6,7.02,393761.77,Open
FLR000518,MCH0309,LIN007,FAC003,2025-03-21 14:09:03,Tool Wear,Major,6,5.61,444557.03,Open
FLR000519,MCH0364,LIN029,FAC010,2023-05-29 12:03:30,Lubrication Failure,Major,5,4.29,319285.42,Open
FLR000520,MCH0393,LIN019,FAC007,2023-09-09 00:37:26,Excessive Vibration,Minor,2,8.83,660949.49,Resolved
FLR000521,MCH0519,LIN030,FAC010,2024-09-20 01:17:55,Tool Wear,Minor,4,5.31,233486.19,Resolved
FLR000522,MCH0225,LIN006,FAC002,2023-06-29 19:14:11,Lubrication Failure,Major,7,0.9,25575.23,Resolved
FLR000523,MCH0032,LIN023,FAC008,2025-05-25 13:37:54,Hydraulic Leak,Major,4,1.51,121297.63,Resolved
FLR000524,MCH0344,LIN019,FAC007,2023-08-17 20:17:42,Sensor Failure,Minor,4,6.31,651226.53,Open
FLR000525,MCH0413,LIN022,FAC008,2023-12-08 06:21:22,Bearing Failure,Critical,3,12.64,484187.96,Resolved
FLR000526,MCH0593,LIN019,FAC007,2023-01-19 16:55:35,Bearing Failure,Major,1,0.62,68757.84,Open
FLR000527,MCH0192,LIN007,FAC003,2023-02-07 05:01:02,Hydraulic Leak,Critical,4,12.0,1168224.12,Resolved
FLR000528,MCH0025,LIN017,FAC006,2024-11-20 02:05:25,Overheating,Critical,6,9.0,590148.54,Open
FLR000529,MCH0088,LIN015,FAC005,2023-05-19 00:05:48,Bearing Failure,Major,7,11.09,532400.98,Open
FLR000530,MCH0380,LIN003,FAC001,2023-03-02 22:50:06,Lubrication Failure,Minor,6,1.15,50361.05,Resolved
FLR000531,MCH0492,LIN009,FAC003,2024-09-24 19:13:41,Tool Wear,Minor,3,4.85,509947.11,Resolved
FLR000532,MCH0314,LIN023,FAC008,2023-08-18 12:15:23,Sensor Failure,Critical,3,14.1,706775.15,Resolved
FLR000533,MCH0030,LIN022,FAC008,2024-05-29 16:20:18,Bearing Failure,Critical,5,11.7,515533.44,Open
FLR000534,MCH0471,LIN013,FAC005,2026-06-01 23:32:38,Hydraulic Leak,Major,7,17.37,1348244.37,Resolved
FLR000535,MCH0258,LIN026,FAC009,2023-12-18 22:25:46,Overheating,Critical,1,11.1,1056481.93,Open
FLR000536,MCH0467,LIN027,FAC009,2024-03-14 18:37:03,Excessive Vibration,Major,7,7.48,699093.27,Resolved
FLR000537,MCH0047,LIN026,FAC009,2025-11-15 21:45:20,Electrical Fault,Major,7,5.41,383485.54,Resolved
FLR000538,MCH0072,LIN011,FAC004,2023-06-13 22:50:14,Tool Wear,Minor,4,10.01,1034449.12,Open
FLR000539,MCH0576,LIN020,FAC007,2023-03-28 11:23:26,Lubrication Failure,Critical,3,22.09,2570065.72,Resolved
FLR000540,MCH0475,LIN003,FAC001,2025-03-01 03:50:47,Overheating,Major,1,2.98,229969.32,Resolved
FLR000541,MCH0269,LIN002,FAC001,2024-06-12 12:23:26,Lubrication Failure,Critical,3,15.01,1481227.93,Resolved
FLR000542,MCH0150,LIN008,FAC003,2024-12-22 20:49:48,Sensor Failure,Major,5,6.27,441619.72,Open
FLR000543,MCH0482,LIN024,FAC008,2023-08-10 18:08:11,Sensor Failure,Minor,1,3.09,146473.24,Resolved
FLR000544,MCH0014,LIN029,FAC010,2025-10-15 20:32:41,Overheating,Critical,2,9.71,1045241.57,Resolved
FLR000545,MCH0099,LIN011,FAC004,2025-04-11 17:28:04,Hydraulic Leak,Major,4,7.53,756212.96,Resolved
FLR000546,MCH0432,LIN025,FAC009,2024-10-06 03:09:58,Sensor Failure,Minor,2,7.79,849233.4,Resolved
FLR000547,MCH0140,LIN013,FAC005,2026-06-16 09:41:58,Bearing Failure,Major,7,3.16,260260.27,Resolved
FLR000548,MCH0571,LIN020,FAC007,2023-01-30 11:32:34,Hydraulic Leak,Minor,1,11.26,758152.73,Resolved
FLR000549,MCH0104,LIN004,FAC002,2024-02-12 21:57:43,Electrical Fault,Major,5,4.96,305184.84,Open
FLR000550,MCH0030,LIN022,FAC008,2023-12-26 21:49:22,Tool Wear,Major,1,3.26,200179.22,Resolved
FLR000551,MCH0598,LIN029,FAC010,2025-12-08 02:25:23,Bearing Failure,Major,6,10.64,480015.21,Resolved
FLR000552,MCH0030,LIN022,FAC008,2023-05-03 03:36:42,Excessive Vibration,Major,5,10.62,604693.77,Open
FLR000553,MCH0563,LIN001,FAC001,2023-04-07 03:10:24,Electrical Fault,Minor,3,2.25,153853.77,Resolved
FLR000554,MCH0032,LIN023,FAC008,2026-04-20 08:51:52,Sensor Failure,Major,2,16.59,1734677.83,Resolved
FLR000555,MCH0109,LIN018,FAC006,2026-01-10 08:08:28,Lubrication Failure,Minor,1,4.32,324376.98,Resolved
FLR000556,MCH0391,LIN007,FAC003,2023-12-23 19:37:34,Sensor Failure,Critical,5,14.4,1654643.8,Resolved
FLR000557,MCH0423,LIN009,FAC003,2023-09-24 02:04:48,Overheating,Minor,6,12.33,780376.48,Resolved
FLR000558,MCH0386,LIN012,FAC004,2025-06-09 03:13:44,Excessive Vibration,Major,4,2.59,291173.3,Resolved
FLR000559,MCH0526,LIN028,FAC010,2023-02-23 23:57:48,Sensor Failure,Critical,3,14.56,734473.75,Resolved
FLR000560,MCH0314,LIN023,FAC008,2024-06-24 01:16:59,Overheating,Minor,7,4.21,150956.73,Resolved
FLR000561,MCH0473,LIN022,FAC008,2023-11-28 03:17:47,Hydraulic Leak,Major,1,14.28,1573079.97,Resolved
FLR000562,MCH0587,LIN024,FAC008,2024-11-29 12:31:02,Electrical Fault,Critical,4,17.58,1446650.13,Resolved
FLR000563,MCH0566,LIN010,FAC004,2025-05-04 15:39:55,Sensor Failure,Minor,2,3.68,245121.63,Resolved
FLR000564,MCH0055,LIN029,FAC010,2026-03-29 17:28:51,Overheating,Major,1,0.59,25970.83,Resolved
FLR000565,MCH0282,LIN001,FAC001,2024-05-07 17:16:56,Lubrication Failure,Major,7,4.65,304460.98,Resolved
FLR000566,MCH0442,LIN001,FAC001,2025-01-07 09:18:04,Lubrication Failure,Major,4,4.6,422760.08,Resolved
FLR000567,MCH0358,LIN027,FAC009,2025-07-27 02:17:43,Excessive Vibration,Critical,2,17.95,1435746.95,Open
FLR000568,MCH0399,LIN028,FAC010,2023-07-30 09:18:31,Bearing Failure,Minor,3,4.97,201335.6,Open
FLR000569,MCH0470,LIN002,FAC001,2024-06-21 01:32:08,Overheating,Major,3,6.62,201925.58,Resolved
FLR000570,MCH0373,LIN011,FAC004,2026-04-30 05:47:52,Bearing Failure,Major,1,5.02,164099.69,Resolved
FLR000571,MCH0126,LIN009,FAC003,2026-02-05 12:39:46,Overheating,Major,6,5.55,513484.63,Resolved
FLR000572,MCH0086,LIN003,FAC001,2024-05-05 09:59:34,Tool Wear,Major,2,7.17,298512.96,Resolved
FLR000573,MCH0071,LIN024,FAC008,2025-07-16 04:58:15,Bearing Failure,Minor,5,11.72,1174996.33,Resolved
FLR000574,MCH0293,LIN023,FAC008,2024-06-07 22:22:51,Hydraulic Leak,Major,5,5.79,321543.97,Resolved
FLR000575,MCH0415,LIN008,FAC003,2023-06-05 14:07:33,Electrical Fault,Major,4,6.97,673136.47,Open
FLR000576,MCH0220,LIN023,FAC008,2024-04-06 00:53:59,Tool Wear,Major,4,5.32,444251.21,Resolved
FLR000577,MCH0415,LIN008,FAC003,2024-12-18 19:32:07,Electrical Fault,Critical,3,13.82,1239156.35,Resolved
FLR000578,MCH0566,LIN010,FAC004,2025-04-27 05:41:22,Lubrication Failure,Major,2,12.82,1237203.66,Resolved
FLR000579,MCH0485,LIN007,FAC003,2023-11-15 10:41:48,Lubrication Failure,Minor,3,3.76,394771.34,Resolved
FLR000580,MCH0192,LIN007,FAC003,2025-12-13 22:58:32,Overheating,Minor,1,3.73,259920.94,Resolved
FLR000581,MCH0044,LIN012,FAC004,2024-11-10 04:08:57,Bearing Failure,Major,2,3.31,107434.81,Open
FLR000582,MCH0116,LIN010,FAC004,2025-09-24 16:10:40,Sensor Failure,Critical,3,15.64,433691.19,Resolved
FLR000583,MCH0396,LIN028,FAC010,2024-05-08 02:39:28,Lubrication Failure,Critical,7,16.0,1720735.0,Resolved
FLR000584,MCH0102,LIN015,FAC005,2025-07-28 05:59:21,Overheating,Minor,7,3.92,329443.9,Resolved
FLR000585,MCH0058,LIN028,FAC010,2023-07-23 22:33:57,Lubrication Failure,Minor,1,5.14,301556.29,Resolved
FLR000586,MCH0512,LIN030,FAC010,2024-06-18 02:27:32,Lubrication Failure,Major,5,3.02,355865.36,Resolved
FLR000587,MCH0486,LIN029,FAC010,2026-03-27 20:13:21,Sensor Failure,Major,6,2.75,218690.14,Resolved
FLR000588,MCH0053,LIN007,FAC003,2023-05-23 20:39:50,Tool Wear,Major,2,4.49,319184.28,Resolved
FLR000589,MCH0114,LIN004,FAC002,2023-02-27 00:19:36,Hydraulic Leak,Major,7,7.03,835345.17,Resolved
FLR000590,MCH0174,LIN023,FAC008,2025-03-12 05:38:37,Hydraulic Leak,Major,4,5.86,334218.11,Open
FLR000591,MCH0017,LIN015,FAC005,2025-11-03 11:47:27,Electrical Fault,Critical,3,22.96,1306935.88,Resolved
FLR000592,MCH0326,LIN026,FAC009,2025-06-18 13:55:36,Lubrication Failure,Critical,5,9.66,705870.58,Resolved
FLR000593,MCH0046,LIN029,FAC010,2026-06-11 14:37:56,Hydraulic Leak,Major,1,10.83,1136047.65,Resolved
FLR000594,MCH0039,LIN009,FAC003,2025-08-12 04:57:29,Excessive Vibration,Critical,7,15.2,433989.28,Open
FLR000595,MCH0162,LIN014,FAC005,2025-10-08 06:43:17,Lubrication Failure,Major,6,12.8,1336956.25,Resolved
FLR000596,MCH0446,LIN004,FAC002,2025-01-03 05:23:10,Hydraulic Leak,Critical,1,14.52,428430.66,Resolved
FLR000597,MCH0244,LIN007,FAC003,2025-01-16 07:51:14,Excessive Vibration,Major,6,8.83,637157.9,Resolved
FLR000598,MCH0136,LIN019,FAC007,2024-06-02 19:46:54,Bearing Failure,Critical,2,15.25,447327.98,Resolved
FLR000599,MCH0421,LIN007,FAC003,2024-11-29 19:57:50,Hydraulic Leak,Minor,5,10.4,362641.09,Resolved
FLR000600,MCH0060,LIN022,FAC008,2025-03-21 20:30:25,Bearing Failure,Major,3,3.38,297930.73,Resolved
FLR000601,MCH0198,LIN003,FAC001,2023-04-07 04:32:30,Electrical Fault,Major,1,5.22,249811.98,Resolved
FLR000602,MCH0526,LIN028,FAC010,2024-11-07 15:44:57,Electrical Fault,Major,1,4.99,501803.34,Resolved
FLR000603,MCH0437,LIN015,FAC005,2023-05-12 23:25:38,Excessive Vibration,Minor,1,2.92,211379.95,Resolved
FLR000604,MCH0062,LIN011,FAC004,2023-02-26 19:14:47,Overheating,Minor,6,5.78,361953.91,Open
FLR000605,MCH0082,LIN027,FAC009,2023-12-12 10:20:55,Electrical Fault,Major,1,6.72,568300.55,Open
FLR000606,MCH0204,LIN002,FAC001,2024-01-28 11:22:07,Overheating,Major,7,3.07,283308.55,Resolved
FLR000607,MCH0408,LIN009,FAC003,2024-05-29 11:11:50,Bearing Failure,Major,5,20.65,2057823.55,Resolved
FLR000608,MCH0141,LIN006,FAC002,2025-09-29 23:39:10,Tool Wear,Critical,6,12.47,511651.29,Resolved
FLR000609,MCH0209,LIN030,FAC010,2024-11-15 02:10:41,Excessive Vibration,Minor,1,3.25,287652.43,Resolved
FLR000610,MCH0215,LIN014,FAC005,2024-05-16 23:27:07,Sensor Failure,Major,2,2.84,250427.48,Resolved
FLR000611,MCH0542,LIN004,FAC002,2023-06-30 21:04:02,Electrical Fault,Major,2,11.17,369475.38,Resolved
FLR000612,MCH0422,LIN002,FAC001,2024-03-27 20:48:17,Lubrication Failure,Major,6,3.2,134006.28,Open
FLR000613,MCH0265,LIN011,FAC004,2025-09-06 06:49:46,Sensor Failure,Major,5,16.9,1892240.7,Resolved
FLR000614,MCH0414,LIN017,FAC006,2024-01-25 17:05:35,Bearing Failure,Minor,7,5.43,604753.06,Resolved
FLR000615,MCH0252,LIN027,FAC009,2024-06-24 02:00:20,Lubrication Failure,Major,1,7.03,580403.69,Resolved
FLR000616,MCH0001,LIN020,FAC007,2025-04-29 14:43:02,Electrical Fault,Minor,3,2.9,276050.79,Resolved
FLR000617,MCH0495,LIN009,FAC003,2024-01-17 12:13:01,Bearing Failure,Minor,2,11.32,768708.94,Resolved
FLR000618,MCH0145,LIN010,FAC004,2024-01-06 02:29:30,Excessive Vibration,Major,1,4.2,290910.44,Resolved
FLR000619,MCH0554,LIN028,FAC010,2025-10-03 21:49:09,Hydraulic Leak,Critical,3,9.18,309542.47,Resolved
FLR000620,MCH0446,LIN004,FAC002,2023-10-08 08:24:01,Sensor Failure,Major,1,8.31,658877.35,Open
FLR000621,MCH0508,LIN010,FAC004,2026-06-17 18:30:15,Excessive Vibration,Major,1,12.12,569719.09,Resolved
FLR000622,MCH0237,LIN025,FAC009,2024-12-13 23:38:41,Lubrication Failure,Major,2,10.69,575880.24,Open
FLR000623,MCH0287,LIN017,FAC006,2023-05-31 06:48:06,Tool Wear,Major,7,5.92,360596.74,Resolved
FLR000624,MCH0055,LIN029,FAC010,2023-11-23 13:22:00,Lubrication Failure,Major,2,1.99,221948.6,Resolved
FLR000625,MCH0187,LIN006,FAC002,2024-03-10 08:22:11,Lubrication Failure,Major,2,6.43,213752.76,Resolved
FLR000626,MCH0053,LIN007,FAC003,2024-12-13 04:55:57,Excessive Vibration,Minor,7,9.69,981591.31,Resolved
FLR000627,MCH0238,LIN007,FAC003,2025-04-07 10:23:03,Tool Wear,Critical,5,15.45,1730665.29,Resolved
FLR000628,MCH0397,LIN010,FAC004,2024-09-02 22:27:47,Lubrication Failure,Major,6,2.9,146176.23,Open
FLR000629,MCH0348,LIN017,FAC006,2023-07-01 20:21:05,Overheating,Minor,1,6.67,618200.71,Open
FLR000630,MCH0075,LIN003,FAC001,2025-05-19 09:23:02,Sensor Failure,Minor,6,22.35,1016481.21,Resolved
FLR000631,MCH0414,LIN017,FAC006,2025-08-14 04:47:53,Bearing Failure,Major,7,4.31,373221.7,Resolved
FLR000632,MCH0095,LIN022,FAC008,2023-10-10 08:01:56,Hydraulic Leak,Critical,7,23.88,2028491.8,Resolved
FLR000633,MCH0318,LIN006,FAC002,2023-03-25 22:32:37,Bearing Failure,Critical,5,10.95,1226456.31,Resolved
FLR000634,MCH0574,LIN029,FAC010,2025-03-24 02:39:06,Sensor Failure,Critical,7,15.8,1819003.64,Resolved
FLR000635,MCH0337,LIN028,FAC010,2025-11-11 13:51:26,Lubrication Failure,Critical,6,20.98,1736652.67,Open
FLR000636,MCH0145,LIN010,FAC004,2026-04-18 03:25:55,Overheating,Minor,2,6.78,429850.33,Resolved
FLR000637,MCH0127,LIN004,FAC002,2026-05-25 06:42:03,Hydraulic Leak,Minor,1,1.45,167779.85,Resolved
FLR000638,MCH0341,LIN006,FAC002,2024-08-02 08:36:21,Sensor Failure,Critical,5,14.86,617635.41,Resolved
FLR000639,MCH0206,LIN007,FAC003,2025-07-23 10:30:49,Overheating,Major,2,8.85,970233.58,Resolved
FLR000640,MCH0134,LIN006,FAC002,2026-02-27 02:14:02,Lubrication Failure,Major,5,2.18,75688.06,Open
FLR000641,MCH0157,LIN029,FAC010,2025-11-20 14:01:02,Hydraulic Leak,Minor,1,3.84,428474.03,Open
FLR000642,MCH0142,LIN023,FAC008,2025-01-19 09:15:54,Overheating,Critical,3,12.59,372850.72,Open
FLR000643,MCH0532,LIN007,FAC003,2025-10-21 15:42:50,Excessive Vibration,Major,6,2.7,265231.04,Resolved
FLR000644,MCH0154,LIN006,FAC002,2024-02-03 20:58:22,Excessive Vibration,Minor,3,4.7,396333.0,Resolved
FLR000645,MCH0138,LIN003,FAC001,2023-11-07 12:14:49,Lubrication Failure,Major,1,1.41,70560.15,Open
FLR000646,MCH0354,LIN005,FAC002,2023-03-14 08:21:28,Hydraulic Leak,Minor,4,2.72,315855.92,Resolved
FLR000647,MCH0311,LIN023,FAC008,2026-03-08 23:43:03,Lubrication Failure,Minor,3,6.82,442977.1,Resolved
FLR000648,MCH0428,LIN011,FAC004,2023-07-06 18:41:28,Excessive Vibration,Major,5,5.86,188272.38,Resolved
FLR000649,MCH0214,LIN018,FAC006,2025-08-25 05:53:16,Electrical Fault,Major,1,3.7,386971.22,Open
FLR000650,MCH0075,LIN003,FAC001,2024-08-20 20:07:58,Electrical Fault,Critical,4,12.19,545161.25,Open
FLR000651,MCH0039,LIN009,FAC003,2023-01-06 09:06:09,Overheating,Minor,3,1.88,142477.7,Open
FLR000652,MCH0080,LIN020,FAC007,2025-08-23 07:52:03,Excessive Vibration,Minor,4,10.32,655157.54,Resolved
FLR000653,MCH0139,LIN012,FAC004,2026-01-12 11:44:50,Sensor Failure,Critical,2,9.63,263237.89,Resolved
FLR000654,MCH0315,LIN015,FAC005,2025-05-13 17:04:28,Excessive Vibration,Minor,2,7.31,552023.76,Resolved
FLR000655,MCH0185,LIN018,FAC006,2023-06-23 01:40:25,Sensor Failure,Minor,2,10.5,628694.42,Resolved
FLR000656,MCH0449,LIN024,FAC008,2023-10-04 08:41:02,Electrical Fault,Minor,2,2.06,101945.52,Resolved
FLR000657,MCH0148,LIN009,FAC003,2023-03-26 03:29:07,Lubrication Failure,Major,4,12.42,1066891.25,Resolved
FLR000658,MCH0565,LIN024,FAC008,2023-04-23 15:24:23,Tool Wear,Major,3,4.04,171153.61,Resolved
FLR000659,MCH0058,LIN028,FAC010,2024-04-11 05:23:33,Bearing Failure,Critical,5,19.26,1090780.09,Resolved
FLR000660,MCH0567,LIN016,FAC006,2025-08-15 21:52:07,Overheating,Major,3,7.24,492210.48,Resolved
FLR000661,MCH0149,LIN004,FAC002,2026-04-28 09:37:24,Lubrication Failure,Major,2,3.92,408406.4,Resolved
FLR000662,MCH0238,LIN007,FAC003,2024-08-15 19:29:03,Lubrication Failure,Minor,7,9.87,352579.16,Resolved
FLR000663,MCH0121,LIN008,FAC003,2024-12-11 18:47:22,Bearing Failure,Major,7,5.86,324027.6,Open
FLR000664,MCH0188,LIN004,FAC002,2023-05-28 09:13:50,Overheating,Major,6,2.09,159417.77,Resolved
FLR000665,MCH0438,LIN013,FAC005,2026-03-14 07:48:25,Electrical Fault,Major,7,7.11,829336.5,Resolved
FLR000666,MCH0371,LIN005,FAC002,2026-05-28 16:52:57,Bearing Failure,Minor,5,22.8,1643016.87,Resolved
FLR000667,MCH0441,LIN020,FAC007,2024-04-09 05:52:55,Tool Wear,Major,2,1.62,50250.56,Resolved
FLR000668,MCH0388,LIN011,FAC004,2024-06-24 22:31:32,Lubrication Failure,Minor,5,9.62,1068008.04,Resolved
FLR000669,MCH0511,LIN004,FAC002,2026-02-05 10:59:39,Hydraulic Leak,Critical,4,10.78,623114.31,Resolved
FLR000670,MCH0445,LIN029,FAC010,2023-05-29 00:01:18,Lubrication Failure,Major,7,3.71,371402.65,Resolved
FLR000671,MCH0166,LIN004,FAC002,2025-05-05 18:53:02,Sensor Failure,Minor,2,4.09,393935.99,Resolved
FLR000672,MCH0043,LIN023,FAC008,2024-06-05 18:56:06,Hydraulic Leak,Minor,3,16.36,560147.58,Resolved
FLR000673,MCH0599,LIN003,FAC001,2023-11-22 11:10:21,Excessive Vibration,Major,4,13.07,1228546.59,Resolved
FLR000674,MCH0364,LIN029,FAC010,2024-02-23 07:03:11,Bearing Failure,Major,2,3.88,426939.45,Resolved
FLR000675,MCH0436,LIN013,FAC005,2025-11-06 23:31:20,Excessive Vibration,Minor,4,1.65,83420.94,Resolved
FLR000676,MCH0476,LIN023,FAC008,2025-12-30 22:16:16,Lubrication Failure,Major,6,6.04,539237.96,Resolved
FLR000677,MCH0049,LIN007,FAC003,2025-02-17 19:08:47,Tool Wear,Critical,4,12.99,1219769.84,Resolved
FLR000678,MCH0071,LIN024,FAC008,2023-05-05 01:21:54,Excessive Vibration,Minor,7,8.31,245023.21,Resolved
FLR000679,MCH0274,LIN024,FAC008,2024-07-20 03:25:47,Hydraulic Leak,Minor,6,3.82,171188.85,Resolved
FLR000680,MCH0125,LIN008,FAC003,2023-06-08 15:22:40,Excessive Vibration,Critical,5,13.16,1117050.58,Resolved
FLR000681,MCH0100,LIN014,FAC005,2024-12-11 23:00:14,Tool Wear,Major,3,0.49,25478.55,Open
FLR000682,MCH0380,LIN003,FAC001,2026-02-25 05:14:03,Tool Wear,Major,3,10.02,397284.42,Resolved
FLR000683,MCH0406,LIN002,FAC001,2025-06-03 22:13:12,Tool Wear,Critical,5,9.88,387631.25,Resolved
FLR000684,MCH0201,LIN006,FAC002,2023-10-14 16:40:11,Overheating,Minor,1,3.77,436944.12,Resolved
FLR000685,MCH0344,LIN019,FAC007,2023-12-10 18:03:00,Lubrication Failure,Minor,1,3.94,451606.88,Resolved
FLR000686,MCH0006,LIN013,FAC005,2023-05-14 16:51:44,Overheating,Major,4,4.95,581084.65,Resolved
FLR000687,MCH0320,LIN011,FAC004,2024-12-13 12:57:58,Tool Wear,Major,4,28.54,2546267.04,Resolved
FLR000688,MCH0414,LIN017,FAC006,2023-11-15 07:16:41,Excessive Vibration,Major,7,10.81,920191.2,Resolved
FLR000689,MCH0045,LIN029,FAC010,2024-10-27 11:55:51,Hydraulic Leak,Minor,5,0.34,31206.87,Resolved
FLR000690,MCH0116,LIN010,FAC004,2025-05-02 05:53:34,Hydraulic Leak,Minor,2,3.48,231200.35,Resolved
FLR000691,MCH0145,LIN010,FAC004,2023-04-23 20:59:51,Overheating,Critical,1,15.32,1303274.35,Resolved
FLR000692,MCH0174,LIN023,FAC008,2026-02-21 12:33:08,Overheating,Major,3,5.7,183468.94,Resolved
FLR000693,MCH0033,LIN010,FAC004,2023-06-09 09:22:39,Electrical Fault,Major,4,6.44,189042.63,Resolved
FLR000694,MCH0438,LIN013,FAC005,2023-02-13 22:04:33,Tool Wear,Critical,1,14.54,574394.22,Open
FLR000695,MCH0461,LIN007,FAC003,2024-12-03 06:02:03,Sensor Failure,Major,1,1.48,39008.86,Open
FLR000696,MCH0225,LIN006,FAC002,2024-05-22 04:38:48,Overheating,Critical,3,9.24,706705.22,Open
FLR000697,MCH0570,LIN005,FAC002,2025-03-17 10:25:19,Bearing Failure,Major,1,3.06,255416.43,Resolved
FLR000698,MCH0040,LIN003,FAC001,2026-01-13 17:18:42,Electrical Fault,Major,6,9.77,917364.14,Resolved
FLR000699,MCH0351,LIN021,FAC007,2025-11-18 16:55:54,Tool Wear,Major,7,1.82,84601.05,Resolved
FLR000700,MCH0520,LIN005,FAC002,2024-11-15 00:04:31,Overheating,Major,3,2.51,172986.56,Resolved
FLR000701,MCH0532,LIN007,FAC003,2024-05-27 02:08:21,Bearing Failure,Critical,3,14.35,1482276.99,Resolved
FLR000702,MCH0431,LIN023,FAC008,2024-04-14 10:01:37,Electrical Fault,Minor,5,10.39,433438.4,Resolved
FLR000703,MCH0337,LIN028,FAC010,2025-07-12 06:28:05,Tool Wear,Critical,3,14.91,476867.45,Resolved
FLR000704,MCH0255,LIN005,FAC002,2024-10-27 19:28:34,Lubrication Failure,Critical,7,10.53,752108.22,Resolved
FLR000705,MCH0433,LIN022,FAC008,2023-06-26 04:06:50,Bearing Failure,Minor,7,5.72,541325.24,Resolved
FLR000706,MCH0144,LIN010,FAC004,2025-02-12 12:57:55,Overheating,Critical,3,8.1,946706.34,Open
FLR000707,MCH0292,LIN015,FAC005,2024-03-16 11:35:39,Excessive Vibration,Major,4,6.57,174903.52,Resolved
FLR000708,MCH0012,LIN030,FAC010,2024-04-28 04:47:25,Excessive Vibration,Major,4,14.77,689415.03,Resolved
FLR000709,MCH0442,LIN001,FAC001,2024-07-12 21:03:28,Overheating,Major,3,16.58,897882.49,Resolved
FLR000710,MCH0517,LIN005,FAC002,2025-06-30 23:15:02,Electrical Fault,Major,2,11.26,489296.68,Resolved
FLR000711,MCH0237,LIN025,FAC009,2024-02-14 08:36:35,Tool Wear,Minor,1,6.05,426513.88,Resolved
FLR000712,MCH0476,LIN023,FAC008,2026-06-28 19:25:07,Bearing Failure,Major,4,2.63,296920.17,Resolved
FLR000713,MCH0534,LIN027,FAC009,2025-04-27 16:01:36,Hydraulic Leak,Major,1,9.11,1047736.68,Resolved
FLR000714,MCH0589,LIN023,FAC008,2023-05-08 08:53:11,Tool Wear,Major,5,0.87,59728.61,Resolved
FLR000715,MCH0514,LIN029,FAC010,2024-01-12 00:56:55,Electrical Fault,Major,3,14.92,1760716.36,Resolved
FLR000716,MCH0387,LIN005,FAC002,2023-03-25 19:25:14,Sensor Failure,Major,5,4.04,463601.51,Resolved
FLR000717,MCH0318,LIN006,FAC002,2024-02-12 06:12:00,Lubrication Failure,Minor,4,4.16,317637.76,Resolved
FLR000718,MCH0438,LIN013,FAC005,2023-08-01 15:57:53,Sensor Failure,Major,5,8.53,774871.78,Resolved
FLR000719,MCH0265,LIN011,FAC004,2024-03-27 14:13:01,Lubrication Failure,Minor,4,3.37,314910.19,Open
FLR000720,MCH0278,LIN002,FAC001,2025-07-07 08:24:57,Overheating,Major,3,8.93,491372.03,Resolved
FLR000721,MCH0108,LIN027,FAC009,2025-06-05 00:32:31,Overheating,Critical,3,17.32,1840917.99,Resolved
FLR000722,MCH0409,LIN021,FAC007,2024-06-04 09:52:02,Hydraulic Leak,Major,1,3.73,222238.27,Open
FLR000723,MCH0216,LIN028,FAC010,2023-01-14 03:00:30,Overheating,Minor,7,5.8,325696.66,Resolved
FLR000724,MCH0421,LIN007,FAC003,2024-12-31 23:14:43,Sensor Failure,Critical,6,15.06,1202976.46,Resolved
FLR000725,MCH0089,LIN017,FAC006,2023-08-21 12:16:00,Hydraulic Leak,Minor,3,9.14,646711.87,Resolved
FLR000726,MCH0579,LIN003,FAC001,2023-05-05 00:46:53,Bearing Failure,Major,7,8.58,630979.57,Resolved
FLR000727,MCH0567,LIN016,FAC006,2024-03-27 08:50:45,Electrical Fault,Minor,5,5.82,248257.87,Resolved
FLR000728,MCH0128,LIN027,FAC009,2024-02-26 00:14:10,Tool Wear,Critical,5,12.26,1375769.63,Resolved
FLR000729,MCH0113,LIN015,FAC005,2023-01-22 08:19:49,Lubrication Failure,Minor,7,5.48,552150.14,Resolved
FLR000730,MCH0575,LIN008,FAC003,2023-02-22 21:43:17,Sensor Failure,Major,6,4.85,200942.16,Resolved
FLR000731,MCH0077,LIN003,FAC001,2024-07-16 18:31:23,Excessive Vibration,Critical,6,13.15,963802.9,Open
FLR000732,MCH0502,LIN011,FAC004,2026-01-04 08:56:07,Hydraulic Leak,Major,3,5.36,457046.94,Open
FLR000733,MCH0466,LIN005,FAC002,2023-08-29 03:42:07,Excessive Vibration,Minor,3,2.6,214256.46,Open
FLR000734,MCH0160,LIN018,FAC006,2024-12-21 20:18:56,Electrical Fault,Critical,7,8.99,571583.39,Open
FLR000735,MCH0174,LIN023,FAC008,2025-07-21 06:30:15,Tool Wear,Major,3,4.17,201675.39,Resolved
FLR000736,MCH0054,LIN006,FAC002,2023-09-04 02:38:37,Bearing Failure,Major,4,6.24,222172.35,Open
FLR000737,MCH0146,LIN004,FAC002,2025-09-06 06:20:49,Overheating,Critical,2,12.28,1363070.03,Resolved
FLR000738,MCH0420,LIN015,FAC005,2024-12-19 16:03:47,Sensor Failure,Minor,1,5.23,165416.29,Open
FLR000739,MCH0166,LIN004,FAC002,2024-05-01 05:29:54,Sensor Failure,Major,5,5.97,459249.88,Open
FLR000740,MCH0180,LIN011,FAC004,2023-06-19 19:03:59,Lubrication Failure,Major,2,6.07,411127.9,Open
FLR000741,MCH0267,LIN013,FAC005,2024-02-03 14:56:20,Electrical Fault,Minor,5,16.98,430539.05,Resolved
FLR000742,MCH0004,LIN020,FAC007,2026-06-21 07:53:14,Lubrication Failure,Major,1,4.23,230373.04,Open
FLR000743,MCH0082,LIN027,FAC009,2023-05-23 11:06:11,Bearing Failure,Minor,3,1.51,109741.74,Resolved
FLR000744,MCH0316,LIN029,FAC010,2024-03-02 23:58:07,Hydraulic Leak,Major,7,4.95,234980.28,Resolved
FLR000745,MCH0052,LIN006,FAC002,2023-12-24 21:06:22,Overheating,Critical,1,12.39,969896.78,Open
FLR000746,MCH0429,LIN004,FAC002,2026-04-18 15:32:41,Sensor Failure,Minor,5,8.91,708850.64,Open
FLR000747,MCH0014,LIN029,FAC010,2023-01-15 18:05:53,Bearing Failure,Minor,1,5.45,404283.05,Resolved
FLR000748,MCH0218,LIN007,FAC003,2024-07-25 17:21:07,Bearing Failure,Critical,1,12.98,1552839.72,Resolved
FLR000749,MCH0236,LIN021,FAC007,2023-07-15 05:25:55,Bearing Failure,Major,2,9.08,520826.99,Resolved
FLR000750,MCH0448,LIN016,FAC006,2024-05-28 06:10:19,Hydraulic Leak,Critical,2,8.75,960932.72,Resolved
FLR000751,MCH0176,LIN008,FAC003,2025-07-26 03:28:22,Electrical Fault,Minor,6,10.17,598330.5,Resolved
FLR000752,MCH0450,LIN022,FAC008,2025-09-02 18:16:06,Electrical Fault,Major,4,5.86,333631.77,Open
FLR000753,MCH0524,LIN016,FAC006,2023-08-03 01:36:21,Hydraulic Leak,Critical,4,15.17,1634878.96,Resolved
FLR000754,MCH0273,LIN002,FAC001,2026-03-18 05:33:17,Hydraulic Leak,Major,4,3.58,151053.15,Open
FLR000755,MCH0562,LIN011,FAC004,2025-03-23 08:59:37,Electrical Fault,Minor,1,3.2,339313.45,Resolved
FLR000756,MCH0256,LIN005,FAC002,2024-12-16 15:14:45,Tool Wear,Major,5,9.71,1053854.27,Resolved
FLR000757,MCH0075,LIN003,FAC001,2023-08-18 18:25:03,Overheating,Major,4,6.15,733950.1,Resolved
FLR000758,MCH0431,LIN023,FAC008,2025-07-04 06:34:08,Sensor Failure,Major,7,3.07,198391.98,Resolved
FLR000759,MCH0291,LIN022,FAC008,2024-05-26 15:27:55,Sensor Failure,Minor,4,3.54,216167.33,Resolved
FLR000760,MCH0347,LIN015,FAC005,2024-07-10 03:25:34,Tool Wear,Critical,5,22.27,2290687.1,Resolved
FLR000761,MCH0432,LIN025,FAC009,2023-06-18 10:36:41,Excessive Vibration,Major,7,6.0,200089.81,Resolved
FLR000762,MCH0044,LIN012,FAC004,2026-03-04 09:35:00,Overheating,Critical,5,13.76,1070451.66,Open
FLR000763,MCH0100,LIN014,FAC005,2025-01-22 23:00:53,Overheating,Minor,5,9.63,816067.47,Resolved
FLR000764,MCH0220,LIN023,FAC008,2023-01-11 23:15:42,Bearing Failure,Major,2,5.04,172749.12,Open
FLR000765,MCH0251,LIN017,FAC006,2023-03-24 04:32:15,Sensor Failure,Major,3,3.2,131373.89,Resolved
FLR000766,MCH0591,LIN016,FAC006,2026-05-05 10:22:01,Hydraulic Leak,Major,2,3.67,299677.81,Resolved
FLR000767,MCH0436,LIN013,FAC005,2023-01-07 10:39:41,Bearing Failure,Major,5,20.7,665984.21,Open
FLR000768,MCH0338,LIN015,FAC005,2023-06-04 03:26:03,Tool Wear,Major,5,5.8,464666.35,Resolved
FLR000769,MCH0494,LIN001,FAC001,2023-01-18 05:11:09,Electrical Fault,Critical,7,10.15,1145337.62,Resolved
FLR000770,MCH0328,LIN024,FAC008,2025-01-30 14:18:55,Bearing Failure,Major,5,9.91,278272.17,Resolved
FLR000771,MCH0240,LIN015,FAC005,2026-04-17 01:31:52,Bearing Failure,Major,6,4.55,484844.38,Resolved
FLR000772,MCH0403,LIN002,FAC001,2023-02-22 07:13:38,Sensor Failure,Critical,4,17.39,1876833.28,Resolved
FLR000773,MCH0032,LIN023,FAC008,2024-11-13 10:24:06,Tool Wear,Minor,7,7.31,414461.76,Resolved
FLR000774,MCH0314,LIN023,FAC008,2025-08-15 20:27:59,Excessive Vibration,Major,2,6.48,436999.72,Resolved
FLR000775,MCH0344,LIN019,FAC007,2024-11-19 14:44:45,Bearing Failure,Minor,5,4.43,255158.19,Resolved
FLR000776,MCH0375,LIN005,FAC002,2025-05-02 22:42:07,Excessive Vibration,Minor,4,9.32,511848.05,Open
FLR000777,MCH0506,LIN001,FAC001,2023-04-04 07:41:18,Lubrication Failure,Major,7,9.37,285841.02,Resolved
FLR000778,MCH0434,LIN011,FAC004,2025-04-25 04:16:09,Bearing Failure,Critical,7,18.82,815021.15,Resolved
FLR000779,MCH0340,LIN012,FAC004,2025-12-07 01:22:37,Lubrication Failure,Minor,5,3.33,310689.74,Open
FLR000780,MCH0463,LIN018,FAC006,2025-06-23 18:34:00,Electrical Fault,Minor,5,2.75,214915.93,Resolved
FLR000781,MCH0070,LIN030,FAC010,2025-07-23 17:48:15,Overheating,Major,2,1.17,105475.26,Resolved
FLR000782,MCH0357,LIN029,FAC010,2026-01-30 14:11:53,Bearing Failure,Minor,1,6.57,557974.97,Resolved
FLR000783,MCH0007,LIN021,FAC007,2024-04-10 01:34:56,Excessive Vibration,Minor,1,5.67,598619.74,Open
FLR000784,MCH0014,LIN029,FAC010,2023-07-14 18:55:53,Excessive Vibration,Minor,4,6.02,657008.69,Resolved
FLR000785,MCH0435,LIN027,FAC009,2025-04-09 23:20:02,Overheating,Major,7,13.23,1141158.14,Resolved
FLR000786,MCH0570,LIN005,FAC002,2026-01-27 14:15:04,Electrical Fault,Major,5,11.39,960520.12,Resolved
FLR000787,MCH0145,LIN010,FAC004,2023-08-28 23:25:51,Sensor Failure,Minor,6,0.74,70401.57,Resolved
FLR000788,MCH0481,LIN004,FAC002,2024-01-14 23:53:01,Hydraulic Leak,Major,6,2.12,71063.35,Resolved
FLR000789,MCH0591,LIN016,FAC006,2023-05-12 17:32:04,Electrical Fault,Major,7,5.82,673384.88,Open
FLR000790,MCH0449,LIN024,FAC008,2025-11-02 11:09:09,Bearing Failure,Critical,5,11.38,1045821.41,Open
FLR000791,MCH0382,LIN018,FAC006,2026-01-26 11:50:23,Electrical Fault,Minor,7,1.56,171643.33,Resolved
FLR000792,MCH0500,LIN025,FAC009,2026-05-20 05:41:58,Sensor Failure,Major,1,12.58,1309604.59,Resolved
FLR000793,MCH0133,LIN013,FAC005,2024-02-08 20:16:57,Lubrication Failure,Major,2,6.27,429606.2,Resolved
FLR000794,MCH0144,LIN010,FAC004,2025-01-04 10:24:19,Hydraulic Leak,Minor,2,7.05,383984.73,Resolved
FLR000795,MCH0084,LIN022,FAC008,2024-05-02 00:11:31,Hydraulic Leak,Minor,7,6.69,509125.79,Resolved
FLR000796,MCH0130,LIN020,FAC007,2026-03-04 04:30:59,Overheating,Major,7,3.0,307051.59,Resolved
FLR000797,MCH0405,LIN026,FAC009,2026-03-22 13:02:16,Excessive Vibration,Critical,1,14.06,399113.98,Resolved
FLR000798,MCH0235,LIN025,FAC009,2026-06-30 22:38:57,Hydraulic Leak,Major,1,2.1,162749.72,Resolved
FLR000799,MCH0356,LIN005,FAC002,2023-03-26 06:51:42,Electrical Fault,Minor,6,10.29,371939.03,Open
FLR000800,MCH0505,LIN023,FAC008,2024-05-29 12:25:52,Hydraulic Leak,Major,7,3.02,268329.97,Resolved
FLR000801,MCH0064,LIN025,FAC009,2024-04-17 06:30:28,Excessive Vibration,Major,4,4.91,429487.63,Resolved
FLR000802,MCH0504,LIN008,FAC003,2024-09-30 13:15:53,Sensor Failure,Major,3,5.56,270191.99,Resolved
FLR000803,MCH0554,LIN028,FAC010,2023-08-03 09:26:04,Excessive Vibration,Critical,7,14.99,963543.48,Open
FLR000804,MCH0276,LIN012,FAC004,2025-06-04 16:06:34,Sensor Failure,Minor,3,4.36,315960.69,Open
FLR000805,MCH0295,LIN020,FAC007,2023-12-11 12:51:26,Bearing Failure,Minor,2,9.99,700447.98,Resolved
FLR000806,MCH0023,LIN005,FAC002,2024-07-09 12:22:13,Excessive Vibration,Major,4,3.3,165618.86,Open
FLR000807,MCH0001,LIN020,FAC007,2023-01-15 03:07:02,Electrical Fault,Minor,7,2.77,256818.14,Resolved
FLR000808,MCH0171,LIN006,FAC002,2023-05-10 12:28:12,Bearing Failure,Minor,4,4.26,116442.99,Open
FLR000809,MCH0533,LIN017,FAC006,2026-04-11 01:15:29,Excessive Vibration,Critical,3,9.49,535434.73,Resolved
FLR000810,MCH0215,LIN014,FAC005,2024-12-12 23:23:08,Tool Wear,Critical,5,22.49,2121960.79,Resolved
FLR000811,MCH0473,LIN022,FAC008,2025-10-02 21:44:21,Hydraulic Leak,Critical,1,22.17,2502050.79,Resolved
FLR000812,MCH0386,LIN012,FAC004,2025-03-09 05:34:10,Hydraulic Leak,Major,1,4.57,455301.32,Resolved
FLR000813,MCH0481,LIN004,FAC002,2023-02-04 18:05:03,Sensor Failure,Major,2,3.79,296114.41,Resolved
FLR000814,MCH0479,LIN007,FAC003,2023-03-12 04:49:42,Electrical Fault,Minor,4,3.24,173393.62,Open
FLR000815,MCH0141,LIN006,FAC002,2024-01-19 16:17:02,Bearing Failure,Minor,3,5.02,576392.5,Resolved
FLR000816,MCH0204,LIN002,FAC001,2023-11-03 16:52:18,Overheating,Minor,1,7.95,524322.02,Open
FLR000817,MCH0539,LIN017,FAC006,2026-04-07 00:36:15,Excessive Vibration,Critical,2,16.47,712911.97,Resolved
FLR000818,MCH0570,LIN005,FAC002,2026-01-15 09:44:01,Excessive Vibration,Critical,7,18.03,1988764.22,Open
FLR000819,MCH0442,LIN001,FAC001,2024-10-16 01:07:59,Electrical Fault,Critical,3,15.15,1436923.1,Resolved
FLR000820,MCH0235,LIN025,FAC009,2024-11-12 11:51:36,Tool Wear,Critical,7,10.46,1178398.84,Resolved
FLR000821,MCH0441,LIN020,FAC007,2025-02-13 13:19:45,Tool Wear,Minor,6,9.89,365754.68,Resolved
FLR000822,MCH0258,LIN026,FAC009,2024-05-14 11:26:51,Hydraulic Leak,Major,6,8.32,541943.71,Resolved
FLR000823,MCH0404,LIN007,FAC003,2023-12-25 21:54:18,Electrical Fault,Minor,7,5.49,204128.0,Open
FLR000824,MCH0065,LIN005,FAC002,2024-12-15 16:42:40,Overheating,Major,2,7.27,308854.09,Open
FLR000825,MCH0101,LIN022,FAC008,2026-06-02 17:07:35,Sensor Failure,Minor,6,7.45,817865.86,Resolved
FLR000826,MCH0599,LIN003,FAC001,2023-03-30 10:07:20,Lubrication Failure,Critical,5,15.4,1652005.64,Open
FLR000827,MCH0120,LIN007,FAC003,2025-01-05 07:23:58,Bearing Failure,Major,6,10.53,1009603.57,Resolved
FLR000828,MCH0517,LIN005,FAC002,2023-09-15 16:54:29,Bearing Failure,Major,4,5.01,328468.97,Resolved
FLR000829,MCH0284,LIN006,FAC002,2023-09-17 18:51:10,Excessive Vibration,Major,7,6.39,482867.98,Open
FLR000830,MCH0442,LIN001,FAC001,2025-10-26 12:23:44,Tool Wear,Major,5,3.53,290663.39,Resolved
FLR000831,MCH0040,LIN003,FAC001,2025-10-28 20:38:48,Tool Wear,Critical,6,13.06,993007.19,Resolved
FLR000832,MCH0224,LIN018,FAC006,2023-11-01 14:44:25,Electrical Fault,Major,2,3.13,233515.28,Resolved
FLR000833,MCH0337,LIN028,FAC010,2024-06-30 01:48:16,Excessive Vibration,Major,2,0.96,83283.57,Resolved
FLR000834,MCH0296,LIN026,FAC009,2026-05-01 09:35:09,Sensor Failure,Minor,3,11.4,1209493.8,Resolved
FLR000835,MCH0121,LIN008,FAC003,2023-10-21 19:51:10,Lubrication Failure,Major,4,6.78,658264.6,Resolved
FLR000836,MCH0072,LIN011,FAC004,2024-07-28 21:11:01,Excessive Vibration,Major,6,14.54,565421.53,Resolved
FLR000837,MCH0006,LIN013,FAC005,2023-05-03 12:01:24,Overheating,Minor,5,1.93,81820.28,Resolved
FLR000838,MCH0440,LIN027,FAC009,2024-09-01 05:53:14,Tool Wear,Major,4,4.24,234014.37,Resolved
FLR000839,MCH0133,LIN013,FAC005,2025-02-11 07:15:44,Hydraulic Leak,Major,1,12.35,342130.19,Resolved
FLR000840,MCH0329,LIN014,FAC005,2023-12-23 15:57:44,Electrical Fault,Major,5,4.77,372797.29,Resolved
FLR000841,MCH0129,LIN003,FAC001,2025-08-28 22:40:22,Lubrication Failure,Major,3,10.3,316597.85,Resolved
FLR000842,MCH0268,LIN013,FAC005,2026-05-31 23:33:50,Excessive Vibration,Critical,2,13.34,566247.21,Open
FLR000843,MCH0543,LIN019,FAC007,2023-07-02 19:15:13,Bearing Failure,Minor,2,7.87,780072.59,Resolved
FLR000844,MCH0152,LIN010,FAC004,2023-04-19 04:43:24,Sensor Failure,Major,6,12.2,883194.54,Resolved
FLR000845,MCH0509,LIN021,FAC007,2024-03-20 06:43:57,Hydraulic Leak,Major,6,10.08,884637.95,Resolved
FLR000846,MCH0258,LIN026,FAC009,2024-03-29 21:18:29,Overheating,Critical,1,15.43,919860.75,Resolved
FLR000847,MCH0101,LIN022,FAC008,2025-03-14 11:11:09,Sensor Failure,Major,6,5.65,369703.37,Resolved
FLR000848,MCH0407,LIN018,FAC006,2024-09-21 02:24:45,Lubrication Failure,Major,6,3.51,225222.13,Resolved
FLR000849,MCH0026,LIN006,FAC002,2025-07-08 20:45:45,Lubrication Failure,Major,6,7.1,275133.63,Resolved
FLR000850,MCH0161,LIN008,FAC003,2023-03-16 17:49:39,Overheating,Minor,3,9.11,957120.7,Resolved
FLR000851,MCH0340,LIN012,FAC004,2025-07-04 20:40:33,Lubrication Failure,Minor,5,7.58,420963.66,Resolved
FLR000852,MCH0289,LIN010,FAC004,2023-01-29 04:23:43,Lubrication Failure,Major,5,1.41,115404.52,Resolved
FLR000853,MCH0391,LIN007,FAC003,2023-06-29 07:00:20,Bearing Failure,Major,7,9.27,614279.47,Resolved
FLR000854,MCH0472,LIN011,FAC004,2023-02-18 12:40:16,Sensor Failure,Major,4,18.57,469478.78,Open
FLR000855,MCH0296,LIN026,FAC009,2025-01-01 20:57:23,Excessive Vibration,Minor,6,4.77,542593.22,Open
FLR000856,MCH0092,LIN005,FAC002,2024-06-11 19:14:27,Excessive Vibration,Major,5,5.75,402718.27,Resolved
FLR000857,MCH0097,LIN022,FAC008,2024-02-26 05:29:09,Sensor Failure,Critical,4,8.76,530477.51,Resolved
FLR000858,MCH0404,LIN007,FAC003,2025-03-12 08:16:38,Electrical Fault,Minor,4,8.18,960988.56,Resolved
FLR000859,MCH0526,LIN028,FAC010,2023-11-26 19:52:14,Electrical Fault,Critical,2,10.54,801169.15,Resolved
FLR000860,MCH0373,LIN011,FAC004,2024-09-29 03:55:57,Electrical Fault,Minor,5,8.23,378214.25,Resolved
FLR000861,MCH0237,LIN025,FAC009,2024-12-10 02:18:22,Excessive Vibration,Minor,3,9.41,955485.43,Resolved
FLR000862,MCH0071,LIN024,FAC008,2024-03-27 00:35:24,Excessive Vibration,Major,7,4.45,158868.16,Resolved
FLR000863,MCH0346,LIN015,FAC005,2023-07-06 20:11:34,Lubrication Failure,Critical,6,10.26,608414.53,Resolved
FLR000864,MCH0424,LIN022,FAC008,2025-03-19 12:41:28,Overheating,Major,4,6.37,330773.68,Resolved
FLR000865,MCH0309,LIN007,FAC003,2024-04-19 03:17:26,Lubrication Failure,Critical,3,12.79,520655.18,Open
FLR000866,MCH0179,LIN010,FAC004,2024-07-17 04:08:05,Sensor Failure,Major,3,8.46,495590.55,Resolved
FLR000867,MCH0125,LIN008,FAC003,2024-04-26 15:05:17,Lubrication Failure,Minor,3,3.8,225119.7,Resolved
FLR000868,MCH0029,LIN002,FAC001,2025-04-13 02:54:46,Lubrication Failure,Critical,1,9.5,880018.64,Resolved
FLR000869,MCH0320,LIN011,FAC004,2026-01-08 04:26:02,Bearing Failure,Critical,7,11.4,331704.21,Resolved
FLR000870,MCH0352,LIN027,FAC009,2024-04-16 16:10:04,Excessive Vibration,Major,3,10.84,1087339.3,Resolved
FLR000871,MCH0048,LIN024,FAC008,2024-05-22 13:43:00,Bearing Failure,Major,2,9.6,255666.24,Open
FLR000872,MCH0502,LIN011,FAC004,2024-03-22 18:49:53,Sensor Failure,Minor,6,10.23,1030427.48,Open
FLR000873,MCH0220,LIN023,FAC008,2024-03-01 20:25:04,Electrical Fault,Major,1,2.27,211307.15,Open
FLR000874,MCH0482,LIN024,FAC008,2026-05-11 00:03:21,Hydraulic Leak,Minor,5,3.4,197765.35,Resolved
FLR000875,MCH0008,LIN015,FAC005,2023-02-14 19:25:23,Electrical Fault,Major,3,3.03,234724.86,Resolved
FLR000876,MCH0395,LIN004,FAC002,2024-07-07 09:15:48,Lubrication Failure,Major,2,3.52,367732.3,Resolved
FLR000877,MCH0309,LIN007,FAC003,2023-09-12 20:12:05,Lubrication Failure,Critical,6,9.48,640135.27,Open
FLR000878,MCH0245,LIN030,FAC010,2025-08-12 04:24:42,Sensor Failure,Major,3,1.18,119384.08,Resolved
FLR000879,MCH0506,LIN001,FAC001,2023-06-04 07:16:12,Overheating,Critical,3,14.75,512358.36,Resolved
FLR000880,MCH0042,LIN016,FAC006,2025-08-07 02:37:42,Electrical Fault,Major,5,0.88,76096.03,Open
FLR000881,MCH0518,LIN020,FAC007,2023-02-01 21:59:00,Sensor Failure,Major,4,7.12,386324.51,Resolved
FLR000882,MCH0369,LIN012,FAC004,2024-05-19 14:19:35,Overheating,Critical,6,25.49,1306577.6,Open
FLR000883,MCH0041,LIN011,FAC004,2023-03-09 11:02:05,Bearing Failure,Major,7,3.42,107262.8,Resolved
FLR000884,MCH0023,LIN005,FAC002,2024-04-18 20:35:54,Tool Wear,Major,1,5.99,257292.91,Open
FLR000885,MCH0011,LIN013,FAC005,2025-09-17 16:52:55,Tool Wear,Minor,6,11.06,1145397.8,Open
FLR000886,MCH0139,LIN012,FAC004,2023-06-04 08:28:36,Hydraulic Leak,Major,4,5.17,414223.25,Resolved
FLR000887,MCH0042,LIN016,FAC006,2023-11-10 12:22:36,Sensor Failure,Major,4,22.35,1201237.66,Resolved
FLR000888,MCH0371,LIN005,FAC002,2023-02-03 23:52:00,Hydraulic Leak,Major,7,3.31,277543.26,Resolved
FLR000889,MCH0456,LIN003,FAC001,2024-01-14 10:13:27,Excessive Vibration,Minor,6,11.79,895015.48,Resolved
FLR000890,MCH0008,LIN015,FAC005,2024-12-22 23:42:46,Tool Wear,Minor,4,6.08,345872.29,Resolved
FLR000891,MCH0436,LIN013,FAC005,2023-08-05 19:30:02,Excessive Vibration,Major,3,12.11,351301.27,Resolved
FLR000892,MCH0178,LIN023,FAC008,2024-03-25 02:37:43,Electrical Fault,Minor,4,5.45,335321.71,Resolved
FLR000893,MCH0306,LIN010,FAC004,2024-02-10 10:45:48,Lubrication Failure,Minor,1,4.43,520877.49,Resolved
FLR000894,MCH0054,LIN006,FAC002,2025-11-16 11:11:21,Bearing Failure,Major,2,12.96,514392.09,Resolved
FLR000895,MCH0063,LIN013,FAC005,2023-02-08 20:58:58,Lubrication Failure,Major,6,2.36,202803.59,Resolved
FLR000896,MCH0549,LIN013,FAC005,2023-09-05 15:27:48,Lubrication Failure,Major,7,2.93,151125.9,Resolved
FLR000897,MCH0017,LIN015,FAC005,2025-01-22 12:28:59,Overheating,Major,7,10.09,434290.24,Open
FLR000898,MCH0139,LIN012,FAC004,2025-06-13 13:18:25,Excessive Vibration,Critical,1,15.1,654774.27,Resolved
FLR000899,MCH0122,LIN001,FAC001,2023-10-06 03:18:18,Electrical Fault,Major,6,2.6,111197.38,Open
FLR000900,MCH0061,LIN026,FAC009,2026-05-06 18:25:01,Lubrication Failure,Major,5,3.26,232908.62,Resolved
FLR000901,MCH0404,LIN007,FAC003,2026-01-05 19:04:58,Hydraulic Leak,Major,6,4.68,149074.54,Open
FLR000902,MCH0577,LIN009,FAC003,2025-03-04 17:16:21,Tool Wear,Minor,1,2.28,136127.36,Resolved
FLR000903,MCH0459,LIN006,FAC002,2024-07-13 15:41:43,Bearing Failure,Major,1,10.65,669134.28,Open
FLR000904,MCH0566,LIN010,FAC004,2026-03-04 23:56:30,Excessive Vibration,Critical,4,19.89,1439721.1,Resolved
FLR000905,MCH0163,LIN007,FAC003,2026-03-15 10:34:28,Electrical Fault,Major,2,23.63,2802811.81,Resolved
FLR000906,MCH0318,LIN006,FAC002,2023-10-10 17:00:37,Sensor Failure,Minor,1,2.27,244592.7,Open
FLR000907,MCH0124,LIN013,FAC005,2026-06-16 09:55:29,Sensor Failure,Major,5,5.28,285219.54,Resolved
FLR000908,MCH0374,LIN013,FAC005,2024-07-18 23:59:14,Overheating,Critical,6,10.14,1145227.57,Resolved
FLR000909,MCH0052,LIN006,FAC002,2023-08-22 17:40:28,Excessive Vibration,Major,7,16.57,1602383.64,Resolved
FLR000910,MCH0011,LIN013,FAC005,2023-10-04 08:28:26,Sensor Failure,Major,5,5.83,170582.36,Resolved
FLR000911,MCH0414,LIN017,FAC006,2023-10-23 05:46:33,Sensor Failure,Critical,2,9.85,1013968.66,Resolved
FLR000912,MCH0587,LIN024,FAC008,2024-04-01 21:20:55,Tool Wear,Major,5,4.34,302107.33,Open
FLR000913,MCH0522,LIN024,FAC008,2024-05-05 16:45:16,Electrical Fault,Major,5,2.52,259659.28,Resolved
FLR000914,MCH0162,LIN014,FAC005,2025-08-09 05:29:43,Tool Wear,Major,7,0.59,69272.95,Resolved
FLR000915,MCH0415,LIN008,FAC003,2024-03-01 22:14:19,Bearing Failure,Critical,5,9.65,765116.2,Resolved
FLR000916,MCH0262,LIN021,FAC007,2023-06-20 09:04:12,Tool Wear,Major,1,5.63,665081.1,Resolved
FLR000917,MCH0255,LIN005,FAC002,2025-08-15 17:41:24,Lubrication Failure,Minor,1,4.07,414908.67,Resolved
FLR000918,MCH0355,LIN029,FAC010,2023-02-10 22:09:52,Tool Wear,Minor,2,10.83,370083.11,Resolved
FLR000919,MCH0464,LIN002,FAC001,2023-10-19 05:42:11,Tool Wear,Major,1,5.31,597951.62,Resolved
FLR000920,MCH0041,LIN011,FAC004,2025-07-05 01:37:07,Overheating,Major,6,5.21,194272.66,Resolved
FLR000921,MCH0051,LIN011,FAC004,2024-05-09 12:29:20,Sensor Failure,Minor,4,5.1,288790.4,Open
FLR000922,MCH0075,LIN003,FAC001,2025-06-06 07:41:17,Overheating,Minor,3,4.85,202177.93,Resolved
FLR000923,MCH0110,LIN002,FAC001,2023-04-23 06:49:38,Lubrication Failure,Major,4,3.4,229872.78,Open
FLR000924,MCH0083,LIN010,FAC004,2025-04-29 02:57:28,Electrical Fault,Major,7,3.7,347951.5,Open
FLR000925,MCH0304,LIN026,FAC009,2023-06-01 16:10:48,Lubrication Failure,Major,4,13.2,574567.08,Open
FLR000926,MCH0584,LIN009,FAC003,2024-09-22 09:12:42,Tool Wear,Critical,6,12.09,440483.65,Resolved
FLR000927,MCH0501,LIN019,FAC007,2024-07-10 12:43:33,Bearing Failure,Major,2,8.67,376885.83,Resolved
FLR000928,MCH0537,LIN013,FAC005,2025-05-30 14:37:47,Tool Wear,Major,5,7.28,554414.16,Resolved
FLR000929,MCH0591,LIN016,FAC006,2025-12-02 22:29:15,Sensor Failure,Major,4,7.65,235272.82,Resolved
FLR000930,MCH0245,LIN030,FAC010,2023-04-22 13:44:14,Tool Wear,Critical,4,14.86,1764674.09,Resolved
FLR000931,MCH0341,LIN006,FAC002,2023-01-31 07:22:57,Electrical Fault,Critical,5,13.26,1563132.33,Resolved
FLR000932,MCH0600,LIN014,FAC005,2025-04-18 18:42:05,Sensor Failure,Minor,7,6.2,429719.54,Resolved
FLR000933,MCH0312,LIN015,FAC005,2023-07-08 11:41:56,Excessive Vibration,Critical,2,11.53,676949.46,Resolved
FLR000934,MCH0189,LIN004,FAC002,2025-11-20 09:16:25,Bearing Failure,Major,5,2.95,267880.05,Resolved
FLR000935,MCH0236,LIN021,FAC007,2025-08-06 10:46:24,Excessive Vibration,Major,3,3.26,155594.15,Resolved
FLR000936,MCH0543,LIN019,FAC007,2024-06-20 02:44:31,Hydraulic Leak,Minor,2,7.47,600326.37,Open
FLR000937,MCH0220,LIN023,FAC008,2023-06-11 14:10:37,Excessive Vibration,Major,4,13.41,398901.73,Open
FLR000938,MCH0199,LIN008,FAC003,2024-02-20 00:43:19,Bearing Failure,Major,3,11.44,930911.67,Open
FLR000939,MCH0582,LIN013,FAC005,2025-06-29 22:16:57,Bearing Failure,Major,2,1.9,103556.52,Open
FLR000940,MCH0592,LIN023,FAC008,2025-12-13 10:34:08,Excessive Vibration,Major,4,4.75,194116.56,Open
FLR000941,MCH0193,LIN006,FAC002,2023-12-05 02:00:30,Tool Wear,Minor,7,5.64,674679.31,Resolved
FLR000942,MCH0350,LIN021,FAC007,2024-12-24 13:01:59,Lubrication Failure,Minor,1,5.46,394770.22,Resolved
FLR000943,MCH0200,LIN004,FAC002,2025-07-25 12:54:39,Sensor Failure,Minor,4,11.58,1190954.43,Open
FLR000944,MCH0430,LIN016,FAC006,2023-03-16 17:32:04,Overheating,Major,6,2.77,120754.35,Resolved
FLR000945,MCH0547,LIN005,FAC002,2024-08-08 16:57:26,Overheating,Major,5,3.95,336153.38,Resolved
FLR000946,MCH0533,LIN017,FAC006,2023-08-06 03:42:30,Hydraulic Leak,Major,3,5.23,312266.76,Resolved
FLR000947,MCH0357,LIN029,FAC010,2024-09-26 20:30:07,Tool Wear,Minor,2,10.53,300748.41,Open
FLR000948,MCH0199,LIN008,FAC003,2024-11-26 09:38:59,Tool Wear,Minor,7,9.98,455510.7,Resolved
FLR000949,MCH0309,LIN007,FAC003,2026-04-25 17:49:37,Tool Wear,Minor,6,5.58,147864.37,Resolved
FLR000950,MCH0167,LIN020,FAC007,2023-06-30 04:26:05,Bearing Failure,Major,6,12.51,847893.41,Resolved
FLR000951,MCH0504,LIN008,FAC003,2023-04-29 21:41:21,Electrical Fault,Minor,2,4.47,460192.03,Resolved
FLR000952,MCH0080,LIN020,FAC007,2023-12-18 03:45:23,Sensor Failure,Critical,7,12.1,471875.18,Resolved
FLR000953,MCH0401,LIN015,FAC005,2023-10-12 12:49:54,Bearing Failure,Major,7,2.34,258072.74,Open
FLR000954,MCH0245,LIN030,FAC010,2023-01-02 00:11:11,Tool Wear,Minor,5,2.56,157902.75,Resolved
FLR000955,MCH0388,LIN011,FAC004,2024-11-14 12:17:22,Sensor Failure,Minor,4,5.27,199546.46,Open
FLR000956,MCH0005,LIN010,FAC004,2024-07-22 08:23:35,Hydraulic Leak,Major,5,2.77,128080.93,Resolved
FLR000957,MCH0436,LIN013,FAC005,2025-04-14 22:24:41,Excessive Vibration,Major,5,0.94,71525.04,Resolved
FLR000958,MCH0454,LIN022,FAC008,2023-07-28 21:42:37,Sensor Failure,Minor,2,4.64,249511.38,Resolved
FLR000959,MCH0040,LIN003,FAC001,2024-06-14 02:54:55,Sensor Failure,Critical,7,15.57,804627.05,Resolved
FLR000960,MCH0193,LIN006,FAC002,2026-03-06 11:15:18,Overheating,Major,5,1.16,45091.35,Resolved
FLR000961,MCH0573,LIN004,FAC002,2024-06-10 10:00:42,Lubrication Failure,Major,5,15.22,1260947.3,Resolved
FLR000962,MCH0299,LIN014,FAC005,2025-02-22 02:27:25,Electrical Fault,Critical,3,21.43,685810.6,Resolved
FLR000963,MCH0300,LIN002,FAC001,2026-06-02 22:25:50,Bearing Failure,Minor,3,3.09,159841.68,Resolved
FLR000964,MCH0098,LIN002,FAC001,2023-01-07 12:42:10,Tool Wear,Major,6,5.65,494907.53,Resolved
FLR000965,MCH0248,LIN028,FAC010,2025-07-13 10:24:53,Electrical Fault,Minor,5,7.65,289951.55,Resolved
FLR000966,MCH0296,LIN026,FAC009,2023-04-17 05:13:04,Excessive Vibration,Critical,1,12.53,665262.45,Resolved
FLR000967,MCH0447,LIN011,FAC004,2024-09-09 19:48:38,Sensor Failure,Major,5,5.28,538150.29,Resolved
FLR000968,MCH0042,LIN016,FAC006,2023-01-24 04:21:20,Excessive Vibration,Critical,2,14.81,913122.57,Resolved
FLR000969,MCH0559,LIN019,FAC007,2025-09-17 16:12:35,Sensor Failure,Minor,1,4.73,480441.35,Resolved
FLR000970,MCH0344,LIN019,FAC007,2025-08-14 15:21:08,Sensor Failure,Major,6,14.24,1069558.91,Resolved
FLR000971,MCH0056,LIN027,FAC009,2023-01-20 05:10:33,Sensor Failure,Major,5,5.2,199937.4,Resolved
FLR000972,MCH0273,LIN002,FAC001,2025-02-04 08:50:34,Tool Wear,Major,5,7.11,565846.06,Resolved
FLR000973,MCH0261,LIN017,FAC006,2026-03-13 18:30:17,Excessive Vibration,Major,7,18.68,707446.05,Open
FLR000974,MCH0107,LIN010,FAC004,2025-03-20 17:12:18,Overheating,Major,1,7.17,470605.07,Resolved
FLR000975,MCH0385,LIN006,FAC002,2026-06-13 08:56:19,Overheating,Major,6,7.84,504107.86,Resolved
FLR000976,MCH0099,LIN011,FAC004,2024-05-15 18:05:33,Overheating,Major,6,2.67,126862.74,Resolved
FLR000977,MCH0244,LIN007,FAC003,2023-01-16 09:34:20,Tool Wear,Major,3,3.6,311916.74,Resolved
FLR000978,MCH0483,LIN029,FAC010,2024-09-17 20:08:33,Tool Wear,Major,3,1.11,33841.18,Resolved
FLR000979,MCH0062,LIN011,FAC004,2024-12-18 07:20:35,Tool Wear,Critical,6,16.04,872054.76,Resolved
FLR000980,MCH0120,LIN007,FAC003,2025-02-12 17:05:50,Electrical Fault,Major,7,0.84,57058.26,Resolved
FLR000981,MCH0019,LIN029,FAC010,2024-11-03 00:13:47,Lubrication Failure,Major,4,3.14,132107.76,Resolved
FLR000982,MCH0072,LIN011,FAC004,2023-06-14 10:08:37,Tool Wear,Minor,4,15.0,1143618.48,Resolved
FLR000983,MCH0346,LIN015,FAC005,2024-01-29 09:37:46,Electrical Fault,Major,2,1.49,87660.79,Resolved
FLR000984,MCH0425,LIN014,FAC005,2026-03-05 15:40:25,Electrical Fault,Major,7,8.68,984482.98,Resolved
FLR000985,MCH0531,LIN021,FAC007,2025-04-28 14:55:39,Sensor Failure,Critical,5,9.05,814882.51,Resolved
FLR000986,MCH0357,LIN029,FAC010,2026-04-03 00:19:46,Bearing Failure,Critical,2,15.09,1367609.39,Resolved
FLR000987,MCH0027,LIN014,FAC005,2025-09-14 20:29:17,Bearing Failure,Minor,7,3.98,162266.07,Open
FLR000988,MCH0459,LIN006,FAC002,2023-12-25 14:43:21,Hydraulic Leak,Major,5,8.51,714927.68,Open
FLR000989,MCH0340,LIN012,FAC004,2023-06-26 09:42:08,Excessive Vibration,Minor,7,2.49,99458.25,Resolved
FLR000990,MCH0057,LIN020,FAC007,2023-03-06 13:47:18,Lubrication Failure,Major,4,4.36,408964.57,Resolved
FLR000991,MCH0445,LIN029,FAC010,2023-10-17 02:34:22,Tool Wear,Major,6,11.53,1364762.52,Resolved
FLR000992,MCH0471,LIN013,FAC005,2026-06-19 23:41:53,Electrical Fault,Minor,2,14.89,1063067.28,Open
FLR000993,MCH0039,LIN009,FAC003,2023-01-28 22:05:19,Hydraulic Leak,Critical,6,12.51,1224758.73,Open
FLR000994,MCH0349,LIN024,FAC008,2025-05-16 02:48:04,Tool Wear,Major,2,1.4,76371.89,Resolved
FLR000995,MCH0487,LIN023,FAC008,2024-02-14 12:47:58,Excessive Vibration,Minor,6,7.99,502660.49,Open
FLR000996,MCH0331,LIN012,FAC004,2025-09-11 21:57:15,Sensor Failure,Major,4,2.37,147949.64,Resolved
FLR000997,MCH0235,LIN025,FAC009,2024-07-06 23:38:39,Overheating,Minor,4,7.14,195129.92,Open
FLR000998,MCH0139,LIN012,FAC004,2025-07-26 07:18:17,Electrical Fault,Major,3,3.58,127296.42,Resolved
FLR000999,MCH0190,LIN002,FAC001,2024-05-03 02:02:39,Sensor Failure,Minor,4,14.0,408564.94,Resolved
FLR001000,MCH0064,LIN025,FAC009,2023-02-04 23:57:04,Lubrication Failure,Major,4,13.24,474238.85,Resolved
FLR001001,MCH0505,LIN023,FAC008,2023-09-22 23:37:34,Lubrication Failure,Minor,1,1.78,151445.22,Resolved
FLR001002,MCH0282,LIN001,FAC001,2024-06-17 14:32:20,Bearing Failure,Major,4,16.48,1032396.99,Resolved
FLR001003,MCH0167,LIN020,FAC007,2024-11-04 07:25:07,Excessive Vibration,Critical,7,17.23,711319.86,Resolved
FLR001004,MCH0393,LIN019,FAC007,2025-01-14 19:52:14,Overheating,Major,4,14.99,576370.19,Resolved
FLR001005,MCH0387,LIN005,FAC002,2024-08-19 08:54:42,Sensor Failure,Major,5,4.66,284706.34,Resolved
FLR001006,MCH0308,LIN025,FAC009,2023-08-17 16:01:10,Sensor Failure,Major,4,2.28,156485.59,Resolved
FLR001007,MCH0013,LIN023,FAC008,2026-04-06 13:28:24,Lubrication Failure,Major,4,10.45,822289.22,Open
FLR001008,MCH0515,LIN012,FAC004,2026-03-19 04:12:28,Electrical Fault,Major,5,12.84,588224.45,Resolved
FLR001009,MCH0275,LIN008,FAC003,2026-05-24 14:06:44,Sensor Failure,Minor,4,4.67,386095.83,Open
FLR001010,MCH0201,LIN006,FAC002,2023-03-21 02:37:04,Excessive Vibration,Major,5,6.63,248867.73,Open
FLR001011,MCH0589,LIN023,FAC008,2023-02-28 03:08:11,Electrical Fault,Minor,1,10.19,1146661.81,Resolved
FLR001012,MCH0540,LIN026,FAC009,2025-06-23 09:21:00,Excessive Vibration,Minor,7,5.95,310331.06,Resolved
FLR001013,MCH0309,LIN007,FAC003,2024-03-07 05:27:43,Electrical Fault,Major,3,6.86,479137.18,Open
FLR001014,MCH0166,LIN004,FAC002,2025-11-18 12:46:45,Electrical Fault,Minor,7,4.0,242494.14,Resolved
FLR001015,MCH0587,LIN024,FAC008,2025-02-19 15:57:15,Tool Wear,Major,4,10.52,594634.46,Resolved
FLR001016,MCH0385,LIN006,FAC002,2023-06-21 20:36:21,Overheating,Major,7,7.55,353060.8,Resolved
FLR001017,MCH0151,LIN020,FAC007,2023-07-05 09:58:06,Tool Wear,Major,5,1.4,59878.56,Open
FLR001018,MCH0325,LIN011,FAC004,2026-03-12 07:59:58,Lubrication Failure,Major,5,4.14,181915.95,Resolved
FLR001019,MCH0074,LIN001,FAC001,2026-03-31 14:57:10,Sensor Failure,Major,4,7.08,219582.17,Open
FLR001020,MCH0294,LIN006,FAC002,2023-11-11 17:18:08,Tool Wear,Major,5,3.39,387824.14,Resolved
FLR001021,MCH0234,LIN001,FAC001,2023-12-14 10:05:48,Hydraulic Leak,Minor,6,4.18,333756.99,Resolved
FLR001022,MCH0537,LIN013,FAC005,2025-09-06 17:22:03,Lubrication Failure,Major,2,2.31,190638.21,Resolved
FLR001023,MCH0580,LIN007,FAC003,2025-04-02 04:02:59,Bearing Failure,Major,5,2.54,98397.02,Resolved
FLR001024,MCH0577,LIN009,FAC003,2024-11-06 04:05:33,Sensor Failure,Minor,4,6.1,461533.82,Open
FLR001025,MCH0595,LIN028,FAC010,2024-05-16 16:49:59,Hydraulic Leak,Minor,1,4.58,338197.52,Resolved
FLR001026,MCH0332,LIN025,FAC009,2026-06-23 09:36:29,Sensor Failure,Major,2,12.37,363332.09,Resolved
FLR001027,MCH0465,LIN002,FAC001,2024-11-30 16:07:24,Excessive Vibration,Critical,7,13.02,1540206.91,Open
FLR001028,MCH0367,LIN007,FAC003,2025-05-31 16:59:19,Sensor Failure,Major,6,0.7,23460.37,Resolved
FLR001029,MCH0214,LIN018,FAC006,2023-10-28 12:33:12,Sensor Failure,Critical,1,16.01,1918777.84,Resolved
FLR001030,MCH0453,LIN010,FAC004,2023-05-12 13:52:16,Hydraulic Leak,Minor,1,1.8,213696.27,Resolved
FLR001031,MCH0137,LIN006,FAC002,2024-08-04 23:22:05,Bearing Failure,Minor,5,3.85,169484.34,Resolved
FLR001032,MCH0382,LIN018,FAC006,2026-04-22 18:30:26,Sensor Failure,Major,3,3.2,152602.3,Open
FLR001033,MCH0286,LIN023,FAC008,2023-03-14 08:27:01,Excessive Vibration,Critical,4,12.72,1374683.4,Open
FLR001034,MCH0475,LIN003,FAC001,2026-06-22 21:42:56,Lubrication Failure,Minor,3,25.84,2127276.17,Resolved
FLR001035,MCH0366,LIN019,FAC007,2023-04-24 08:11:08,Overheating,Critical,7,13.67,851923.04,Resolved
FLR001036,MCH0058,LIN028,FAC010,2023-03-04 00:05:04,Excessive Vibration,Minor,3,3.95,143634.86,Resolved
FLR001037,MCH0360,LIN028,FAC010,2023-11-12 02:35:40,Excessive Vibration,Major,5,6.49,227603.34,Resolved
FLR001038,MCH0577,LIN009,FAC003,2024-08-03 15:39:28,Lubrication Failure,Major,2,7.08,321430.72,Resolved
FLR001039,MCH0576,LIN020,FAC007,2025-08-31 14:19:30,Lubrication Failure,Major,1,14.42,650511.48,Open
FLR001040,MCH0019,LIN029,FAC010,2025-12-13 20:44:50,Lubrication Failure,Minor,4,2.78,243264.16,Resolved
FLR001041,MCH0548,LIN011,FAC004,2023-02-28 10:20:41,Tool Wear,Minor,1,3.96,156876.2,Open
FLR001042,MCH0232,LIN030,FAC010,2024-12-04 23:44:12,Bearing Failure,Major,6,8.19,557349.09,Resolved
FLR001043,MCH0415,LIN008,FAC003,2025-03-04 23:59:04,Bearing Failure,Minor,1,5.39,425723.38,Resolved
FLR001044,MCH0135,LIN015,FAC005,2024-01-18 20:41:28,Sensor Failure,Minor,4,3.11,286848.16,Open
FLR001045,MCH0476,LIN023,FAC008,2024-07-20 17:40:10,Tool Wear,Major,7,3.36,305768.97,Open
FLR001046,MCH0060,LIN022,FAC008,2023-04-06 08:05:09,Bearing Failure,Major,4,2.2,74729.08,Open
FLR001047,MCH0558,LIN025,FAC009,2025-07-25 07:13:43,Bearing Failure,Major,3,2.5,177694.67,Resolved
FLR001048,MCH0009,LIN026,FAC009,2023-05-16 14:02:25,Tool Wear,Critical,7,14.36,1499750.11,Resolved
FLR001049,MCH0467,LIN027,FAC009,2025-06-21 23:19:16,Hydraulic Leak,Major,3,4.72,462393.61,Resolved
FLR001050,MCH0282,LIN001,FAC001,2023-07-04 05:16:44,Sensor Failure,Major,2,3.21,129360.04,Resolved
FLR001051,MCH0212,LIN030,FAC010,2026-06-11 06:43:31,Overheating,Minor,6,14.12,836749.09,Resolved
FLR001052,MCH0006,LIN013,FAC005,2025-05-16 11:15:12,Tool Wear,Major,7,2.96,341987.68,Resolved
FLR001053,MCH0060,LIN022,FAC008,2025-02-23 10:52:37,Lubrication Failure,Major,6,2.22,220471.33,Resolved
FLR001054,MCH0078,LIN001,FAC001,2025-08-23 14:27:51,Electrical Fault,Major,5,1.95,96572.47,Resolved
FLR001055,MCH0548,LIN011,FAC004,2025-09-10 00:01:16,Sensor Failure,Critical,5,12.44,637958.66,Resolved
FLR001056,MCH0242,LIN001,FAC001,2026-05-15 11:46:34,Bearing Failure,Major,5,18.21,888548.33,Open
FLR001057,MCH0164,LIN029,FAC010,2023-11-29 20:50:26,Electrical Fault,Major,6,2.79,266411.03,Resolved
FLR001058,MCH0338,LIN015,FAC005,2026-06-30 07:53:01,Hydraulic Leak,Major,6,2.78,250757.5,Open
FLR001059,MCH0087,LIN028,FAC010,2024-11-28 20:46:39,Overheating,Major,7,3.74,132345.52,Resolved
FLR001060,MCH0375,LIN005,FAC002,2025-03-19 17:36:11,Hydraulic Leak,Major,4,3.84,164639.85,Open
FLR001061,MCH0173,LIN020,FAC007,2025-01-18 22:39:30,Sensor Failure,Minor,1,10.15,294976.21,Resolved
FLR001062,MCH0310,LIN029,FAC010,2023-12-10 13:49:37,Excessive Vibration,Critical,7,18.47,1954941.99,Open
FLR001063,MCH0025,LIN017,FAC006,2025-03-12 09:21:39,Hydraulic Leak,Major,5,13.97,1598001.58,Resolved
FLR001064,MCH0295,LIN020,FAC007,2026-04-04 09:53:41,Sensor Failure,Critical,2,10.71,807075.13,Resolved
FLR001065,MCH0139,LIN012,FAC004,2026-06-09 19:11:25,Overheating,Major,4,18.67,961822.57,Resolved
FLR001066,MCH0440,LIN027,FAC009,2024-07-16 02:41:27,Sensor Failure,Minor,2,8.92,335945.92,Resolved
FLR001067,MCH0193,LIN006,FAC002,2023-04-14 02:43:34,Lubrication Failure,Major,5,7.48,684548.78,Resolved
FLR001068,MCH0498,LIN011,FAC004,2025-08-12 17:44:42,Hydraulic Leak,Minor,1,8.98,1059758.86,Resolved
FLR001069,MCH0107,LIN010,FAC004,2025-11-28 09:57:56,Excessive Vibration,Major,7,2.51,106101.36,Resolved
FLR001070,MCH0308,LIN025,FAC009,2023-09-20 20:50:21,Sensor Failure,Major,6,6.85,618008.81,Open
FLR001071,MCH0073,LIN002,FAC001,2025-08-01 06:51:35,Bearing Failure,Minor,2,8.64,995882.77,Resolved
FLR001072,MCH0416,LIN002,FAC001,2025-08-11 19:27:27,Lubrication Failure,Major,7,3.63,201303.95,Resolved
FLR001073,MCH0229,LIN014,FAC005,2023-08-29 21:10:57,Bearing Failure,Major,4,13.23,663325.2,Resolved
FLR001074,MCH0015,LIN014,FAC005,2025-11-26 18:10:39,Lubrication Failure,Critical,4,12.51,1298363.6,Resolved
FLR001075,MCH0157,LIN029,FAC010,2023-12-26 20:00:37,Hydraulic Leak,Minor,5,12.3,1080262.52,Resolved
FLR001076,MCH0035,LIN005,FAC002,2023-01-05 03:22:55,Lubrication Failure,Critical,4,12.33,1211215.56,Resolved
FLR001077,MCH0212,LIN030,FAC010,2023-06-27 09:54:13,Lubrication Failure,Minor,1,17.89,975032.94,Open
FLR001078,MCH0559,LIN019,FAC007,2025-03-06 19:16:32,Sensor Failure,Critical,2,25.53,2969412.51,Open
FLR001079,MCH0568,LIN019,FAC007,2026-02-20 11:24:51,Excessive Vibration,Major,6,1.77,144429.98,Open
FLR001080,MCH0234,LIN001,FAC001,2024-05-26 12:48:39,Electrical Fault,Critical,3,14.85,1070218.32,Resolved
FLR001081,MCH0465,LIN002,FAC001,2023-12-29 16:59:06,Bearing Failure,Major,4,7.85,365296.19,Resolved
FLR001082,MCH0496,LIN024,FAC008,2024-02-10 11:56:06,Sensor Failure,Minor,7,2.49,117316.5,Resolved
FLR001083,MCH0008,LIN015,FAC005,2023-12-19 04:37:21,Hydraulic Leak,Critical,4,15.78,425895.73,Resolved
FLR001084,MCH0066,LIN011,FAC004,2024-07-10 17:54:05,Tool Wear,Major,7,12.84,1384495.92,Resolved
FLR001085,MCH0486,LIN029,FAC010,2023-01-28 21:10:11,Tool Wear,Critical,4,18.01,1816612.01,Resolved
FLR001086,MCH0227,LIN023,FAC008,2025-01-21 00:31:07,Electrical Fault,Minor,2,2.5,137739.3,Resolved
FLR001087,MCH0512,LIN030,FAC010,2023-07-09 22:25:21,Sensor Failure,Minor,2,4.98,343753.41,Open
FLR001088,MCH0444,LIN012,FAC004,2023-11-20 21:41:04,Electrical Fault,Minor,4,3.15,213861.54,Resolved
FLR001089,MCH0116,LIN010,FAC004,2025-09-24 08:37:37,Bearing Failure,Major,5,1.11,59574.68,Open
FLR001090,MCH0348,LIN017,FAC006,2024-10-02 11:45:16,Excessive Vibration,Major,3,9.0,889682.37,Resolved
FLR001091,MCH0347,LIN015,FAC005,2024-01-27 05:04:33,Lubrication Failure,Minor,5,7.89,758975.48,Resolved
FLR001092,MCH0076,LIN008,FAC003,2023-07-19 09:06:03,Lubrication Failure,Minor,1,14.15,1648698.35,Resolved
FLR001093,MCH0579,LIN003,FAC001,2026-06-24 12:44:00,Sensor Failure,Major,7,11.56,478683.69,Resolved
FLR001094,MCH0459,LIN006,FAC002,2023-12-27 05:59:30,Excessive Vibration,Minor,2,2.79,252674.24,Resolved
FLR001095,MCH0429,LIN004,FAC002,2025-03-27 07:52:06,Hydraulic Leak,Major,1,2.22,103704.28,Open
FLR001096,MCH0360,LIN028,FAC010,2025-06-23 08:42:30,Lubrication Failure,Critical,4,15.61,759865.78,Resolved
FLR001097,MCH0087,LIN028,FAC010,2024-08-25 06:21:32,Excessive Vibration,Major,4,6.19,699966.78,Open
FLR001098,MCH0104,LIN004,FAC002,2025-07-01 05:32:47,Lubrication Failure,Minor,7,4.22,108704.86,Resolved
FLR001099,MCH0489,LIN003,FAC001,2023-02-24 06:08:29,Overheating,Minor,3,0.59,43661.23,Resolved
FLR001100,MCH0312,LIN015,FAC005,2023-01-04 08:05:50,Hydraulic Leak,Major,3,1.59,158427.15,Resolved
FLR001101,MCH0035,LIN005,FAC002,2026-04-27 13:36:44,Bearing Failure,Major,4,4.97,173415.08,Resolved
FLR001102,MCH0567,LIN016,FAC006,2024-12-08 07:38:50,Tool Wear,Critical,2,12.85,1266814.87,Resolved
FLR001103,MCH0412,LIN021,FAC007,2024-06-15 23:27:45,Bearing Failure,Critical,1,13.77,450064.88,Resolved
FLR001104,MCH0411,LIN006,FAC002,2023-03-03 00:16:31,Overheating,Major,3,4.73,127356.72,Resolved
FLR001105,MCH0267,LIN013,FAC005,2023-09-19 21:42:28,Lubrication Failure,Critical,1,16.2,680934.16,Resolved
FLR001106,MCH0241,LIN010,FAC004,2025-04-28 20:18:25,Tool Wear,Minor,7,11.3,920693.31,Resolved
FLR001107,MCH0175,LIN019,FAC007,2023-02-13 16:05:02,Sensor Failure,Major,5,6.19,513183.51,Resolved
FLR001108,MCH0228,LIN011,FAC004,2025-11-15 05:33:47,Overheating,Major,7,1.98,176369.79,Resolved
FLR001109,MCH0467,LIN027,FAC009,2024-12-18 14:48:57,Lubrication Failure,Minor,2,6.67,695911.93,Resolved
FLR001110,MCH0123,LIN019,FAC007,2024-12-26 14:12:17,Overheating,Major,4,1.7,113170.55,Resolved
FLR001111,MCH0202,LIN009,FAC003,2023-12-25 11:07:11,Tool Wear,Major,1,4.23,153305.59,Resolved
FLR001112,MCH0166,LIN004,FAC002,2023-12-15 14:24:52,Bearing Failure,Minor,7,2.24,148088.87,Resolved
FLR001113,MCH0469,LIN025,FAC009,2025-01-10 01:38:16,Lubrication Failure,Minor,6,4.38,309806.8,Resolved
FLR001114,MCH0181,LIN020,FAC007,2024-04-27 11:43:29,Electrical Fault,Major,1,2.81,132829.88,Open
FLR001115,MCH0387,LIN005,FAC002,2024-03-22 16:53:08,Tool Wear,Major,3,16.09,1140830.54,Resolved
FLR001116,MCH0389,LIN002,FAC001,2024-09-03 22:26:31,Excessive Vibration,Major,1,2.61,133990.89,Open
FLR001117,MCH0522,LIN024,FAC008,2023-12-05 02:54:41,Overheating,Minor,7,5.58,294428.37,Resolved
FLR001118,MCH0526,LIN028,FAC010,2024-06-10 05:20:32,Tool Wear,Major,2,4.96,210808.7,Resolved
FLR001119,MCH0302,LIN016,FAC006,2026-03-22 20:09:40,Overheating,Critical,1,15.2,1790214.36,Resolved
FLR001120,MCH0391,LIN007,FAC003,2025-11-01 09:07:10,Lubrication Failure,Minor,4,2.2,63151.12,Resolved
FLR001121,MCH0308,LIN025,FAC009,2026-01-24 01:47:52,Sensor Failure,Minor,1,6.32,515705.76,Resolved
FLR001122,MCH0529,LIN014,FAC005,2023-04-07 02:26:00,Excessive Vibration,Major,5,2.13,122949.11,Open
FLR001123,MCH0059,LIN012,FAC004,2025-02-18 13:41:41,Hydraulic Leak,Minor,4,3.94,423344.74,Resolved
FLR001124,MCH0261,LIN017,FAC006,2023-07-17 04:46:16,Electrical Fault,Critical,6,12.47,1310385.98,Open
FLR001125,MCH0453,LIN010,FAC004,2026-06-08 00:32:51,Overheating,Minor,1,3.21,129693.08,Resolved
FLR001126,MCH0415,LIN008,FAC003,2024-01-05 18:51:29,Tool Wear,Critical,4,19.67,1654152.04,Resolved
FLR001127,MCH0510,LIN023,FAC008,2024-01-02 23:52:29,Tool Wear,Major,6,6.2,197962.31,Open
FLR001128,MCH0513,LIN027,FAC009,2026-04-04 11:17:34,Electrical Fault,Major,2,8.79,462543.96,Resolved
FLR001129,MCH0215,LIN014,FAC005,2023-08-12 21:21:50,Excessive Vibration,Major,7,9.39,1009052.58,Resolved
FLR001130,MCH0529,LIN014,FAC005,2023-06-25 14:17:35,Overheating,Minor,1,5.39,415740.05,Resolved
FLR001131,MCH0023,LIN005,FAC002,2024-05-20 08:36:30,Excessive Vibration,Major,4,3.34,183526.52,Resolved
FLR001132,MCH0111,LIN012,FAC004,2023-08-10 21:32:18,Bearing Failure,Critical,4,23.79,2206924.89,Resolved
FLR001133,MCH0262,LIN021,FAC007,2025-09-29 05:09:50,Tool Wear,Minor,7,8.45,719742.99,Open
FLR001134,MCH0162,LIN014,FAC005,2026-03-23 00:31:43,Bearing Failure,Critical,5,18.53,1310641.53,Resolved
FLR001135,MCH0263,LIN018,FAC006,2023-09-07 15:51:16,Overheating,Minor,5,6.53,315990.56,Resolved
FLR001136,MCH0301,LIN019,FAC007,2024-08-13 18:25:05,Bearing Failure,Major,1,3.2,228646.64,Resolved
FLR001137,MCH0549,LIN013,FAC005,2023-10-12 12:59:01,Overheating,Major,6,10.17,308611.22,Resolved
FLR001138,MCH0306,LIN010,FAC004,2026-01-12 06:32:13,Bearing Failure,Major,1,4.83,201173.45,Resolved
FLR001139,MCH0235,LIN025,FAC009,2023-04-04 06:46:49,Electrical Fault,Critical,2,16.83,808982.14,Resolved
FLR001140,MCH0169,LIN003,FAC001,2025-04-02 13:10:33,Lubrication Failure,Minor,7,16.91,1664236.92,Resolved
FLR001141,MCH0243,LIN001,FAC001,2024-06-01 09:35:26,Electrical Fault,Minor,5,2.62,143289.37,Resolved
FLR001142,MCH0508,LIN010,FAC004,2023-09-20 22:20:50,Overheating,Major,5,10.98,876517.24,Resolved
FLR001143,MCH0159,LIN014,FAC005,2025-10-02 07:17:26,Lubrication Failure,Minor,2,5.44,428319.27,Resolved
FLR001144,MCH0122,LIN001,FAC001,2024-03-11 23:13:27,Overheating,Minor,1,2.54,99247.41,Resolved
FLR001145,MCH0354,LIN005,FAC002,2023-02-13 21:55:39,Bearing Failure,Minor,2,5.1,137955.6,Open
FLR001146,MCH0109,LIN018,FAC006,2025-12-10 13:09:38,Tool Wear,Major,2,3.66,384048.48,Open
FLR001147,MCH0030,LIN022,FAC008,2024-07-22 03:08:27,Tool Wear,Minor,7,8.2,525953.3,Resolved
FLR001148,MCH0573,LIN004,FAC002,2025-07-16 07:40:53,Hydraulic Leak,Minor,5,11.04,610381.52,Resolved
FLR001149,MCH0398,LIN029,FAC010,2025-02-23 05:32:51,Lubrication Failure,Minor,7,7.69,293048.76,Open
FLR001150,MCH0548,LIN011,FAC004,2025-10-17 04:16:33,Sensor Failure,Major,1,24.92,2984209.36,Resolved
FLR001151,MCH0238,LIN007,FAC003,2024-08-05 09:58:00,Electrical Fault,Minor,7,4.72,325865.67,Resolved
FLR001152,MCH0058,LIN028,FAC010,2026-04-01 10:47:28,Electrical Fault,Critical,2,20.67,1888640.86,Open
FLR001153,MCH0347,LIN015,FAC005,2024-09-13 14:29:14,Tool Wear,Major,2,4.8,490611.86,Resolved
FLR001154,MCH0366,LIN019,FAC007,2025-04-15 04:55:32,Excessive Vibration,Minor,7,6.83,490986.19,Open
FLR001155,MCH0191,LIN025,FAC009,2026-05-11 10:45:48,Electrical Fault,Major,2,5.27,462409.41,Open
FLR001156,MCH0304,LIN026,FAC009,2025-09-29 19:24:23,Sensor Failure,Major,6,13.44,886423.3,Resolved
FLR001157,MCH0239,LIN015,FAC005,2024-08-01 07:08:21,Bearing Failure,Major,6,2.07,247606.05,Resolved
FLR001158,MCH0500,LIN025,FAC009,2024-11-16 14:51:09,Sensor Failure,Minor,7,4.13,277271.55,Resolved
FLR001159,MCH0077,LIN003,FAC001,2025-05-06 20:17:06,Overheating,Minor,4,6.15,685907.79,Open
FLR001160,MCH0256,LIN005,FAC002,2024-01-19 11:57:22,Hydraulic Leak,Major,2,2.28,253599.17,Open
FLR001161,MCH0033,LIN010,FAC004,2025-02-07 14:24:50,Excessive Vibration,Major,4,10.27,735137.76,Resolved
FLR001162,MCH0166,LIN004,FAC002,2023-02-20 08:38:36,Lubrication Failure,Critical,5,12.24,907961.41,Resolved
FLR001163,MCH0595,LIN028,FAC010,2024-05-27 02:50:55,Excessive Vibration,Minor,7,0.91,33835.28,Resolved
FLR001164,MCH0528,LIN005,FAC002,2023-10-13 19:18:59,Electrical Fault,Major,1,1.18,64047.01,Resolved
FLR001165,MCH0480,LIN019,FAC007,2024-01-07 01:25:33,Overheating,Minor,3,0.87,79375.25,Open
FLR001166,MCH0361,LIN024,FAC008,2023-12-02 06:43:37,Hydraulic Leak,Critical,1,12.74,1050064.58,Resolved
FLR001167,MCH0389,LIN002,FAC001,2023-06-27 06:34:29,Hydraulic Leak,Critical,4,8.98,348126.33,Open
FLR001168,MCH0295,LIN020,FAC007,2025-08-14 16:12:01,Excessive Vibration,Major,1,3.37,95942.92,Resolved
FLR001169,MCH0580,LIN007,FAC003,2023-11-28 19:55:42,Electrical Fault,Minor,3,3.33,297868.6,Resolved
FLR001170,MCH0419,LIN008,FAC003,2023-02-23 09:58:32,Bearing Failure,Minor,4,15.67,765063.8,Resolved
FLR001171,MCH0581,LIN004,FAC002,2026-01-04 04:22:48,Electrical Fault,Minor,3,9.58,274373.38,Open
FLR001172,MCH0562,LIN011,FAC004,2025-08-30 08:56:20,Lubrication Failure,Critical,6,17.18,472141.12,Resolved
FLR001173,MCH0380,LIN003,FAC001,2026-02-07 20:59:16,Sensor Failure,Major,4,7.4,750413.4,Resolved
FLR001174,MCH0132,LIN018,FAC006,2026-04-04 21:02:47,Overheating,Critical,7,11.35,626702.0,Resolved
FLR001175,MCH0250,LIN007,FAC003,2024-01-04 02:06:46,Electrical Fault,Minor,7,6.86,734391.59,Open
FLR001176,MCH0482,LIN024,FAC008,2025-09-13 18:37:08,Hydraulic Leak,Critical,1,12.91,900950.53,Open
FLR001177,MCH0087,LIN028,FAC010,2023-10-23 03:49:44,Excessive Vibration,Critical,7,11.14,469873.54,Resolved
FLR001178,MCH0162,LIN014,FAC005,2023-03-24 14:30:59,Sensor Failure,Major,4,2.99,196839.64,Open
FLR001179,MCH0333,LIN028,FAC010,2025-05-27 03:04:09,Excessive Vibration,Minor,1,17.31,1030891.71,Open
FLR001180,MCH0107,LIN010,FAC004,2025-08-16 21:39:02,Electrical Fault,Minor,7,5.75,179786.38,Open
FLR001181,MCH0017,LIN015,FAC005,2024-08-06 17:30:34,Lubrication Failure,Major,6,6.34,349224.25,Resolved
FLR001182,MCH0294,LIN006,FAC002,2025-05-20 17:48:10,Electrical Fault,Minor,6,7.86,804197.49,Resolved
FLR001183,MCH0142,LIN023,FAC008,2024-04-26 11:48:07,Hydraulic Leak,Critical,5,18.17,1709657.5,Open
FLR001184,MCH0088,LIN015,FAC005,2024-07-11 12:10:41,Lubrication Failure,Major,3,8.47,558856.55,Resolved
FLR001185,MCH0315,LIN015,FAC005,2024-07-27 20:32:10,Electrical Fault,Critical,5,11.13,1076797.47,Open
FLR001186,MCH0322,LIN010,FAC004,2026-05-15 17:01:32,Overheating,Major,7,11.28,1099193.9,Resolved
FLR001187,MCH0078,LIN001,FAC001,2023-06-02 21:40:29,Tool Wear,Major,5,14.38,1245054.9,Resolved
FLR001188,MCH0400,LIN002,FAC001,2025-01-07 15:58:20,Hydraulic Leak,Minor,7,6.57,457024.13,Open
FLR001189,MCH0261,LIN017,FAC006,2023-09-20 19:43:33,Lubrication Failure,Major,3,0.98,69089.34,Open
FLR001190,MCH0058,LIN028,FAC010,2025-11-23 06:34:39,Bearing Failure,Critical,7,11.17,568946.01,Open
FLR001191,MCH0126,LIN009,FAC003,2024-12-23 15:15:11,Lubrication Failure,Minor,7,9.07,644879.13,Resolved
FLR001192,MCH0199,LIN008,FAC003,2026-05-09 23:55:04,Lubrication Failure,Major,5,7.44,573782.18,Resolved
FLR001193,MCH0017,LIN015,FAC005,2026-05-05 13:10:08,Overheating,Minor,4,3.22,148502.8,Resolved
FLR001194,MCH0487,LIN023,FAC008,2023-03-06 03:27:02,Hydraulic Leak,Major,7,9.66,862608.03,Open
FLR001195,MCH0289,LIN010,FAC004,2026-05-19 14:05:52,Bearing Failure,Minor,7,9.16,1085194.12,Resolved
FLR001196,MCH0509,LIN021,FAC007,2023-12-17 20:03:21,Excessive Vibration,Major,2,12.71,574947.37,Resolved
FLR001197,MCH0202,LIN009,FAC003,2023-07-07 07:20:28,Bearing Failure,Minor,3,2.53,125266.36,Resolved
FLR001198,MCH0519,LIN030,FAC010,2023-05-17 11:57:35,Tool Wear,Minor,5,6.06,724629.53,Resolved
FLR001199,MCH0267,LIN013,FAC005,2025-06-13 15:45:04,Overheating,Major,6,22.04,877038.78,Open
FLR001200,MCH0534,LIN027,FAC009,2026-02-05 11:58:28,Overheating,Major,1,18.97,1596604.12,Resolved
FLR001201,MCH0283,LIN027,FAC009,2024-06-09 00:39:50,Bearing Failure,Major,3,8.61,837378.39,Resolved
FLR001202,MCH0315,LIN015,FAC005,2023-12-07 17:52:08,Sensor Failure,Major,4,5.37,444170.52,Resolved
FLR001203,MCH0477,LIN007,FAC003,2025-04-21 18:20:09,Bearing Failure,Minor,2,7.31,817677.16,Resolved
FLR001204,MCH0469,LIN025,FAC009,2025-05-23 01:17:05,Lubrication Failure,Major,7,4.12,209634.3,Open
FLR001205,MCH0210,LIN004,FAC002,2026-05-21 13:58:19,Excessive Vibration,Major,2,10.5,1110945.58,Resolved
FLR001206,MCH0103,LIN030,FAC010,2024-08-30 03:12:52,Tool Wear,Minor,5,1.56,79432.62,Open
FLR001207,MCH0574,LIN029,FAC010,2024-10-03 05:16:58,Overheating,Major,4,1.79,120673.12,Resolved
FLR001208,MCH0254,LIN013,FAC005,2025-06-18 14:20:15,Excessive Vibration,Major,2,3.71,307848.09,Resolved
FLR001209,MCH0271,LIN005,FAC002,2025-01-03 02:51:17,Bearing Failure,Critical,1,9.71,323898.66,Open
FLR001210,MCH0363,LIN017,FAC006,2023-08-26 12:24:54,Overheating,Minor,1,3.01,137575.78,Open
FLR001211,MCH0081,LIN021,FAC007,2024-10-27 23:43:18,Lubrication Failure,Minor,5,3.53,165219.29,Open
FLR001212,MCH0211,LIN018,FAC006,2026-02-21 09:02:36,Lubrication Failure,Minor,7,9.67,799285.82,Resolved
FLR001213,MCH0543,LIN019,FAC007,2024-03-29 03:58:24,Tool Wear,Major,5,9.32,416318.05,Resolved
FLR001214,MCH0031,LIN010,FAC004,2024-05-10 22:12:21,Overheating,Critical,5,14.66,1654222.94,Open
FLR001215,MCH0591,LIN016,FAC006,2023-03-22 06:46:14,Hydraulic Leak,Major,3,1.33,65610.35,Resolved
FLR001216,MCH0271,LIN005,FAC002,2024-09-07 17:21:01,Tool Wear,Minor,4,9.73,844238.86,Resolved
FLR001217,MCH0122,LIN001,FAC001,2025-07-06 07:51:45,Tool Wear,Minor,4,5.57,425820.14,Resolved
FLR001218,MCH0598,LIN029,FAC010,2026-06-16 01:09:38,Overheating,Major,6,5.27,478962.76,Open
FLR001219,MCH0318,LIN006,FAC002,2024-01-13 23:29:07,Excessive Vibration,Major,6,10.29,389436.97,Resolved
FLR001220,MCH0467,LIN027,FAC009,2023-07-08 05:35:17,Sensor Failure,Major,6,5.14,494410.3,Resolved
FLR001221,MCH0232,LIN030,FAC010,2025-09-08 14:19:16,Electrical Fault,Minor,2,2.71,218589.47,Resolved
FLR001222,MCH0051,LIN011,FAC004,2023-06-05 17:23:07,Lubrication Failure,Major,6,5.23,210643.83,Resolved
FLR001223,MCH0085,LIN020,FAC007,2024-10-12 14:36:25,Excessive Vibration,Minor,4,7.91,688133.74,Resolved
FLR001224,MCH0311,LIN023,FAC008,2024-05-22 01:12:06,Hydraulic Leak,Minor,5,0.96,75778.31,Resolved
FLR001225,MCH0459,LIN006,FAC002,2023-04-14 07:57:18,Bearing Failure,Major,4,7.92,480925.86,Resolved
FLR001226,MCH0469,LIN025,FAC009,2023-04-11 12:51:11,Overheating,Major,4,10.11,692850.05,Resolved
FLR001227,MCH0180,LIN011,FAC004,2024-06-11 03:03:10,Lubrication Failure,Major,1,12.87,617008.18,Resolved
FLR001228,MCH0233,LIN015,FAC005,2023-07-24 06:14:03,Hydraulic Leak,Critical,1,19.53,2196690.87,Resolved
FLR001229,MCH0204,LIN002,FAC001,2025-12-24 13:34:52,Sensor Failure,Minor,4,9.1,347500.67,Resolved
FLR001230,MCH0361,LIN024,FAC008,2025-10-19 07:05:00,Tool Wear,Major,7,0.93,31566.92,Open
FLR001231,MCH0322,LIN010,FAC004,2023-09-13 01:38:36,Bearing Failure,Minor,4,6.29,562643.31,Resolved
FLR001232,MCH0442,LIN001,FAC001,2023-05-28 19:33:38,Tool Wear,Minor,2,12.36,1415527.05,Resolved
FLR001233,MCH0090,LIN018,FAC006,2023-01-07 21:06:53,Lubrication Failure,Major,2,5.92,277617.85,Open
FLR001234,MCH0473,LIN022,FAC008,2023-03-07 22:48:22,Excessive Vibration,Minor,2,5.88,535739.23,Resolved
FLR001235,MCH0551,LIN025,FAC009,2023-09-03 06:18:56,Lubrication Failure,Critical,1,10.38,960932.28,Resolved
FLR001236,MCH0092,LIN005,FAC002,2023-07-22 08:04:06,Excessive Vibration,Major,1,1.52,156665.8,Resolved
FLR001237,MCH0468,LIN030,FAC010,2026-06-08 14:14:50,Electrical Fault,Minor,7,3.63,108998.07,Resolved
FLR001238,MCH0563,LIN001,FAC001,2025-08-24 14:28:46,Hydraulic Leak,Major,4,14.35,1312677.57,Resolved
FLR001239,MCH0005,LIN010,FAC004,2024-01-30 03:13:00,Tool Wear,Major,3,6.86,620629.7,Resolved
FLR001240,MCH0523,LIN023,FAC008,2023-05-28 10:16:53,Bearing Failure,Major,7,10.95,275806.18,Resolved
FLR001241,MCH0001,LIN020,FAC007,2025-05-09 08:26:15,Bearing Failure,Major,6,5.72,434647.97,Resolved
FLR001242,MCH0550,LIN019,FAC007,2025-08-13 16:00:11,Lubrication Failure,Minor,7,5.67,164717.95,Resolved
FLR001243,MCH0301,LIN019,FAC007,2025-05-09 15:14:55,Excessive Vibration,Major,4,8.7,503062.35,Resolved
FLR001244,MCH0138,LIN003,FAC001,2026-04-26 20:02:10,Excessive Vibration,Minor,3,6.29,182719.55,Resolved
FLR001245,MCH0497,LIN029,FAC010,2023-08-29 12:56:07,Lubrication Failure,Major,2,2.83,111108.3,Resolved
FLR001246,MCH0023,LIN005,FAC002,2023-11-19 08:53:11,Lubrication Failure,Minor,4,4.78,158604.31,Open
FLR001247,MCH0514,LIN029,FAC010,2024-10-02 03:11:51,Overheating,Critical,5,10.69,1078562.16,Resolved
FLR001248,MCH0539,LIN017,FAC006,2023-05-14 10:40:48,Hydraulic Leak,Critical,5,12.35,910839.35,Resolved
FLR001249,MCH0179,LIN010,FAC004,2026-04-27 04:44:17,Tool Wear,Major,6,14.37,913648.62,Resolved
FLR001250,MCH0384,LIN021,FAC007,2025-02-23 04:34:06,Hydraulic Leak,Major,3,5.27,465426.38,Resolved
FLR001251,MCH0447,LIN011,FAC004,2023-05-07 16:13:26,Lubrication Failure,Major,7,2.07,177544.78,Open
FLR001252,MCH0249,LIN006,FAC002,2023-02-02 10:31:50,Sensor Failure,Critical,2,13.4,504790.3,Resolved
FLR001253,MCH0056,LIN027,FAC009,2025-09-12 14:59:52,Tool Wear,Minor,2,5.08,472853.18,Resolved
FLR001254,MCH0522,LIN024,FAC008,2025-08-05 17:42:06,Sensor Failure,Minor,2,5.96,705542.03,Open
FLR001255,MCH0342,LIN026,FAC009,2023-06-19 21:27:29,Hydraulic Leak,Major,4,11.17,575739.29,Open
FLR001256,MCH0395,LIN004,FAC002,2023-11-11 02:36:30,Tool Wear,Major,2,9.52,809597.25,Open
FLR001257,MCH0257,LIN013,FAC005,2025-08-15 20:39:04,Sensor Failure,Major,4,20.51,1926946.4,Resolved
FLR001258,MCH0431,LIN023,FAC008,2024-07-31 12:28:17,Electrical Fault,Major,3,4.42,134373.05,Resolved
FLR001259,MCH0039,LIN009,FAC003,2024-05-10 02:45:06,Bearing Failure,Major,7,4.8,223573.72,Resolved
FLR001260,MCH0083,LIN010,FAC004,2024-08-06 09:59:30,Bearing Failure,Minor,3,0.85,66106.72,Open
FLR001261,MCH0520,LIN005,FAC002,2026-04-01 12:02:56,Electrical Fault,Minor,2,8.06,390994.35,Resolved
FLR001262,MCH0259,LIN026,FAC009,2023-03-29 15:40:15,Lubrication Failure,Critical,5,10.91,372615.18,Resolved
FLR001263,MCH0291,LIN022,FAC008,2026-02-18 15:52:29,Tool Wear,Minor,2,4.31,283356.61,Resolved
FLR001264,MCH0148,LIN009,FAC003,2025-12-20 08:47:20,Sensor Failure,Critical,5,10.28,1177478.01,Open
FLR001265,MCH0241,LIN010,FAC004,2025-01-13 04:18:32,Sensor Failure,Critical,7,21.95,2262876.14,Open
FLR001266,MCH0547,LIN005,FAC002,2026-05-29 05:15:59,Sensor Failure,Critical,4,30.42,3184320.36,Open
FLR001267,MCH0074,LIN001,FAC001,2026-03-17 04:39:52,Overheating,Major,4,9.81,556255.31,Resolved
FLR001268,MCH0430,LIN016,FAC006,2024-02-15 00:32:39,Hydraulic Leak,Major,3,9.48,333853.98,Resolved
FLR001269,MCH0371,LIN005,FAC002,2023-08-11 08:56:18,Excessive Vibration,Major,1,6.17,627393.04,Resolved
FLR001270,MCH0073,LIN002,FAC001,2025-02-01 09:33:28,Hydraulic Leak,Minor,6,11.73,752294.94,Resolved
FLR001271,MCH0261,LIN017,FAC006,2025-03-20 09:25:37,Lubrication Failure,Major,6,5.72,477984.14,Resolved
FLR001272,MCH0025,LIN017,FAC006,2023-11-21 07:42:00,Excessive Vibration,Major,2,11.65,349339.55,Open
FLR001273,MCH0576,LIN020,FAC007,2025-12-10 01:36:57,Overheating,Major,4,8.02,277082.24,Resolved
FLR001274,MCH0102,LIN015,FAC005,2023-01-12 05:13:36,Bearing Failure,Minor,3,7.49,565188.29,Resolved
FLR001275,MCH0511,LIN004,FAC002,2025-07-15 12:03:54,Electrical Fault,Minor,3,3.24,257456.38,Open
FLR001276,MCH0450,LIN022,FAC008,2024-10-14 14:42:09,Tool Wear,Major,1,8.35,849629.48,Open
FLR001277,MCH0263,LIN018,FAC006,2025-08-27 07:05:44,Bearing Failure,Minor,1,4.32,148902.65,Resolved
FLR001278,MCH0450,LIN022,FAC008,2025-02-19 05:31:44,Lubrication Failure,Major,1,5.29,144417.28,Resolved
FLR001279,MCH0551,LIN025,FAC009,2025-08-01 09:53:50,Electrical Fault,Critical,7,17.51,1939708.29,Resolved
FLR001280,MCH0502,LIN011,FAC004,2025-11-09 07:17:34,Hydraulic Leak,Major,3,8.94,373914.28,Open
FLR001281,MCH0519,LIN030,FAC010,2023-03-28 17:22:14,Lubrication Failure,Major,7,6.81,693451.15,Resolved
FLR001282,MCH0591,LIN016,FAC006,2026-01-14 04:51:29,Sensor Failure,Major,7,6.18,384745.54,Resolved
FLR001283,MCH0176,LIN008,FAC003,2023-04-14 22:41:29,Sensor Failure,Major,3,9.16,359459.17,Resolved
FLR001284,MCH0023,LIN005,FAC002,2024-03-22 09:06:30,Excessive Vibration,Major,3,7.39,236059.99,Resolved
FLR001285,MCH0135,LIN015,FAC005,2024-09-02 06:29:35,Hydraulic Leak,Major,5,3.2,160691.22,Open
FLR001286,MCH0522,LIN024,FAC008,2025-08-11 14:14:26,Lubrication Failure,Major,7,3.55,288539.14,Resolved
FLR001287,MCH0452,LIN026,FAC009,2024-10-28 16:35:25,Overheating,Minor,1,6.98,505961.42,Resolved
FLR001288,MCH0556,LIN013,FAC005,2026-06-04 22:49:25,Overheating,Minor,6,10.74,1174452.27,Resolved
FLR001289,MCH0227,LIN023,FAC008,2026-03-15 07:09:15,Bearing Failure,Major,1,4.13,231011.89,Open
FLR001290,MCH0520,LIN005,FAC002,2025-07-02 21:44:17,Lubrication Failure,Critical,6,19.89,1473758.06,Resolved
FLR001291,MCH0016,LIN009,FAC003,2026-06-23 01:38:41,Electrical Fault,Critical,5,12.91,1282237.13,Resolved
FLR001292,MCH0062,LIN011,FAC004,2023-10-18 17:08:24,Lubrication Failure,Major,5,2.72,129290.58,Resolved
FLR001293,MCH0497,LIN029,FAC010,2024-11-24 13:18:43,Excessive Vibration,Major,7,10.09,954550.44,Resolved
FLR001294,MCH0404,LIN007,FAC003,2026-02-13 18:31:39,Electrical Fault,Critical,6,15.46,1277259.79,Resolved
FLR001295,MCH0047,LIN026,FAC009,2024-01-22 18:53:19,Tool Wear,Major,4,7.27,617786.72,Resolved
FLR001296,MCH0109,LIN018,FAC006,2023-04-20 18:16:36,Hydraulic Leak,Minor,7,6.48,748308.71,Open
FLR001297,MCH0228,LIN011,FAC004,2025-08-03 14:16:28,Overheating,Major,3,2.16,180178.18,Resolved
FLR001298,MCH0375,LIN005,FAC002,2025-12-16 14:19:24,Hydraulic Leak,Minor,1,1.5,59554.5,Resolved
FLR001299,MCH0136,LIN019,FAC007,2024-07-22 05:36:56,Sensor Failure,Major,6,2.71,81814.82,Open
FLR001300,MCH0590,LIN008,FAC003,2024-09-06 18:38:44,Electrical Fault,Critical,4,10.31,1092053.91,Open
FLR001301,MCH0563,LIN001,FAC001,2023-02-13 14:01:07,Tool Wear,Major,2,11.11,706277.5,Resolved
FLR001302,MCH0085,LIN020,FAC007,2023-03-13 09:18:49,Excessive Vibration,Critical,6,13.87,1107167.13,Open
FLR001303,MCH0564,LIN015,FAC005,2024-03-16 09:47:54,Sensor Failure,Major,4,2.93,196211.55,Resolved
FLR001304,MCH0101,LIN022,FAC008,2024-12-31 14:36:58,Tool Wear,Major,3,7.66,691211.81,Open
FLR001305,MCH0497,LIN029,FAC010,2025-07-10 04:53:22,Tool Wear,Critical,3,9.26,966806.12,Resolved
FLR001306,MCH0502,LIN011,FAC004,2024-12-16 15:38:58,Lubrication Failure,Critical,1,23.9,1304848.75,Resolved
FLR001307,MCH0227,LIN023,FAC008,2023-11-01 04:25:13,Hydraulic Leak,Minor,3,3.37,381484.05,Resolved
FLR001308,MCH0095,LIN022,FAC008,2025-04-12 12:45:01,Hydraulic Leak,Major,7,6.15,382145.58,Resolved
FLR001309,MCH0066,LIN011,FAC004,2023-08-21 12:29:18,Excessive Vibration,Critical,5,17.58,888987.75,Resolved
FLR001310,MCH0215,LIN014,FAC005,2024-01-28 09:37:27,Electrical Fault,Critical,4,12.66,403509.61,Resolved
FLR001311,MCH0247,LIN026,FAC009,2025-01-17 06:53:48,Sensor Failure,Major,1,1.46,111932.71,Open
FLR001312,MCH0582,LIN013,FAC005,2026-03-22 15:48:26,Sensor Failure,Minor,4,11.83,959124.86,Open
FLR001313,MCH0137,LIN006,FAC002,2026-05-18 20:36:53,Electrical Fault,Critical,4,9.76,573394.53,Resolved
FLR001314,MCH0443,LIN021,FAC007,2023-05-05 02:00:32,Bearing Failure,Major,7,5.22,356711.94,Resolved
FLR001315,MCH0377,LIN009,FAC003,2023-01-10 23:52:10,Excessive Vibration,Major,7,4.0,402792.96,Resolved
FLR001316,MCH0443,LIN021,FAC007,2023-04-12 12:36:48,Sensor Failure,Minor,5,3.83,201466.13,Resolved
FLR001317,MCH0218,LIN007,FAC003,2023-04-07 06:16:45,Electrical Fault,Major,1,10.35,934466.3,Open
FLR001318,MCH0338,LIN015,FAC005,2024-11-25 10:52:25,Excessive Vibration,Major,7,5.02,335203.93,Resolved
FLR001319,MCH0582,LIN013,FAC005,2024-08-15 03:37:10,Bearing Failure,Major,5,8.67,344386.68,Resolved
FLR001320,MCH0138,LIN003,FAC001,2024-10-12 17:55:49,Bearing Failure,Major,7,11.82,1298195.4,Resolved
FLR001321,MCH0225,LIN006,FAC002,2023-05-21 18:52:43,Electrical Fault,Major,5,6.23,205562.95,Resolved
FLR001322,MCH0278,LIN002,FAC001,2025-07-04 09:03:41,Overheating,Minor,3,0.85,77825.97,Open
FLR001323,MCH0007,LIN021,FAC007,2024-06-12 11:26:43,Sensor Failure,Major,6,1.37,35528.87,Open
FLR001324,MCH0457,LIN007,FAC003,2024-11-02 05:45:48,Excessive Vibration,Minor,4,4.99,139561.84,Resolved
FLR001325,MCH0426,LIN009,FAC003,2025-01-28 19:27:55,Excessive Vibration,Major,3,2.18,56471.5,Resolved
FLR001326,MCH0336,LIN021,FAC007,2025-09-24 18:50:42,Lubrication Failure,Major,6,4.65,493650.24,Resolved
FLR001327,MCH0182,LIN025,FAC009,2025-03-09 09:04:51,Overheating,Minor,3,5.78,560424.88,Resolved
FLR001328,MCH0345,LIN018,FAC006,2025-08-06 20:14:23,Overheating,Critical,4,13.77,944380.96,Open
FLR001329,MCH0122,LIN001,FAC001,2025-06-25 02:41:32,Overheating,Major,2,3.13,212682.71,Open
FLR001330,MCH0412,LIN021,FAC007,2025-04-08 03:14:41,Excessive Vibration,Major,6,1.69,172763.66,Resolved
FLR001331,MCH0164,LIN029,FAC010,2025-05-03 20:43:26,Bearing Failure,Major,2,0.76,87263.27,Resolved
FLR001332,MCH0528,LIN005,FAC002,2024-04-22 06:12:29,Overheating,Critical,4,12.45,631004.4,Resolved
FLR001333,MCH0573,LIN004,FAC002,2026-01-03 04:41:17,Hydraulic Leak,Critical,2,23.52,2022772.01,Resolved
FLR001334,MCH0228,LIN011,FAC004,2025-10-10 16:31:11,Tool Wear,Major,6,21.12,939817.0,Resolved
FLR001335,MCH0503,LIN002,FAC001,2025-09-02 01:29:05,Overheating,Minor,5,2.43,210797.68,Resolved
FLR001336,MCH0025,LIN017,FAC006,2026-02-22 05:47:55,Bearing Failure,Minor,4,7.69,233943.03,Open
FLR001337,MCH0441,LIN020,FAC007,2026-03-27 00:12:22,Tool Wear,Major,4,5.52,630888.44,Resolved
FLR001338,MCH0590,LIN008,FAC003,2023-10-08 17:59:08,Lubrication Failure,Critical,6,13.55,1105038.53,Resolved
FLR001339,MCH0226,LIN027,FAC009,2023-09-30 03:18:17,Tool Wear,Minor,4,3.5,221637.02,Resolved
FLR001340,MCH0525,LIN017,FAC006,2024-07-09 05:17:41,Overheating,Critical,3,14.36,778034.86,Resolved
FLR001341,MCH0173,LIN020,FAC007,2023-09-20 17:42:35,Excessive Vibration,Minor,1,11.11,288916.87,Resolved
FLR001342,MCH0094,LIN005,FAC002,2024-01-14 02:21:27,Overheating,Minor,2,5.02,472955.08,Resolved
FLR001343,MCH0513,LIN027,FAC009,2025-01-03 20:09:17,Electrical Fault,Minor,1,4.28,387534.9,Resolved
FLR001344,MCH0592,LIN023,FAC008,2024-10-18 00:32:09,Bearing Failure,Minor,2,10.15,281640.41,Resolved
FLR001345,MCH0393,LIN019,FAC007,2024-05-17 17:04:54,Tool Wear,Minor,5,6.24,706331.71,Resolved
FLR001346,MCH0168,LIN015,FAC005,2023-02-08 10:21:01,Tool Wear,Minor,6,18.92,1221603.92,Resolved
FLR001347,MCH0335,LIN026,FAC009,2024-02-07 17:00:17,Excessive Vibration,Major,5,2.75,113163.49,Open
FLR001348,MCH0544,LIN003,FAC001,2025-09-30 22:05:04,Bearing Failure,Major,1,3.1,82170.51,Resolved
FLR001349,MCH0123,LIN019,FAC007,2024-03-15 14:30:47,Tool Wear,Major,5,3.75,292956.74,Resolved
FLR001350,MCH0440,LIN027,FAC009,2025-10-16 17:13:52,Hydraulic Leak,Major,3,1.32,87548.74,Open
FLR001351,MCH0494,LIN001,FAC001,2023-02-05 05:33:08,Tool Wear,Minor,4,10.83,998627.27,Resolved
FLR001352,MCH0234,LIN001,FAC001,2023-08-17 05:09:58,Overheating,Major,1,14.38,912834.16,Resolved
FLR001353,MCH0264,LIN030,FAC010,2026-03-02 21:24:47,Electrical Fault,Critical,4,11.49,325192.04,Open
FLR001354,MCH0241,LIN010,FAC004,2024-11-21 00:42:08,Sensor Failure,Major,7,12.96,842603.93,Open
FLR001355,MCH0140,LIN013,FAC005,2025-02-13 22:43:18,Bearing Failure,Critical,3,20.73,1947507.64,Open
FLR001356,MCH0441,LIN020,FAC007,2026-02-16 18:46:13,Tool Wear,Minor,5,7.61,681747.67,Open
FLR001357,MCH0581,LIN004,FAC002,2024-09-04 23:21:16,Hydraulic Leak,Minor,7,8.52,663433.94,Resolved
FLR001358,MCH0088,LIN015,FAC005,2024-12-21 07:34:12,Bearing Failure,Critical,4,9.52,395248.56,Resolved
FLR001359,MCH0170,LIN002,FAC001,2025-07-18 08:06:50,Electrical Fault,Minor,2,8.31,790292.04,Resolved
FLR001360,MCH0425,LIN014,FAC005,2026-02-27 12:21:34,Overheating,Critical,3,11.93,742474.48,Open
FLR001361,MCH0022,LIN024,FAC008,2023-09-21 19:45:52,Electrical Fault,Major,1,12.44,379029.31,Resolved
FLR001362,MCH0581,LIN004,FAC002,2024-05-01 08:47:51,Lubrication Failure,Minor,7,5.27,171352.41,Resolved
FLR001363,MCH0166,LIN004,FAC002,2025-04-15 18:34:41,Overheating,Minor,2,3.91,104040.66,Resolved
FLR001364,MCH0490,LIN018,FAC006,2024-09-15 09:47:09,Excessive Vibration,Minor,7,1.94,132555.22,Open
FLR001365,MCH0506,LIN001,FAC001,2024-09-15 14:53:19,Bearing Failure,Critical,3,18.17,1690393.4,Resolved
FLR001366,MCH0354,LIN005,FAC002,2023-03-07 19:52:42,Electrical Fault,Minor,5,2.69,209767.68,Resolved
FLR001367,MCH0129,LIN003,FAC001,2025-08-16 10:18:17,Hydraulic Leak,Critical,3,12.06,604462.9,Resolved
FLR001368,MCH0003,LIN025,FAC009,2023-12-24 20:42:50,Hydraulic Leak,Minor,1,9.38,814146.93,Resolved
FLR001369,MCH0291,LIN022,FAC008,2025-02-16 02:01:51,Lubrication Failure,Critical,5,9.57,428033.56,Resolved
FLR001370,MCH0407,LIN018,FAC006,2026-05-16 01:33:17,Hydraulic Leak,Major,2,9.1,597734.79,Resolved
FLR001371,MCH0089,LIN017,FAC006,2026-05-12 21:22:42,Lubrication Failure,Critical,5,15.05,1284054.59,Resolved
FLR001372,MCH0445,LIN029,FAC010,2024-01-16 09:09:15,Excessive Vibration,Minor,7,9.81,797630.16,Resolved
FLR001373,MCH0433,LIN022,FAC008,2025-09-27 12:11:46,Electrical Fault,Minor,7,4.14,198760.9,Resolved
FLR001374,MCH0008,LIN015,FAC005,2023-03-14 23:25:18,Lubrication Failure,Minor,4,8.33,597647.99,Resolved
FLR001375,MCH0120,LIN007,FAC003,2024-10-10 11:46:45,Excessive Vibration,Major,7,8.29,743711.24,Open
FLR001376,MCH0226,LIN027,FAC009,2025-07-21 18:35:30,Hydraulic Leak,Major,4,10.5,1114300.23,Resolved
FLR001377,MCH0547,LIN005,FAC002,2024-02-18 15:38:29,Lubrication Failure,Major,2,13.2,1407231.39,Resolved
FLR001378,MCH0226,LIN027,FAC009,2025-08-28 14:21:52,Lubrication Failure,Minor,2,3.92,332049.48,Resolved
FLR001379,MCH0277,LIN001,FAC001,2024-06-06 02:43:07,Tool Wear,Minor,1,11.42,598796.67,Resolved
FLR001380,MCH0165,LIN029,FAC010,2023-11-10 22:17:31,Sensor Failure,Critical,3,9.08,876600.39,Resolved
FLR001381,MCH0169,LIN003,FAC001,2023-07-13 02:14:29,Tool Wear,Minor,7,1.38,97059.18,Resolved
FLR001382,MCH0104,LIN004,FAC002,2025-02-14 04:13:12,Bearing Failure,Major,1,4.21,306235.81,Resolved
FLR001383,MCH0373,LIN011,FAC004,2025-06-25 00:49:38,Bearing Failure,Major,2,6.8,758986.91,Resolved
FLR001384,MCH0549,LIN013,FAC005,2023-05-07 15:34:15,Electrical Fault,Major,3,10.53,285616.18,Open
FLR001385,MCH0248,LIN028,FAC010,2024-09-14 22:28:43,Overheating,Critical,2,9.65,602950.4,Resolved
FLR001386,MCH0060,LIN022,FAC008,2025-02-14 08:35:44,Lubrication Failure,Major,6,10.98,708755.49,Resolved
FLR001387,MCH0321,LIN029,FAC010,2025-01-13 13:42:18,Sensor Failure,Major,2,2.64,293468.0,Open
FLR001388,MCH0188,LIN004,FAC002,2025-09-28 06:29:33,Overheating,Major,1,3.88,441475.68,Resolved
FLR001389,MCH0334,LIN018,FAC006,2024-10-31 13:55:45,Overheating,Major,1,1.17,73204.25,Resolved
FLR001390,MCH0101,LIN022,FAC008,2025-11-16 21:23:17,Overheating,Major,6,10.5,483191.65,Resolved
FLR001391,MCH0589,LIN023,FAC008,2024-12-13 23:24:17,Bearing Failure,Minor,2,0.87,28387.28,Resolved
FLR001392,MCH0169,LIN003,FAC001,2026-01-31 18:01:30,Electrical Fault,Critical,3,16.39,1365608.18,Resolved
FLR001393,MCH0054,LIN006,FAC002,2024-07-08 14:18:05,Bearing Failure,Major,6,5.23,227419.26,Resolved
FLR001394,MCH0158,LIN027,FAC009,2025-01-10 02:36:02,Excessive Vibration,Minor,7,3.14,132143.25,Open
FLR001395,MCH0032,LIN023,FAC008,2023-12-25 01:36:35,Hydraulic Leak,Major,5,6.95,726178.16,Resolved
FLR001396,MCH0097,LIN022,FAC008,2026-01-16 05:34:24,Overheating,Major,2,3.83,420731.65,Open
FLR001397,MCH0016,LIN009,FAC003,2023-02-02 17:56:09,Tool Wear,Major,2,1.39,69782.01,Resolved
FLR001398,MCH0033,LIN010,FAC004,2024-09-27 04:47:57,Lubrication Failure,Major,4,8.37,491978.06,Resolved
FLR001399,MCH0487,LIN023,FAC008,2026-05-19 06:58:29,Lubrication Failure,Critical,4,12.34,563439.39,Resolved
FLR001400,MCH0355,LIN029,FAC010,2025-05-15 12:44:26,Tool Wear,Critical,3,17.37,857976.64,Resolved
FLR001401,MCH0070,LIN030,FAC010,2023-02-24 05:19:50,Lubrication Failure,Major,6,11.65,892875.01,Resolved
FLR001402,MCH0011,LIN013,FAC005,2024-02-13 04:04:08,Overheating,Major,5,7.4,850492.36,Resolved
FLR001403,MCH0400,LIN002,FAC001,2024-04-19 23:27:54,Tool Wear,Major,3,4.64,260625.8,Resolved
FLR001404,MCH0302,LIN016,FAC006,2025-10-13 14:02:30,Hydraulic Leak,Major,5,1.42,133802.04,Resolved
FLR001405,MCH0421,LIN007,FAC003,2023-08-13 01:28:51,Bearing Failure,Minor,4,2.45,132923.21,Open
FLR001406,MCH0153,LIN017,FAC006,2024-07-18 18:01:07,Excessive Vibration,Minor,4,9.29,1094801.73,Open
FLR001407,MCH0338,LIN015,FAC005,2023-03-02 16:03:43,Hydraulic Leak,Minor,3,13.49,1290916.34,Open
FLR001408,MCH0547,LIN005,FAC002,2025-09-27 15:29:25,Tool Wear,Major,4,6.31,571959.49,Resolved
FLR001409,MCH0451,LIN013,FAC005,2025-06-03 07:00:19,Excessive Vibration,Major,2,7.53,550336.52,Resolved
FLR001410,MCH0243,LIN001,FAC001,2026-01-06 14:45:14,Sensor Failure,Critical,7,25.61,1406386.74,Open
FLR001411,MCH0503,LIN002,FAC001,2023-12-24 10:23:06,Electrical Fault,Critical,6,8.96,251518.9,Resolved
FLR001412,MCH0515,LIN012,FAC004,2025-02-24 00:23:42,Electrical Fault,Major,6,5.78,362848.45,Open
FLR001413,MCH0256,LIN005,FAC002,2023-08-25 09:06:04,Tool Wear,Critical,6,8.75,507594.26,Resolved
FLR001414,MCH0093,LIN027,FAC009,2023-08-05 16:41:24,Hydraulic Leak,Critical,4,11.92,1265644.94,Resolved
FLR001415,MCH0281,LIN027,FAC009,2025-01-04 16:14:20,Lubrication Failure,Minor,6,19.31,1023727.98,Resolved
FLR001416,MCH0597,LIN012,FAC004,2024-03-31 21:27:30,Electrical Fault,Major,3,6.86,686086.05,Open
FLR001417,MCH0593,LIN019,FAC007,2023-12-30 14:31:44,Lubrication Failure,Minor,2,3.46,219625.66,Open
FLR001418,MCH0177,LIN009,FAC003,2024-03-20 08:18:37,Tool Wear,Critical,6,23.64,2521033.76,Resolved
FLR001419,MCH0537,LIN013,FAC005,2025-05-31 01:18:56,Lubrication Failure,Critical,2,11.69,1310002.96,Resolved
FLR001420,MCH0458,LIN007,FAC003,2024-05-26 09:45:36,Overheating,Minor,1,7.4,226436.59,Resolved
FLR001421,MCH0276,LIN012,FAC004,2024-01-26 14:09:26,Bearing Failure,Critical,7,19.23,1207156.23,Resolved
FLR001422,MCH0374,LIN013,FAC005,2024-08-26 03:46:37,Bearing Failure,Major,1,8.15,549613.78,Resolved
FLR001423,MCH0458,LIN007,FAC003,2024-12-10 00:17:00,Hydraulic Leak,Critical,6,18.0,955170.61,Resolved
FLR001424,MCH0553,LIN013,FAC005,2025-08-14 01:13:14,Excessive Vibration,Major,7,9.4,824681.62,Resolved
FLR001425,MCH0176,LIN008,FAC003,2023-06-18 20:59:02,Tool Wear,Critical,2,13.28,576299.63,Resolved
FLR001426,MCH0470,LIN002,FAC001,2024-06-21 22:15:50,Sensor Failure,Critical,4,15.82,840783.07,Open
FLR001427,MCH0485,LIN007,FAC003,2023-11-06 23:30:55,Lubrication Failure,Minor,6,0.9,103528.73,Resolved
FLR001428,MCH0186,LIN010,FAC004,2025-02-17 06:42:52,Hydraulic Leak,Minor,1,5.18,493397.52,Resolved
FLR001429,MCH0360,LIN028,FAC010,2026-05-17 13:16:24,Electrical Fault,Major,1,6.72,672049.84,Open
FLR001430,MCH0324,LIN024,FAC008,2023-04-02 08:59:32,Sensor Failure,Minor,3,5.55,594681.21,Resolved
FLR001431,MCH0300,LIN002,FAC001,2025-09-27 23:31:34,Hydraulic Leak,Minor,5,1.53,166944.8,Resolved
FLR001432,MCH0313,LIN018,FAC006,2025-03-27 21:55:57,Tool Wear,Minor,7,3.75,446696.21,Resolved
FLR001433,MCH0195,LIN014,FAC005,2025-02-23 10:43:21,Lubrication Failure,Major,5,7.62,703989.58,Resolved
FLR001434,MCH0075,LIN003,FAC001,2026-03-05 13:21:53,Excessive Vibration,Major,7,5.85,654042.87,Resolved
FLR001435,MCH0133,LIN013,FAC005,2025-10-26 16:33:56,Excessive Vibration,Major,2,4.71,458912.0,Resolved
FLR001436,MCH0083,LIN010,FAC004,2023-06-15 08:13:21,Sensor Failure,Major,1,7.57,861139.44,Resolved
FLR001437,MCH0074,LIN001,FAC001,2024-10-18 12:06:22,Electrical Fault,Minor,4,3.36,202552.42,Resolved
FLR001438,MCH0326,LIN026,FAC009,2024-02-06 19:46:05,Hydraulic Leak,Major,2,6.25,493757.58,Resolved
FLR001439,MCH0532,LIN007,FAC003,2026-02-03 04:51:17,Electrical Fault,Major,4,3.64,431152.87,Resolved
FLR001440,MCH0440,LIN027,FAC009,2026-01-22 17:16:48,Electrical Fault,Critical,1,12.81,418111.13,Resolved
FLR001441,MCH0509,LIN021,FAC007,2024-02-25 15:43:22,Tool Wear,Major,1,15.43,982118.88,Open
FLR001442,MCH0343,LIN003,FAC001,2024-04-20 05:48:37,Electrical Fault,Minor,6,5.67,492396.44,Resolved
FLR001443,MCH0149,LIN004,FAC002,2024-11-27 07:01:04,Overheating,Critical,4,14.84,1268220.04,Resolved
FLR001444,MCH0467,LIN027,FAC009,2023-10-19 17:48:25,Hydraulic Leak,Critical,6,9.76,933269.53,Resolved
FLR001445,MCH0525,LIN017,FAC006,2023-01-31 19:14:45,Hydraulic Leak,Major,4,7.87,728264.02,Resolved
FLR001446,MCH0325,LIN011,FAC004,2025-11-20 01:33:35,Tool Wear,Major,3,8.95,911508.9,Resolved
FLR001447,MCH0476,LIN023,FAC008,2024-10-21 02:31:29,Lubrication Failure,Minor,1,3.83,150269.32,Resolved
FLR001448,MCH0563,LIN001,FAC001,2023-08-19 13:57:47,Excessive Vibration,Major,7,10.73,664140.88,Resolved
FLR001449,MCH0033,LIN010,FAC004,2025-10-18 19:24:06,Bearing Failure,Critical,6,19.77,1325330.99,Resolved
FLR001450,MCH0508,LIN010,FAC004,2023-08-02 12:55:10,Hydraulic Leak,Minor,2,23.7,994379.57,Resolved
FLR001451,MCH0361,LIN024,FAC008,2025-05-15 05:12:35,Lubrication Failure,Major,4,7.77,642389.95,Resolved
FLR001452,MCH0585,LIN026,FAC009,2023-02-15 03:43:29,Hydraulic Leak,Minor,4,17.11,1649695.5,Resolved
FLR001453,MCH0505,LIN023,FAC008,2024-04-22 21:44:47,Bearing Failure,Major,6,13.65,352284.82,Resolved
FLR001454,MCH0387,LIN005,FAC002,2024-06-13 05:43:23,Electrical Fault,Major,2,7.64,753484.22,Resolved
FLR001455,MCH0544,LIN003,FAC001,2023-01-29 07:49:09,Bearing Failure,Critical,5,13.52,1487473.25,Open
FLR001456,MCH0520,LIN005,FAC002,2026-02-07 23:31:08,Lubrication Failure,Major,1,3.83,144591.69,Open
FLR001457,MCH0390,LIN011,FAC004,2023-10-14 20:45:16,Electrical Fault,Major,6,1.12,75140.18,Resolved
FLR001458,MCH0268,LIN013,FAC005,2025-03-28 15:22:40,Electrical Fault,Minor,5,5.73,459201.48,Resolved
FLR001459,MCH0589,LIN023,FAC008,2023-12-21 07:49:36,Excessive Vibration,Major,2,9.96,493338.07,Resolved
FLR001460,MCH0051,LIN011,FAC004,2023-06-11 03:24:38,Tool Wear,Critical,7,9.18,745088.89,Resolved
FLR001461,MCH0448,LIN016,FAC006,2024-02-10 06:22:46,Electrical Fault,Minor,5,5.36,377966.67,Resolved
FLR001462,MCH0281,LIN027,FAC009,2026-01-27 04:14:53,Tool Wear,Minor,6,3.07,116660.73,Resolved
FLR001463,MCH0151,LIN020,FAC007,2024-09-05 23:09:48,Hydraulic Leak,Critical,4,17.81,709349.25,Resolved
FLR001464,MCH0522,LIN024,FAC008,2023-11-18 23:42:02,Electrical Fault,Major,3,7.53,207958.21,Resolved
FLR001465,MCH0572,LIN017,FAC006,2024-11-01 19:49:24,Electrical Fault,Major,2,9.15,880914.23,Resolved
FLR001466,MCH0441,LIN020,FAC007,2023-03-12 02:23:20,Excessive Vibration,Minor,5,10.4,1233347.39,Resolved
FLR001467,MCH0390,LIN011,FAC004,2024-06-27 02:11:58,Bearing Failure,Minor,4,1.84,197505.85,Open
FLR001468,MCH0230,LIN017,FAC006,2024-07-13 06:43:45,Excessive Vibration,Critical,4,25.22,2459560.84,Resolved
FLR001469,MCH0291,LIN022,FAC008,2024-01-31 12:34:16,Hydraulic Leak,Major,5,1.74,112913.98,Open
FLR001470,MCH0022,LIN024,FAC008,2023-10-03 20:02:32,Bearing Failure,Major,1,7.94,199935.52,Open
FLR001471,MCH0523,LIN023,FAC008,2026-05-26 10:12:51,Hydraulic Leak,Major,4,6.89,421285.16,Resolved
FLR001472,MCH0303,LIN020,FAC007,2025-06-18 13:11:17,Lubrication Failure,Major,6,2.93,75440.74,Resolved
FLR001473,MCH0465,LIN002,FAC001,2025-03-09 08:15:24,Sensor Failure,Minor,7,5.56,183156.1,Resolved
FLR001474,MCH0240,LIN015,FAC005,2024-06-16 18:35:46,Excessive Vibration,Major,5,4.45,190476.43,Resolved
FLR001475,MCH0396,LIN028,FAC010,2023-07-24 10:36:11,Excessive Vibration,Major,4,6.68,222940.15,Resolved
FLR001476,MCH0449,LIN024,FAC008,2025-09-09 15:09:56,Electrical Fault,Minor,5,1.13,90083.87,Resolved
FLR001477,MCH0291,LIN022,FAC008,2023-12-04 14:27:57,Lubrication Failure,Critical,1,14.05,680412.93,Open
FLR001478,MCH0593,LIN019,FAC007,2025-10-18 23:42:23,Excessive Vibration,Minor,5,3.47,129086.92,Resolved
FLR001479,MCH0398,LIN029,FAC010,2024-02-04 14:13:55,Bearing Failure,Major,6,4.94,453929.49,Resolved
FLR001480,MCH0502,LIN011,FAC004,2023-03-19 10:35:12,Excessive Vibration,Major,6,4.17,161304.84,Resolved
FLR001481,MCH0426,LIN009,FAC003,2024-07-01 15:47:15,Excessive Vibration,Major,6,3.09,361936.09,Resolved
FLR001482,MCH0118,LIN016,FAC006,2026-03-14 09:53:39,Sensor Failure,Minor,5,12.39,659275.62,Open
FLR001483,MCH0084,LIN022,FAC008,2024-08-05 03:00:35,Lubrication Failure,Major,2,12.08,650514.81,Open
FLR001484,MCH0478,LIN008,FAC003,2023-11-25 23:45:49,Sensor Failure,Minor,1,14.83,492980.32,Resolved
FLR001485,MCH0524,LIN016,FAC006,2024-06-24 03:18:55,Electrical Fault,Major,4,3.27,363287.75,Resolved
FLR001486,MCH0566,LIN010,FAC004,2023-05-24 04:41:52,Bearing Failure,Major,2,10.48,969731.3,Resolved
FLR001487,MCH0344,LIN019,FAC007,2025-04-22 06:25:44,Sensor Failure,Major,5,6.44,478672.14,Open
FLR001488,MCH0189,LIN004,FAC002,2024-04-09 11:45:44,Hydraulic Leak,Critical,1,9.92,607164.8,Open
FLR001489,MCH0596,LIN022,FAC008,2023-03-24 15:12:27,Electrical Fault,Major,1,3.42,334156.29,Resolved
FLR001490,MCH0504,LIN008,FAC003,2026-06-15 15:52:15,Bearing Failure,Critical,5,12.02,1089371.95,Resolved
FLR001491,MCH0533,LIN017,FAC006,2023-05-30 07:57:01,Hydraulic Leak,Major,6,3.16,376129.85,Resolved
FLR001492,MCH0134,LIN006,FAC002,2025-03-29 23:11:14,Sensor Failure,Critical,3,28.47,815865.1,Open
FLR001493,MCH0344,LIN019,FAC007,2023-09-16 22:17:15,Electrical Fault,Major,2,4.46,153561.95,Resolved
FLR001494,MCH0070,LIN030,FAC010,2025-07-07 14:42:41,Lubrication Failure,Critical,4,10.3,1229824.28,Resolved
FLR001495,MCH0097,LIN022,FAC008,2023-08-12 14:25:05,Tool Wear,Minor,3,10.04,834333.66,Open
FLR001496,MCH0237,LIN025,FAC009,2023-08-07 18:45:47,Electrical Fault,Major,1,5.32,288309.1,Resolved
FLR001497,MCH0005,LIN010,FAC004,2024-01-07 23:59:03,Bearing Failure,Major,5,9.4,972387.13,Resolved
FLR001498,MCH0234,LIN001,FAC001,2024-09-24 13:54:56,Excessive Vibration,Major,1,6.94,774094.12,Resolved
FLR001499,MCH0445,LIN029,FAC010,2026-04-18 10:33:58,Electrical Fault,Critical,3,23.25,2179167.22,Open
FLR001500,MCH0232,LIN030,FAC010,2023-04-20 22:20:14,Tool Wear,Major,3,3.61,419324.03,Open
FLR001501,MCH0070,LIN030,FAC010,2026-02-20 10:41:52,Bearing Failure,Critical,6,9.51,1014075.0,Resolved
FLR001502,MCH0357,LIN029,FAC010,2025-01-04 22:21:30,Overheating,Major,4,3.59,355077.05,Resolved
FLR001503,MCH0191,LIN025,FAC009,2025-05-15 08:24:14,Sensor Failure,Major,6,4.9,175449.24,Resolved
FLR001504,MCH0303,LIN020,FAC007,2026-04-08 22:34:43,Hydraulic Leak,Major,7,2.91,98313.03,Resolved
FLR001505,MCH0194,LIN015,FAC005,2023-07-08 11:52:38,Sensor Failure,Critical,4,10.91,491311.67,Open
FLR001506,MCH0101,LIN022,FAC008,2025-05-04 23:08:23,Electrical Fault,Critical,7,30.59,2764464.63,Open
FLR001507,MCH0238,LIN007,FAC003,2023-02-13 15:25:32,Sensor Failure,Critical,6,13.56,650786.0,Resolved
FLR001508,MCH0377,LIN009,FAC003,2023-04-18 01:56:33,Sensor Failure,Major,5,4.5,322972.95,Resolved
FLR001509,MCH0109,LIN018,FAC006,2025-04-13 14:38:42,Hydraulic Leak,Major,3,4.63,292998.46,Resolved
FLR001510,MCH0419,LIN008,FAC003,2024-06-22 22:56:08,Lubrication Failure,Minor,3,4.33,267769.14,Resolved
FLR001511,MCH0331,LIN012,FAC004,2023-09-05 17:03:05,Lubrication Failure,Minor,5,1.99,162033.98,Resolved
FLR001512,MCH0290,LIN027,FAC009,2025-08-23 04:42:39,Sensor Failure,Critical,4,15.02,506298.73,Resolved
FLR001513,MCH0441,LIN020,FAC007,2026-04-16 13:58:59,Overheating,Minor,1,9.26,434714.58,Resolved
FLR001514,MCH0098,LIN002,FAC001,2023-01-18 06:42:59,Overheating,Major,6,10.04,1143773.47,Open
FLR001515,MCH0491,LIN021,FAC007,2025-11-08 11:38:04,Bearing Failure,Major,6,5.1,220932.77,Resolved
FLR001516,MCH0056,LIN027,FAC009,2026-01-03 18:33:51,Excessive Vibration,Critical,3,13.21,968966.3,Open
FLR001517,MCH0459,LIN006,FAC002,2026-02-06 07:05:59,Tool Wear,Major,2,8.04,866575.4,Open
FLR001518,MCH0310,LIN029,FAC010,2026-02-14 07:09:13,Tool Wear,Major,1,6.18,382410.75,Resolved
FLR001519,MCH0230,LIN017,FAC006,2024-07-29 18:34:17,Overheating,Major,6,6.83,762168.86,Open
FLR001520,MCH0463,LIN018,FAC006,2023-11-28 16:45:36,Hydraulic Leak,Major,4,4.76,373513.97,Open
FLR001521,MCH0098,LIN002,FAC001,2025-06-16 03:48:36,Sensor Failure,Major,4,2.15,172483.5,Resolved
FLR001522,MCH0045,LIN029,FAC010,2025-02-03 13:53:04,Tool Wear,Major,5,2.23,209326.69,Resolved
FLR001523,MCH0373,LIN011,FAC004,2025-09-18 22:08:08,Hydraulic Leak,Minor,4,5.43,420418.72,Open
FLR001524,MCH0110,LIN002,FAC001,2025-02-11 18:02:35,Electrical Fault,Minor,7,3.99,138905.34,Resolved
FLR001525,MCH0313,LIN018,FAC006,2023-09-11 20:02:18,Sensor Failure,Minor,7,6.26,381392.66,Open
FLR001526,MCH0383,LIN005,FAC002,2023-02-11 14:01:03,Electrical Fault,Minor,3,7.63,404852.24,Resolved
FLR001527,MCH0574,LIN029,FAC010,2026-06-03 08:06:15,Sensor Failure,Major,6,3.68,157766.15,Resolved
FLR001528,MCH0029,LIN002,FAC001,2025-03-10 01:40:08,Excessive Vibration,Major,5,7.56,573319.69,Resolved
FLR001529,MCH0089,LIN017,FAC006,2026-04-17 00:46:50,Tool Wear,Critical,4,12.35,642950.95,Resolved
FLR001530,MCH0437,LIN015,FAC005,2024-10-31 15:24:31,Overheating,Minor,5,11.85,616402.03,Open
FLR001531,MCH0526,LIN028,FAC010,2026-06-06 19:34:41,Electrical Fault,Minor,2,8.33,805128.58,Resolved
FLR001532,MCH0027,LIN014,FAC005,2026-05-17 23:49:56,Electrical Fault,Major,6,4.71,522333.7,Resolved
FLR001533,MCH0250,LIN007,FAC003,2025-04-14 07:47:45,Lubrication Failure,Major,1,6.28,451894.67,Resolved
FLR001534,MCH0279,LIN001,FAC001,2024-05-26 23:30:39,Tool Wear,Minor,6,12.83,1411120.22,Resolved
FLR001535,MCH0030,LIN022,FAC008,2023-03-25 17:36:26,Sensor Failure,Critical,7,12.52,801785.6,Resolved
FLR001536,MCH0551,LIN025,FAC009,2023-01-30 04:24:59,Electrical Fault,Major,2,17.73,1699122.75,Resolved
FLR001537,MCH0547,LIN005,FAC002,2025-12-25 12:21:05,Hydraulic Leak,Critical,1,16.89,929759.55,Resolved
FLR001538,MCH0242,LIN001,FAC001,2023-02-26 00:41:01,Excessive Vibration,Major,5,2.02,239315.55,Resolved
FLR001539,MCH0382,LIN018,FAC006,2025-11-30 03:52:44,Tool Wear,Major,5,5.84,295214.29,Open
FLR001540,MCH0372,LIN025,FAC009,2024-04-11 19:25:55,Electrical Fault,Minor,6,6.89,506328.21,Resolved
FLR001541,MCH0201,LIN006,FAC002,2023-04-27 15:38:25,Hydraulic Leak,Major,1,7.61,530541.21,Open
FLR001542,MCH0255,LIN005,FAC002,2023-09-04 04:57:19,Tool Wear,Minor,1,11.87,847636.09,Resolved
FLR001543,MCH0276,LIN012,FAC004,2025-12-10 13:30:20,Sensor Failure,Minor,5,5.61,421698.96,Resolved
FLR001544,MCH0276,LIN012,FAC004,2025-08-25 09:10:28,Overheating,Minor,2,3.18,268379.96,Open
FLR001545,MCH0505,LIN023,FAC008,2024-04-25 05:14:43,Tool Wear,Minor,4,3.05,174183.45,Resolved
FLR001546,MCH0408,LIN009,FAC003,2024-04-10 08:15:23,Sensor Failure,Minor,1,5.82,256014.72,Resolved
FLR001547,MCH0505,LIN023,FAC008,2025-01-29 02:37:39,Bearing Failure,Major,3,4.9,413837.43,Resolved
FLR001548,MCH0398,LIN029,FAC010,2024-05-20 10:53:45,Hydraulic Leak,Major,6,8.34,426105.59,Resolved
FLR001549,MCH0284,LIN006,FAC002,2025-04-16 08:14:30,Overheating,Minor,7,6.17,278482.27,Resolved
FLR001550,MCH0566,LIN010,FAC004,2023-08-07 07:50:17,Hydraulic Leak,Major,7,2.54,125304.77,Resolved
FLR001551,MCH0331,LIN012,FAC004,2023-09-24 22:27:54,Bearing Failure,Minor,1,5.35,330498.04,Open
FLR001552,MCH0159,LIN014,FAC005,2026-03-28 14:42:51,Bearing Failure,Major,7,7.56,713007.62,Resolved
FLR001553,MCH0214,LIN018,FAC006,2023-03-10 04:57:25,Electrical Fault,Major,3,12.31,787524.13,Resolved
FLR001554,MCH0495,LIN009,FAC003,2024-02-25 07:52:49,Tool Wear,Critical,7,15.46,1772771.54,Resolved
FLR001555,MCH0112,LIN003,FAC001,2023-08-23 17:45:08,Electrical Fault,Major,5,8.48,636206.76,Open
FLR001556,MCH0045,LIN029,FAC010,2025-04-28 21:52:28,Lubrication Failure,Major,4,5.84,620106.7,Resolved
FLR001557,MCH0226,LIN027,FAC009,2023-02-13 06:04:57,Hydraulic Leak,Minor,6,7.46,214932.6,Resolved
FLR001558,MCH0483,LIN029,FAC010,2026-05-08 21:26:54,Lubrication Failure,Major,7,9.91,676266.46,Resolved
FLR001559,MCH0235,LIN025,FAC009,2023-07-08 08:04:55,Sensor Failure,Major,1,8.17,877652.18,Resolved
FLR001560,MCH0365,LIN014,FAC005,2026-02-19 02:12:36,Hydraulic Leak,Major,6,1.79,199434.87,Resolved
FLR001561,MCH0106,LIN018,FAC006,2025-04-27 06:04:34,Tool Wear,Critical,6,9.49,665271.49,Resolved
FLR001562,MCH0082,LIN027,FAC009,2024-02-02 05:36:37,Excessive Vibration,Minor,3,2.46,209923.73,Resolved
FLR001563,MCH0563,LIN001,FAC001,2025-12-17 07:40:02,Overheating,Major,5,2.85,81067.42,Resolved
FLR001564,MCH0325,LIN011,FAC004,2023-01-07 16:04:05,Bearing Failure,Minor,3,9.16,502229.44,Resolved
FLR001565,MCH0299,LIN014,FAC005,2025-02-02 04:40:11,Tool Wear,Major,2,0.31,30398.12,Open
FLR001566,MCH0298,LIN016,FAC006,2026-03-30 16:18:23,Overheating,Major,3,2.37,93061.53,Open
FLR001567,MCH0195,LIN014,FAC005,2025-06-11 16:40:46,Tool Wear,Minor,7,0.84,80196.25,Resolved
FLR001568,MCH0528,LIN005,FAC002,2026-03-17 16:01:32,Excessive Vibration,Major,1,9.42,986297.17,Open
FLR001569,MCH0289,LIN010,FAC004,2024-08-08 01:43:49,Tool Wear,Minor,1,7.37,543511.39,Open
FLR001570,MCH0588,LIN006,FAC002,2025-03-01 11:19:46,Tool Wear,Critical,1,12.6,990775.56,Resolved
FLR001571,MCH0341,LIN006,FAC002,2024-05-29 15:46:59,Tool Wear,Minor,6,8.13,914850.46,Open
FLR001572,MCH0074,LIN001,FAC001,2023-12-09 12:44:45,Excessive Vibration,Major,5,16.74,1914353.3,Resolved
FLR001573,MCH0571,LIN020,FAC007,2023-12-01 19:57:22,Sensor Failure,Minor,6,2.23,96317.39,Resolved
FLR001574,MCH0553,LIN013,FAC005,2026-01-18 09:21:59,Lubrication Failure,Minor,3,1.83,132464.35,Resolved
FLR001575,MCH0498,LIN011,FAC004,2024-09-11 02:52:29,Bearing Failure,Critical,5,14.18,1384698.0,Open
FLR001576,MCH0344,LIN019,FAC007,2024-09-07 07:48:49,Excessive Vibration,Major,5,6.36,264939.61,Resolved
FLR001577,MCH0555,LIN021,FAC007,2025-06-09 13:12:39,Hydraulic Leak,Critical,4,27.95,1427351.93,Resolved
FLR001578,MCH0180,LIN011,FAC004,2024-03-06 07:13:44,Lubrication Failure,Major,3,2.65,316370.52,Resolved
FLR001579,MCH0299,LIN014,FAC005,2023-10-12 21:55:09,Excessive Vibration,Major,1,1.82,204224.64,Resolved
FLR001580,MCH0454,LIN022,FAC008,2024-04-13 00:13:11,Lubrication Failure,Minor,6,7.62,737982.43,Resolved
FLR001581,MCH0217,LIN009,FAC003,2025-04-14 01:40:37,Tool Wear,Minor,1,1.32,39143.17,Resolved
FLR001582,MCH0042,LIN016,FAC006,2023-05-20 13:52:25,Tool Wear,Minor,5,3.47,407975.75,Resolved
FLR001583,MCH0392,LIN005,FAC002,2024-01-22 20:46:22,Excessive Vibration,Major,5,14.1,581216.14,Resolved
FLR001584,MCH0584,LIN009,FAC003,2023-04-24 15:05:57,Lubrication Failure,Major,6,6.45,228463.66,Resolved
FLR001585,MCH0424,LIN022,FAC008,2024-12-15 17:27:52,Sensor Failure,Minor,5,14.0,1653076.82,Resolved
FLR001586,MCH0507,LIN006,FAC002,2025-06-16 18:20:42,Excessive Vibration,Major,4,8.01,786281.79,Resolved
FLR001587,MCH0513,LIN027,FAC009,2025-05-11 16:55:34,Sensor Failure,Minor,4,4.03,449740.65,Resolved
FLR001588,MCH0379,LIN027,FAC009,2025-02-20 12:10:00,Hydraulic Leak,Major,3,3.03,114161.21,Resolved
FLR001589,MCH0533,LIN017,FAC006,2025-05-14 07:56:59,Electrical Fault,Major,7,2.58,251181.21,Open
FLR001590,MCH0157,LIN029,FAC010,2024-07-17 21:12:54,Tool Wear,Minor,2,12.19,431020.03,Resolved
FLR001591,MCH0266,LIN021,FAC007,2024-12-14 00:47:57,Hydraulic Leak,Major,7,13.32,1537673.55,Resolved
FLR001592,MCH0153,LIN017,FAC006,2023-05-07 20:35:28,Sensor Failure,Major,5,2.22,170958.6,Resolved
FLR001593,MCH0366,LIN019,FAC007,2023-11-07 02:03:57,Tool Wear,Major,3,10.6,924788.66,Resolved
FLR001594,MCH0287,LIN017,FAC006,2023-08-18 03:30:24,Overheating,Major,5,8.06,208860.47,Resolved
FLR001595,MCH0474,LIN003,FAC001,2025-12-06 18:27:09,Overheating,Critical,2,12.62,891142.94,Resolved
FLR001596,MCH0515,LIN012,FAC004,2026-03-06 01:29:06,Electrical Fault,Minor,3,13.61,1412440.17,Open
FLR001597,MCH0062,LIN011,FAC004,2026-05-18 17:30:00,Electrical Fault,Minor,7,6.88,375768.4,Open
FLR001598,MCH0557,LIN030,FAC010,2025-10-03 07:37:51,Tool Wear,Minor,3,13.22,1045905.14,Open
FLR001599,MCH0370,LIN029,FAC010,2025-11-26 13:03:02,Hydraulic Leak,Critical,1,11.62,700182.84,Resolved
FLR001600,MCH0163,LIN007,FAC003,2024-03-03 13:23:51,Tool Wear,Major,7,1.82,133839.45,Open
FLR001601,MCH0437,LIN015,FAC005,2023-02-27 06:18:16,Hydraulic Leak,Minor,7,3.82,232877.22,Resolved
FLR001602,MCH0376,LIN005,FAC002,2025-05-23 19:06:12,Sensor Failure,Major,1,14.37,611036.35,Resolved
FLR001603,MCH0451,LIN013,FAC005,2024-04-02 08:45:42,Lubrication Failure,Minor,6,2.42,66945.04,Resolved
FLR001604,MCH0065,LIN005,FAC002,2024-11-04 06:50:02,Bearing Failure,Critical,5,12.11,789242.82,Resolved
FLR001605,MCH0032,LIN023,FAC008,2025-08-20 12:47:03,Overheating,Minor,3,9.05,706357.18,Resolved
FLR001606,MCH0349,LIN024,FAC008,2023-08-28 19:12:56,Lubrication Failure,Major,3,3.39,117182.59,Open
FLR001607,MCH0211,LIN018,FAC006,2026-06-06 12:01:48,Excessive Vibration,Minor,6,13.45,732563.47,Resolved
FLR001608,MCH0594,LIN016,FAC006,2024-12-27 04:06:23,Excessive Vibration,Major,5,11.13,1022505.54,Open
FLR001609,MCH0006,LIN013,FAC005,2024-08-15 03:22:16,Overheating,Minor,5,1.42,59519.92,Resolved
FLR001610,MCH0019,LIN029,FAC010,2024-07-02 13:45:21,Sensor Failure,Major,2,4.78,481101.85,Resolved
FLR001611,MCH0315,LIN015,FAC005,2023-09-07 08:34:03,Overheating,Major,7,10.53,287307.81,Resolved
FLR001612,MCH0283,LIN027,FAC009,2023-01-11 12:45:35,Electrical Fault,Major,4,27.55,2095841.26,Resolved
FLR001613,MCH0219,LIN012,FAC004,2026-03-02 12:19:47,Excessive Vibration,Major,1,9.84,264916.95,Resolved
FLR001614,MCH0531,LIN021,FAC007,2023-06-10 19:52:06,Tool Wear,Critical,4,21.24,1939683.4,Resolved
FLR001615,MCH0302,LIN016,FAC006,2024-12-13 03:05:48,Lubrication Failure,Major,6,12.62,331982.24,Resolved
FLR001616,MCH0549,LIN013,FAC005,2025-04-10 08:06:19,Sensor Failure,Minor,1,7.57,655901.19,Resolved
FLR001617,MCH0261,LIN017,FAC006,2026-03-30 10:47:40,Bearing Failure,Minor,3,2.02,126702.94,Open
FLR001618,MCH0522,LIN024,FAC008,2026-06-26 22:47:12,Lubrication Failure,Major,6,1.29,104907.44,Resolved
FLR001619,MCH0473,LIN022,FAC008,2025-08-04 23:15:48,Excessive Vibration,Critical,4,12.63,993064.16,Resolved
FLR001620,MCH0248,LIN028,FAC010,2023-04-08 13:08:52,Sensor Failure,Major,5,6.38,366471.26,Resolved
FLR001621,MCH0556,LIN013,FAC005,2023-01-21 14:08:35,Excessive Vibration,Major,5,1.77,62642.61,Resolved
FLR001622,MCH0568,LIN019,FAC007,2026-02-08 21:47:30,Electrical Fault,Major,7,0.5,55531.38,Open
FLR001623,MCH0115,LIN002,FAC001,2025-11-12 12:21:36,Overheating,Major,2,15.09,990260.03,Resolved
FLR001624,MCH0212,LIN030,FAC010,2025-02-25 19:21:00,Excessive Vibration,Critical,3,12.72,1221016.93,Resolved
FLR001625,MCH0057,LIN020,FAC007,2026-05-08 11:31:11,Bearing Failure,Major,7,6.9,405047.05,Resolved
FLR001626,MCH0312,LIN015,FAC005,2023-10-09 10:15:00,Sensor Failure,Major,2,1.24,71609.5,Resolved
FLR001627,MCH0070,LIN030,FAC010,2023-08-23 08:52:30,Hydraulic Leak,Major,7,16.28,1608548.25,Resolved
FLR001628,MCH0552,LIN012,FAC004,2025-12-16 04:22:32,Hydraulic Leak,Minor,1,5.08,306552.94,Resolved
FLR001629,MCH0190,LIN002,FAC001,2024-07-08 08:08:51,Bearing Failure,Major,3,4.45,327921.63,Resolved
FLR001630,MCH0323,LIN027,FAC009,2023-10-01 23:07:31,Bearing Failure,Major,4,2.34,62989.74,Open
FLR001631,MCH0059,LIN012,FAC004,2023-04-23 06:15:12,Overheating,Critical,5,14.04,1493207.41,Open
FLR001632,MCH0452,LIN026,FAC009,2024-09-03 15:35:46,Electrical Fault,Major,2,11.44,1242502.32,Resolved
FLR001633,MCH0134,LIN006,FAC002,2025-04-11 13:09:41,Tool Wear,Major,3,1.9,190110.17,Resolved
FLR001634,MCH0255,LIN005,FAC002,2024-12-31 16:53:54,Bearing Failure,Minor,4,11.77,1237863.93,Resolved
FLR001635,MCH0494,LIN001,FAC001,2026-06-24 18:43:57,Hydraulic Leak,Critical,4,14.28,1412217.95,Open
FLR001636,MCH0417,LIN001,FAC001,2024-11-28 21:10:09,Bearing Failure,Critical,6,13.2,1313803.43,Resolved
FLR001637,MCH0142,LIN023,FAC008,2025-08-30 04:05:04,Lubrication Failure,Critical,5,25.43,1689096.92,Resolved
FLR001638,MCH0257,LIN013,FAC005,2025-12-24 17:37:56,Hydraulic Leak,Major,3,10.15,1039121.0,Resolved
FLR001639,MCH0107,LIN010,FAC004,2023-09-07 11:59:04,Lubrication Failure,Minor,3,5.58,560394.65,Resolved
FLR001640,MCH0072,LIN011,FAC004,2024-07-15 03:30:29,Sensor Failure,Major,6,13.17,1395022.9,Resolved
FLR001641,MCH0163,LIN007,FAC003,2024-02-18 23:02:44,Tool Wear,Major,6,1.54,98854.15,Resolved
FLR001642,MCH0510,LIN023,FAC008,2025-02-10 05:25:38,Overheating,Major,2,5.73,549390.51,Resolved
FLR001643,MCH0233,LIN015,FAC005,2023-04-25 02:07:52,Excessive Vibration,Major,1,6.43,329875.91,Resolved
FLR001644,MCH0436,LIN013,FAC005,2023-02-09 08:07:54,Electrical Fault,Major,7,1.37,134979.4,Resolved
FLR001645,MCH0171,LIN006,FAC002,2023-11-29 10:56:56,Excessive Vibration,Critical,5,26.46,1758860.47,Resolved
FLR001646,MCH0064,LIN025,FAC009,2023-05-03 14:50:45,Hydraulic Leak,Minor,4,5.37,374745.0,Resolved
FLR001647,MCH0027,LIN014,FAC005,2025-03-30 13:57:46,Tool Wear,Major,2,6.86,801705.32,Resolved
FLR001648,MCH0063,LIN013,FAC005,2026-06-30 18:02:35,Electrical Fault,Minor,2,10.47,485264.03,Resolved
FLR001649,MCH0312,LIN015,FAC005,2026-05-28 17:20:24,Hydraulic Leak,Critical,5,16.31,751374.87,Open
FLR001650,MCH0148,LIN009,FAC003,2024-08-30 19:28:07,Tool Wear,Major,7,9.82,475806.27,Resolved
FLR001651,MCH0103,LIN030,FAC010,2025-06-04 06:18:40,Lubrication Failure,Minor,4,1.09,92619.48,Open
FLR001652,MCH0582,LIN013,FAC005,2025-01-28 07:24:30,Tool Wear,Major,4,12.86,401548.56,Resolved
FLR001653,MCH0574,LIN029,FAC010,2026-03-31 01:40:28,Electrical Fault,Critical,4,16.13,1326981.91,Open
FLR001654,MCH0412,LIN021,FAC007,2023-08-16 10:35:52,Bearing Failure,Critical,2,11.78,921124.95,Open
FLR001655,MCH0427,LIN027,FAC009,2024-04-26 23:02:48,Overheating,Major,6,32.77,2754425.39,Resolved
FLR001656,MCH0379,LIN027,FAC009,2024-02-08 00:03:43,Sensor Failure,Minor,7,6.16,157585.16,Resolved
FLR001657,MCH0337,LIN028,FAC010,2023-01-11 07:42:19,Bearing Failure,Minor,6,10.36,1144161.7,Resolved
FLR001658,MCH0484,LIN019,FAC007,2025-11-18 03:59:38,Lubrication Failure,Minor,6,19.5,942886.87,Resolved
FLR001659,MCH0254,LIN013,FAC005,2023-12-10 02:28:34,Excessive Vibration,Major,3,8.7,306264.82,Resolved
FLR001660,MCH0427,LIN027,FAC009,2025-03-06 15:44:15,Tool Wear,Minor,2,8.44,596432.04,Open
FLR001661,MCH0182,LIN025,FAC009,2025-12-25 03:29:45,Bearing Failure,Minor,7,5.54,340409.52,Resolved
FLR001662,MCH0552,LIN012,FAC004,2024-07-31 18:23:53,Sensor Failure,Major,7,11.38,1120268.49,Resolved
FLR001663,MCH0388,LIN011,FAC004,2025-04-20 17:18:59,Tool Wear,Major,1,7.6,315849.96,Open
FLR001664,MCH0241,LIN010,FAC004,2023-12-19 21:51:49,Hydraulic Leak,Minor,6,2.85,112137.25,Resolved
FLR001665,MCH0066,LIN011,FAC004,2025-03-07 12:51:19,Hydraulic Leak,Critical,7,15.78,493664.82,Resolved
FLR001666,MCH0282,LIN001,FAC001,2025-11-25 22:31:58,Overheating,Minor,3,2.27,138578.34,Resolved
FLR001667,MCH0598,LIN029,FAC010,2025-11-16 08:55:03,Electrical Fault,Major,2,5.43,445744.26,Resolved
FLR001668,MCH0152,LIN010,FAC004,2023-10-25 14:16:44,Lubrication Failure,Major,6,5.76,231479.54,Resolved
FLR001669,MCH0455,LIN030,FAC010,2023-09-10 12:50:30,Lubrication Failure,Critical,5,14.89,1633701.1,Open
FLR001670,MCH0221,LIN027,FAC009,2026-06-03 02:42:38,Sensor Failure,Major,6,5.04,600812.1,Resolved
FLR001671,MCH0041,LIN011,FAC004,2025-12-18 22:22:51,Lubrication Failure,Major,5,10.01,760827.28,Resolved
FLR001672,MCH0295,LIN020,FAC007,2023-01-17 08:11:34,Hydraulic Leak,Critical,1,17.27,624265.76,Resolved
FLR001673,MCH0215,LIN014,FAC005,2025-04-06 16:08:03,Excessive Vibration,Minor,4,1.89,90741.5,Open
FLR001674,MCH0380,LIN003,FAC001,2026-04-19 00:07:09,Hydraulic Leak,Major,1,5.39,247814.6,Resolved
FLR001675,MCH0192,LIN007,FAC003,2026-01-06 16:35:00,Tool Wear,Minor,4,1.17,34809.05,Resolved
FLR001676,MCH0487,LIN023,FAC008,2023-05-29 23:49:13,Overheating,Minor,6,9.23,782373.0,Open
FLR001677,MCH0346,LIN015,FAC005,2024-10-11 09:06:15,Electrical Fault,Major,2,2.9,327759.36,Resolved
FLR001678,MCH0067,LIN005,FAC002,2025-01-11 16:06:17,Sensor Failure,Major,7,3.35,345218.77,Resolved
FLR001679,MCH0308,LIN025,FAC009,2024-11-20 15:54:05,Overheating,Major,1,9.59,905149.08,Resolved
FLR001680,MCH0158,LIN027,FAC009,2026-05-29 06:44:42,Bearing Failure,Major,4,5.01,423882.91,Resolved
FLR001681,MCH0108,LIN027,FAC009,2024-12-19 15:49:08,Electrical Fault,Major,5,0.88,43726.66,Resolved
FLR001682,MCH0233,LIN015,FAC005,2024-05-17 23:03:17,Bearing Failure,Critical,6,14.82,787554.15,Resolved
FLR001683,MCH0537,LIN013,FAC005,2024-05-15 06:39:48,Lubrication Failure,Major,6,3.57,399290.2,Resolved
FLR001684,MCH0128,LIN027,FAC009,2026-03-07 02:09:05,Bearing Failure,Major,7,3.13,331808.8,Open
FLR001685,MCH0339,LIN019,FAC007,2024-02-13 03:36:18,Lubrication Failure,Minor,2,11.16,626671.46,Resolved
FLR001686,MCH0354,LIN005,FAC002,2023-09-27 21:53:27,Sensor Failure,Major,5,12.31,1124919.8,Resolved
FLR001687,MCH0596,LIN022,FAC008,2025-12-11 14:35:15,Bearing Failure,Critical,5,9.98,391906.06,Resolved
FLR001688,MCH0354,LIN005,FAC002,2026-02-23 03:11:27,Overheating,Critical,5,11.32,1192213.86,Resolved
FLR001689,MCH0068,LIN009,FAC003,2025-03-07 15:16:59,Tool Wear,Major,6,3.82,265218.06,Resolved
FLR001690,MCH0529,LIN014,FAC005,2024-03-17 02:16:17,Sensor Failure,Major,5,3.27,98281.67,Resolved
FLR001691,MCH0402,LIN028,FAC010,2024-09-11 05:55:29,Lubrication Failure,Major,7,5.84,220333.44,Resolved
FLR001692,MCH0269,LIN002,FAC001,2025-12-26 01:52:02,Tool Wear,Major,4,3.86,157540.24,Resolved
FLR001693,MCH0577,LIN009,FAC003,2026-01-16 06:56:55,Excessive Vibration,Major,1,6.37,376807.44,Resolved
FLR001694,MCH0011,LIN013,FAC005,2026-05-19 23:00:16,Lubrication Failure,Critical,2,23.5,1154711.03,Resolved
FLR001695,MCH0124,LIN013,FAC005,2024-06-14 21:57:03,Hydraulic Leak,Minor,4,9.38,839763.75,Resolved
FLR001696,MCH0038,LIN022,FAC008,2024-04-09 13:57:07,Bearing Failure,Major,4,12.16,380405.57,Resolved
FLR001697,MCH0457,LIN007,FAC003,2025-03-22 14:58:16,Lubrication Failure,Major,6,6.73,689225.17,Open
FLR001698,MCH0264,LIN030,FAC010,2024-07-31 01:33:21,Hydraulic Leak,Major,1,0.75,56131.78,Resolved
FLR001699,MCH0234,LIN001,FAC001,2024-02-19 07:23:04,Overheating,Minor,5,2.79,223005.61,Resolved
FLR001700,MCH0199,LIN008,FAC003,2025-07-16 18:12:38,Sensor Failure,Major,3,4.72,494997.25,Open
FLR001701,MCH0429,LIN004,FAC002,2024-02-09 23:05:19,Overheating,Major,6,9.94,327150.18,Resolved
FLR001702,MCH0427,LIN027,FAC009,2024-12-18 05:13:07,Hydraulic Leak,Major,5,14.2,725007.84,Resolved
FLR001703,MCH0042,LIN016,FAC006,2025-01-12 11:50:47,Lubrication Failure,Major,7,4.56,319915.3,Resolved
FLR001704,MCH0495,LIN009,FAC003,2025-08-29 04:28:45,Tool Wear,Major,7,1.87,121099.16,Resolved
FLR001705,MCH0043,LIN023,FAC008,2025-12-18 04:11:09,Electrical Fault,Major,1,4.22,303366.47,Resolved
FLR001706,MCH0385,LIN006,FAC002,2024-01-11 12:24:46,Lubrication Failure,Major,5,4.41,429135.98,Resolved
FLR001707,MCH0317,LIN021,FAC007,2024-09-06 09:34:06,Overheating,Minor,3,8.58,249091.82,Open
FLR001708,MCH0395,LIN004,FAC002,2024-05-04 07:03:11,Hydraulic Leak,Major,5,6.82,265616.64,Open
FLR001709,MCH0285,LIN007,FAC003,2024-04-10 13:51:15,Bearing Failure,Critical,7,16.2,1914896.72,Open
FLR001710,MCH0430,LIN016,FAC006,2025-11-26 17:47:06,Hydraulic Leak,Major,7,14.03,1680134.52,Resolved
FLR001711,MCH0145,LIN010,FAC004,2024-09-07 10:25:31,Hydraulic Leak,Minor,3,6.88,415649.98,Open
FLR001712,MCH0180,LIN011,FAC004,2025-04-10 12:07:18,Bearing Failure,Major,2,12.0,931148.27,Open
FLR001713,MCH0197,LIN001,FAC001,2024-03-02 05:58:47,Hydraulic Leak,Major,1,7.48,340153.14,Resolved
FLR001714,MCH0485,LIN007,FAC003,2024-04-23 17:15:44,Tool Wear,Major,5,5.6,442586.22,Resolved
FLR001715,MCH0025,LIN017,FAC006,2023-11-09 09:01:47,Bearing Failure,Minor,3,3.49,297263.63,Resolved
FLR001716,MCH0580,LIN007,FAC003,2023-06-17 18:01:32,Excessive Vibration,Minor,5,8.28,585732.41,Resolved
FLR001717,MCH0055,LIN029,FAC010,2023-01-14 05:49:09,Electrical Fault,Critical,6,10.33,395565.18,Open
FLR001718,MCH0590,LIN008,FAC003,2025-07-14 15:54:07,Hydraulic Leak,Minor,2,5.53,311564.71,Open
FLR001719,MCH0245,LIN030,FAC010,2023-02-23 05:59:38,Overheating,Critical,6,11.14,414541.1,Resolved
FLR001720,MCH0120,LIN007,FAC003,2024-11-24 06:55:29,Tool Wear,Major,3,20.98,1028909.68,Resolved
FLR001721,MCH0477,LIN007,FAC003,2025-10-28 15:39:16,Lubrication Failure,Critical,6,18.17,2046810.59,Open
FLR001722,MCH0063,LIN013,FAC005,2023-09-26 23:32:00,Lubrication Failure,Minor,3,7.56,295253.21,Resolved
FLR001723,MCH0510,LIN023,FAC008,2025-09-26 08:48:32,Overheating,Critical,5,20.67,2154228.58,Resolved
FLR001724,MCH0475,LIN003,FAC001,2023-04-12 22:31:00,Excessive Vibration,Minor,6,1.45,173965.19,Open
FLR001725,MCH0041,LIN011,FAC004,2025-12-31 20:25:20,Excessive Vibration,Critical,2,11.86,1395965.96,Resolved
FLR001726,MCH0145,LIN010,FAC004,2024-12-02 18:25:21,Lubrication Failure,Major,2,5.9,419002.53,Resolved
FLR001727,MCH0523,LIN023,FAC008,2023-09-08 17:21:36,Sensor Failure,Critical,4,14.28,873325.58,Resolved
FLR001728,MCH0208,LIN030,FAC010,2024-03-23 05:41:16,Sensor Failure,Critical,6,11.61,758716.65,Resolved
FLR001729,MCH0172,LIN008,FAC003,2025-05-23 09:00:24,Overheating,Major,5,1.36,42687.26,Resolved
FLR001730,MCH0438,LIN013,FAC005,2025-07-17 23:32:01,Lubrication Failure,Minor,1,7.59,894136.96,Resolved
FLR001731,MCH0463,LIN018,FAC006,2026-03-04 19:11:28,Sensor Failure,Minor,2,10.78,1288856.99,Resolved
FLR001732,MCH0473,LIN022,FAC008,2026-04-01 16:05:01,Hydraulic Leak,Major,6,11.95,436198.66,Open
FLR001733,MCH0523,LIN023,FAC008,2023-06-03 09:50:33,Lubrication Failure,Major,7,13.08,1430464.59,Resolved
FLR001734,MCH0228,LIN011,FAC004,2024-09-27 10:45:20,Lubrication Failure,Major,6,2.79,283159.87,Resolved
FLR001735,MCH0424,LIN022,FAC008,2025-06-29 06:38:34,Hydraulic Leak,Major,3,11.73,961020.74,Resolved
FLR001736,MCH0240,LIN015,FAC005,2023-03-07 18:53:21,Lubrication Failure,Major,2,12.57,818459.89,Open
FLR001737,MCH0008,LIN015,FAC005,2023-10-25 09:07:43,Overheating,Minor,2,2.05,80254.45,Resolved
FLR001738,MCH0474,LIN003,FAC001,2025-06-24 14:04:39,Overheating,Critical,4,12.55,1338816.04,Resolved
FLR001739,MCH0367,LIN007,FAC003,2026-06-19 23:15:45,Overheating,Major,5,8.24,985965.79,Resolved
FLR001740,MCH0072,LIN011,FAC004,2026-03-28 09:31:53,Hydraulic Leak,Minor,5,6.74,787925.97,Resolved
FLR001741,MCH0127,LIN004,FAC002,2025-09-24 09:29:52,Hydraulic Leak,Major,3,8.18,650177.82,Resolved
FLR001742,MCH0170,LIN002,FAC001,2023-08-22 23:58:19,Excessive Vibration,Major,1,2.24,206352.34,Resolved
FLR001743,MCH0006,LIN013,FAC005,2024-06-23 22:48:15,Lubrication Failure,Major,5,3.7,285716.89,Open
FLR001744,MCH0403,LIN002,FAC001,2024-07-11 11:56:39,Bearing Failure,Major,4,0.95,31359.39,Open
FLR001745,MCH0346,LIN015,FAC005,2024-11-08 13:09:21,Hydraulic Leak,Major,4,11.69,1252519.5,Resolved
FLR001746,MCH0552,LIN012,FAC004,2024-07-30 11:54:19,Excessive Vibration,Critical,1,14.4,1113998.42,Resolved
FLR001747,MCH0357,LIN029,FAC010,2025-01-31 18:56:10,Bearing Failure,Major,5,7.25,592378.64,Open
FLR001748,MCH0425,LIN014,FAC005,2023-02-11 04:16:47,Lubrication Failure,Critical,4,13.04,326954.2,Resolved
FLR001749,MCH0575,LIN008,FAC003,2025-01-30 21:58:56,Overheating,Major,2,5.87,225865.2,Resolved
FLR001750,MCH0121,LIN008,FAC003,2024-07-20 17:10:03,Overheating,Critical,4,11.54,763009.19,Resolved
FLR001751,MCH0453,LIN010,FAC004,2023-04-03 07:46:26,Electrical Fault,Critical,6,8.82,561108.7,Open
FLR001752,MCH0321,LIN029,FAC010,2024-09-08 10:48:43,Overheating,Major,1,3.39,290847.52,Resolved
FLR001753,MCH0251,LIN017,FAC006,2024-07-05 22:20:04,Tool Wear,Minor,7,1.19,43058.12,Open
FLR001754,MCH0179,LIN010,FAC004,2024-01-22 12:37:08,Overheating,Major,3,2.79,271990.57,Resolved
FLR001755,MCH0129,LIN003,FAC001,2024-07-27 13:09:21,Sensor Failure,Major,5,2.71,123153.97,Resolved
FLR001756,MCH0359,LIN019,FAC007,2024-08-02 20:33:39,Lubrication Failure,Major,7,4.69,146948.84,Open
FLR001757,MCH0213,LIN007,FAC003,2023-10-15 02:04:52,Overheating,Minor,3,5.16,131519.6,Resolved
FLR001758,MCH0482,LIN024,FAC008,2023-07-01 21:15:00,Tool Wear,Major,3,5.26,412249.23,Resolved
FLR001759,MCH0450,LIN022,FAC008,2023-07-03 05:21:55,Lubrication Failure,Minor,3,4.55,343843.48,Resolved
FLR001760,MCH0299,LIN014,FAC005,2023-03-07 00:24:08,Lubrication Failure,Critical,2,13.66,980158.41,Open
FLR001761,MCH0447,LIN011,FAC004,2025-11-30 04:04:23,Bearing Failure,Major,5,1.52,76601.89,Open
FLR001762,MCH0261,LIN017,FAC006,2025-11-17 03:09:44,Excessive Vibration,Major,6,10.19,634645.41,Open
FLR001763,MCH0353,LIN002,FAC001,2023-06-09 20:28:37,Hydraulic Leak,Major,4,8.9,471035.13,Resolved
FLR001764,MCH0369,LIN012,FAC004,2025-06-11 07:20:10,Excessive Vibration,Major,7,1.77,73810.36,Open
FLR001765,MCH0533,LIN017,FAC006,2026-06-09 11:08:29,Sensor Failure,Minor,7,9.64,515419.18,Resolved
FLR001766,MCH0055,LIN029,FAC010,2024-05-09 17:22:34,Sensor Failure,Major,4,1.44,109448.08,Resolved
FLR001767,MCH0545,LIN004,FAC002,2025-01-21 01:04:01,Sensor Failure,Major,1,9.23,418351.51,Resolved
FLR001768,MCH0454,LIN022,FAC008,2026-02-28 05:23:58,Overheating,Minor,7,8.5,798517.4,Open
FLR001769,MCH0004,LIN020,FAC007,2025-05-20 04:39:26,Tool Wear,Major,1,3.19,104930.05,Resolved
FLR001770,MCH0571,LIN020,FAC007,2023-11-07 21:36:07,Lubrication Failure,Minor,4,3.55,231479.85,Resolved
FLR001771,MCH0511,LIN004,FAC002,2025-01-16 09:56:24,Excessive Vibration,Minor,7,1.85,64219.61,Resolved
FLR001772,MCH0396,LIN028,FAC010,2024-09-09 03:34:55,Overheating,Major,4,6.95,459915.38,Open
FLR001773,MCH0066,LIN011,FAC004,2024-08-19 19:06:04,Bearing Failure,Minor,5,3.62,210503.96,Resolved
FLR001774,MCH0470,LIN002,FAC001,2023-07-16 08:56:30,Electrical Fault,Critical,1,19.87,1563739.89,Resolved
FLR001775,MCH0274,LIN024,FAC008,2024-07-25 01:31:20,Excessive Vibration,Critical,2,11.96,505934.98,Open
FLR001776,MCH0026,LIN006,FAC002,2025-12-15 10:17:33,Hydraulic Leak,Major,2,7.99,380249.76,Resolved
FLR001777,MCH0167,LIN020,FAC007,2024-02-27 09:20:41,Hydraulic Leak,Major,4,4.14,472412.0,Resolved
FLR001778,MCH0536,LIN030,FAC010,2025-07-25 20:59:41,Tool Wear,Critical,4,14.35,625729.28,Open
FLR001779,MCH0477,LIN007,FAC003,2024-04-01 16:59:19,Hydraulic Leak,Major,1,1.83,144665.63,Resolved
FLR001780,MCH0587,LIN024,FAC008,2023-10-31 20:42:23,Tool Wear,Critical,4,12.79,1002318.72,Resolved
FLR001781,MCH0326,LIN026,FAC009,2023-07-23 16:15:45,Sensor Failure,Critical,5,9.41,520120.87,Resolved
FLR001782,MCH0343,LIN003,FAC001,2023-09-13 12:23:26,Hydraulic Leak,Major,6,5.52,188709.01,Open
FLR001783,MCH0020,LIN001,FAC001,2023-11-12 04:16:27,Hydraulic Leak,Critical,3,23.74,2586990.83,Resolved
FLR001784,MCH0350,LIN021,FAC007,2024-02-29 07:08:30,Overheating,Critical,2,17.58,2006387.8,Open
FLR001785,MCH0140,LIN013,FAC005,2025-02-15 06:08:59,Sensor Failure,Critical,3,12.64,685770.9,Open
FLR001786,MCH0057,LIN020,FAC007,2025-05-02 01:03:03,Lubrication Failure,Critical,5,14.4,913353.81,Resolved
FLR001787,MCH0410,LIN016,FAC006,2024-05-16 09:18:58,Sensor Failure,Minor,5,7.62,441953.05,Open
FLR001788,MCH0228,LIN011,FAC004,2023-07-12 07:39:02,Tool Wear,Minor,3,3.69,398825.25,Resolved
FLR001789,MCH0092,LIN005,FAC002,2023-02-07 08:49:48,Lubrication Failure,Critical,5,18.45,1847064.63,Open
FLR001790,MCH0120,LIN007,FAC003,2026-06-16 15:39:40,Bearing Failure,Major,3,0.93,70690.72,Resolved
FLR001791,MCH0154,LIN006,FAC002,2023-04-15 03:54:15,Tool Wear,Major,7,5.7,309769.81,Resolved
FLR001792,MCH0138,LIN003,FAC001,2023-01-19 22:12:55,Hydraulic Leak,Minor,5,3.86,449785.73,Resolved
FLR001793,MCH0069,LIN018,FAC006,2026-06-11 07:16:43,Overheating,Major,7,6.02,619030.28,Resolved
FLR001794,MCH0246,LIN029,FAC010,2024-12-10 23:04:02,Excessive Vibration,Major,2,4.05,152736.56,Open
FLR001795,MCH0254,LIN013,FAC005,2025-05-30 21:12:44,Overheating,Critical,6,16.58,1363765.81,Open
FLR001796,MCH0029,LIN002,FAC001,2023-05-07 17:22:04,Hydraulic Leak,Major,7,4.99,290356.21,Resolved
FLR001797,MCH0055,LIN029,FAC010,2024-11-27 09:24:47,Bearing Failure,Major,3,5.3,446073.45,Resolved
FLR001798,MCH0324,LIN024,FAC008,2025-11-23 22:41:41,Bearing Failure,Minor,5,3.64,291224.2,Open
FLR001799,MCH0522,LIN024,FAC008,2023-07-18 15:19:20,Overheating,Major,7,3.22,198710.65,Resolved
FLR001800,MCH0469,LIN025,FAC009,2023-10-19 14:25:51,Bearing Failure,Major,7,2.92,98774.42,Resolved
FLR001801,MCH0245,LIN030,FAC010,2024-12-19 02:49:24,Sensor Failure,Critical,7,10.53,1110407.92,Resolved
FLR001802,MCH0171,LIN006,FAC002,2024-07-23 08:00:26,Electrical Fault,Major,5,6.95,671585.04,Open
FLR001803,MCH0477,LIN007,FAC003,2025-04-22 04:49:50,Bearing Failure,Major,3,8.5,391691.2,Resolved
FLR001804,MCH0555,LIN021,FAC007,2024-12-21 15:08:42,Bearing Failure,Minor,6,1.48,80924.33,Open
FLR001805,MCH0074,LIN001,FAC001,2023-01-03 17:22:13,Excessive Vibration,Major,4,7.75,353757.96,Resolved
FLR001806,MCH0024,LIN022,FAC008,2025-11-04 14:13:12,Sensor Failure,Critical,7,11.15,823100.09,Resolved
FLR001807,MCH0553,LIN013,FAC005,2023-01-22 05:30:03,Tool Wear,Minor,6,7.12,458585.23,Resolved
FLR001808,MCH0134,LIN006,FAC002,2025-03-17 22:21:56,Electrical Fault,Critical,6,9.08,868856.17,Open
FLR001809,MCH0190,LIN002,FAC001,2025-10-25 09:47:05,Excessive Vibration,Minor,6,6.55,586940.56,Resolved
FLR001810,MCH0499,LIN017,FAC006,2024-02-01 05:17:41,Lubrication Failure,Critical,1,11.8,1188264.95,Open
FLR001811,MCH0532,LIN007,FAC003,2024-07-25 12:38:57,Lubrication Failure,Major,1,11.95,1050986.47,Resolved
FLR001812,MCH0583,LIN027,FAC009,2025-04-30 05:52:56,Tool Wear,Critical,4,10.54,1253712.87,Open
FLR001813,MCH0312,LIN015,FAC005,2025-03-02 10:11:42,Bearing Failure,Major,3,4.51,221486.16,Resolved
FLR001814,MCH0528,LIN005,FAC002,2025-04-06 22:45:38,Bearing Failure,Minor,3,2.95,327203.31,Resolved
FLR001815,MCH0056,LIN027,FAC009,2025-06-04 07:19:20,Bearing Failure,Minor,7,0.7,76642.69,Resolved
FLR001816,MCH0465,LIN002,FAC001,2023-01-03 09:26:43,Tool Wear,Minor,5,5.15,382623.03,Resolved
FLR001817,MCH0106,LIN018,FAC006,2023-05-17 23:24:13,Lubrication Failure,Minor,5,2.49,72109.22,Resolved
FLR001818,MCH0549,LIN013,FAC005,2024-06-03 15:58:40,Electrical Fault,Minor,2,8.65,915351.07,Resolved
FLR001819,MCH0414,LIN017,FAC006,2025-03-10 22:33:53,Excessive Vibration,Critical,3,24.03,1796029.53,Resolved
FLR001820,MCH0371,LIN005,FAC002,2023-09-21 00:44:27,Excessive Vibration,Minor,4,12.38,1332385.06,Resolved
FLR001821,MCH0093,LIN027,FAC009,2025-12-12 03:37:00,Bearing Failure,Major,5,14.24,1510501.29,Resolved
FLR001822,MCH0465,LIN002,FAC001,2026-04-16 16:41:55,Electrical Fault,Major,6,7.73,824969.29,Open
FLR001823,MCH0429,LIN004,FAC002,2023-09-17 09:59:22,Sensor Failure,Major,3,1.55,121890.16,Resolved
FLR001824,MCH0459,LIN006,FAC002,2026-05-16 04:49:29,Hydraulic Leak,Major,3,17.71,882848.31,Open
FLR001825,MCH0048,LIN024,FAC008,2023-07-11 21:35:04,Lubrication Failure,Minor,5,8.85,462251.32,Resolved
FLR001826,MCH0396,LIN028,FAC010,2023-08-28 22:17:37,Hydraulic Leak,Minor,3,10.4,943511.69,Resolved
FLR001827,MCH0415,LIN008,FAC003,2023-12-07 00:17:07,Bearing Failure,Major,7,5.05,183662.34,Resolved
FLR001828,MCH0201,LIN006,FAC002,2023-08-29 02:30:17,Hydraulic Leak,Major,5,2.41,159134.31,Resolved
FLR001829,MCH0054,LIN006,FAC002,2025-02-15 16:01:25,Sensor Failure,Major,5,4.39,129969.8,Resolved
FLR001830,MCH0565,LIN024,FAC008,2025-07-14 18:36:00,Tool Wear,Major,4,2.41,188362.31,Resolved
FLR001831,MCH0506,LIN001,FAC001,2023-12-23 09:34:31,Excessive Vibration,Minor,1,4.55,452026.48,Resolved
FLR001832,MCH0001,LIN020,FAC007,2024-07-22 05:39:04,Overheating,Major,2,11.3,1286513.35,Resolved
FLR001833,MCH0449,LIN024,FAC008,2025-06-17 08:52:06,Lubrication Failure,Minor,5,2.95,273238.58,Resolved
FLR001834,MCH0450,LIN022,FAC008,2024-02-23 01:40:52,Excessive Vibration,Critical,4,11.55,529251.54,Open
FLR001835,MCH0472,LIN011,FAC004,2025-05-28 01:12:20,Excessive Vibration,Major,6,5.06,461232.71,Resolved
FLR001836,MCH0506,LIN001,FAC001,2024-06-21 10:20:23,Lubrication Failure,Minor,4,3.86,341548.74,Resolved
FLR001837,MCH0178,LIN023,FAC008,2026-04-30 17:25:21,Overheating,Major,7,2.98,149905.28,Open
FLR001838,MCH0144,LIN010,FAC004,2023-09-20 09:35:19,Electrical Fault,Minor,3,5.5,460952.0,Resolved
FLR001839,MCH0264,LIN030,FAC010,2026-02-10 06:46:10,Tool Wear,Major,4,8.25,437885.62,Resolved
FLR001840,MCH0057,LIN020,FAC007,2026-03-20 19:00:54,Hydraulic Leak,Major,2,4.92,581004.98,Resolved
FLR001841,MCH0552,LIN012,FAC004,2023-05-31 09:52:11,Overheating,Critical,1,13.78,573591.25,Resolved
FLR001842,MCH0075,LIN003,FAC001,2023-12-09 22:57:40,Hydraulic Leak,Minor,5,6.07,485844.14,Resolved
FLR001843,MCH0331,LIN012,FAC004,2023-07-10 09:20:37,Tool Wear,Minor,4,6.61,619457.91,Resolved
FLR001844,MCH0097,LIN022,FAC008,2025-11-08 10:35:14,Sensor Failure,Major,2,4.51,420652.51,Open
FLR001845,MCH0519,LIN030,FAC010,2023-05-27 10:37:19,Electrical Fault,Major,4,4.34,519237.64,Resolved
FLR001846,MCH0168,LIN015,FAC005,2024-01-13 23:40:16,Tool Wear,Major,7,7.57,390326.03,Resolved
FLR001847,MCH0423,LIN009,FAC003,2023-04-28 18:02:41,Lubrication Failure,Major,3,6.63,579720.85,Resolved
FLR001848,MCH0034,LIN007,FAC003,2024-04-10 20:09:54,Electrical Fault,Major,7,7.7,612574.24,Resolved
FLR001849,MCH0389,LIN002,FAC001,2023-02-06 10:17:37,Overheating,Major,3,9.84,280950.82,Resolved
FLR001850,MCH0464,LIN002,FAC001,2026-05-06 14:41:58,Hydraulic Leak,Major,7,5.48,536725.75,Open
FLR001851,MCH0315,LIN015,FAC005,2023-07-19 08:34:42,Hydraulic Leak,Major,6,7.05,398333.31,Resolved
FLR001852,MCH0380,LIN003,FAC001,2024-02-06 21:32:37,Excessive Vibration,Minor,5,3.15,232158.86,Resolved
FLR001853,MCH0555,LIN021,FAC007,2025-01-07 16:31:28,Bearing Failure,Critical,1,14.48,1371645.03,Resolved
FLR001854,MCH0056,LIN027,FAC009,2023-12-09 08:58:03,Tool Wear,Major,2,11.29,1151618.05,Open
FLR001855,MCH0579,LIN003,FAC001,2025-04-13 05:01:19,Tool Wear,Major,3,6.23,632154.38,Resolved
FLR001856,MCH0467,LIN027,FAC009,2026-05-18 09:57:07,Bearing Failure,Major,5,13.05,1007011.99,Open
FLR001857,MCH0064,LIN025,FAC009,2023-11-06 17:54:08,Sensor Failure,Critical,3,14.45,716609.97,Resolved
FLR001858,MCH0120,LIN007,FAC003,2024-11-21 20:46:20,Electrical Fault,Major,1,8.24,225363.03,Open
FLR001859,MCH0070,LIN030,FAC010,2023-04-09 17:08:42,Excessive Vibration,Major,4,4.15,157577.06,Resolved
FLR001860,MCH0141,LIN006,FAC002,2024-06-27 04:33:59,Electrical Fault,Minor,2,5.92,322988.72,Resolved
FLR001861,MCH0555,LIN021,FAC007,2025-04-03 08:51:46,Tool Wear,Critical,1,11.46,660098.9,Open
FLR001862,MCH0569,LIN014,FAC005,2024-06-03 21:44:40,Tool Wear,Critical,6,13.37,514842.73,Resolved
FLR001863,MCH0364,LIN029,FAC010,2025-03-07 01:03:43,Bearing Failure,Minor,6,18.66,837684.59,Open
FLR001864,MCH0470,LIN002,FAC001,2023-08-07 11:45:04,Overheating,Critical,3,11.12,1281172.28,Resolved
FLR001865,MCH0071,LIN024,FAC008,2025-12-13 05:42:25,Tool Wear,Critical,3,15.46,1739859.38,Resolved
FLR001866,MCH0250,LIN007,FAC003,2023-09-18 00:54:11,Bearing Failure,Minor,6,3.8,186369.9,Open
FLR001867,MCH0018,LIN026,FAC009,2026-03-18 03:21:56,Hydraulic Leak,Minor,5,7.47,635126.1,Resolved
FLR001868,MCH0144,LIN010,FAC004,2025-05-22 23:48:15,Excessive Vibration,Major,2,4.48,454927.45,Resolved
FLR001869,MCH0049,LIN007,FAC003,2023-04-07 11:48:57,Overheating,Minor,6,1.55,76382.55,Resolved
FLR001870,MCH0253,LIN016,FAC006,2024-02-16 23:46:05,Lubrication Failure,Minor,2,3.49,147188.6,Open
FLR001871,MCH0316,LIN029,FAC010,2024-10-01 17:30:11,Overheating,Minor,2,7.87,451470.13,Resolved
FLR001872,MCH0409,LIN021,FAC007,2024-09-30 19:47:38,Overheating,Major,1,7.58,560925.65,Resolved
FLR001873,MCH0279,LIN001,FAC001,2025-02-27 08:32:20,Electrical Fault,Minor,5,3.63,367330.45,Open
FLR001874,MCH0173,LIN020,FAC007,2024-06-11 08:17:02,Lubrication Failure,Minor,2,2.47,62826.72,Resolved
FLR001875,MCH0531,LIN021,FAC007,2023-02-18 04:27:13,Excessive Vibration,Minor,5,2.91,92170.51,Open
FLR001876,MCH0077,LIN003,FAC001,2023-11-18 03:28:48,Lubrication Failure,Major,3,5.02,343536.2,Resolved
FLR001877,MCH0524,LIN016,FAC006,2024-11-12 07:46:53,Excessive Vibration,Major,2,4.36,417561.01,Resolved
FLR001878,MCH0351,LIN021,FAC007,2023-02-01 16:46:08,Hydraulic Leak,Major,1,16.04,1479845.91,Resolved
FLR001879,MCH0430,LIN016,FAC006,2023-01-23 19:26:16,Overheating,Minor,7,2.26,127706.82,Resolved
FLR001880,MCH0517,LIN005,FAC002,2026-04-11 15:06:54,Overheating,Major,3,3.62,239869.87,Resolved
FLR001881,MCH0140,LIN013,FAC005,2025-03-10 19:06:25,Sensor Failure,Minor,2,8.12,389074.2,Resolved
FLR001882,MCH0041,LIN011,FAC004,2024-05-14 15:38:10,Lubrication Failure,Major,5,8.92,465978.81,Resolved
FLR001883,MCH0521,LIN019,FAC007,2024-12-18 06:20:54,Electrical Fault,Critical,7,14.67,1228134.66,Resolved
FLR001884,MCH0014,LIN029,FAC010,2026-02-03 12:10:43,Electrical Fault,Major,1,2.18,240843.54,Resolved
FLR001885,MCH0552,LIN012,FAC004,2025-07-22 02:01:46,Lubrication Failure,Major,5,6.75,179443.0,Resolved
FLR001886,MCH0382,LIN018,FAC006,2024-12-01 09:51:50,Excessive Vibration,Major,5,20.34,1373519.66,Resolved
FLR001887,MCH0427,LIN027,FAC009,2023-09-08 10:05:44,Excessive Vibration,Minor,3,2.76,177414.13,Open
FLR001888,MCH0357,LIN029,FAC010,2023-10-18 11:49:12,Tool Wear,Major,2,5.44,219956.53,Resolved
FLR001889,MCH0103,LIN030,FAC010,2025-12-03 18:44:29,Electrical Fault,Minor,3,2.19,60757.16,Open
FLR001890,MCH0101,LIN022,FAC008,2024-05-18 04:31:51,Sensor Failure,Critical,2,14.77,1626244.49,Resolved
FLR001891,MCH0047,LIN026,FAC009,2023-12-23 14:36:02,Excessive Vibration,Minor,6,3.81,206298.32,Resolved
FLR001892,MCH0300,LIN002,FAC001,2023-05-29 12:12:46,Excessive Vibration,Minor,5,2.39,216831.47,Resolved
FLR001893,MCH0365,LIN014,FAC005,2025-08-10 06:24:22,Tool Wear,Critical,3,13.56,1615004.18,Resolved
FLR001894,MCH0126,LIN009,FAC003,2023-09-18 00:02:59,Lubrication Failure,Major,5,12.85,1392972.88,Open
FLR001895,MCH0477,LIN007,FAC003,2023-10-04 17:29:30,Excessive Vibration,Major,6,5.27,138445.3,Resolved
FLR001896,MCH0170,LIN002,FAC001,2025-10-18 19:46:58,Electrical Fault,Major,1,9.45,868363.33,Resolved
FLR001897,MCH0563,LIN001,FAC001,2023-12-30 00:37:56,Hydraulic Leak,Major,7,13.22,1357447.34,Open
FLR001898,MCH0385,LIN006,FAC002,2025-11-20 22:57:08,Hydraulic Leak,Major,1,0.62,32845.79,Resolved
FLR001899,MCH0160,LIN018,FAC006,2025-04-26 11:06:27,Tool Wear,Minor,1,10.56,506996.73,Open
FLR001900,MCH0178,LIN023,FAC008,2025-07-18 09:08:12,Electrical Fault,Critical,5,12.47,1177028.59,Open
FLR001901,MCH0456,LIN003,FAC001,2025-04-06 12:58:21,Overheating,Minor,7,5.58,480551.86,Open
FLR001902,MCH0468,LIN030,FAC010,2025-09-22 06:55:05,Lubrication Failure,Critical,4,17.61,1426277.27,Resolved
FLR001903,MCH0228,LIN011,FAC004,2024-04-29 06:54:02,Sensor Failure,Minor,6,1.14,132025.06,Resolved
FLR001904,MCH0365,LIN014,FAC005,2024-06-18 07:14:41,Overheating,Major,6,5.36,144060.43,Resolved
FLR001905,MCH0414,LIN017,FAC006,2023-02-09 13:25:58,Overheating,Minor,3,12.12,382252.78,Open
FLR001906,MCH0443,LIN021,FAC007,2024-11-30 10:53:50,Bearing Failure,Minor,2,8.08,539806.14,Resolved
FLR001907,MCH0246,LIN029,FAC010,2023-02-04 17:53:02,Hydraulic Leak,Major,4,8.48,286161.08,Open
FLR001908,MCH0206,LIN007,FAC003,2025-03-26 17:11:59,Tool Wear,Minor,4,0.92,75274.98,Resolved
FLR001909,MCH0466,LIN005,FAC002,2023-02-15 11:46:18,Lubrication Failure,Critical,4,13.67,943797.8,Resolved
FLR001910,MCH0587,LIN024,FAC008,2024-12-02 06:11:47,Hydraulic Leak,Critical,2,16.94,1709433.64,Resolved
FLR001911,MCH0263,LIN018,FAC006,2026-01-25 19:34:45,Overheating,Critical,4,10.11,339286.94,Open
FLR001912,MCH0155,LIN022,FAC008,2024-02-25 20:22:48,Tool Wear,Major,3,7.23,334171.56,Resolved
FLR001913,MCH0488,LIN023,FAC008,2023-09-10 09:08:20,Electrical Fault,Minor,4,12.97,1376301.18,Resolved
FLR001914,MCH0087,LIN028,FAC010,2024-11-04 01:49:27,Hydraulic Leak,Major,4,5.61,612736.58,Resolved
FLR001915,MCH0223,LIN025,FAC009,2023-01-04 15:58:31,Bearing Failure,Major,4,9.24,1022577.74,Resolved
FLR001916,MCH0480,LIN019,FAC007,2023-09-05 03:52:45,Electrical Fault,Minor,1,7.68,304191.81,Resolved
FLR001917,MCH0146,LIN004,FAC002,2023-05-25 10:33:58,Lubrication Failure,Major,6,0.88,101293.7,Resolved
FLR001918,MCH0054,LIN006,FAC002,2024-04-24 04:03:46,Bearing Failure,Minor,4,7.78,524097.01,Open
FLR001919,MCH0242,LIN001,FAC001,2023-08-11 15:19:55,Sensor Failure,Major,3,11.0,441993.77,Resolved
FLR001920,MCH0008,LIN015,FAC005,2026-06-25 23:59:31,Lubrication Failure,Major,4,2.25,268525.81,Open
FLR001921,MCH0074,LIN001,FAC001,2023-06-08 10:12:10,Overheating,Major,6,9.17,452973.83,Resolved
FLR001922,MCH0275,LIN008,FAC003,2025-06-04 20:23:30,Electrical Fault,Major,7,5.83,215871.15,Resolved
FLR001923,MCH0174,LIN023,FAC008,2025-08-04 10:49:33,Hydraulic Leak,Critical,6,9.7,1021787.17,Resolved
FLR001924,MCH0317,LIN021,FAC007,2023-04-12 05:28:36,Lubrication Failure,Major,4,2.14,246776.73,Resolved
FLR001925,MCH0239,LIN015,FAC005,2025-10-03 15:29:43,Bearing Failure,Minor,5,9.98,387466.41,Resolved
FLR001926,MCH0307,LIN024,FAC008,2024-10-18 17:11:42,Hydraulic Leak,Major,5,4.61,242371.35,Resolved
FLR001927,MCH0206,LIN007,FAC003,2023-04-10 18:58:56,Bearing Failure,Major,4,6.75,210546.24,Resolved
FLR001928,MCH0514,LIN029,FAC010,2024-03-09 19:24:41,Bearing Failure,Major,5,3.67,203674.65,Resolved
FLR001929,MCH0518,LIN020,FAC007,2024-06-23 15:13:07,Sensor Failure,Major,5,7.15,657613.7,Resolved
FLR001930,MCH0079,LIN008,FAC003,2024-09-13 21:49:21,Sensor Failure,Minor,1,9.9,1026887.19,Resolved
FLR001931,MCH0564,LIN015,FAC005,2025-01-03 22:08:32,Overheating,Major,3,5.98,251987.98,Resolved
FLR001932,MCH0508,LIN010,FAC004,2026-03-16 18:39:02,Lubrication Failure,Major,6,6.73,293940.72,Resolved
FLR001933,MCH0271,LIN005,FAC002,2024-03-29 19:10:50,Sensor Failure,Minor,2,8.53,697463.93,Resolved
FLR001934,MCH0289,LIN010,FAC004,2024-04-13 21:43:49,Electrical Fault,Major,5,10.01,1054415.34,Resolved
FLR001935,MCH0439,LIN026,FAC009,2023-10-31 11:41:22,Hydraulic Leak,Critical,2,20.05,1599935.18,Resolved
FLR001936,MCH0297,LIN018,FAC006,2025-04-26 21:35:08,Bearing Failure,Critical,7,12.08,964776.53,Resolved
FLR001937,MCH0496,LIN024,FAC008,2024-03-20 21:00:38,Lubrication Failure,Minor,2,9.11,695850.69,Resolved
FLR001938,MCH0297,LIN018,FAC006,2026-01-15 11:23:50,Bearing Failure,Minor,3,9.3,940046.4,Open
FLR001939,MCH0146,LIN004,FAC002,2023-11-23 14:27:26,Electrical Fault,Major,4,19.71,1232681.06,Resolved
FLR001940,MCH0056,LIN027,FAC009,2023-04-16 02:13:54,Overheating,Minor,7,12.06,1049753.51,Open
FLR001941,MCH0386,LIN012,FAC004,2025-12-17 01:18:12,Overheating,Critical,4,18.46,2061311.93,Resolved
FLR001942,MCH0032,LIN023,FAC008,2025-03-25 20:03:43,Bearing Failure,Major,3,2.08,171307.03,Resolved
FLR001943,MCH0485,LIN007,FAC003,2025-01-21 06:02:28,Lubrication Failure,Minor,7,13.06,1338166.47,Resolved
FLR001944,MCH0323,LIN027,FAC009,2025-01-21 08:42:03,Sensor Failure,Minor,2,2.39,145084.73,Resolved
FLR001945,MCH0048,LIN024,FAC008,2025-02-12 12:50:38,Bearing Failure,Minor,3,10.53,567032.96,Resolved
FLR001946,MCH0422,LIN002,FAC001,2024-07-11 23:37:34,Overheating,Minor,5,10.65,359902.91,Resolved
FLR001947,MCH0102,LIN015,FAC005,2023-04-24 18:02:53,Overheating,Major,1,2.48,197840.83,Resolved
FLR001948,MCH0427,LIN027,FAC009,2025-01-03 19:50:10,Bearing Failure,Critical,4,15.98,1702001.37,Resolved
FLR001949,MCH0033,LIN010,FAC004,2025-12-17 17:44:31,Lubrication Failure,Major,4,3.48,118398.71,Resolved
FLR001950,MCH0251,LIN017,FAC006,2023-01-06 12:39:17,Excessive Vibration,Minor,6,21.01,1728304.48,Resolved
FLR001951,MCH0298,LIN016,FAC006,2023-06-20 05:13:54,Hydraulic Leak,Major,2,6.45,640404.5,Resolved
FLR001952,MCH0298,LIN016,FAC006,2025-04-09 00:16:59,Overheating,Minor,6,4.93,498477.56,Resolved
FLR001953,MCH0496,LIN024,FAC008,2023-03-29 10:45:30,Sensor Failure,Major,7,8.13,789225.32,Resolved
FLR001954,MCH0468,LIN030,FAC010,2023-08-10 13:43:56,Hydraulic Leak,Major,4,0.99,73372.79,Resolved
FLR001955,MCH0320,LIN011,FAC004,2025-04-25 17:42:53,Bearing Failure,Critical,4,8.88,969042.44,Resolved
FLR001956,MCH0424,LIN022,FAC008,2025-06-30 02:47:30,Tool Wear,Major,5,15.1,1725633.45,Resolved
FLR001957,MCH0237,LIN025,FAC009,2026-04-28 20:36:57,Hydraulic Leak,Major,5,18.13,1078816.28,Resolved
FLR001958,MCH0300,LIN002,FAC001,2023-03-05 20:09:15,Overheating,Critical,6,12.89,1536992.0,Resolved
FLR001959,MCH0551,LIN025,FAC009,2024-02-13 16:01:10,Excessive Vibration,Major,4,2.53,228294.95,Resolved
FLR001960,MCH0143,LIN020,FAC007,2024-04-18 05:01:44,Sensor Failure,Major,5,12.91,953047.98,Resolved
FLR001961,MCH0593,LIN019,FAC007,2023-07-18 20:12:31,Excessive Vibration,Major,7,2.21,77324.6,Open
FLR001962,MCH0228,LIN011,FAC004,2025-02-28 23:09:57,Sensor Failure,Critical,5,10.95,1164539.71,Open
FLR001963,MCH0077,LIN003,FAC001,2025-05-18 13:21:08,Hydraulic Leak,Major,3,3.18,355280.5,Resolved
FLR001964,MCH0472,LIN011,FAC004,2025-08-22 10:29:03,Bearing Failure,Critical,2,15.47,1841558.02,Resolved
FLR001965,MCH0523,LIN023,FAC008,2026-06-13 07:42:53,Bearing Failure,Critical,1,10.58,960853.03,Resolved
FLR001966,MCH0156,LIN017,FAC006,2024-09-11 13:51:20,Hydraulic Leak,Major,5,4.86,153490.25,Resolved
FLR001967,MCH0090,LIN018,FAC006,2023-01-23 12:49:46,Lubrication Failure,Major,5,3.1,136941.83,Open
FLR001968,MCH0549,LIN013,FAC005,2024-09-14 12:46:27,Excessive Vibration,Minor,3,1.75,187013.83,Resolved
FLR001969,MCH0128,LIN027,FAC009,2023-12-23 06:42:51,Tool Wear,Major,1,16.72,1041926.58,Resolved
FLR001970,MCH0107,LIN010,FAC004,2024-07-18 09:46:02,Excessive Vibration,Critical,2,23.55,2005075.34,Resolved
FLR001971,MCH0439,LIN026,FAC009,2025-10-18 13:17:03,Excessive Vibration,Minor,6,10.08,366005.15,Resolved
FLR001972,MCH0534,LIN027,FAC009,2025-05-04 19:29:29,Lubrication Failure,Minor,3,14.83,1028997.82,Open
FLR001973,MCH0087,LIN028,FAC010,2025-12-23 17:28:05,Sensor Failure,Major,3,15.44,1436724.05,Open
FLR001974,MCH0593,LIN019,FAC007,2024-11-17 19:00:27,Tool Wear,Major,1,2.86,98675.37,Resolved
FLR001975,MCH0511,LIN004,FAC002,2024-11-03 09:35:14,Tool Wear,Major,2,6.79,218887.51,Open
FLR001976,MCH0001,LIN020,FAC007,2024-09-19 12:51:47,Electrical Fault,Major,2,2.68,102099.44,Resolved
FLR001977,MCH0433,LIN022,FAC008,2024-11-24 18:44:48,Excessive Vibration,Major,7,7.6,710072.95,Open
FLR001978,MCH0595,LIN028,FAC010,2025-08-26 21:53:16,Lubrication Failure,Minor,3,0.64,67309.95,Open
FLR001979,MCH0082,LIN027,FAC009,2023-11-25 19:06:41,Excessive Vibration,Minor,2,3.1,111851.2,Resolved
FLR001980,MCH0100,LIN014,FAC005,2024-07-02 12:00:32,Hydraulic Leak,Major,2,5.58,244401.28,Open
FLR001981,MCH0424,LIN022,FAC008,2025-07-22 21:28:55,Sensor Failure,Minor,4,8.13,464622.2,Resolved
FLR001982,MCH0105,LIN004,FAC002,2025-03-25 10:29:54,Bearing Failure,Major,7,4.2,187419.07,Resolved
FLR001983,MCH0235,LIN025,FAC009,2023-01-30 08:58:51,Bearing Failure,Major,4,5.91,611861.73,Resolved
FLR001984,MCH0093,LIN027,FAC009,2024-06-12 20:26:14,Excessive Vibration,Minor,6,15.14,1172430.66,Open
FLR001985,MCH0230,LIN017,FAC006,2023-03-20 03:01:05,Excessive Vibration,Major,5,3.29,383767.92,Open
FLR001986,MCH0299,LIN014,FAC005,2025-05-04 20:11:46,Hydraulic Leak,Major,7,5.67,634918.0,Resolved
FLR001987,MCH0423,LIN009,FAC003,2023-09-10 20:58:24,Electrical Fault,Critical,3,27.28,2428805.36,Resolved
FLR001988,MCH0600,LIN014,FAC005,2025-05-17 06:36:01,Sensor Failure,Critical,5,14.6,1435648.44,Open
FLR001989,MCH0340,LIN012,FAC004,2025-10-03 03:31:42,Overheating,Minor,1,10.8,840815.2,Resolved
FLR001990,MCH0081,LIN021,FAC007,2024-11-28 04:41:32,Sensor Failure,Major,5,3.79,296226.95,Open
FLR001991,MCH0297,LIN018,FAC006,2023-06-04 15:34:24,Electrical Fault,Critical,7,10.39,694367.55,Resolved
FLR001992,MCH0581,LIN004,FAC002,2024-01-07 09:39:14,Overheating,Minor,5,8.53,619467.04,Open
FLR001993,MCH0285,LIN007,FAC003,2024-01-11 21:48:03,Sensor Failure,Major,1,6.7,337542.09,Open
FLR001994,MCH0558,LIN025,FAC009,2025-08-25 13:18:49,Lubrication Failure,Critical,7,8.2,654651.22,Open
FLR001995,MCH0086,LIN003,FAC001,2025-08-28 11:56:25,Bearing Failure,Minor,5,4.72,281351.57,Resolved
FLR001996,MCH0258,LIN026,FAC009,2025-04-27 03:30:00,Bearing Failure,Major,7,6.1,591453.83,Open
FLR001997,MCH0144,LIN010,FAC004,2023-07-18 09:36:49,Hydraulic Leak,Major,2,9.76,244866.81,Resolved
FLR001998,MCH0352,LIN027,FAC009,2025-03-16 00:40:08,Electrical Fault,Minor,4,5.1,131492.44,Open
FLR001999,MCH0115,LIN002,FAC001,2024-02-20 22:40:00,Excessive Vibration,Minor,7,7.55,212313.48,Resolved
FLR002000,MCH0061,LIN026,FAC009,2023-02-13 23:09:50,Electrical Fault,Critical,2,13.18,725220.86,Resolved
FLR002001,MCH0479,LIN007,FAC003,2023-11-07 11:45:24,Lubrication Failure,Major,3,5.85,253732.32,Resolved
FLR002002,MCH0589,LIN023,FAC008,2023-10-26 22:03:33,Hydraulic Leak,Major,7,7.91,678204.04,Resolved
FLR002003,MCH0259,LIN026,FAC009,2024-07-06 02:59:01,Overheating,Major,3,4.04,464379.79,Resolved
FLR002004,MCH0572,LIN017,FAC006,2026-02-07 15:24:39,Lubrication Failure,Major,7,5.48,280685.1,Resolved
FLR002005,MCH0109,LIN018,FAC006,2023-08-17 15:59:05,Hydraulic Leak,Minor,7,7.14,432680.24,Open
FLR002006,MCH0186,LIN010,FAC004,2023-08-17 22:32:27,Excessive Vibration,Critical,5,15.22,1651731.4,Resolved
FLR002007,MCH0047,LIN026,FAC009,2024-01-13 04:41:08,Bearing Failure,Critical,6,11.15,1167471.78,Resolved
FLR002008,MCH0254,LIN013,FAC005,2025-02-23 14:13:01,Hydraulic Leak,Major,4,5.61,527703.11,Open
FLR002009,MCH0101,LIN022,FAC008,2023-07-02 12:10:33,Excessive Vibration,Major,1,9.21,849757.96,Resolved
FLR002010,MCH0017,LIN015,FAC005,2025-05-08 12:08:36,Sensor Failure,Major,7,2.33,174985.99,Resolved
FLR002011,MCH0508,LIN010,FAC004,2023-06-16 17:45:18,Excessive Vibration,Minor,3,16.12,1564581.71,Open
FLR002012,MCH0053,LIN007,FAC003,2023-03-01 17:41:59,Bearing Failure,Major,5,8.22,261292.49,Resolved
FLR002013,MCH0048,LIN024,FAC008,2024-09-25 14:44:25,Lubrication Failure,Major,4,12.14,1161572.97,Open
FLR002014,MCH0559,LIN019,FAC007,2024-03-20 00:43:15,Electrical Fault,Critical,6,11.98,982661.71,Resolved
FLR002015,MCH0330,LIN023,FAC008,2023-09-10 16:20:05,Hydraulic Leak,Minor,6,6.66,293506.94,Resolved
FLR002016,MCH0596,LIN022,FAC008,2023-08-01 23:32:57,Overheating,Minor,7,13.11,463474.89,Resolved
FLR002017,MCH0250,LIN007,FAC003,2023-12-30 10:06:18,Bearing Failure,Critical,5,14.8,1673601.31,Resolved
FLR002018,MCH0366,LIN019,FAC007,2023-08-11 00:19:29,Overheating,Major,5,6.39,510593.65,Open
FLR002019,MCH0360,LIN028,FAC010,2023-12-05 03:11:57,Hydraulic Leak,Critical,1,14.89,993187.69,Resolved
FLR002020,MCH0363,LIN017,FAC006,2023-01-13 00:17:21,Sensor Failure,Major,4,0.27,18843.43,Resolved
FLR002021,MCH0339,LIN019,FAC007,2025-09-06 05:45:28,Excessive Vibration,Major,7,4.42,298439.7,Open
FLR002022,MCH0031,LIN010,FAC004,2025-08-07 20:12:25,Electrical Fault,Major,2,3.96,122155.94,Resolved
FLR002023,MCH0005,LIN010,FAC004,2024-09-29 20:23:44,Excessive Vibration,Critical,3,18.2,517105.9,Resolved
FLR002024,MCH0114,LIN004,FAC002,2023-09-25 18:15:12,Tool Wear,Critical,2,13.97,1248034.45,Open
FLR002025,MCH0543,LIN019,FAC007,2025-05-23 18:53:57,Tool Wear,Minor,5,9.47,436083.44,Resolved
FLR002026,MCH0441,LIN020,FAC007,2024-02-13 02:06:26,Electrical Fault,Major,4,4.1,421459.59,Resolved
FLR002027,MCH0043,LIN023,FAC008,2023-12-29 14:37:38,Lubrication Failure,Critical,1,15.95,1557538.9,Resolved
FLR002028,MCH0019,LIN029,FAC010,2025-04-01 07:04:37,Sensor Failure,Minor,3,5.97,583998.3,Resolved
FLR002029,MCH0172,LIN008,FAC003,2023-03-30 22:16:59,Electrical Fault,Major,4,4.36,406654.91,Open
FLR002030,MCH0289,LIN010,FAC004,2025-07-17 01:56:47,Lubrication Failure,Major,4,7.79,743123.92,Resolved
FLR002031,MCH0572,LIN017,FAC006,2025-01-12 10:14:21,Lubrication Failure,Major,6,1.38,36314.87,Resolved
FLR002032,MCH0304,LIN026,FAC009,2023-12-16 22:48:45,Sensor Failure,Critical,7,16.23,1227133.88,Resolved
FLR002033,MCH0202,LIN009,FAC003,2023-03-19 01:45:00,Tool Wear,Major,5,9.21,1052800.22,Open
FLR002034,MCH0050,LIN017,FAC006,2023-09-28 09:24:28,Excessive Vibration,Minor,6,4.28,156597.06,Resolved
FLR002035,MCH0323,LIN027,FAC009,2024-01-06 23:03:26,Tool Wear,Major,6,4.74,140037.62,Open
FLR002036,MCH0237,LIN025,FAC009,2026-03-29 15:40:53,Excessive Vibration,Minor,6,11.45,1118903.57,Open
FLR002037,MCH0257,LIN013,FAC005,2025-11-09 03:45:53,Sensor Failure,Minor,1,16.1,1212329.61,Open
FLR002038,MCH0131,LIN006,FAC002,2023-10-13 11:49:09,Excessive Vibration,Major,4,10.91,1004897.87,Resolved
FLR002039,MCH0427,LIN027,FAC009,2023-04-06 22:46:50,Lubrication Failure,Critical,1,10.09,810582.94,Open
FLR002040,MCH0180,LIN011,FAC004,2024-12-14 03:06:31,Sensor Failure,Minor,4,11.12,665931.04,Resolved
FLR002041,MCH0455,LIN030,FAC010,2023-10-05 05:22:35,Overheating,Major,5,13.13,484813.72,Resolved
FLR002042,MCH0377,LIN009,FAC003,2023-01-16 04:19:36,Lubrication Failure,Critical,5,12.81,1109491.11,Resolved
FLR002043,MCH0058,LIN028,FAC010,2025-06-01 21:19:41,Bearing Failure,Major,2,5.15,226386.89,Resolved
FLR002044,MCH0258,LIN026,FAC009,2025-04-24 09:02:54,Overheating,Major,2,10.05,637334.27,Resolved
FLR002045,MCH0052,LIN006,FAC002,2024-07-20 20:40:42,Overheating,Minor,5,2.32,210663.98,Resolved
FLR002046,MCH0473,LIN022,FAC008,2025-03-10 23:49:44,Sensor Failure,Major,1,11.92,450811.07,Open
FLR002047,MCH0004,LIN020,FAC007,2025-02-25 03:22:45,Electrical Fault,Major,7,18.92,1328316.93,Resolved
FLR002048,MCH0576,LIN020,FAC007,2023-12-29 06:44:59,Sensor Failure,Major,5,1.22,57854.66,Resolved
FLR002049,MCH0098,LIN002,FAC001,2026-03-31 03:59:12,Overheating,Critical,3,10.3,844383.99,Resolved
FLR002050,MCH0057,LIN020,FAC007,2025-08-22 20:04:29,Bearing Failure,Major,4,0.12,4479.1,Resolved
FLR002051,MCH0378,LIN025,FAC009,2024-01-08 22:34:18,Bearing Failure,Major,3,8.02,278577.02,Resolved
FLR002052,MCH0049,LIN007,FAC003,2023-09-25 00:07:31,Electrical Fault,Critical,2,9.45,629768.61,Resolved
FLR002053,MCH0144,LIN010,FAC004,2023-04-15 15:25:23,Sensor Failure,Major,3,5.9,451420.14,Resolved
FLR002054,MCH0552,LIN012,FAC004,2025-05-30 12:06:56,Lubrication Failure,Major,1,10.48,572837.25,Resolved
FLR002055,MCH0582,LIN013,FAC005,2024-11-02 19:28:47,Electrical Fault,Major,5,4.54,240968.06,Resolved
FLR002056,MCH0053,LIN007,FAC003,2023-03-19 18:34:41,Hydraulic Leak,Major,6,5.21,578740.26,Resolved
FLR002057,MCH0553,LIN013,FAC005,2023-12-31 21:01:04,Hydraulic Leak,Major,4,1.5,90211.2,Resolved
FLR002058,MCH0153,LIN017,FAC006,2024-07-09 08:51:53,Electrical Fault,Major,2,3.01,140005.62,Open
FLR002059,MCH0095,LIN022,FAC008,2024-06-11 08:58:09,Lubrication Failure,Major,7,6.91,357176.37,Resolved
FLR002060,MCH0273,LIN002,FAC001,2026-06-14 00:59:07,Overheating,Major,2,3.48,250532.24,Resolved
FLR002061,MCH0327,LIN009,FAC003,2026-02-21 06:08:55,Hydraulic Leak,Major,7,4.78,148596.86,Resolved
FLR002062,MCH0275,LIN008,FAC003,2024-01-30 10:27:58,Hydraulic Leak,Major,5,3.03,116622.04,Open
FLR002063,MCH0153,LIN017,FAC006,2025-01-24 16:50:20,Electrical Fault,Minor,4,6.33,442796.99,Resolved
FLR002064,MCH0341,LIN006,FAC002,2026-06-14 16:25:07,Excessive Vibration,Critical,6,11.59,886394.75,Resolved
FLR002065,MCH0120,LIN007,FAC003,2024-09-14 09:05:20,Bearing Failure,Minor,3,1.94,152872.68,Resolved
FLR002066,MCH0376,LIN005,FAC002,2026-06-09 08:20:57,Lubrication Failure,Minor,4,5.61,151199.86,Resolved
FLR002067,MCH0005,LIN010,FAC004,2025-09-15 18:12:02,Excessive Vibration,Major,6,9.09,751714.43,Resolved
FLR002068,MCH0185,LIN018,FAC006,2024-05-21 01:49:19,Tool Wear,Minor,7,8.13,528552.3,Open
FLR002069,MCH0293,LIN023,FAC008,2025-08-15 09:37:39,Overheating,Major,2,8.66,909849.79,Open
FLR002070,MCH0303,LIN020,FAC007,2023-11-29 00:01:44,Sensor Failure,Major,2,3.6,162335.51,Resolved
FLR002071,MCH0022,LIN024,FAC008,2025-09-04 23:47:52,Tool Wear,Minor,4,4.6,300579.44,Resolved
FLR002072,MCH0047,LIN026,FAC009,2025-05-05 10:00:28,Tool Wear,Major,3,1.07,66766.46,Resolved
FLR002073,MCH0119,LIN019,FAC007,2024-02-20 21:21:09,Tool Wear,Critical,3,15.83,767211.39,Resolved
FLR002074,MCH0038,LIN022,FAC008,2025-05-21 01:41:33,Excessive Vibration,Critical,6,11.07,925887.6,Resolved
FLR002075,MCH0329,LIN014,FAC005,2025-06-24 07:35:47,Excessive Vibration,Minor,6,3.65,132931.58,Resolved
FLR002076,MCH0477,LIN007,FAC003,2023-11-21 21:23:35,Hydraulic Leak,Minor,2,6.57,674756.97,Resolved
FLR002077,MCH0594,LIN016,FAC006,2023-12-02 23:15:44,Lubrication Failure,Major,3,3.15,217565.31,Resolved
FLR002078,MCH0123,LIN019,FAC007,2026-02-15 18:37:56,Bearing Failure,Major,3,4.45,229551.35,Resolved
FLR002079,MCH0198,LIN003,FAC001,2024-03-02 00:49:23,Excessive Vibration,Major,4,2.37,127367.22,Resolved
FLR002080,MCH0234,LIN001,FAC001,2025-07-26 20:09:46,Sensor Failure,Major,4,7.9,647021.95,Resolved
FLR002081,MCH0238,LIN007,FAC003,2024-02-03 03:10:34,Sensor Failure,Critical,1,12.35,388370.62,Open
FLR002082,MCH0122,LIN001,FAC001,2024-08-12 01:55:14,Tool Wear,Major,3,4.25,311045.03,Resolved
FLR002083,MCH0226,LIN027,FAC009,2024-10-21 10:30:11,Excessive Vibration,Major,2,0.81,83844.33,Resolved
FLR002084,MCH0493,LIN008,FAC003,2026-05-29 05:02:43,Sensor Failure,Major,7,9.08,827555.13,Resolved
FLR002085,MCH0298,LIN016,FAC006,2023-11-14 10:58:45,Sensor Failure,Major,5,9.45,1051105.88,Open
FLR002086,MCH0273,LIN002,FAC001,2025-03-16 19:09:03,Overheating,Major,1,1.97,120676.92,Resolved
FLR002087,MCH0261,LIN017,FAC006,2025-11-20 02:40:56,Excessive Vibration,Major,4,2.68,125101.48,Resolved
FLR002088,MCH0485,LIN007,FAC003,2024-04-29 09:14:44,Lubrication Failure,Minor,4,0.99,40609.39,Open
FLR002089,MCH0298,LIN016,FAC006,2023-05-11 12:23:55,Bearing Failure,Critical,1,12.36,495989.06,Open
FLR002090,MCH0328,LIN024,FAC008,2023-04-30 15:09:43,Electrical Fault,Major,2,2.05,71987.8,Open
FLR002091,MCH0008,LIN015,FAC005,2023-12-06 22:15:31,Lubrication Failure,Major,6,2.95,193243.63,Resolved
FLR002092,MCH0579,LIN003,FAC001,2024-04-21 20:00:27,Overheating,Major,7,1.57,71847.1,Resolved
FLR002093,MCH0573,LIN004,FAC002,2023-05-25 23:15:24,Overheating,Minor,4,1.92,140170.1,Resolved
FLR002094,MCH0039,LIN009,FAC003,2026-03-08 07:33:34,Bearing Failure,Critical,5,11.1,626160.0,Resolved
FLR002095,MCH0417,LIN001,FAC001,2025-03-13 22:09:50,Hydraulic Leak,Minor,6,6.58,401718.51,Resolved
FLR002096,MCH0159,LIN014,FAC005,2023-04-14 06:29:38,Lubrication Failure,Major,2,6.14,705869.33,Resolved
FLR002097,MCH0245,LIN030,FAC010,2025-07-12 19:32:07,Lubrication Failure,Major,7,4.89,269530.9,Open
FLR002098,MCH0141,LIN006,FAC002,2024-02-01 09:45:29,Lubrication Failure,Critical,6,15.81,857761.6,Resolved
FLR002099,MCH0250,LIN007,FAC003,2025-01-03 08:32:35,Overheating,Minor,1,9.38,669156.32,Resolved
FLR002100,MCH0337,LIN028,FAC010,2023-02-23 12:40:52,Overheating,Major,4,6.2,342577.16,Open
FLR002101,MCH0393,LIN019,FAC007,2024-02-01 14:10:39,Hydraulic Leak,Critical,1,16.07,1135439.53,Resolved
FLR002102,MCH0234,LIN001,FAC001,2024-06-20 21:50:55,Electrical Fault,Major,5,3.72,144736.09,Resolved
FLR002103,MCH0514,LIN029,FAC010,2025-11-19 18:52:43,Hydraulic Leak,Minor,7,4.91,215833.33,Resolved
FLR002104,MCH0358,LIN027,FAC009,2024-08-06 20:58:35,Excessive Vibration,Minor,3,4.33,398414.35,Resolved
FLR002105,MCH0285,LIN007,FAC003,2026-03-02 06:24:46,Sensor Failure,Minor,7,2.83,266471.57,Resolved
FLR002106,MCH0470,LIN002,FAC001,2025-11-30 10:15:59,Excessive Vibration,Major,4,3.15,158874.12,Open
FLR002107,MCH0057,LIN020,FAC007,2023-04-09 20:25:44,Sensor Failure,Minor,2,9.85,702772.63,Open
FLR002108,MCH0062,LIN011,FAC004,2024-07-17 20:33:18,Overheating,Minor,3,6.93,692009.84,Resolved
FLR002109,MCH0596,LIN022,FAC008,2024-07-11 12:35:55,Tool Wear,Critical,4,13.91,701725.78,Resolved
FLR002110,MCH0447,LIN011,FAC004,2025-04-12 05:01:10,Hydraulic Leak,Minor,5,10.97,1293194.17,Resolved
FLR002111,MCH0088,LIN015,FAC005,2023-06-03 01:12:52,Overheating,Minor,2,10.13,1049626.3,Resolved
FLR002112,MCH0441,LIN020,FAC007,2023-04-04 09:34:58,Bearing Failure,Major,5,0.32,32634.76,Resolved
FLR002113,MCH0270,LIN013,FAC005,2023-07-10 14:43:46,Lubrication Failure,Critical,3,10.18,787334.9,Resolved
FLR002114,MCH0412,LIN021,FAC007,2025-09-12 00:29:58,Overheating,Major,5,1.75,119620.56,Resolved
FLR002115,MCH0049,LIN007,FAC003,2026-05-18 21:50:18,Overheating,Major,4,1.92,156839.46,Resolved
FLR002116,MCH0155,LIN022,FAC008,2024-10-02 12:41:41,Bearing Failure,Critical,3,9.65,869854.21,Resolved
FLR002117,MCH0594,LIN016,FAC006,2023-12-29 08:51:58,Tool Wear,Critical,7,15.28,733602.68,Resolved
FLR002118,MCH0350,LIN021,FAC007,2023-07-14 00:33:03,Sensor Failure,Major,4,11.68,1132114.24,Resolved
FLR002119,MCH0351,LIN021,FAC007,2025-05-10 14:46:18,Lubrication Failure,Major,4,6.1,394207.13,Resolved
FLR002120,MCH0554,LIN028,FAC010,2024-09-03 03:42:13,Overheating,Critical,2,12.28,330023.06,Open
FLR002121,MCH0453,LIN010,FAC004,2025-05-10 00:37:40,Lubrication Failure,Major,7,5.54,578116.64,Open
FLR002122,MCH0511,LIN004,FAC002,2023-04-28 03:21:57,Sensor Failure,Major,7,6.55,373137.77,Resolved
FLR002123,MCH0032,LIN023,FAC008,2026-05-13 10:30:02,Excessive Vibration,Critical,4,11.35,687674.0,Open
FLR002124,MCH0289,LIN010,FAC004,2024-09-17 13:52:09,Sensor Failure,Major,2,8.16,248876.03,Resolved
FLR002125,MCH0258,LIN026,FAC009,2025-02-17 11:02:05,Hydraulic Leak,Major,3,1.86,179740.06,Open
FLR002126,MCH0362,LIN007,FAC003,2024-07-04 07:35:08,Electrical Fault,Major,4,8.61,351405.12,Resolved
FLR002127,MCH0388,LIN011,FAC004,2023-06-22 01:21:56,Electrical Fault,Major,3,2.14,171491.1,Resolved
FLR002128,MCH0031,LIN010,FAC004,2026-02-22 02:09:14,Lubrication Failure,Major,4,3.64,399849.9,Open
FLR002129,MCH0504,LIN008,FAC003,2026-06-16 09:47:14,Excessive Vibration,Major,7,13.6,928152.57,Resolved
FLR002130,MCH0499,LIN017,FAC006,2025-05-09 21:00:05,Excessive Vibration,Minor,2,20.94,1094921.07,Resolved
FLR002131,MCH0504,LIN008,FAC003,2023-04-22 22:42:16,Hydraulic Leak,Major,6,4.49,434023.58,Resolved
FLR002132,MCH0237,LIN025,FAC009,2023-09-28 18:46:31,Tool Wear,Major,7,1.26,117924.73,Resolved
FLR002133,MCH0472,LIN011,FAC004,2023-10-20 09:35:56,Bearing Failure,Major,5,3.54,92510.72,Resolved
FLR002134,MCH0281,LIN027,FAC009,2026-01-30 13:27:34,Lubrication Failure,Major,3,2.15,249723.75,Open
FLR002135,MCH0244,LIN007,FAC003,2023-04-04 21:59:35,Sensor Failure,Critical,1,15.08,967119.5,Resolved
FLR002136,MCH0436,LIN013,FAC005,2025-08-25 19:00:59,Lubrication Failure,Minor,1,7.17,732499.5,Open
FLR002137,MCH0449,LIN024,FAC008,2024-02-01 17:19:43,Hydraulic Leak,Major,6,3.6,298254.29,Resolved
FLR002138,MCH0074,LIN001,FAC001,2025-07-31 04:36:43,Tool Wear,Major,3,3.36,195251.61,Open
FLR002139,MCH0528,LIN005,FAC002,2024-06-20 10:24:23,Electrical Fault,Minor,1,11.41,1138853.62,Resolved
FLR002140,MCH0411,LIN006,FAC002,2024-07-30 14:36:28,Sensor Failure,Minor,7,8.25,917820.48,Open
FLR002141,MCH0228,LIN011,FAC004,2023-11-10 02:08:14,Electrical Fault,Major,1,4.29,195577.6,Resolved
FLR002142,MCH0410,LIN016,FAC006,2025-08-01 04:32:04,Bearing Failure,Major,4,0.45,42565.57,Resolved
FLR002143,MCH0556,LIN013,FAC005,2023-09-03 14:03:01,Sensor Failure,Minor,7,13.4,1043189.99,Resolved
FLR002144,MCH0020,LIN001,FAC001,2023-09-02 20:52:16,Sensor Failure,Major,1,10.05,967530.38,Resolved
FLR002145,MCH0161,LIN008,FAC003,2023-07-20 01:02:06,Bearing Failure,Critical,3,12.28,1051903.87,Resolved
FLR002146,MCH0594,LIN016,FAC006,2023-11-03 17:25:29,Bearing Failure,Major,7,3.89,402729.65,Resolved
FLR002147,MCH0257,LIN013,FAC005,2024-01-16 16:01:14,Sensor Failure,Critical,2,10.33,302664.07,Resolved
FLR002148,MCH0446,LIN004,FAC002,2026-02-25 13:11:12,Overheating,Minor,7,2.79,213917.55,Resolved
FLR002149,MCH0403,LIN002,FAC001,2025-04-21 08:44:48,Tool Wear,Minor,1,3.54,214846.48,Open
FLR002150,MCH0382,LIN018,FAC006,2026-05-02 21:16:50,Excessive Vibration,Major,3,0.67,17236.98,Resolved
FLR002151,MCH0078,LIN001,FAC001,2023-06-14 00:08:52,Overheating,Major,7,8.76,454386.59,Resolved
FLR002152,MCH0322,LIN010,FAC004,2023-05-14 01:19:40,Lubrication Failure,Critical,5,10.43,310189.24,Resolved
FLR002153,MCH0347,LIN015,FAC005,2023-12-08 00:33:45,Overheating,Minor,4,10.49,1031964.38,Resolved
FLR002154,MCH0276,LIN012,FAC004,2026-01-21 11:49:31,Overheating,Minor,6,4.52,333983.28,Resolved
FLR002155,MCH0306,LIN010,FAC004,2023-07-05 03:16:12,Tool Wear,Minor,5,6.62,656087.55,Resolved
FLR002156,MCH0350,LIN021,FAC007,2025-02-20 03:36:58,Overheating,Minor,4,2.53,254928.85,Resolved
FLR002157,MCH0086,LIN003,FAC001,2025-11-10 04:39:31,Tool Wear,Major,3,13.95,711537.77,Resolved
FLR002158,MCH0390,LIN011,FAC004,2024-11-19 17:26:35,Electrical Fault,Minor,1,14.96,969813.88,Open
FLR002159,MCH0058,LIN028,FAC010,2024-01-12 13:51:14,Overheating,Minor,6,4.6,260372.84,Open
FLR002160,MCH0284,LIN006,FAC002,2023-01-15 22:14:33,Overheating,Major,4,3.73,269655.96,Resolved
FLR002161,MCH0106,LIN018,FAC006,2023-09-20 13:01:15,Lubrication Failure,Major,7,2.84,235511.16,Open
FLR002162,MCH0252,LIN027,FAC009,2025-08-14 13:31:18,Lubrication Failure,Critical,6,14.33,452572.0,Resolved
FLR002163,MCH0370,LIN029,FAC010,2026-04-15 22:35:41,Lubrication Failure,Minor,5,6.79,311598.12,Open
FLR002164,MCH0052,LIN006,FAC002,2023-11-13 06:28:33,Tool Wear,Critical,4,14.48,1480045.28,Resolved
FLR002165,MCH0297,LIN018,FAC006,2025-11-21 00:07:33,Tool Wear,Minor,7,8.17,813392.72,Open
FLR002166,MCH0254,LIN013,FAC005,2024-04-17 00:12:32,Overheating,Major,3,10.81,335579.07,Open
FLR002167,MCH0531,LIN021,FAC007,2023-07-31 18:13:30,Excessive Vibration,Minor,5,5.25,187742.67,Resolved
FLR002168,MCH0230,LIN017,FAC006,2023-10-09 06:56:15,Excessive Vibration,Critical,2,14.61,566319.94,Open
FLR002169,MCH0466,LIN005,FAC002,2023-05-14 16:07:48,Sensor Failure,Major,2,5.26,322648.61,Open
FLR002170,MCH0073,LIN002,FAC001,2024-10-03 09:44:24,Lubrication Failure,Critical,6,15.17,1681716.84,Resolved
FLR002171,MCH0365,LIN014,FAC005,2025-05-22 14:09:00,Electrical Fault,Major,4,2.77,247016.92,Open
FLR002172,MCH0590,LIN008,FAC003,2025-12-13 22:16:34,Electrical Fault,Minor,2,7.98,674241.73,Open
FLR002173,MCH0035,LIN005,FAC002,2025-05-09 03:09:03,Tool Wear,Minor,1,6.25,668136.39,Resolved
FLR002174,MCH0144,LIN010,FAC004,2026-05-19 08:30:42,Sensor Failure,Major,1,3.67,351520.23,Resolved
FLR002175,MCH0008,LIN015,FAC005,2026-01-04 10:25:16,Tool Wear,Major,2,2.02,101089.47,Resolved
FLR002176,MCH0202,LIN009,FAC003,2023-07-15 20:58:01,Electrical Fault,Critical,3,19.44,526952.91,Resolved
FLR002177,MCH0003,LIN025,FAC009,2025-02-21 18:23:22,Electrical Fault,Major,3,14.97,1236324.46,Open
FLR002178,MCH0535,LIN025,FAC009,2024-09-15 22:41:26,Electrical Fault,Major,6,2.68,216321.72,Resolved
FLR002179,MCH0265,LIN011,FAC004,2025-08-30 17:57:07,Tool Wear,Major,1,14.08,555126.11,Open
FLR002180,MCH0075,LIN003,FAC001,2026-05-20 18:54:08,Overheating,Critical,2,10.11,901487.31,Open
FLR002181,MCH0046,LIN029,FAC010,2024-09-07 08:16:44,Electrical Fault,Minor,7,12.94,1129082.77,Open
FLR002182,MCH0583,LIN027,FAC009,2024-08-11 13:33:16,Overheating,Major,5,12.37,1240421.0,Open
FLR002183,MCH0089,LIN017,FAC006,2024-04-07 18:37:59,Sensor Failure,Major,7,2.62,211840.89,Open
FLR002184,MCH0504,LIN008,FAC003,2025-04-07 06:50:00,Tool Wear,Major,5,5.08,288289.55,Resolved
FLR002185,MCH0382,LIN018,FAC006,2026-02-03 20:43:17,Tool Wear,Major,5,11.28,1123858.98,Open
FLR002186,MCH0255,LIN005,FAC002,2023-07-07 00:36:45,Sensor Failure,Major,5,1.89,219640.81,Open
FLR002187,MCH0465,LIN002,FAC001,2024-11-10 23:46:05,Tool Wear,Minor,2,11.02,962517.22,Resolved
FLR002188,MCH0222,LIN028,FAC010,2025-07-30 06:05:56,Excessive Vibration,Minor,3,16.46,1231579.95,Resolved
FLR002189,MCH0476,LIN023,FAC008,2024-01-17 13:26:53,Excessive Vibration,Minor,5,5.73,259440.64,Resolved
FLR002190,MCH0055,LIN029,FAC010,2024-04-10 06:12:29,Tool Wear,Minor,3,4.66,120624.6,Resolved
FLR002191,MCH0152,LIN010,FAC004,2023-12-28 01:24:56,Tool Wear,Minor,2,3.54,139285.44,Resolved
FLR002192,MCH0594,LIN016,FAC006,2025-08-18 20:06:49,Overheating,Critical,4,18.36,1147941.89,Open
FLR002193,MCH0140,LIN013,FAC005,2025-12-18 09:15:12,Tool Wear,Major,5,5.34,297862.23,Resolved
FLR002194,MCH0189,LIN004,FAC002,2026-04-25 09:25:49,Excessive Vibration,Major,6,14.37,1130492.34,Resolved
FLR002195,MCH0159,LIN014,FAC005,2025-04-20 15:21:05,Excessive Vibration,Minor,6,19.27,1458712.37,Resolved
FLR002196,MCH0271,LIN005,FAC002,2025-04-02 23:28:34,Lubrication Failure,Major,1,10.5,582887.63,Open
FLR002197,MCH0220,LIN023,FAC008,2025-05-16 17:06:39,Electrical Fault,Major,2,1.7,165686.53,Resolved
FLR002198,MCH0021,LIN007,FAC003,2026-05-20 08:08:33,Tool Wear,Minor,5,1.0,34930.67,Resolved
FLR002199,MCH0202,LIN009,FAC003,2024-12-31 06:06:20,Lubrication Failure,Minor,7,12.3,327682.75,Resolved
FLR002200,MCH0282,LIN001,FAC001,2024-12-20 21:40:29,Bearing Failure,Major,4,4.38,469535.92,Resolved
FLR002201,MCH0370,LIN029,FAC010,2023-06-23 03:09:41,Electrical Fault,Major,3,2.58,182775.51,Resolved
FLR002202,MCH0113,LIN015,FAC005,2023-03-13 09:04:05,Electrical Fault,Major,3,2.25,142928.23,Resolved
FLR002203,MCH0219,LIN012,FAC004,2023-05-13 20:25:49,Lubrication Failure,Minor,6,8.04,608285.6,Open
FLR002204,MCH0372,LIN025,FAC009,2023-04-04 09:51:05,Bearing Failure,Critical,4,11.09,609371.73,Open
FLR002205,MCH0387,LIN005,FAC002,2024-01-08 08:41:56,Bearing Failure,Minor,3,5.57,512308.78,Resolved
FLR002206,MCH0222,LIN028,FAC010,2024-09-06 12:02:51,Sensor Failure,Critical,5,30.29,1498782.85,Open
FLR002207,MCH0231,LIN008,FAC003,2026-02-14 11:38:08,Sensor Failure,Minor,1,9.14,416205.86,Resolved
FLR002208,MCH0299,LIN014,FAC005,2023-02-05 12:57:51,Bearing Failure,Minor,2,5.36,163216.43,Resolved
FLR002209,MCH0511,LIN004,FAC002,2023-10-06 01:49:55,Excessive Vibration,Critical,7,24.36,1740586.94,Resolved
FLR002210,MCH0523,LIN023,FAC008,2024-04-19 03:14:11,Bearing Failure,Minor,3,0.4,40175.38,Resolved
FLR002211,MCH0499,LIN017,FAC006,2023-07-21 16:14:01,Overheating,Minor,4,6.48,435259.89,Resolved
FLR002212,MCH0090,LIN018,FAC006,2023-04-04 08:10:56,Hydraulic Leak,Major,1,1.1,121830.93,Open
FLR002213,MCH0354,LIN005,FAC002,2023-02-01 17:01:34,Overheating,Critical,1,11.47,529231.55,Resolved
FLR002214,MCH0024,LIN022,FAC008,2024-03-20 07:59:11,Excessive Vibration,Critical,2,10.63,980065.37,Open
FLR002215,MCH0441,LIN020,FAC007,2026-06-14 05:17:20,Sensor Failure,Minor,6,1.82,113774.11,Open
FLR002216,MCH0567,LIN016,FAC006,2025-01-22 09:55:52,Tool Wear,Minor,7,3.0,86611.22,Open
FLR002217,MCH0545,LIN004,FAC002,2026-04-23 12:26:08,Bearing Failure,Major,1,4.82,503032.62,Resolved
FLR002218,MCH0272,LIN002,FAC001,2025-02-24 18:31:48,Tool Wear,Minor,1,6.94,800121.11,Resolved
FLR002219,MCH0193,LIN006,FAC002,2024-01-16 21:59:19,Bearing Failure,Major,3,8.39,375060.08,Resolved
FLR002220,MCH0168,LIN015,FAC005,2024-02-16 23:12:53,Electrical Fault,Major,5,7.88,350045.56,Resolved
FLR002221,MCH0038,LIN022,FAC008,2025-09-02 11:05:13,Electrical Fault,Minor,7,8.89,1055099.36,Resolved
FLR002222,MCH0314,LIN023,FAC008,2024-12-24 23:44:52,Tool Wear,Major,4,22.82,1265579.25,Resolved
FLR002223,MCH0043,LIN023,FAC008,2024-07-31 17:06:39,Bearing Failure,Minor,7,7.21,362181.02,Open
FLR002224,MCH0072,LIN011,FAC004,2024-12-01 09:43:00,Tool Wear,Critical,7,12.99,572497.79,Resolved
FLR002225,MCH0306,LIN010,FAC004,2023-12-29 13:55:44,Overheating,Minor,1,2.12,242510.26,Resolved
FLR002226,MCH0582,LIN013,FAC005,2023-03-14 05:53:31,Sensor Failure,Minor,5,3.72,348428.34,Resolved
FLR002227,MCH0223,LIN025,FAC009,2023-10-22 12:49:14,Hydraulic Leak,Major,5,2.26,246243.27,Resolved
FLR002228,MCH0358,LIN027,FAC009,2025-12-12 12:48:25,Electrical Fault,Major,5,4.09,270433.63,Open
FLR002229,MCH0265,LIN011,FAC004,2026-01-26 19:58:22,Overheating,Major,1,1.92,104810.07,Resolved
FLR002230,MCH0549,LIN013,FAC005,2024-11-16 17:29:41,Bearing Failure,Major,2,7.73,875592.3,Open
FLR002231,MCH0278,LIN002,FAC001,2023-06-05 07:30:46,Overheating,Major,5,11.14,1095443.39,Resolved
FLR002232,MCH0078,LIN001,FAC001,2024-05-24 16:52:28,Sensor Failure,Major,6,4.34,304470.93,Resolved
FLR002233,MCH0388,LIN011,FAC004,2025-04-21 06:25:17,Excessive Vibration,Major,4,7.36,647572.99,Open
FLR002234,MCH0508,LIN010,FAC004,2023-09-24 09:57:41,Excessive Vibration,Major,7,6.93,393799.55,Open
FLR002235,MCH0111,LIN012,FAC004,2023-06-17 13:42:03,Tool Wear,Minor,1,2.28,228779.09,Open
FLR002236,MCH0004,LIN020,FAC007,2024-11-22 19:48:16,Hydraulic Leak,Major,7,5.3,597272.77,Open
FLR002237,MCH0557,LIN030,FAC010,2024-07-16 18:40:22,Lubrication Failure,Minor,5,14.63,1428829.21,Resolved
FLR002238,MCH0240,LIN015,FAC005,2023-01-24 18:35:07,Sensor Failure,Critical,5,16.54,1113586.36,Resolved
FLR002239,MCH0114,LIN004,FAC002,2024-08-01 00:12:14,Sensor Failure,Critical,2,11.67,810914.43,Open
FLR002240,MCH0349,LIN024,FAC008,2025-03-11 22:16:54,Tool Wear,Major,1,3.46,219703.97,Resolved
FLR002241,MCH0567,LIN016,FAC006,2023-04-17 13:42:25,Excessive Vibration,Major,2,1.35,103176.19,Resolved
FLR002242,MCH0333,LIN028,FAC010,2025-05-10 13:07:03,Hydraulic Leak,Minor,2,6.66,784806.91,Open
FLR002243,MCH0092,LIN005,FAC002,2025-06-17 11:06:55,Excessive Vibration,Minor,4,14.73,680309.35,Resolved
FLR002244,MCH0463,LIN018,FAC006,2025-12-14 11:45:39,Overheating,Major,5,13.47,572613.5,Resolved
FLR002245,MCH0155,LIN022,FAC008,2023-11-27 03:23:44,Electrical Fault,Major,2,6.99,297573.87,Resolved
FLR002246,MCH0142,LIN023,FAC008,2024-03-04 09:08:40,Overheating,Minor,2,2.4,211213.8,Resolved
FLR002247,MCH0101,LIN022,FAC008,2025-05-18 12:00:27,Lubrication Failure,Minor,2,3.33,178780.68,Open
FLR002248,MCH0383,LIN005,FAC002,2024-12-26 23:14:43,Hydraulic Leak,Minor,1,20.45,1504196.63,Resolved
FLR002249,MCH0385,LIN006,FAC002,2023-07-25 22:13:44,Tool Wear,Major,6,9.5,900752.57,Resolved
FLR002250,MCH0351,LIN021,FAC007,2026-04-12 08:13:11,Electrical Fault,Major,5,6.09,329823.65,Resolved
FLR002251,MCH0272,LIN002,FAC001,2024-10-04 23:42:29,Electrical Fault,Major,4,2.58,133007.54,Resolved
FLR002252,MCH0035,LIN005,FAC002,2023-02-28 07:18:26,Hydraulic Leak,Major,6,3.81,358184.97,Resolved
FLR002253,MCH0042,LIN016,FAC006,2024-12-02 21:48:51,Tool Wear,Critical,3,11.55,1080286.11,Resolved
FLR002254,MCH0083,LIN010,FAC004,2026-05-21 03:33:05,Electrical Fault,Major,5,4.76,195489.48,Resolved
FLR002255,MCH0132,LIN018,FAC006,2024-04-04 18:35:37,Overheating,Critical,6,9.93,869753.75,Resolved
FLR002256,MCH0156,LIN017,FAC006,2023-02-03 12:50:49,Lubrication Failure,Major,7,6.28,389209.1,Resolved
FLR002257,MCH0312,LIN015,FAC005,2026-01-31 03:52:49,Bearing Failure,Major,2,11.35,927181.25,Resolved
FLR002258,MCH0030,LIN022,FAC008,2024-02-26 19:22:30,Overheating,Major,4,15.92,1698087.82,Resolved
FLR002259,MCH0335,LIN026,FAC009,2024-06-25 16:47:15,Excessive Vibration,Major,7,10.81,822545.64,Resolved
FLR002260,MCH0146,LIN004,FAC002,2026-05-15 16:32:11,Excessive Vibration,Major,3,8.98,963506.32,Resolved
FLR002261,MCH0228,LIN011,FAC004,2026-06-04 21:27:17,Tool Wear,Major,1,7.08,663134.28,Resolved
FLR002262,MCH0428,LIN011,FAC004,2023-06-02 12:26:38,Sensor Failure,Minor,5,13.55,1498025.1,Resolved
FLR002263,MCH0065,LIN005,FAC002,2023-08-12 17:26:18,Overheating,Major,2,20.41,1959739.89,Resolved
FLR002264,MCH0005,LIN010,FAC004,2024-02-17 12:09:02,Hydraulic Leak,Minor,5,8.97,871330.43,Resolved
FLR002265,MCH0156,LIN017,FAC006,2023-03-09 01:47:01,Overheating,Critical,1,9.13,532439.98,Resolved
FLR002266,MCH0330,LIN023,FAC008,2023-06-03 09:59:41,Hydraulic Leak,Critical,4,17.8,475590.15,Resolved
FLR002267,MCH0026,LIN006,FAC002,2025-03-17 08:48:21,Hydraulic Leak,Major,7,12.92,1039404.33,Resolved
FLR002268,MCH0495,LIN009,FAC003,2025-02-19 11:46:37,Sensor Failure,Major,7,6.04,487668.34,Resolved
FLR002269,MCH0078,LIN001,FAC001,2026-05-04 00:59:51,Hydraulic Leak,Critical,4,12.41,1400313.91,Resolved
FLR002270,MCH0537,LIN013,FAC005,2024-07-26 22:19:17,Overheating,Major,5,8.71,521058.56,Resolved
FLR002271,MCH0563,LIN001,FAC001,2025-08-23 05:23:26,Hydraulic Leak,Critical,3,13.77,1261739.65,Resolved
FLR002272,MCH0380,LIN003,FAC001,2026-05-26 19:34:53,Overheating,Major,6,7.41,583685.12,Resolved
FLR002273,MCH0056,LIN027,FAC009,2025-07-26 20:40:48,Bearing Failure,Major,2,11.34,626326.54,Resolved
FLR002274,MCH0353,LIN002,FAC001,2023-01-13 11:53:47,Lubrication Failure,Minor,6,4.73,337459.72,Resolved
FLR002275,MCH0554,LIN028,FAC010,2023-05-03 06:21:13,Hydraulic Leak,Minor,1,2.62,178768.59,Resolved
FLR002276,MCH0450,LIN022,FAC008,2025-11-01 22:05:46,Electrical Fault,Critical,1,16.05,478861.59,Open
FLR002277,MCH0482,LIN024,FAC008,2025-06-12 13:48:33,Overheating,Minor,3,6.97,626766.79,Resolved
FLR002278,MCH0484,LIN019,FAC007,2024-12-23 05:03:50,Electrical Fault,Minor,1,11.6,949919.29,Resolved
FLR002279,MCH0216,LIN028,FAC010,2023-09-12 10:57:27,Hydraulic Leak,Critical,3,13.26,442601.37,Resolved
FLR002280,MCH0424,LIN022,FAC008,2024-02-05 18:43:48,Bearing Failure,Major,6,4.17,273576.49,Resolved
FLR002281,MCH0529,LIN014,FAC005,2023-04-25 10:52:02,Tool Wear,Critical,5,29.97,1103041.61,Resolved
FLR002282,MCH0097,LIN022,FAC008,2024-09-13 13:43:04,Lubrication Failure,Minor,3,1.24,141315.43,Resolved
FLR002283,MCH0031,LIN010,FAC004,2023-06-05 08:40:40,Overheating,Critical,4,9.59,759567.43,Resolved
FLR002284,MCH0134,LIN006,FAC002,2025-05-23 20:44:07,Tool Wear,Major,4,0.93,28677.59,Resolved
FLR002285,MCH0193,LIN006,FAC002,2026-01-05 03:00:45,Bearing Failure,Major,5,9.63,1127045.62,Resolved
FLR002286,MCH0044,LIN012,FAC004,2025-12-01 10:27:39,Lubrication Failure,Major,5,1.57,164358.84,Open
FLR002287,MCH0589,LIN023,FAC008,2023-01-30 12:04:04,Bearing Failure,Major,6,4.64,368572.75,Open
FLR002288,MCH0451,LIN013,FAC005,2025-08-15 20:13:15,Hydraulic Leak,Major,7,8.7,439361.66,Resolved
FLR002289,MCH0097,LIN022,FAC008,2024-04-06 10:55:34,Overheating,Minor,3,5.97,358670.03,Resolved
FLR002290,MCH0532,LIN007,FAC003,2024-11-12 06:47:54,Sensor Failure,Major,6,2.51,284249.77,Resolved
FLR002291,MCH0070,LIN030,FAC010,2024-06-23 13:01:48,Sensor Failure,Major,4,7.53,682508.88,Resolved
FLR002292,MCH0152,LIN010,FAC004,2023-08-20 22:16:44,Excessive Vibration,Major,6,7.33,477483.01,Resolved
FLR002293,MCH0186,LIN010,FAC004,2025-02-12 19:11:08,Hydraulic Leak,Minor,2,9.87,987140.56,Open
FLR002294,MCH0001,LIN020,FAC007,2025-06-11 17:46:52,Hydraulic Leak,Major,3,12.99,761995.45,Resolved
FLR002295,MCH0396,LIN028,FAC010,2024-01-10 00:42:42,Overheating,Critical,2,9.41,642207.71,Resolved
FLR002296,MCH0163,LIN007,FAC003,2023-10-13 06:14:06,Lubrication Failure,Major,1,2.06,244363.75,Resolved
FLR002297,MCH0020,LIN001,FAC001,2025-08-28 03:03:31,Overheating,Minor,2,13.43,795064.9,Open
FLR002298,MCH0544,LIN003,FAC001,2024-03-02 16:04:29,Overheating,Minor,7,11.66,720330.84,Resolved
FLR002299,MCH0170,LIN002,FAC001,2025-02-28 10:27:28,Sensor Failure,Major,1,8.02,386205.69,Resolved
FLR002300,MCH0001,LIN020,FAC007,2025-03-16 02:42:18,Hydraulic Leak,Major,4,7.4,554178.31,Resolved
FLR002301,MCH0054,LIN006,FAC002,2026-04-30 09:11:28,Excessive Vibration,Major,4,12.47,666379.42,Open
FLR002302,MCH0302,LIN016,FAC006,2024-06-09 17:13:17,Overheating,Major,3,12.22,751958.34,Resolved
FLR002303,MCH0297,LIN018,FAC006,2023-07-22 23:38:21,Sensor Failure,Major,7,13.07,491905.6,Resolved
FLR002304,MCH0309,LIN007,FAC003,2026-01-27 22:31:46,Excessive Vibration,Critical,4,17.39,713182.38,Open
FLR002305,MCH0568,LIN019,FAC007,2023-08-23 18:49:40,Excessive Vibration,Major,3,2.74,90154.21,Open
FLR002306,MCH0177,LIN009,FAC003,2025-11-04 00:34:00,Overheating,Major,6,4.58,425003.72,Open
FLR002307,MCH0012,LIN030,FAC010,2026-06-10 06:50:44,Sensor Failure,Critical,4,16.26,1260409.96,Resolved
FLR002308,MCH0047,LIN026,FAC009,2026-05-16 01:54:49,Bearing Failure,Minor,6,1.04,88553.71,Resolved
FLR002309,MCH0598,LIN029,FAC010,2024-09-01 20:28:49,Excessive Vibration,Major,7,1.9,190156.87,Open
FLR002310,MCH0287,LIN017,FAC006,2025-06-04 23:54:09,Excessive Vibration,Critical,6,10.18,516100.33,Resolved
FLR002311,MCH0118,LIN016,FAC006,2024-12-15 08:13:58,Electrical Fault,Minor,4,8.32,880105.49,Resolved
FLR002312,MCH0039,LIN009,FAC003,2024-04-21 09:39:16,Lubrication Failure,Major,4,3.17,226563.23,Resolved
FLR002313,MCH0048,LIN024,FAC008,2024-05-22 12:42:12,Overheating,Minor,6,6.19,208836.05,Resolved
FLR002314,MCH0341,LIN006,FAC002,2024-10-17 22:56:50,Hydraulic Leak,Critical,3,27.84,2340258.61,Resolved
FLR002315,MCH0435,LIN027,FAC009,2023-09-04 10:23:07,Sensor Failure,Minor,6,3.28,160147.6,Open
FLR002316,MCH0517,LIN005,FAC002,2025-06-21 23:33:12,Sensor Failure,Major,5,1.74,92647.73,Resolved
FLR002317,MCH0086,LIN003,FAC001,2024-02-04 17:31:20,Bearing Failure,Major,2,1.89,127205.04,Resolved
FLR002318,MCH0416,LIN002,FAC001,2025-08-17 03:19:22,Overheating,Minor,4,20.05,675498.28,Resolved
FLR002319,MCH0528,LIN005,FAC002,2023-12-16 14:24:23,Lubrication Failure,Minor,2,3.5,310929.09,Resolved
FLR002320,MCH0368,LIN016,FAC006,2025-04-18 04:46:47,Excessive Vibration,Major,7,5.92,612156.78,Resolved
FLR002321,MCH0203,LIN016,FAC006,2024-11-14 21:54:39,Lubrication Failure,Major,1,11.03,682851.88,Resolved
FLR002322,MCH0356,LIN005,FAC002,2026-06-26 09:46:46,Overheating,Major,1,4.4,418611.86,Resolved
FLR002323,MCH0183,LIN025,FAC009,2025-08-23 19:16:53,Sensor Failure,Minor,7,4.07,406477.49,Open
FLR002324,MCH0370,LIN029,FAC010,2026-04-25 08:16:00,Hydraulic Leak,Major,1,13.8,792248.89,Resolved
FLR002325,MCH0543,LIN019,FAC007,2026-01-18 03:36:33,Overheating,Critical,2,11.4,1009222.38,Resolved
FLR002326,MCH0150,LIN008,FAC003,2023-02-23 20:59:13,Tool Wear,Critical,1,21.26,750842.9,Open
FLR002327,MCH0288,LIN014,FAC005,2024-07-18 10:56:41,Excessive Vibration,Critical,3,9.42,954834.99,Resolved
FLR002328,MCH0059,LIN012,FAC004,2025-09-16 19:20:28,Bearing Failure,Major,5,10.38,787486.23,Open
FLR002329,MCH0242,LIN001,FAC001,2025-01-29 18:40:15,Electrical Fault,Minor,2,4.85,225272.68,Resolved
FLR002330,MCH0296,LIN026,FAC009,2024-02-05 18:42:51,Excessive Vibration,Critical,5,12.82,984437.39,Resolved
FLR002331,MCH0464,LIN002,FAC001,2023-04-25 07:24:57,Tool Wear,Major,3,18.87,652903.13,Resolved
FLR002332,MCH0060,LIN022,FAC008,2024-06-19 02:44:27,Excessive Vibration,Minor,1,4.45,384902.86,Open
FLR002333,MCH0335,LIN026,FAC009,2023-08-29 16:23:59,Sensor Failure,Major,6,2.58,219974.22,Open
FLR002334,MCH0249,LIN006,FAC002,2025-05-27 23:36:41,Excessive Vibration,Critical,6,15.34,1834731.9,Resolved
FLR002335,MCH0171,LIN006,FAC002,2023-10-22 20:52:44,Lubrication Failure,Major,7,7.92,588788.62,Resolved
FLR002336,MCH0153,LIN017,FAC006,2025-08-20 06:36:04,Hydraulic Leak,Major,3,2.63,204159.72,Resolved
FLR002337,MCH0543,LIN019,FAC007,2025-07-01 02:27:42,Sensor Failure,Minor,7,3.93,393319.57,Resolved
FLR002338,MCH0251,LIN017,FAC006,2023-02-18 14:59:35,Overheating,Minor,5,5.32,503827.1,Resolved
FLR002339,MCH0565,LIN024,FAC008,2026-04-13 20:56:22,Electrical Fault,Major,7,9.59,564379.43,Resolved
FLR002340,MCH0549,LIN013,FAC005,2023-04-07 07:52:45,Lubrication Failure,Major,7,5.4,621487.61,Resolved
FLR002341,MCH0422,LIN002,FAC001,2024-09-11 19:09:20,Bearing Failure,Critical,2,15.13,1217924.37,Open
FLR002342,MCH0467,LIN027,FAC009,2025-12-24 21:53:36,Bearing Failure,Minor,5,2.47,116408.76,Resolved
FLR002343,MCH0001,LIN020,FAC007,2025-12-04 19:33:40,Lubrication Failure,Major,2,2.66,197747.46,Resolved
FLR002344,MCH0291,LIN022,FAC008,2023-01-02 01:25:47,Bearing Failure,Major,6,6.97,583311.36,Resolved
FLR002345,MCH0388,LIN011,FAC004,2024-05-06 12:56:38,Bearing Failure,Minor,5,4.17,148060.73,Open
FLR002346,MCH0558,LIN025,FAC009,2024-12-16 12:35:56,Bearing Failure,Minor,1,2.13,227219.1,Open
FLR002347,MCH0003,LIN025,FAC009,2023-04-16 22:19:05,Electrical Fault,Major,4,1.2,104374.24,Resolved
FLR002348,MCH0446,LIN004,FAC002,2023-01-12 23:12:19,Bearing Failure,Minor,6,13.19,728378.21,Open
FLR002349,MCH0477,LIN007,FAC003,2026-05-22 23:10:16,Tool Wear,Major,2,11.69,660413.97,Resolved
FLR002350,MCH0520,LIN005,FAC002,2023-12-27 00:23:30,Lubrication Failure,Major,2,3.23,292551.09,Resolved
FLR002351,MCH0254,LIN013,FAC005,2023-09-07 21:31:55,Hydraulic Leak,Minor,1,5.5,229029.52,Resolved
FLR002352,MCH0463,LIN018,FAC006,2025-08-06 22:07:54,Lubrication Failure,Major,3,6.73,474792.38,Resolved
FLR002353,MCH0493,LIN008,FAC003,2023-04-13 22:13:03,Electrical Fault,Major,2,6.44,164612.59,Resolved
FLR002354,MCH0299,LIN014,FAC005,2025-10-29 19:31:30,Lubrication Failure,Minor,7,2.47,223896.72,Resolved
FLR002355,MCH0157,LIN029,FAC010,2024-05-04 06:55:28,Excessive Vibration,Minor,3,4.03,311036.2,Resolved
FLR002356,MCH0496,LIN024,FAC008,2025-11-11 03:33:17,Overheating,Minor,2,6.17,682931.18,Open
FLR002357,MCH0337,LIN028,FAC010,2023-02-19 05:05:30,Overheating,Major,7,3.38,265307.64,Resolved
FLR002358,MCH0285,LIN007,FAC003,2023-08-24 06:50:12,Lubrication Failure,Minor,1,5.4,555254.27,Resolved
FLR002359,MCH0562,LIN011,FAC004,2025-07-22 02:36:43,Overheating,Major,6,7.58,724260.81,Open
FLR002360,MCH0593,LIN019,FAC007,2026-02-16 20:44:21,Sensor Failure,Major,2,1.87,210542.53,Resolved
FLR002361,MCH0315,LIN015,FAC005,2024-04-30 14:26:16,Hydraulic Leak,Major,4,10.98,1251542.73,Resolved
FLR002362,MCH0518,LIN020,FAC007,2026-04-01 12:48:50,Tool Wear,Minor,7,1.44,94276.95,Resolved
FLR002363,MCH0188,LIN004,FAC002,2023-07-25 02:07:15,Excessive Vibration,Major,2,11.23,737126.89,Resolved
FLR002364,MCH0077,LIN003,FAC001,2024-04-24 01:15:10,Sensor Failure,Minor,3,9.5,514636.06,Open
FLR002365,MCH0205,LIN030,FAC010,2025-03-17 09:12:11,Sensor Failure,Major,7,5.5,345421.77,Resolved
FLR002366,MCH0566,LIN010,FAC004,2025-03-25 13:34:57,Electrical Fault,Major,1,7.64,846692.11,Open
FLR002367,MCH0306,LIN010,FAC004,2025-10-08 20:27:45,Excessive Vibration,Minor,6,12.55,1279788.03,Open
FLR002368,MCH0111,LIN012,FAC004,2023-12-04 10:07:22,Sensor Failure,Major,7,6.63,269256.7,Open
FLR002369,MCH0592,LIN023,FAC008,2026-04-02 22:22:43,Overheating,Major,4,7.19,590004.15,Open
FLR002370,MCH0555,LIN021,FAC007,2024-04-23 23:11:25,Bearing Failure,Major,4,1.21,95627.62,Resolved
FLR002371,MCH0056,LIN027,FAC009,2026-03-24 07:43:19,Electrical Fault,Minor,5,2.3,133213.29,Open
FLR002372,MCH0523,LIN023,FAC008,2023-10-24 03:04:09,Overheating,Minor,5,2.77,116383.8,Resolved
FLR002373,MCH0462,LIN016,FAC006,2024-05-19 02:52:41,Sensor Failure,Critical,4,16.12,1355577.2,Resolved
FLR002374,MCH0179,LIN010,FAC004,2026-05-14 04:14:44,Sensor Failure,Major,4,3.71,195173.04,Resolved
FLR002375,MCH0397,LIN010,FAC004,2024-07-01 19:42:00,Excessive Vibration,Minor,4,7.15,219988.7,Resolved
FLR002376,MCH0320,LIN011,FAC004,2025-10-30 12:23:34,Sensor Failure,Major,2,7.09,345098.43,Resolved
FLR002377,MCH0478,LIN008,FAC003,2025-10-28 00:32:09,Lubrication Failure,Minor,6,18.54,1304000.79,Resolved
FLR002378,MCH0133,LIN013,FAC005,2024-02-04 01:00:18,Electrical Fault,Major,7,10.45,1037342.05,Resolved
FLR002379,MCH0595,LIN028,FAC010,2024-06-24 19:18:03,Electrical Fault,Minor,2,2.62,268720.74,Open
FLR002380,MCH0473,LIN022,FAC008,2024-03-20 14:52:14,Hydraulic Leak,Major,2,21.51,2471143.91,Resolved
FLR002381,MCH0179,LIN010,FAC004,2023-05-23 20:33:36,Tool Wear,Major,3,1.95,131363.8,Resolved
FLR002382,MCH0226,LIN027,FAC009,2024-01-06 06:31:47,Electrical Fault,Major,1,4.81,549231.23,Resolved
FLR002383,MCH0502,LIN011,FAC004,2023-02-09 06:33:43,Overheating,Minor,5,17.62,1538194.37,Resolved
FLR002384,MCH0220,LIN023,FAC008,2024-07-06 04:09:14,Hydraulic Leak,Critical,7,12.14,1404408.13,Resolved
FLR002385,MCH0333,LIN028,FAC010,2023-03-12 01:52:28,Excessive Vibration,Major,6,5.39,275234.97,Open
FLR002386,MCH0582,LIN013,FAC005,2025-12-09 19:22:59,Excessive Vibration,Critical,6,16.94,1275638.03,Resolved
FLR002387,MCH0525,LIN017,FAC006,2026-04-09 19:10:34,Sensor Failure,Major,7,11.99,582778.6,Resolved
FLR002388,MCH0301,LIN019,FAC007,2023-11-09 14:06:44,Tool Wear,Major,1,8.8,571399.61,Resolved
FLR002389,MCH0425,LIN014,FAC005,2024-10-30 04:22:57,Tool Wear,Critical,5,21.97,2184513.06,Resolved
FLR002390,MCH0102,LIN015,FAC005,2024-02-20 23:06:59,Lubrication Failure,Critical,5,10.96,511133.98,Resolved
FLR002391,MCH0423,LIN009,FAC003,2026-04-25 04:53:16,Tool Wear,Minor,3,13.75,375074.37,Resolved
FLR002392,MCH0190,LIN002,FAC001,2026-06-25 18:16:54,Overheating,Critical,6,14.21,1096116.43,Resolved
FLR002393,MCH0442,LIN001,FAC001,2026-05-15 14:32:17,Excessive Vibration,Critical,4,14.25,1220787.88,Open
FLR002394,MCH0539,LIN017,FAC006,2025-03-20 23:19:27,Lubrication Failure,Critical,3,20.99,995998.93,Resolved
FLR002395,MCH0572,LIN017,FAC006,2023-12-05 11:08:45,Excessive Vibration,Critical,5,10.15,486912.47,Resolved
FLR002396,MCH0466,LIN005,FAC002,2024-08-06 17:59:43,Excessive Vibration,Critical,5,19.89,1808868.92,Open
FLR002397,MCH0434,LIN011,FAC004,2024-09-12 13:12:49,Electrical Fault,Major,5,6.78,379961.67,Open
FLR002398,MCH0584,LIN009,FAC003,2025-04-22 04:02:16,Excessive Vibration,Critical,3,14.51,1238590.83,Open
FLR002399,MCH0508,LIN010,FAC004,2025-08-04 03:14:30,Sensor Failure,Minor,3,10.28,867405.91,Resolved
FLR002400,MCH0218,LIN007,FAC003,2023-01-19 00:46:58,Sensor Failure,Minor,5,2.13,147689.93,Resolved
FLR002401,MCH0272,LIN002,FAC001,2024-07-08 16:57:24,Bearing Failure,Major,4,8.13,846584.41,Resolved
FLR002402,MCH0306,LIN010,FAC004,2024-12-12 09:52:42,Electrical Fault,Minor,4,6.38,578420.01,Resolved
FLR002403,MCH0534,LIN027,FAC009,2024-02-18 15:54:27,Lubrication Failure,Major,6,7.09,606841.29,Resolved
FLR002404,MCH0318,LIN006,FAC002,2025-01-20 05:21:05,Hydraulic Leak,Minor,6,5.86,396502.41,Resolved
FLR002405,MCH0472,LIN011,FAC004,2024-06-01 09:48:53,Overheating,Critical,1,12.15,383727.77,Resolved
FLR002406,MCH0038,LIN022,FAC008,2024-11-29 19:29:27,Bearing Failure,Major,6,10.76,768113.52,Resolved
FLR002407,MCH0546,LIN024,FAC008,2024-07-02 04:13:25,Overheating,Critical,2,12.17,1279776.61,Resolved
FLR002408,MCH0045,LIN029,FAC010,2026-05-12 02:55:23,Sensor Failure,Minor,2,7.16,317570.04,Resolved
FLR002409,MCH0157,LIN029,FAC010,2025-05-09 05:29:19,Lubrication Failure,Minor,5,11.59,691424.57,Resolved
FLR002410,MCH0333,LIN028,FAC010,2025-11-03 14:09:56,Tool Wear,Critical,2,11.63,318485.28,Resolved
FLR002411,MCH0592,LIN023,FAC008,2025-10-06 16:42:15,Sensor Failure,Major,5,2.84,103144.15,Open
FLR002412,MCH0417,LIN001,FAC001,2025-04-30 22:55:35,Lubrication Failure,Minor,3,2.43,239490.51,Resolved
FLR002413,MCH0051,LIN011,FAC004,2023-11-15 12:05:15,Lubrication Failure,Critical,1,15.79,943090.93,Resolved
FLR002414,MCH0418,LIN013,FAC005,2026-06-15 10:04:06,Lubrication Failure,Major,6,2.22,206859.2,Resolved
FLR002415,MCH0519,LIN030,FAC010,2025-04-28 15:21:19,Excessive Vibration,Critical,7,15.92,880062.76,Resolved
FLR002416,MCH0135,LIN015,FAC005,2024-06-26 10:49:33,Excessive Vibration,Minor,7,6.66,553576.06,Open
FLR002417,MCH0408,LIN009,FAC003,2025-09-20 03:38:19,Tool Wear,Minor,1,2.97,239629.72,Open
FLR002418,MCH0130,LIN020,FAC007,2025-10-04 03:56:14,Sensor Failure,Critical,2,12.36,626798.99,Resolved
FLR002419,MCH0026,LIN006,FAC002,2023-11-14 07:20:09,Overheating,Major,7,8.14,972858.95,Open
FLR002420,MCH0571,LIN020,FAC007,2025-10-11 09:23:03,Overheating,Major,5,14.09,554555.37,Resolved
FLR002421,MCH0407,LIN018,FAC006,2023-07-18 18:47:39,Overheating,Critical,5,11.48,436984.1,Resolved
FLR002422,MCH0353,LIN002,FAC001,2024-02-24 00:11:41,Excessive Vibration,Critical,2,14.56,445058.81,Resolved
FLR002423,MCH0506,LIN001,FAC001,2025-05-29 15:28:46,Overheating,Major,5,5.51,640059.02,Resolved
FLR002424,MCH0085,LIN020,FAC007,2023-10-14 14:46:40,Sensor Failure,Critical,2,8.47,686019.47,Resolved
FLR002425,MCH0418,LIN013,FAC005,2026-02-11 03:27:18,Sensor Failure,Major,5,3.77,207561.65,Resolved
FLR002426,MCH0491,LIN021,FAC007,2024-01-31 10:20:20,Tool Wear,Minor,2,4.94,573874.95,Resolved
FLR002427,MCH0204,LIN002,FAC001,2026-06-18 11:31:45,Electrical Fault,Minor,4,6.53,508519.72,Open
FLR002428,MCH0269,LIN002,FAC001,2026-02-28 06:04:19,Overheating,Minor,2,6.54,536344.59,Resolved
FLR002429,MCH0082,LIN027,FAC009,2025-01-08 01:26:21,Electrical Fault,Major,6,8.15,681006.54,Resolved
FLR002430,MCH0372,LIN025,FAC009,2025-03-12 12:15:10,Tool Wear,Minor,5,4.92,577706.95,Resolved
FLR002431,MCH0505,LIN023,FAC008,2026-06-21 00:07:06,Electrical Fault,Critical,7,17.68,1928549.46,Resolved
FLR002432,MCH0339,LIN019,FAC007,2026-02-08 14:57:30,Electrical Fault,Major,6,8.19,293234.38,Resolved
FLR002433,MCH0263,LIN018,FAC006,2024-06-07 05:55:59,Bearing Failure,Major,1,4.68,284151.01,Resolved
FLR002434,MCH0346,LIN015,FAC005,2024-01-15 22:42:06,Hydraulic Leak,Critical,1,23.26,1306666.87,Resolved
FLR002435,MCH0308,LIN025,FAC009,2025-01-08 20:27:42,Hydraulic Leak,Minor,7,2.66,217527.07,Resolved
FLR002436,MCH0278,LIN002,FAC001,2024-07-22 18:10:33,Tool Wear,Minor,6,1.21,141005.13,Resolved
FLR002437,MCH0358,LIN027,FAC009,2025-07-15 11:29:26,Excessive Vibration,Critical,2,9.59,822668.55,Resolved
FLR002438,MCH0216,LIN028,FAC010,2026-05-29 06:54:32,Overheating,Major,1,3.79,160587.18,Resolved
FLR002439,MCH0332,LIN025,FAC009,2024-02-28 22:06:56,Sensor Failure,Critical,5,18.41,674760.28,Resolved
FLR002440,MCH0382,LIN018,FAC006,2024-11-02 17:22:18,Hydraulic Leak,Minor,6,7.03,372049.49,Resolved
FLR002441,MCH0521,LIN019,FAC007,2023-08-17 15:29:13,Lubrication Failure,Critical,6,15.3,1605697.55,Resolved
FLR002442,MCH0082,LIN027,FAC009,2023-10-19 16:44:41,Bearing Failure,Major,7,4.34,280132.71,Open
FLR002443,MCH0574,LIN029,FAC010,2024-05-10 09:50:49,Excessive Vibration,Minor,1,12.14,1088427.13,Resolved
FLR002444,MCH0528,LIN005,FAC002,2023-09-12 02:01:03,Electrical Fault,Major,6,4.17,195875.48,Resolved
FLR002445,MCH0332,LIN025,FAC009,2023-08-07 17:45:15,Overheating,Minor,7,4.49,201261.64,Resolved
FLR002446,MCH0194,LIN015,FAC005,2024-11-24 16:39:33,Overheating,Minor,4,3.99,316246.85,Resolved
FLR002447,MCH0563,LIN001,FAC001,2024-06-12 15:04:43,Sensor Failure,Major,2,4.64,116664.17,Resolved
FLR002448,MCH0298,LIN016,FAC006,2025-05-26 03:10:33,Electrical Fault,Major,5,1.4,50772.89,Resolved
FLR002449,MCH0201,LIN006,FAC002,2026-06-14 08:53:12,Bearing Failure,Major,1,5.58,217054.54,Open
FLR002450,MCH0353,LIN002,FAC001,2024-09-22 01:56:13,Tool Wear,Minor,6,14.73,1713881.44,Resolved
FLR002451,MCH0020,LIN001,FAC001,2023-06-06 01:10:22,Excessive Vibration,Major,4,2.06,122950.17,Open
FLR002452,MCH0334,LIN018,FAC006,2023-07-16 06:30:39,Electrical Fault,Critical,3,9.44,1112137.49,Resolved
FLR002453,MCH0296,LIN026,FAC009,2024-05-24 21:59:02,Hydraulic Leak,Minor,6,1.46,109745.6,Open
FLR002454,MCH0077,LIN003,FAC001,2026-06-05 11:37:28,Excessive Vibration,Major,4,3.25,250868.38,Resolved
FLR002455,MCH0180,LIN011,FAC004,2025-12-05 02:08:21,Tool Wear,Minor,6,2.15,104361.29,Resolved
FLR002456,MCH0410,LIN016,FAC006,2023-02-16 21:33:03,Bearing Failure,Major,1,13.0,833903.01,Resolved
FLR002457,MCH0073,LIN002,FAC001,2024-05-14 09:07:24,Tool Wear,Critical,1,11.52,540550.7,Resolved
FLR002458,MCH0093,LIN027,FAC009,2023-05-16 01:34:29,Tool Wear,Major,2,3.55,191044.19,Resolved
FLR002459,MCH0264,LIN030,FAC010,2024-12-18 03:04:06,Hydraulic Leak,Critical,2,16.08,1104520.59,Resolved
FLR002460,MCH0056,LIN027,FAC009,2024-04-02 13:55:37,Excessive Vibration,Minor,2,21.23,1492331.3,Open
FLR002461,MCH0592,LIN023,FAC008,2025-11-01 13:22:50,Overheating,Critical,4,9.71,831274.06,Resolved
FLR002462,MCH0121,LIN008,FAC003,2024-03-31 13:20:13,Excessive Vibration,Minor,1,3.26,140791.31,Resolved
FLR002463,MCH0049,LIN007,FAC003,2023-07-21 10:29:35,Bearing Failure,Major,6,3.44,89765.59,Open
FLR002464,MCH0011,LIN013,FAC005,2026-03-11 00:33:59,Lubrication Failure,Minor,5,8.23,614068.55,Resolved
FLR002465,MCH0072,LIN011,FAC004,2025-11-11 00:31:32,Overheating,Critical,3,10.56,461225.97,Resolved
FLR002466,MCH0221,LIN027,FAC009,2023-01-21 10:23:37,Lubrication Failure,Major,1,5.62,235950.68,Resolved
FLR002467,MCH0330,LIN023,FAC008,2024-03-22 23:45:04,Lubrication Failure,Major,2,10.55,554452.49,Resolved
FLR002468,MCH0395,LIN004,FAC002,2023-08-23 08:46:45,Excessive Vibration,Major,2,18.91,841807.87,Resolved
FLR002469,MCH0155,LIN022,FAC008,2025-10-14 04:23:08,Electrical Fault,Major,3,5.09,519275.09,Resolved
FLR002470,MCH0313,LIN018,FAC006,2023-08-09 11:43:04,Excessive Vibration,Major,5,6.27,750712.05,Resolved
FLR002471,MCH0040,LIN003,FAC001,2024-02-17 11:17:20,Hydraulic Leak,Major,2,4.03,402593.62,Open
FLR002472,MCH0458,LIN007,FAC003,2026-02-18 02:12:09,Electrical Fault,Minor,2,11.34,536001.94,Resolved
FLR002473,MCH0474,LIN003,FAC001,2023-11-11 22:00:49,Tool Wear,Major,1,3.52,147318.95,Resolved
FLR002474,MCH0240,LIN015,FAC005,2024-04-12 03:41:03,Tool Wear,Major,5,6.06,647150.9,Resolved
FLR002475,MCH0371,LIN005,FAC002,2026-02-11 03:43:44,Electrical Fault,Major,6,3.5,232062.15,Open
FLR002476,MCH0346,LIN015,FAC005,2023-10-02 12:26:02,Hydraulic Leak,Critical,7,10.65,736036.75,Resolved
FLR002477,MCH0165,LIN029,FAC010,2025-10-10 23:57:33,Bearing Failure,Minor,4,11.79,295319.24,Open
FLR002478,MCH0136,LIN019,FAC007,2025-09-02 03:29:20,Bearing Failure,Minor,6,3.57,408225.89,Resolved
FLR002479,MCH0348,LIN017,FAC006,2023-12-14 10:56:48,Hydraulic Leak,Major,1,0.39,30119.57,Resolved
FLR002480,MCH0291,LIN022,FAC008,2026-02-12 11:31:59,Overheating,Major,2,5.55,457457.46,Resolved
FLR002481,MCH0220,LIN023,FAC008,2024-05-19 02:13:14,Excessive Vibration,Minor,4,7.22,842689.51,Resolved
FLR002482,MCH0163,LIN007,FAC003,2025-08-17 11:51:04,Hydraulic Leak,Minor,7,4.48,123859.36,Resolved
FLR002483,MCH0427,LIN027,FAC009,2025-01-15 07:22:20,Bearing Failure,Major,2,8.56,298251.91,Resolved
FLR002484,MCH0566,LIN010,FAC004,2024-03-22 17:20:07,Sensor Failure,Major,7,6.49,330988.45,Resolved
FLR002485,MCH0562,LIN011,FAC004,2023-04-17 15:05:52,Sensor Failure,Minor,6,8.75,878324.77,Resolved
FLR002486,MCH0524,LIN016,FAC006,2025-05-03 01:52:00,Sensor Failure,Minor,3,3.19,176428.92,Resolved
FLR002487,MCH0180,LIN011,FAC004,2024-06-16 17:31:24,Sensor Failure,Major,5,0.94,57376.64,Resolved
FLR002488,MCH0222,LIN028,FAC010,2024-08-31 09:39:37,Electrical Fault,Major,7,8.47,957948.13,Resolved
FLR002489,MCH0358,LIN027,FAC009,2025-04-07 10:28:33,Sensor Failure,Minor,7,10.26,555228.11,Resolved
FLR002490,MCH0591,LIN016,FAC006,2024-01-08 23:25:43,Electrical Fault,Minor,6,6.77,401024.25,Resolved
FLR002491,MCH0569,LIN014,FAC005,2025-08-25 00:34:38,Excessive Vibration,Minor,2,4.26,476225.46,Resolved
FLR002492,MCH0216,LIN028,FAC010,2023-05-23 15:09:26,Hydraulic Leak,Major,6,4.29,419399.09,Resolved
FLR002493,MCH0516,LIN030,FAC010,2024-06-23 17:55:04,Excessive Vibration,Major,5,4.32,237779.91,Resolved
FLR002494,MCH0206,LIN007,FAC003,2024-09-26 04:10:51,Electrical Fault,Critical,4,18.99,564695.95,Open
FLR002495,MCH0105,LIN004,FAC002,2023-02-07 14:55:30,Excessive Vibration,Major,1,2.27,229688.88,Resolved
FLR002496,MCH0488,LIN023,FAC008,2023-01-16 18:33:31,Tool Wear,Critical,4,8.6,790239.08,Open
FLR002497,MCH0445,LIN029,FAC010,2025-06-15 05:52:44,Lubrication Failure,Minor,2,7.04,408994.6,Resolved
FLR002498,MCH0369,LIN012,FAC004,2026-04-26 06:43:01,Hydraulic Leak,Major,4,4.11,339448.71,Resolved
FLR002499,MCH0165,LIN029,FAC010,2023-06-17 20:14:11,Bearing Failure,Critical,4,11.99,1358102.85,Resolved
FLR002500,MCH0390,LIN011,FAC004,2025-03-08 14:20:47,Excessive Vibration,Critical,4,17.54,1760192.3,Resolved
FLR002501,MCH0533,LIN017,FAC006,2023-09-21 00:53:59,Excessive Vibration,Major,4,4.11,269758.84,Resolved
FLR002502,MCH0328,LIN024,FAC008,2023-04-10 05:05:25,Hydraulic Leak,Major,4,2.77,89343.0,Resolved
FLR002503,MCH0232,LIN030,FAC010,2026-05-07 07:30:04,Hydraulic Leak,Minor,7,3.7,240002.2,Open
FLR002504,MCH0555,LIN021,FAC007,2025-07-21 15:37:14,Tool Wear,Minor,5,6.4,587125.29,Resolved
FLR002505,MCH0292,LIN015,FAC005,2023-08-17 15:29:18,Overheating,Major,1,2.84,81122.91,Resolved
FLR002506,MCH0014,LIN029,FAC010,2024-06-14 02:53:19,Overheating,Major,1,2.88,98703.05,Resolved
FLR002507,MCH0371,LIN005,FAC002,2026-03-22 05:24:41,Electrical Fault,Major,7,1.3,86616.95,Resolved
FLR002508,MCH0300,LIN002,FAC001,2023-08-22 05:49:09,Sensor Failure,Major,6,14.1,513134.41,Resolved
FLR002509,MCH0229,LIN014,FAC005,2025-05-17 08:34:55,Tool Wear,Major,3,13.42,1112575.7,Open
FLR002510,MCH0014,LIN029,FAC010,2025-01-04 18:30:40,Lubrication Failure,Critical,3,9.54,1091837.36,Resolved
FLR002511,MCH0549,LIN013,FAC005,2025-03-31 09:57:25,Tool Wear,Major,6,1.99,199720.55,Resolved
FLR002512,MCH0396,LIN028,FAC010,2024-02-25 15:39:47,Bearing Failure,Major,4,10.38,621800.48,Resolved
FLR002513,MCH0375,LIN005,FAC002,2023-09-17 04:39:51,Bearing Failure,Major,5,6.99,493723.26,Resolved
FLR002514,MCH0544,LIN003,FAC001,2023-12-07 17:56:13,Lubrication Failure,Major,2,7.01,497053.07,Resolved
FLR002515,MCH0600,LIN014,FAC005,2023-06-05 10:56:55,Lubrication Failure,Major,1,10.78,1088825.6,Resolved
FLR002516,MCH0533,LIN017,FAC006,2023-04-13 13:25:20,Excessive Vibration,Major,4,3.88,167279.76,Resolved
FLR002517,MCH0266,LIN021,FAC007,2024-11-21 02:41:02,Bearing Failure,Major,7,5.85,340206.36,Resolved
FLR002518,MCH0048,LIN024,FAC008,2024-11-21 16:12:27,Electrical Fault,Minor,2,0.87,86509.56,Resolved
FLR002519,MCH0498,LIN011,FAC004,2024-12-30 13:28:17,Bearing Failure,Critical,3,16.82,1751285.51,Resolved
FLR002520,MCH0066,LIN011,FAC004,2024-11-14 15:59:20,Bearing Failure,Critical,5,11.75,768478.71,Resolved
FLR002521,MCH0299,LIN014,FAC005,2025-05-15 03:04:04,Lubrication Failure,Major,5,2.57,124886.96,Resolved
FLR002522,MCH0570,LIN005,FAC002,2024-10-15 01:10:25,Electrical Fault,Minor,1,3.43,180601.98,Resolved
FLR002523,MCH0133,LIN013,FAC005,2024-07-09 17:32:06,Excessive Vibration,Major,1,4.1,207477.97,Open
FLR002524,MCH0234,LIN001,FAC001,2024-03-25 14:25:08,Excessive Vibration,Major,7,5.2,179353.1,Open
FLR002525,MCH0134,LIN006,FAC002,2023-02-24 10:23:58,Hydraulic Leak,Critical,7,38.85,2500012.37,Resolved
FLR002526,MCH0168,LIN015,FAC005,2023-01-23 17:27:43,Sensor Failure,Major,6,15.03,1623090.22,Resolved
FLR002527,MCH0203,LIN016,FAC006,2025-06-15 12:01:11,Electrical Fault,Major,5,9.65,280865.09,Resolved
FLR002528,MCH0464,LIN002,FAC001,2025-08-14 02:14:28,Lubrication Failure,Major,3,7.17,328584.81,Open
FLR002529,MCH0088,LIN015,FAC005,2023-08-08 10:08:30,Bearing Failure,Critical,5,21.37,1735785.44,Resolved
FLR002530,MCH0088,LIN015,FAC005,2024-06-03 00:01:01,Overheating,Major,7,7.07,189709.08,Resolved
FLR002531,MCH0419,LIN008,FAC003,2024-02-22 00:50:02,Excessive Vibration,Minor,6,3.55,376633.85,Resolved
FLR002532,MCH0167,LIN020,FAC007,2024-09-28 03:33:08,Lubrication Failure,Major,3,5.01,495461.68,Resolved
FLR002533,MCH0559,LIN019,FAC007,2025-12-05 10:00:13,Sensor Failure,Minor,3,7.45,595729.03,Open
FLR002534,MCH0317,LIN021,FAC007,2025-01-27 17:05:11,Tool Wear,Minor,3,7.92,457811.3,Resolved
FLR002535,MCH0315,LIN015,FAC005,2023-09-20 05:54:57,Electrical Fault,Critical,4,9.52,888665.97,Resolved
FLR002536,MCH0232,LIN030,FAC010,2024-04-09 08:19:02,Tool Wear,Major,4,10.51,1084224.41,Resolved
FLR002537,MCH0405,LIN026,FAC009,2023-12-22 15:11:16,Hydraulic Leak,Major,6,10.03,611189.95,Open
FLR002538,MCH0530,LIN014,FAC005,2025-08-24 00:01:01,Overheating,Critical,5,27.07,715769.73,Resolved
FLR002539,MCH0111,LIN012,FAC004,2025-08-23 01:03:23,Sensor Failure,Major,7,7.72,205337.25,Resolved
FLR002540,MCH0017,LIN015,FAC005,2023-08-29 11:38:30,Electrical Fault,Major,6,7.17,545064.32,Resolved
FLR002541,MCH0365,LIN014,FAC005,2023-10-12 12:24:45,Lubrication Failure,Critical,6,13.12,827165.86,Resolved
FLR002542,MCH0557,LIN030,FAC010,2025-05-09 20:35:52,Hydraulic Leak,Critical,2,18.99,1391244.74,Resolved
FLR002543,MCH0153,LIN017,FAC006,2025-12-08 16:16:17,Bearing Failure,Minor,4,0.37,23284.21,Resolved
FLR002544,MCH0580,LIN007,FAC003,2024-11-06 05:00:45,Hydraulic Leak,Critical,5,9.21,327124.41,Resolved
FLR002545,MCH0488,LIN023,FAC008,2024-05-14 11:10:22,Tool Wear,Critical,5,12.07,443358.96,Open
FLR002546,MCH0427,LIN027,FAC009,2024-02-27 04:18:44,Bearing Failure,Major,5,6.39,670169.94,Resolved
FLR002547,MCH0178,LIN023,FAC008,2025-11-15 02:00:14,Bearing Failure,Major,2,2.26,204310.21,Open
FLR002548,MCH0474,LIN003,FAC001,2024-07-03 09:30:26,Excessive Vibration,Major,7,4.54,384514.47,Open
FLR002549,MCH0339,LIN019,FAC007,2024-06-28 12:22:56,Bearing Failure,Major,7,3.22,377223.67,Resolved
FLR002550,MCH0260,LIN005,FAC002,2023-10-08 22:34:30,Bearing Failure,Major,7,10.48,533405.61,Resolved
FLR002551,MCH0117,LIN013,FAC005,2023-12-01 14:06:39,Lubrication Failure,Major,3,2.31,214286.86,Resolved
FLR002552,MCH0302,LIN016,FAC006,2025-08-26 10:03:11,Lubrication Failure,Major,6,1.48,152046.14,Open
FLR002553,MCH0578,LIN030,FAC010,2024-01-16 16:00:23,Overheating,Minor,7,8.0,762497.86,Open
FLR002554,MCH0425,LIN014,FAC005,2024-04-05 07:01:53,Sensor Failure,Major,1,5.49,519751.9,Resolved
FLR002555,MCH0256,LIN005,FAC002,2026-04-13 04:00:03,Tool Wear,Major,3,10.14,390005.4,Resolved
FLR002556,MCH0101,LIN022,FAC008,2026-04-05 18:52:35,Overheating,Major,5,4.83,125449.09,Resolved
FLR002557,MCH0061,LIN026,FAC009,2025-11-17 15:13:47,Bearing Failure,Critical,7,16.09,989594.43,Resolved
FLR002558,MCH0138,LIN003,FAC001,2023-04-30 12:29:18,Lubrication Failure,Critical,5,9.54,304400.93,Resolved
FLR002559,MCH0377,LIN009,FAC003,2025-04-10 16:24:23,Lubrication Failure,Critical,6,12.51,729212.66,Resolved
FLR002560,MCH0394,LIN001,FAC001,2025-04-08 21:23:33,Tool Wear,Major,5,12.02,410567.58,Resolved
FLR002561,MCH0525,LIN017,FAC006,2024-05-24 18:33:26,Excessive Vibration,Minor,3,2.8,319220.96,Open
FLR002562,MCH0376,LIN005,FAC002,2025-08-05 10:14:24,Sensor Failure,Minor,2,6.01,522462.97,Open
FLR002563,MCH0155,LIN022,FAC008,2024-07-26 18:04:52,Excessive Vibration,Major,7,15.61,1003760.02,Resolved
FLR002564,MCH0486,LIN029,FAC010,2024-03-16 16:19:58,Sensor Failure,Major,5,7.88,840942.12,Open
FLR002565,MCH0158,LIN027,FAC009,2024-10-15 05:44:50,Excessive Vibration,Minor,7,4.19,109433.98,Resolved
FLR002566,MCH0247,LIN026,FAC009,2026-06-18 05:08:00,Sensor Failure,Major,4,2.01,141062.8,Open
FLR002567,MCH0518,LIN020,FAC007,2023-09-18 11:08:00,Lubrication Failure,Critical,3,17.25,1189062.22,Resolved
FLR002568,MCH0353,LIN002,FAC001,2025-04-24 04:52:26,Bearing Failure,Critical,1,10.91,1203698.03,Resolved
FLR002569,MCH0123,LIN019,FAC007,2025-10-09 06:54:24,Tool Wear,Critical,4,15.85,1485910.46,Resolved
FLR002570,MCH0184,LIN001,FAC001,2023-07-02 17:44:09,Bearing Failure,Major,6,4.53,536108.29,Resolved
FLR002571,MCH0328,LIN024,FAC008,2024-09-03 14:56:35,Sensor Failure,Major,5,3.77,96141.26,Open
FLR002572,MCH0456,LIN003,FAC001,2024-01-28 19:30:09,Tool Wear,Minor,4,8.31,675500.4,Resolved
FLR002573,MCH0376,LIN005,FAC002,2026-06-17 00:28:08,Excessive Vibration,Major,2,5.22,348871.54,Resolved
FLR002574,MCH0374,LIN013,FAC005,2023-02-12 04:14:25,Lubrication Failure,Major,7,6.52,431958.36,Open
FLR002575,MCH0484,LIN019,FAC007,2024-06-20 11:50:48,Bearing Failure,Minor,6,8.52,542842.21,Resolved
FLR002576,MCH0208,LIN030,FAC010,2025-02-04 02:17:45,Bearing Failure,Minor,1,4.35,205677.24,Resolved
FLR002577,MCH0100,LIN014,FAC005,2024-07-28 18:02:19,Tool Wear,Critical,4,9.47,420108.91,Resolved
FLR002578,MCH0016,LIN009,FAC003,2024-09-03 00:14:23,Hydraulic Leak,Major,3,6.52,428892.65,Resolved
FLR002579,MCH0049,LIN007,FAC003,2024-05-08 01:33:41,Excessive Vibration,Minor,1,2.43,142912.94,Open
FLR002580,MCH0010,LIN011,FAC004,2025-10-20 05:19:23,Bearing Failure,Major,6,4.01,105360.74,Resolved
FLR002581,MCH0541,LIN019,FAC007,2023-09-11 23:49:48,Hydraulic Leak,Major,1,6.74,616079.94,Resolved
FLR002582,MCH0173,LIN020,FAC007,2024-09-09 20:41:18,Bearing Failure,Critical,6,15.59,775860.71,Open
FLR002583,MCH0536,LIN030,FAC010,2026-03-01 21:26:12,Electrical Fault,Major,6,4.31,139516.22,Resolved
FLR002584,MCH0056,LIN027,FAC009,2023-10-08 20:58:08,Tool Wear,Critical,4,9.63,462019.16,Open
FLR002585,MCH0541,LIN019,FAC007,2025-05-26 03:19:09,Bearing Failure,Critical,7,19.45,1411838.78,Resolved
FLR002586,MCH0349,LIN024,FAC008,2025-07-14 07:50:39,Hydraulic Leak,Critical,1,18.55,1179701.82,Resolved
FLR002587,MCH0478,LIN008,FAC003,2025-03-25 11:17:00,Bearing Failure,Major,1,4.99,533740.03,Resolved
FLR002588,MCH0111,LIN012,FAC004,2023-02-02 20:57:03,Excessive Vibration,Minor,7,9.26,646904.05,Resolved
FLR002589,MCH0039,LIN009,FAC003,2024-07-28 10:33:38,Bearing Failure,Major,5,1.57,103689.31,Resolved
FLR002590,MCH0024,LIN022,FAC008,2026-03-20 19:37:05,Excessive Vibration,Major,1,10.27,917485.53,Resolved
FLR002591,MCH0141,LIN006,FAC002,2025-07-07 09:33:11,Hydraulic Leak,Major,7,15.99,432888.26,Resolved
FLR002592,MCH0547,LIN005,FAC002,2025-04-13 08:24:09,Hydraulic Leak,Minor,1,8.99,283590.77,Resolved
FLR002593,MCH0306,LIN010,FAC004,2026-05-09 00:06:27,Overheating,Minor,2,3.41,376291.02,Resolved
FLR002594,MCH0472,LIN011,FAC004,2025-09-10 07:16:43,Lubrication Failure,Critical,1,12.01,643335.52,Resolved
FLR002595,MCH0562,LIN011,FAC004,2026-04-19 00:12:13,Excessive Vibration,Major,1,0.91,53577.92,Open
FLR002596,MCH0431,LIN023,FAC008,2024-01-05 04:37:11,Tool Wear,Major,5,6.2,542274.41,Resolved
FLR002597,MCH0192,LIN007,FAC003,2025-12-27 21:03:14,Excessive Vibration,Minor,2,6.16,663390.02,Resolved
FLR002598,MCH0258,LIN026,FAC009,2025-02-17 01:51:38,Electrical Fault,Major,7,4.56,478208.4,Resolved
FLR002599,MCH0497,LIN029,FAC010,2024-12-12 05:45:07,Electrical Fault,Minor,1,4.92,556415.58,Resolved
FLR002600,MCH0107,LIN010,FAC004,2024-12-08 07:31:25,Lubrication Failure,Minor,4,13.06,1351848.47,Resolved
FLR002601,MCH0221,LIN027,FAC009,2024-09-03 21:08:19,Lubrication Failure,Minor,5,9.6,399493.18,Resolved
FLR002602,MCH0437,LIN015,FAC005,2024-07-17 20:04:59,Sensor Failure,Minor,7,2.48,194784.42,Resolved
FLR002603,MCH0240,LIN015,FAC005,2024-10-22 19:32:24,Hydraulic Leak,Major,4,5.26,502053.5,Resolved
FLR002604,MCH0033,LIN010,FAC004,2024-08-20 21:00:59,Excessive Vibration,Minor,5,11.32,1034437.36,Resolved
FLR002605,MCH0367,LIN007,FAC003,2025-11-20 03:17:28,Lubrication Failure,Minor,2,6.36,743911.78,Resolved
FLR002606,MCH0274,LIN024,FAC008,2024-04-13 12:00:38,Sensor Failure,Major,2,4.28,504172.71,Open
FLR002607,MCH0457,LIN007,FAC003,2023-09-04 08:02:01,Bearing Failure,Major,5,7.95,895800.83,Resolved
FLR002608,MCH0376,LIN005,FAC002,2023-10-06 04:22:19,Electrical Fault,Minor,7,0.63,59147.69,Open
FLR002609,MCH0358,LIN027,FAC009,2025-02-05 12:37:39,Bearing Failure,Major,1,1.67,111028.17,Resolved
FLR002610,MCH0133,LIN013,FAC005,2024-10-27 02:42:05,Excessive Vibration,Major,2,4.0,368598.39,Open
FLR002611,MCH0201,LIN006,FAC002,2023-03-22 00:47:20,Hydraulic Leak,Major,3,11.07,1047034.36,Resolved
FLR002612,MCH0371,LIN005,FAC002,2025-10-20 09:54:19,Tool Wear,Minor,2,5.31,311325.63,Resolved
FLR002613,MCH0026,LIN006,FAC002,2024-12-26 17:01:30,Overheating,Major,2,6.48,164313.97,Resolved
FLR002614,MCH0465,LIN002,FAC001,2025-05-06 07:11:27,Tool Wear,Major,7,4.85,243020.19,Resolved
FLR002615,MCH0399,LIN028,FAC010,2023-04-14 03:33:51,Electrical Fault,Major,4,9.91,785631.81,Resolved
FLR002616,MCH0485,LIN007,FAC003,2026-04-12 10:53:56,Bearing Failure,Major,4,3.89,435488.75,Resolved
FLR002617,MCH0200,LIN004,FAC002,2023-06-22 22:34:55,Electrical Fault,Major,3,6.45,736792.38,Open
FLR002618,MCH0065,LIN005,FAC002,2025-01-22 11:10:00,Bearing Failure,Critical,5,10.67,1206779.46,Resolved
FLR002619,MCH0238,LIN007,FAC003,2023-09-22 22:24:19,Bearing Failure,Critical,1,13.54,651145.37,Resolved
FLR002620,MCH0369,LIN012,FAC004,2025-10-16 02:23:37,Tool Wear,Major,6,9.26,646330.86,Resolved
FLR002621,MCH0208,LIN030,FAC010,2023-10-22 17:52:30,Excessive Vibration,Major,6,2.79,144478.37,Resolved
FLR002622,MCH0435,LIN027,FAC009,2026-04-25 20:22:37,Excessive Vibration,Critical,1,13.68,670324.69,Resolved
FLR002623,MCH0404,LIN007,FAC003,2025-09-19 22:13:33,Electrical Fault,Major,2,7.23,477698.39,Open
FLR002624,MCH0478,LIN008,FAC003,2025-08-29 10:04:12,Hydraulic Leak,Minor,3,2.64,148226.3,Resolved
FLR002625,MCH0420,LIN015,FAC005,2024-12-02 08:05:35,Tool Wear,Major,2,4.31,410548.84,Resolved
FLR002626,MCH0332,LIN025,FAC009,2024-04-05 01:37:33,Electrical Fault,Major,6,4.25,378628.25,Resolved
FLR002627,MCH0114,LIN004,FAC002,2025-02-19 08:55:51,Electrical Fault,Major,3,6.03,610298.05,Resolved
FLR002628,MCH0429,LIN004,FAC002,2023-01-31 18:09:29,Hydraulic Leak,Critical,2,10.58,1158055.09,Open
FLR002629,MCH0022,LIN024,FAC008,2025-11-07 13:21:30,Sensor Failure,Minor,3,16.78,879902.42,Open
FLR002630,MCH0578,LIN030,FAC010,2024-07-26 15:13:46,Excessive Vibration,Major,6,21.34,1249430.3,Resolved
FLR002631,MCH0138,LIN003,FAC001,2025-10-07 09:46:01,Bearing Failure,Critical,1,20.73,1092038.19,Resolved
FLR002632,MCH0572,LIN017,FAC006,2023-09-13 21:33:50,Lubrication Failure,Major,2,2.74,313530.66,Resolved
FLR002633,MCH0409,LIN021,FAC007,2026-04-10 09:27:50,Overheating,Major,7,5.48,363200.16,Open
FLR002634,MCH0340,LIN012,FAC004,2026-04-12 21:47:46,Bearing Failure,Minor,3,21.94,1252267.64,Resolved
FLR002635,MCH0221,LIN027,FAC009,2024-01-10 11:57:26,Lubrication Failure,Critical,1,15.61,696810.58,Open
FLR002636,MCH0466,LIN005,FAC002,2025-12-02 01:26:31,Bearing Failure,Major,1,3.02,214464.89,Resolved
FLR002637,MCH0270,LIN013,FAC005,2025-05-21 00:46:02,Overheating,Minor,3,2.15,250313.62,Open
FLR002638,MCH0396,LIN028,FAC010,2024-09-17 22:05:59,Tool Wear,Major,2,9.79,518007.91,Resolved
FLR002639,MCH0027,LIN014,FAC005,2025-08-02 19:20:14,Sensor Failure,Critical,3,15.26,1524917.96,Resolved
FLR002640,MCH0501,LIN019,FAC007,2025-03-09 11:19:28,Sensor Failure,Critical,7,10.42,832691.81,Resolved
FLR002641,MCH0467,LIN027,FAC009,2023-04-17 08:07:36,Excessive Vibration,Major,2,8.87,900583.99,Resolved
FLR002642,MCH0088,LIN015,FAC005,2025-12-01 13:21:24,Excessive Vibration,Minor,2,1.63,120256.88,Resolved
FLR002643,MCH0078,LIN001,FAC001,2025-07-19 05:14:46,Lubrication Failure,Critical,7,37.13,3651388.38,Open
FLR002644,MCH0596,LIN022,FAC008,2025-10-18 17:36:54,Overheating,Major,4,7.42,581137.74,Resolved
FLR002645,MCH0358,LIN027,FAC009,2024-04-20 13:31:07,Tool Wear,Minor,4,2.39,246362.6,Open
FLR002646,MCH0034,LIN007,FAC003,2023-04-06 05:07:38,Electrical Fault,Major,1,10.13,428420.15,Open
FLR002647,MCH0346,LIN015,FAC005,2024-02-15 00:42:32,Electrical Fault,Major,1,3.14,325957.97,Resolved
FLR002648,MCH0351,LIN021,FAC007,2024-01-09 02:49:44,Excessive Vibration,Major,4,7.82,596237.41,Resolved
FLR002649,MCH0478,LIN008,FAC003,2025-09-29 06:59:06,Bearing Failure,Minor,4,10.89,1033354.51,Resolved
FLR002650,MCH0028,LIN004,FAC002,2024-12-29 14:28:41,Bearing Failure,Major,2,7.4,281000.55,Resolved
FLR002651,MCH0116,LIN010,FAC004,2023-12-27 14:43:14,Hydraulic Leak,Major,1,3.88,117220.11,Resolved
FLR002652,MCH0326,LIN026,FAC009,2023-05-20 14:16:28,Hydraulic Leak,Minor,5,13.28,1545936.78,Resolved
FLR002653,MCH0270,LIN013,FAC005,2023-03-01 14:50:32,Electrical Fault,Critical,6,11.54,352836.89,Resolved
FLR002654,MCH0120,LIN007,FAC003,2024-09-24 20:00:52,Tool Wear,Minor,6,8.56,821316.48,Resolved
FLR002655,MCH0292,LIN015,FAC005,2026-03-26 07:12:44,Overheating,Minor,7,2.51,259944.2,Open
FLR002656,MCH0122,LIN001,FAC001,2025-03-18 11:10:23,Bearing Failure,Major,5,3.96,220055.89,Resolved
FLR002657,MCH0569,LIN014,FAC005,2023-01-31 13:27:31,Bearing Failure,Major,2,2.09,179771.76,Resolved
FLR002658,MCH0316,LIN029,FAC010,2026-03-28 23:25:08,Hydraulic Leak,Major,2,7.09,240639.48,Resolved
FLR002659,MCH0061,LIN026,FAC009,2023-07-28 18:36:52,Electrical Fault,Major,3,5.14,331951.55,Resolved
FLR002660,MCH0063,LIN013,FAC005,2025-03-12 05:57:06,Sensor Failure,Minor,2,13.72,1022648.47,Open
FLR002661,MCH0396,LIN028,FAC010,2023-08-13 17:49:12,Sensor Failure,Major,6,9.39,664840.47,Open
FLR002662,MCH0227,LIN023,FAC008,2024-08-04 13:25:14,Excessive Vibration,Minor,4,5.08,397860.56,Open
FLR002663,MCH0495,LIN009,FAC003,2024-05-09 10:55:42,Bearing Failure,Major,4,3.06,94982.86,Resolved
FLR002664,MCH0406,LIN002,FAC001,2024-10-15 11:11:39,Bearing Failure,Critical,7,13.69,785567.0,Open
FLR002665,MCH0218,LIN007,FAC003,2023-11-09 01:36:56,Bearing Failure,Major,7,8.09,603907.67,Resolved
FLR002666,MCH0443,LIN021,FAC007,2024-10-06 08:57:17,Overheating,Minor,2,1.89,189673.66,Resolved
FLR002667,MCH0212,LIN030,FAC010,2025-05-07 15:19:49,Electrical Fault,Critical,7,14.08,510929.87,Resolved
FLR002668,MCH0188,LIN004,FAC002,2026-03-14 22:47:22,Sensor Failure,Minor,7,10.44,667752.6,Open
FLR002669,MCH0503,LIN002,FAC001,2025-02-02 17:18:44,Lubrication Failure,Major,1,9.87,1020565.32,Resolved
FLR002670,MCH0251,LIN017,FAC006,2025-12-09 20:30:40,Lubrication Failure,Minor,6,8.08,328015.56,Resolved
FLR002671,MCH0521,LIN019,FAC007,2024-02-04 06:55:57,Electrical Fault,Major,5,8.48,375839.14,Resolved
FLR002672,MCH0046,LIN029,FAC010,2025-12-08 22:49:46,Excessive Vibration,Major,1,1.82,60233.05,Open
FLR002673,MCH0530,LIN014,FAC005,2023-05-02 14:58:06,Excessive Vibration,Major,6,3.73,373763.69,Resolved
FLR002674,MCH0135,LIN015,FAC005,2026-01-18 12:20:20,Hydraulic Leak,Minor,3,8.59,716268.62,Resolved
FLR002675,MCH0485,LIN007,FAC003,2025-01-07 16:25:15,Excessive Vibration,Major,7,2.17,233242.63,Resolved
FLR002676,MCH0194,LIN015,FAC005,2023-04-01 14:44:28,Overheating,Minor,2,15.39,793622.28,Resolved
FLR002677,MCH0595,LIN028,FAC010,2024-07-21 02:05:56,Hydraulic Leak,Major,2,2.08,94451.23,Open
FLR002678,MCH0344,LIN019,FAC007,2023-09-28 12:01:13,Tool Wear,Major,5,25.35,1111883.11,Open
FLR002679,MCH0053,LIN007,FAC003,2024-10-29 07:57:50,Sensor Failure,Major,3,7.82,249115.89,Resolved
FLR002680,MCH0589,LIN023,FAC008,2024-08-06 11:47:23,Excessive Vibration,Critical,6,14.23,869447.91,Resolved
FLR002681,MCH0122,LIN001,FAC001,2023-10-03 13:14:11,Lubrication Failure,Major,6,2.42,187780.12,Resolved
FLR002682,MCH0491,LIN021,FAC007,2026-02-12 20:06:04,Hydraulic Leak,Major,3,6.0,353110.73,Open
FLR002683,MCH0342,LIN026,FAC009,2024-02-17 23:14:37,Overheating,Major,1,3.72,244628.64,Open
FLR002684,MCH0551,LIN025,FAC009,2023-05-18 04:45:04,Sensor Failure,Major,6,9.28,608308.96,Open
FLR002685,MCH0073,LIN002,FAC001,2026-01-22 11:19:03,Tool Wear,Major,2,7.75,583912.0,Open
FLR002686,MCH0483,LIN029,FAC010,2024-02-14 09:06:27,Hydraulic Leak,Major,3,4.54,406484.86,Resolved
FLR002687,MCH0266,LIN021,FAC007,2025-10-14 01:53:27,Bearing Failure,Critical,6,18.37,2109905.38,Resolved
FLR002688,MCH0250,LIN007,FAC003,2023-05-24 23:45:22,Overheating,Major,4,9.97,517331.89,Resolved
FLR002689,MCH0531,LIN021,FAC007,2025-06-16 19:04:31,Tool Wear,Minor,3,13.82,1539985.87,Resolved
FLR002690,MCH0430,LIN016,FAC006,2024-09-11 15:56:58,Electrical Fault,Critical,5,18.44,1416998.03,Resolved
FLR002691,MCH0007,LIN021,FAC007,2023-03-01 08:12:18,Tool Wear,Major,1,2.91,131856.39,Resolved
FLR002692,MCH0445,LIN029,FAC010,2026-02-13 21:50:51,Lubrication Failure,Minor,6,4.11,254513.13,Resolved
FLR002693,MCH0083,LIN010,FAC004,2023-01-11 10:15:03,Overheating,Minor,5,20.96,819621.44,Resolved
FLR002694,MCH0188,LIN004,FAC002,2024-06-21 23:33:11,Electrical Fault,Critical,2,20.14,1051696.21,Resolved
FLR002695,MCH0158,LIN027,FAC009,2024-11-01 22:54:34,Lubrication Failure,Critical,7,10.13,651797.26,Open
FLR002696,MCH0542,LIN004,FAC002,2025-07-26 09:14:30,Overheating,Minor,7,6.1,239771.45,Open
FLR002697,MCH0442,LIN001,FAC001,2025-09-10 12:49:07,Overheating,Minor,7,4.78,179011.55,Resolved
FLR002698,MCH0492,LIN009,FAC003,2023-06-02 02:33:26,Lubrication Failure,Major,3,3.44,98936.14,Resolved
FLR002699,MCH0413,LIN022,FAC008,2023-04-14 18:18:55,Excessive Vibration,Major,4,5.84,362010.23,Resolved
FLR002700,MCH0065,LIN005,FAC002,2023-09-20 09:24:59,Sensor Failure,Major,5,13.58,1610171.33,Resolved
FLR002701,MCH0439,LIN026,FAC009,2024-11-01 18:14:14,Lubrication Failure,Major,6,11.1,728468.51,Open
FLR002702,MCH0110,LIN002,FAC001,2025-04-24 01:30:40,Overheating,Major,3,3.85,335534.14,Open
FLR002703,MCH0576,LIN020,FAC007,2023-05-18 01:29:13,Sensor Failure,Major,6,4.15,430235.71,Resolved
FLR002704,MCH0479,LIN007,FAC003,2023-10-14 23:09:05,Overheating,Major,4,8.73,333364.83,Resolved
FLR002705,MCH0319,LIN007,FAC003,2025-11-21 14:34:19,Tool Wear,Minor,6,15.08,1192886.98,Open
FLR002706,MCH0384,LIN021,FAC007,2023-06-08 05:38:57,Lubrication Failure,Critical,1,13.79,1614122.75,Resolved
FLR002707,MCH0596,LIN022,FAC008,2023-06-01 06:56:56,Tool Wear,Minor,1,3.97,368831.65,Resolved
FLR002708,MCH0510,LIN023,FAC008,2023-05-31 08:44:17,Sensor Failure,Major,5,1.78,63169.25,Open
FLR002709,MCH0199,LIN008,FAC003,2023-05-07 05:53:53,Bearing Failure,Minor,3,13.84,512383.11,Resolved
FLR002710,MCH0136,LIN019,FAC007,2023-02-25 14:10:37,Excessive Vibration,Major,1,9.9,837947.93,Resolved
FLR002711,MCH0386,LIN012,FAC004,2026-06-25 12:08:01,Overheating,Major,2,0.9,105239.97,Resolved
FLR002712,MCH0547,LIN005,FAC002,2024-10-19 13:48:18,Excessive Vibration,Major,4,7.01,827084.94,Open
FLR002713,MCH0248,LIN028,FAC010,2024-05-29 16:23:37,Tool Wear,Major,6,6.41,262811.27,Resolved
FLR002714,MCH0230,LIN017,FAC006,2025-04-30 23:05:38,Electrical Fault,Minor,3,4.94,469475.29,Open
FLR002715,MCH0187,LIN006,FAC002,2025-04-24 18:32:26,Tool Wear,Minor,6,5.45,355207.47,Open
FLR002716,MCH0011,LIN013,FAC005,2024-06-17 17:50:20,Sensor Failure,Minor,4,1.57,94128.78,Open
FLR002717,MCH0296,LIN026,FAC009,2026-06-10 10:14:09,Bearing Failure,Major,6,9.88,560983.4,Resolved
FLR002718,MCH0561,LIN029,FAC010,2026-06-03 04:33:21,Overheating,Critical,7,12.95,1537387.61,Resolved
FLR002719,MCH0263,LIN018,FAC006,2025-08-05 12:30:02,Bearing Failure,Critical,4,15.97,1175605.08,Open
FLR002720,MCH0026,LIN006,FAC002,2023-07-28 08:34:45,Lubrication Failure,Critical,6,13.79,1596860.12,Resolved
FLR002721,MCH0482,LIN024,FAC008,2023-10-16 07:29:13,Sensor Failure,Critical,6,16.68,790956.81,Resolved
FLR002722,MCH0487,LIN023,FAC008,2024-11-28 13:49:14,Hydraulic Leak,Major,5,6.07,714374.39,Open
FLR002723,MCH0253,LIN016,FAC006,2026-05-21 16:28:03,Excessive Vibration,Critical,5,20.5,1756552.24,Resolved
FLR002724,MCH0465,LIN002,FAC001,2023-03-17 22:36:18,Excessive Vibration,Major,6,7.37,522888.72,Resolved
FLR002725,MCH0015,LIN014,FAC005,2025-01-19 16:31:39,Overheating,Minor,6,0.71,62537.46,Resolved
FLR002726,MCH0003,LIN025,FAC009,2025-09-23 15:59:14,Lubrication Failure,Major,7,10.01,736417.79,Resolved
FLR002727,MCH0112,LIN003,FAC001,2024-12-20 14:57:23,Lubrication Failure,Minor,3,4.19,144419.52,Resolved
FLR002728,MCH0499,LIN017,FAC006,2023-11-09 22:25:58,Sensor Failure,Major,2,3.66,369500.04,Resolved
FLR002729,MCH0170,LIN002,FAC001,2023-07-06 00:00:43,Excessive Vibration,Major,5,3.87,363898.07,Resolved
FLR002730,MCH0599,LIN003,FAC001,2023-01-14 10:51:53,Tool Wear,Minor,1,1.78,124395.66,Resolved
FLR002731,MCH0121,LIN008,FAC003,2023-12-15 01:05:31,Sensor Failure,Minor,4,3.74,284199.76,Open
FLR002732,MCH0053,LIN007,FAC003,2023-04-28 05:07:24,Electrical Fault,Minor,3,5.37,153850.17,Open
FLR002733,MCH0414,LIN017,FAC006,2025-02-20 14:47:14,Overheating,Minor,4,1.28,53977.28,Open
FLR002734,MCH0185,LIN018,FAC006,2026-01-18 23:50:17,Lubrication Failure,Minor,5,5.62,570217.0,Resolved
FLR002735,MCH0294,LIN006,FAC002,2024-04-27 05:23:03,Electrical Fault,Major,7,1.84,142925.79,Resolved
FLR002736,MCH0444,LIN012,FAC004,2026-05-11 23:14:49,Tool Wear,Minor,3,7.51,488831.24,Resolved
FLR002737,MCH0332,LIN025,FAC009,2023-04-24 12:04:25,Tool Wear,Major,7,9.33,263420.28,Resolved
FLR002738,MCH0237,LIN025,FAC009,2025-04-24 12:15:25,Bearing Failure,Major,4,9.14,277810.1,Open
FLR002739,MCH0307,LIN024,FAC008,2024-08-29 16:29:30,Excessive Vibration,Minor,5,10.8,693362.63,Open
FLR002740,MCH0496,LIN024,FAC008,2025-02-18 23:29:29,Excessive Vibration,Major,4,7.33,410954.79,Resolved
FLR002741,MCH0166,LIN004,FAC002,2025-01-25 07:06:57,Overheating,Critical,5,13.38,745884.05,Open
FLR002742,MCH0036,LIN014,FAC005,2024-01-04 14:19:23,Bearing Failure,Major,1,9.38,693795.32,Open
FLR002743,MCH0348,LIN017,FAC006,2025-03-27 05:11:03,Tool Wear,Minor,6,12.93,1010109.08,Resolved
FLR002744,MCH0029,LIN002,FAC001,2024-06-17 09:26:30,Excessive Vibration,Minor,2,8.35,275393.51,Resolved
FLR002745,MCH0347,LIN015,FAC005,2023-05-11 06:54:09,Electrical Fault,Major,7,3.91,129978.97,Resolved
FLR002746,MCH0391,LIN007,FAC003,2025-12-24 10:23:08,Hydraulic Leak,Minor,2,3.07,122419.87,Resolved
FLR002747,MCH0181,LIN020,FAC007,2023-08-08 16:09:06,Bearing Failure,Critical,7,13.9,513879.61,Resolved
FLR002748,MCH0011,LIN013,FAC005,2023-09-29 08:21:21,Bearing Failure,Major,5,7.99,488786.55,Resolved
FLR002749,MCH0002,LIN009,FAC003,2025-01-09 22:05:10,Lubrication Failure,Minor,4,4.75,199974.93,Open
FLR002750,MCH0439,LIN026,FAC009,2026-02-06 05:17:34,Sensor Failure,Major,6,6.17,163370.3,Resolved
FLR002751,MCH0274,LIN024,FAC008,2026-04-18 08:53:32,Electrical Fault,Critical,5,20.6,1083612.74,Resolved
FLR002752,MCH0198,LIN003,FAC001,2025-09-28 04:01:08,Overheating,Major,1,3.56,354960.66,Resolved
FLR002753,MCH0019,LIN029,FAC010,2023-05-30 00:08:44,Excessive Vibration,Major,4,3.06,250714.48,Resolved
FLR002754,MCH0483,LIN029,FAC010,2023-02-11 21:12:36,Lubrication Failure,Critical,7,13.76,872125.23,Resolved
FLR002755,MCH0099,LIN011,FAC004,2024-07-16 06:51:25,Tool Wear,Major,5,3.22,293550.6,Resolved
FLR002756,MCH0514,LIN029,FAC010,2024-07-24 07:01:20,Sensor Failure,Major,6,9.74,627828.56,Resolved
FLR002757,MCH0509,LIN021,FAC007,2023-05-09 04:55:18,Hydraulic Leak,Critical,5,28.34,3335867.44,Resolved
FLR002758,MCH0048,LIN024,FAC008,2025-11-11 23:39:54,Tool Wear,Critical,4,11.47,436629.41,Open
FLR002759,MCH0073,LIN002,FAC001,2025-11-28 03:24:12,Lubrication Failure,Major,1,5.37,173003.22,Resolved
FLR002760,MCH0402,LIN028,FAC010,2024-12-24 19:13:34,Lubrication Failure,Minor,6,6.75,481158.03,Open
FLR002761,MCH0453,LIN010,FAC004,2025-05-16 02:37:43,Lubrication Failure,Major,1,9.79,650401.27,Resolved
FLR002762,MCH0487,LIN023,FAC008,2024-04-12 20:56:00,Bearing Failure,Major,7,1.57,168015.68,Resolved
FLR002763,MCH0415,LIN008,FAC003,2023-04-05 06:33:41,Excessive Vibration,Minor,3,2.67,89748.7,Resolved
FLR002764,MCH0040,LIN003,FAC001,2026-01-31 05:26:16,Tool Wear,Critical,7,12.76,1273858.36,Resolved
FLR002765,MCH0142,LIN023,FAC008,2026-04-28 05:52:49,Electrical Fault,Minor,2,3.43,329786.34,Resolved
FLR002766,MCH0567,LIN016,FAC006,2026-03-28 23:14:53,Bearing Failure,Major,7,5.05,156464.44,Resolved
FLR002767,MCH0504,LIN008,FAC003,2025-03-26 16:27:34,Sensor Failure,Minor,5,4.59,431330.16,Resolved
FLR002768,MCH0078,LIN001,FAC001,2024-03-12 23:55:03,Excessive Vibration,Critical,1,20.55,1962510.7,Resolved
FLR002769,MCH0015,LIN014,FAC005,2024-02-12 12:39:17,Sensor Failure,Major,7,10.0,875197.63,Resolved
FLR002770,MCH0172,LIN008,FAC003,2023-03-04 04:03:28,Hydraulic Leak,Major,7,5.01,208005.06,Resolved
FLR002771,MCH0376,LIN005,FAC002,2023-07-03 19:37:34,Tool Wear,Major,1,2.62,198155.14,Resolved
FLR002772,MCH0158,LIN027,FAC009,2026-03-06 23:43:17,Sensor Failure,Major,1,5.0,187270.97,Open
FLR002773,MCH0497,LIN029,FAC010,2023-08-07 20:01:04,Electrical Fault,Minor,1,2.58,199413.33,Resolved
FLR002774,MCH0013,LIN023,FAC008,2024-08-30 17:25:01,Tool Wear,Major,4,5.59,201073.82,Open
FLR002775,MCH0470,LIN002,FAC001,2025-09-01 14:20:56,Tool Wear,Major,1,1.56,91181.4,Resolved
FLR002776,MCH0437,LIN015,FAC005,2024-02-24 16:40:34,Sensor Failure,Minor,4,9.89,268811.56,Resolved
FLR002777,MCH0022,LIN024,FAC008,2025-12-11 16:44:02,Bearing Failure,Minor,5,5.6,408229.55,Resolved
FLR002778,MCH0322,LIN010,FAC004,2025-12-17 17:54:14,Overheating,Major,7,8.2,311984.24,Resolved
FLR002779,MCH0362,LIN007,FAC003,2026-04-12 10:11:36,Bearing Failure,Minor,2,4.79,368968.35,Resolved
FLR002780,MCH0045,LIN029,FAC010,2025-01-19 15:10:11,Lubrication Failure,Minor,3,8.1,828895.98,Resolved
FLR002781,MCH0009,LIN026,FAC009,2024-03-27 11:03:24,Lubrication Failure,Minor,2,8.64,597682.0,Resolved
FLR002782,MCH0099,LIN011,FAC004,2023-05-14 12:04:58,Sensor Failure,Major,3,4.11,484262.53,Resolved
FLR002783,MCH0387,LIN005,FAC002,2025-10-04 08:05:01,Bearing Failure,Critical,2,14.27,1336718.72,Resolved
FLR002784,MCH0220,LIN023,FAC008,2024-02-06 19:25:06,Excessive Vibration,Critical,1,16.56,767443.45,Resolved
FLR002785,MCH0579,LIN003,FAC001,2025-05-25 17:23:05,Electrical Fault,Critical,4,14.67,695390.79,Resolved
FLR002786,MCH0157,LIN029,FAC010,2025-02-26 14:05:50,Hydraulic Leak,Minor,1,4.06,460193.55,Resolved
FLR002787,MCH0291,LIN022,FAC008,2023-04-19 17:38:53,Bearing Failure,Major,1,17.67,2025361.57,Resolved
FLR002788,MCH0114,LIN004,FAC002,2023-01-10 06:00:30,Lubrication Failure,Minor,2,4.53,294669.56,Resolved
FLR002789,MCH0022,LIN024,FAC008,2026-06-12 05:41:30,Bearing Failure,Major,1,4.01,120445.25,Open
FLR002790,MCH0107,LIN010,FAC004,2024-07-30 00:50:33,Hydraulic Leak,Major,6,4.1,206511.7,Resolved
FLR002791,MCH0164,LIN029,FAC010,2024-01-14 01:29:37,Overheating,Critical,4,12.46,931769.93,Resolved
FLR002792,MCH0493,LIN008,FAC003,2025-10-20 16:53:38,Excessive Vibration,Minor,4,2.45,212372.02,Resolved
FLR002793,MCH0490,LIN018,FAC006,2024-11-11 18:59:05,Bearing Failure,Major,2,7.64,905603.0,Open
FLR002794,MCH0268,LIN013,FAC005,2026-04-08 17:52:13,Electrical Fault,Major,4,4.99,458865.76,Resolved
FLR002795,MCH0121,LIN008,FAC003,2023-07-08 19:18:10,Lubrication Failure,Critical,3,19.93,2085888.74,Open
FLR002796,MCH0192,LIN007,FAC003,2025-04-02 05:31:41,Hydraulic Leak,Major,7,6.97,613476.46,Resolved
FLR002797,MCH0259,LIN026,FAC009,2025-01-17 09:50:26,Overheating,Major,5,5.72,255499.4,Open
FLR002798,MCH0305,LIN003,FAC001,2023-01-28 11:56:07,Excessive Vibration,Critical,4,11.75,968894.33,Resolved
FLR002799,MCH0567,LIN016,FAC006,2026-06-26 08:38:26,Excessive Vibration,Critical,2,9.78,476624.03,Resolved
FLR002800,MCH0166,LIN004,FAC002,2025-04-30 20:14:56,Electrical Fault,Critical,6,16.09,1274095.23,Open
FLR002801,MCH0529,LIN014,FAC005,2023-01-09 20:35:01,Electrical Fault,Major,1,6.29,395844.7,Resolved
FLR002802,MCH0095,LIN022,FAC008,2024-06-25 14:55:24,Bearing Failure,Major,6,9.98,382864.25,Resolved
FLR002803,MCH0330,LIN023,FAC008,2023-07-15 23:59:42,Lubrication Failure,Minor,6,6.59,512376.66,Resolved
FLR002804,MCH0062,LIN011,FAC004,2024-06-28 04:37:29,Bearing Failure,Major,2,16.69,1877818.94,Resolved
FLR002805,MCH0283,LIN027,FAC009,2025-10-23 21:32:28,Sensor Failure,Major,1,6.19,257669.55,Resolved
FLR002806,MCH0099,LIN011,FAC004,2026-01-21 09:49:17,Tool Wear,Critical,4,14.39,466732.25,Open
FLR002807,MCH0415,LIN008,FAC003,2023-12-13 10:52:58,Lubrication Failure,Major,3,5.09,313787.24,Resolved
FLR002808,MCH0159,LIN014,FAC005,2024-03-29 05:32:59,Excessive Vibration,Major,4,5.45,161082.58,Resolved
FLR002809,MCH0245,LIN030,FAC010,2023-08-15 22:18:14,Sensor Failure,Major,6,4.79,310699.52,Open
FLR002810,MCH0172,LIN008,FAC003,2024-01-31 22:00:51,Electrical Fault,Critical,4,11.87,1360540.72,Resolved
FLR002811,MCH0086,LIN003,FAC001,2024-04-17 13:19:40,Lubrication Failure,Major,3,3.42,184280.77,Open
FLR002812,MCH0143,LIN020,FAC007,2026-05-31 03:00:09,Tool Wear,Major,1,6.53,362931.4,Resolved
FLR002813,MCH0013,LIN023,FAC008,2025-12-23 08:56:27,Tool Wear,Major,2,3.18,202408.14,Resolved
FLR002814,MCH0150,LIN008,FAC003,2025-09-18 00:14:31,Excessive Vibration,Major,4,3.29,260591.56,Resolved
FLR002815,MCH0110,LIN002,FAC001,2024-03-16 18:08:30,Hydraulic Leak,Major,2,6.76,447989.21,Resolved
FLR002816,MCH0126,LIN009,FAC003,2023-08-29 15:06:55,Sensor Failure,Critical,6,10.76,968099.32,Resolved
FLR002817,MCH0565,LIN024,FAC008,2024-03-21 21:09:21,Electrical Fault,Critical,4,13.93,1006453.59,Open
FLR002818,MCH0126,LIN009,FAC003,2024-06-23 20:04:47,Excessive Vibration,Minor,1,11.32,871544.22,Resolved
FLR002819,MCH0030,LIN022,FAC008,2023-11-14 05:30:42,Electrical Fault,Major,4,6.84,300403.12,Open
FLR002820,MCH0413,LIN022,FAC008,2023-02-03 13:36:26,Tool Wear,Minor,6,12.26,1174799.45,Resolved
FLR002821,MCH0117,LIN013,FAC005,2025-07-01 19:43:35,Overheating,Major,2,4.46,157415.69,Resolved
FLR002822,MCH0116,LIN010,FAC004,2024-12-29 16:09:13,Hydraulic Leak,Major,2,6.04,701368.29,Resolved
FLR002823,MCH0011,LIN013,FAC005,2023-06-17 01:54:57,Hydraulic Leak,Critical,5,10.99,412434.83,Resolved
FLR002824,MCH0441,LIN020,FAC007,2024-02-19 23:19:13,Tool Wear,Major,7,1.62,123042.48,Resolved
FLR002825,MCH0093,LIN027,FAC009,2025-07-07 21:06:58,Excessive Vibration,Minor,6,3.29,157651.18,Resolved
FLR002826,MCH0379,LIN027,FAC009,2025-10-31 13:21:18,Bearing Failure,Major,2,10.05,408789.4,Resolved
FLR002827,MCH0506,LIN001,FAC001,2025-06-29 00:41:14,Overheating,Minor,4,1.46,61736.06,Open
FLR002828,MCH0085,LIN020,FAC007,2024-09-04 07:04:31,Tool Wear,Minor,4,2.24,113908.33,Resolved
FLR002829,MCH0393,LIN019,FAC007,2023-08-21 05:58:19,Sensor Failure,Critical,4,15.34,1836836.76,Resolved
FLR002830,MCH0093,LIN027,FAC009,2024-05-26 02:27:30,Tool Wear,Major,5,16.65,706044.36,Resolved
FLR002831,MCH0235,LIN025,FAC009,2024-12-19 14:30:26,Bearing Failure,Critical,7,11.68,1291603.61,Resolved
FLR002832,MCH0394,LIN001,FAC001,2025-04-20 07:31:57,Tool Wear,Major,1,10.34,697026.38,Resolved
FLR002833,MCH0588,LIN006,FAC002,2024-01-03 00:00:08,Lubrication Failure,Minor,5,10.03,1070594.19,Resolved
FLR002834,MCH0028,LIN004,FAC002,2025-04-13 20:54:30,Overheating,Critical,2,24.59,953240.17,Resolved
FLR002835,MCH0485,LIN007,FAC003,2023-03-24 23:58:54,Electrical Fault,Major,7,8.55,528815.37,Resolved
FLR002836,MCH0477,LIN007,FAC003,2025-08-30 07:23:56,Tool Wear,Critical,3,13.38,1168345.55,Resolved
FLR002837,MCH0312,LIN015,FAC005,2025-02-15 09:41:40,Lubrication Failure,Major,4,8.74,761265.7,Resolved
FLR002838,MCH0526,LIN028,FAC010,2025-05-03 17:36:49,Lubrication Failure,Minor,1,3.63,282792.83,Resolved
FLR002839,MCH0143,LIN020,FAC007,2025-11-25 06:21:46,Tool Wear,Major,1,6.68,249997.06,Resolved
FLR002840,MCH0024,LIN022,FAC008,2025-05-30 15:07:34,Overheating,Critical,7,20.1,605521.75,Resolved
FLR002841,MCH0187,LIN006,FAC002,2023-08-25 16:21:25,Overheating,Minor,4,6.24,495399.56,Open
FLR002842,MCH0038,LIN022,FAC008,2024-02-11 19:18:08,Sensor Failure,Major,2,16.3,991776.04,Resolved
FLR002843,MCH0100,LIN014,FAC005,2024-12-01 23:21:07,Lubrication Failure,Critical,4,13.51,1009613.16,Resolved
FLR002844,MCH0142,LIN023,FAC008,2024-08-13 14:31:06,Lubrication Failure,Minor,6,11.67,779753.77,Resolved
FLR002845,MCH0032,LIN023,FAC008,2024-10-02 06:20:28,Electrical Fault,Minor,2,6.81,475474.39,Resolved
FLR002846,MCH0444,LIN012,FAC004,2023-06-08 03:08:47,Bearing Failure,Major,7,3.12,123473.24,Resolved
FLR002847,MCH0217,LIN009,FAC003,2024-09-21 04:48:24,Excessive Vibration,Major,5,5.36,366405.75,Resolved
FLR002848,MCH0302,LIN016,FAC006,2023-08-23 09:41:24,Lubrication Failure,Critical,1,34.15,915791.03,Resolved
FLR002849,MCH0365,LIN014,FAC005,2023-09-03 14:27:21,Lubrication Failure,Minor,5,5.27,594698.71,Resolved
FLR002850,MCH0188,LIN004,FAC002,2023-07-18 21:22:07,Electrical Fault,Major,2,4.11,219599.63,Resolved
FLR002851,MCH0270,LIN013,FAC005,2023-01-01 20:12:10,Excessive Vibration,Minor,6,7.04,277021.91,Open
FLR002852,MCH0323,LIN027,FAC009,2024-10-02 22:11:59,Sensor Failure,Major,5,10.47,558314.08,Resolved
FLR002853,MCH0538,LIN003,FAC001,2025-09-30 17:26:10,Hydraulic Leak,Critical,4,15.49,670939.3,Resolved
FLR002854,MCH0463,LIN018,FAC006,2024-10-20 16:49:17,Tool Wear,Major,7,2.43,253581.7,Open
FLR002855,MCH0517,LIN005,FAC002,2023-01-21 19:37:03,Excessive Vibration,Minor,7,6.97,547014.06,Resolved
FLR002856,MCH0544,LIN003,FAC001,2024-02-23 19:55:51,Sensor Failure,Major,3,5.98,220643.59,Resolved
FLR002857,MCH0472,LIN011,FAC004,2025-11-26 14:21:57,Lubrication Failure,Minor,1,1.61,180530.52,Resolved
FLR002858,MCH0312,LIN015,FAC005,2024-05-06 01:46:02,Bearing Failure,Critical,3,15.39,420735.38,Resolved
FLR002859,MCH0574,LIN029,FAC010,2023-12-03 07:41:47,Sensor Failure,Critical,7,9.37,992019.09,Resolved
FLR002860,MCH0107,LIN010,FAC004,2024-09-16 10:58:41,Sensor Failure,Critical,7,12.92,688759.0,Open
FLR002861,MCH0515,LIN012,FAC004,2024-12-30 00:41:17,Electrical Fault,Major,6,4.79,528034.27,Resolved
FLR002862,MCH0357,LIN029,FAC010,2024-11-02 20:47:55,Hydraulic Leak,Major,7,9.0,287105.1,Resolved
FLR002863,MCH0419,LIN008,FAC003,2024-05-06 00:10:11,Electrical Fault,Major,3,0.71,74661.25,Resolved
FLR002864,MCH0169,LIN003,FAC001,2023-01-05 16:49:21,Bearing Failure,Minor,3,2.5,93848.53,Resolved
FLR002865,MCH0529,LIN014,FAC005,2025-12-15 17:55:03,Bearing Failure,Critical,7,8.85,907373.52,Open
FLR002866,MCH0027,LIN014,FAC005,2024-09-26 04:24:33,Excessive Vibration,Major,2,13.39,1148552.63,Open
FLR002867,MCH0342,LIN026,FAC009,2024-01-12 02:53:50,Overheating,Major,1,6.57,788224.16,Resolved
FLR002868,MCH0367,LIN007,FAC003,2024-07-09 03:59:06,Hydraulic Leak,Major,4,12.03,1208942.64,Open
FLR002869,MCH0519,LIN030,FAC010,2025-06-05 07:08:39,Hydraulic Leak,Minor,3,3.28,363457.41,Resolved
FLR002870,MCH0268,LIN013,FAC005,2025-11-11 06:04:08,Excessive Vibration,Major,4,7.76,290862.31,Open
FLR002871,MCH0361,LIN024,FAC008,2025-09-23 13:03:32,Tool Wear,Major,4,12.57,846605.37,Resolved
FLR002872,MCH0186,LIN010,FAC004,2024-09-30 13:40:08,Lubrication Failure,Major,3,2.65,180341.79,Resolved
FLR002873,MCH0061,LIN026,FAC009,2023-06-19 00:40:07,Bearing Failure,Critical,6,8.96,694193.66,Open
FLR002874,MCH0196,LIN005,FAC002,2024-10-11 10:58:42,Lubrication Failure,Major,4,6.66,545756.14,Open
FLR002875,MCH0105,LIN004,FAC002,2025-07-14 13:21:43,Tool Wear,Critical,1,11.0,671089.23,Open
FLR002876,MCH0151,LIN020,FAC007,2024-11-02 08:52:50,Electrical Fault,Minor,6,4.61,364427.37,Open
FLR002877,MCH0418,LIN013,FAC005,2025-05-25 12:18:19,Hydraulic Leak,Major,6,6.08,172694.38,Resolved
FLR002878,MCH0394,LIN001,FAC001,2024-10-11 07:15:32,Lubrication Failure,Major,6,5.35,432821.54,Resolved
FLR002879,MCH0559,LIN019,FAC007,2024-06-17 10:54:20,Overheating,Minor,4,2.64,196539.9,Resolved
FLR002880,MCH0408,LIN009,FAC003,2024-07-17 06:39:16,Tool Wear,Minor,3,18.42,1731054.62,Resolved
FLR002881,MCH0154,LIN006,FAC002,2023-09-09 11:46:23,Electrical Fault,Major,3,6.5,668418.7,Resolved
FLR002882,MCH0412,LIN021,FAC007,2025-01-15 00:38:29,Tool Wear,Critical,7,12.6,1155232.67,Resolved
FLR002883,MCH0302,LIN016,FAC006,2025-10-11 06:16:20,Excessive Vibration,Major,7,13.59,438946.61,Resolved
FLR002884,MCH0366,LIN019,FAC007,2025-08-14 09:12:12,Hydraulic Leak,Minor,3,13.57,395259.02,Resolved
FLR002885,MCH0004,LIN020,FAC007,2023-10-13 08:37:16,Sensor Failure,Minor,7,1.36,159384.75,Open
FLR002886,MCH0309,LIN007,FAC003,2026-05-18 22:26:06,Overheating,Critical,5,11.01,522458.87,Open
FLR002887,MCH0231,LIN008,FAC003,2023-07-04 20:35:18,Tool Wear,Minor,4,2.45,200740.97,Open
FLR002888,MCH0211,LIN018,FAC006,2023-05-19 12:46:31,Bearing Failure,Minor,1,2.31,119996.97,Resolved
FLR002889,MCH0215,LIN014,FAC005,2025-01-11 03:05:08,Hydraulic Leak,Minor,6,6.8,526609.64,Resolved
FLR002890,MCH0537,LIN013,FAC005,2023-05-05 00:13:06,Lubrication Failure,Major,4,6.88,294977.8,Resolved
FLR002891,MCH0289,LIN010,FAC004,2024-05-11 09:02:58,Lubrication Failure,Major,1,1.62,175408.08,Resolved
FLR002892,MCH0115,LIN002,FAC001,2025-10-29 14:57:53,Electrical Fault,Major,4,1.3,45677.92,Resolved
FLR002893,MCH0197,LIN001,FAC001,2024-01-02 14:52:43,Excessive Vibration,Critical,3,15.62,645577.54,Resolved
FLR002894,MCH0386,LIN012,FAC004,2026-05-23 15:30:07,Sensor Failure,Major,3,12.34,1153202.33,Open
FLR002895,MCH0434,LIN011,FAC004,2023-12-22 09:07:13,Lubrication Failure,Major,2,4.16,490894.82,Open
FLR002896,MCH0419,LIN008,FAC003,2024-04-05 13:12:11,Sensor Failure,Major,4,4.07,216363.58,Resolved
FLR002897,MCH0265,LIN011,FAC004,2023-07-24 00:56:41,Bearing Failure,Minor,5,4.66,464382.14,Resolved
FLR002898,MCH0279,LIN001,FAC001,2023-11-02 01:04:28,Bearing Failure,Minor,7,1.93,197375.38,Resolved
FLR002899,MCH0338,LIN015,FAC005,2026-01-22 08:59:15,Tool Wear,Minor,2,2.99,312134.02,Resolved
FLR002900,MCH0268,LIN013,FAC005,2024-10-05 08:57:50,Bearing Failure,Minor,2,3.69,297266.1,Resolved
FLR002901,MCH0512,LIN030,FAC010,2023-10-09 02:10:48,Sensor Failure,Critical,5,12.56,888949.37,Resolved
FLR002902,MCH0531,LIN021,FAC007,2023-05-24 10:45:56,Bearing Failure,Minor,4,6.33,276099.9,Open
FLR002903,MCH0315,LIN015,FAC005,2026-03-12 06:32:38,Sensor Failure,Major,2,4.13,452498.85,Resolved
FLR002904,MCH0180,LIN011,FAC004,2026-04-12 11:41:21,Tool Wear,Major,3,3.78,315534.23,Resolved
FLR002905,MCH0547,LIN005,FAC002,2024-06-30 22:10:19,Sensor Failure,Major,2,3.04,306878.94,Resolved
FLR002906,MCH0551,LIN025,FAC009,2025-09-10 23:17:02,Overheating,Major,3,8.42,821550.5,Resolved
FLR002907,MCH0167,LIN020,FAC007,2023-07-01 14:21:39,Sensor Failure,Critical,2,11.65,615095.14,Resolved
FLR002908,MCH0221,LIN027,FAC009,2024-11-27 23:06:52,Tool Wear,Major,2,7.29,407604.59,Resolved
FLR002909,MCH0510,LIN023,FAC008,2023-01-17 05:10:29,Hydraulic Leak,Major,3,12.34,1043456.22,Resolved
FLR002910,MCH0369,LIN012,FAC004,2026-04-29 23:54:52,Sensor Failure,Major,5,13.91,760219.72,Resolved
FLR002911,MCH0450,LIN022,FAC008,2026-06-04 10:32:32,Tool Wear,Critical,7,14.08,1330071.08,Resolved
FLR002912,MCH0005,LIN010,FAC004,2025-09-25 22:30:25,Hydraulic Leak,Critical,6,14.0,1144673.96,Resolved
FLR002913,MCH0466,LIN005,FAC002,2025-10-09 23:43:44,Electrical Fault,Major,6,3.03,294349.71,Resolved
FLR002914,MCH0196,LIN005,FAC002,2026-02-02 23:53:48,Sensor Failure,Minor,5,2.52,164015.07,Resolved
FLR002915,MCH0534,LIN027,FAC009,2026-05-06 22:24:18,Hydraulic Leak,Minor,1,3.9,266600.74,Resolved
FLR002916,MCH0216,LIN028,FAC010,2023-01-27 20:24:30,Overheating,Major,6,5.44,288848.82,Open
FLR002917,MCH0429,LIN004,FAC002,2023-05-16 11:58:38,Electrical Fault,Minor,2,6.71,417242.22,Resolved
FLR002918,MCH0173,LIN020,FAC007,2026-05-09 11:07:08,Bearing Failure,Minor,3,5.69,230298.17,Resolved
FLR002919,MCH0488,LIN023,FAC008,2023-02-26 22:50:34,Tool Wear,Minor,5,2.54,234255.86,Resolved
FLR002920,MCH0281,LIN027,FAC009,2024-03-20 10:35:51,Tool Wear,Minor,3,9.21,466252.2,Resolved
FLR002921,MCH0162,LIN014,FAC005,2023-11-04 03:12:33,Excessive Vibration,Critical,6,9.23,382034.65,Resolved
FLR002922,MCH0342,LIN026,FAC009,2023-02-16 10:50:27,Bearing Failure,Critical,7,9.69,484500.7,Resolved
FLR002923,MCH0514,LIN029,FAC010,2025-11-13 00:24:32,Bearing Failure,Minor,5,13.29,1563836.47,Resolved
FLR002924,MCH0403,LIN002,FAC001,2023-04-07 09:02:36,Bearing Failure,Major,6,16.01,438130.47,Resolved
FLR002925,MCH0120,LIN007,FAC003,2026-06-23 07:03:29,Sensor Failure,Minor,2,9.67,1022278.67,Resolved
FLR002926,MCH0267,LIN013,FAC005,2023-12-06 07:31:14,Electrical Fault,Critical,5,13.01,347974.7,Resolved
FLR002927,MCH0522,LIN024,FAC008,2025-04-12 08:38:56,Lubrication Failure,Minor,6,6.06,173520.41,Open
FLR002928,MCH0240,LIN015,FAC005,2025-06-19 11:51:26,Electrical Fault,Critical,1,15.18,1275493.81,Resolved
FLR002929,MCH0480,LIN019,FAC007,2026-06-28 22:15:21,Electrical Fault,Minor,4,5.66,212429.82,Resolved
FLR002930,MCH0059,LIN012,FAC004,2024-01-10 02:10:44,Tool Wear,Major,5,2.04,61894.99,Resolved
FLR002931,MCH0423,LIN009,FAC003,2023-04-24 08:54:34,Excessive Vibration,Major,5,7.14,255684.33,Resolved
FLR002932,MCH0436,LIN013,FAC005,2024-04-26 11:13:42,Excessive Vibration,Major,1,2.18,258435.86,Resolved
FLR002933,MCH0328,LIN024,FAC008,2025-04-13 04:29:53,Tool Wear,Minor,3,3.46,196482.33,Open
FLR002934,MCH0530,LIN014,FAC005,2026-06-18 10:37:18,Sensor Failure,Minor,4,8.55,288427.88,Open
FLR002935,MCH0522,LIN024,FAC008,2024-05-20 17:30:23,Electrical Fault,Critical,4,19.4,899783.35,Resolved
FLR002936,MCH0579,LIN003,FAC001,2025-12-21 09:49:41,Bearing Failure,Major,2,9.2,522948.42,Resolved
FLR002937,MCH0235,LIN025,FAC009,2024-11-02 10:08:35,Overheating,Major,1,2.61,298403.72,Resolved
FLR002938,MCH0187,LIN006,FAC002,2023-06-24 22:43:48,Sensor Failure,Major,1,7.57,805142.75,Open
FLR002939,MCH0482,LIN024,FAC008,2024-04-14 09:40:56,Sensor Failure,Minor,5,2.05,195504.0,Open
FLR002940,MCH0540,LIN026,FAC009,2023-11-15 18:50:16,Lubrication Failure,Critical,1,19.62,1518143.09,Resolved
FLR002941,MCH0012,LIN030,FAC010,2025-01-25 22:22:32,Tool Wear,Major,2,6.3,448047.42,Resolved
FLR002942,MCH0097,LIN022,FAC008,2023-06-03 14:34:31,Hydraulic Leak,Major,4,5.75,652102.31,Open
FLR002943,MCH0467,LIN027,FAC009,2025-03-12 17:13:19,Excessive Vibration,Major,4,4.88,207894.59,Resolved
FLR002944,MCH0531,LIN021,FAC007,2023-05-01 20:53:45,Bearing Failure,Major,7,10.44,1156064.66,Resolved
FLR002945,MCH0344,LIN019,FAC007,2024-06-17 19:51:57,Overheating,Major,4,8.85,902495.81,Open
FLR002946,MCH0401,LIN015,FAC005,2024-07-23 04:07:42,Electrical Fault,Major,4,8.87,316407.16,Open
FLR002947,MCH0542,LIN004,FAC002,2024-08-28 21:21:20,Bearing Failure,Minor,6,5.23,291998.71,Resolved
FLR002948,MCH0160,LIN018,FAC006,2024-08-21 18:32:28,Excessive Vibration,Major,4,7.36,361079.9,Resolved
FLR002949,MCH0109,LIN018,FAC006,2026-01-11 07:05:26,Overheating,Major,5,1.68,180617.7,Resolved
FLR002950,MCH0341,LIN006,FAC002,2023-12-16 03:37:35,Bearing Failure,Minor,1,8.29,288669.42,Open
FLR002951,MCH0073,LIN002,FAC001,2024-02-01 22:28:06,Bearing Failure,Major,2,3.77,128114.79,Open
FLR002952,MCH0571,LIN020,FAC007,2024-04-25 07:23:09,Overheating,Major,3,5.35,217141.91,Resolved
FLR002953,MCH0183,LIN025,FAC009,2025-07-03 20:09:23,Hydraulic Leak,Critical,7,8.81,895610.06,Resolved
FLR002954,MCH0148,LIN009,FAC003,2025-02-21 17:46:45,Lubrication Failure,Major,3,10.25,839731.09,Resolved
FLR002955,MCH0375,LIN005,FAC002,2023-07-06 02:26:08,Overheating,Major,7,14.79,608920.85,Open
FLR002956,MCH0047,LIN026,FAC009,2026-04-17 00:34:27,Lubrication Failure,Major,3,9.97,360609.9,Open
FLR002957,MCH0490,LIN018,FAC006,2025-11-30 15:42:00,Hydraulic Leak,Major,1,2.65,205953.55,Resolved
FLR002958,MCH0184,LIN001,FAC001,2024-02-24 20:19:34,Tool Wear,Major,4,9.34,814036.76,Resolved
FLR002959,MCH0562,LIN011,FAC004,2023-07-12 03:10:29,Tool Wear,Major,4,3.54,324076.49,Open
FLR002960,MCH0038,LIN022,FAC008,2026-03-19 03:45:45,Overheating,Major,1,6.99,209855.75,Resolved
FLR002961,MCH0303,LIN020,FAC007,2026-05-05 15:10:18,Sensor Failure,Minor,4,1.8,153584.41,Resolved
FLR002962,MCH0585,LIN026,FAC009,2024-01-22 22:16:04,Sensor Failure,Major,4,7.81,770847.9,Open
FLR002963,MCH0309,LIN007,FAC003,2023-08-24 12:29:47,Tool Wear,Major,7,3.39,158146.68,Resolved
FLR002964,MCH0414,LIN017,FAC006,2024-06-15 22:17:09,Hydraulic Leak,Major,6,2.76,226547.17,Open
FLR002965,MCH0482,LIN024,FAC008,2026-02-13 13:00:28,Hydraulic Leak,Major,5,8.68,730513.83,Resolved
FLR002966,MCH0118,LIN016,FAC006,2025-02-25 01:59:07,Tool Wear,Minor,3,1.58,84301.47,Resolved
FLR002967,MCH0579,LIN003,FAC001,2025-08-31 19:34:15,Lubrication Failure,Critical,7,11.17,1083090.96,Resolved
FLR002968,MCH0210,LIN004,FAC002,2025-09-04 08:17:57,Lubrication Failure,Minor,1,10.06,829675.59,Open
FLR002969,MCH0059,LIN012,FAC004,2023-07-26 22:50:32,Tool Wear,Critical,3,14.74,520921.5,Resolved
FLR002970,MCH0524,LIN016,FAC006,2023-02-06 04:15:41,Excessive Vibration,Major,2,5.44,167157.64,Resolved
FLR002971,MCH0598,LIN029,FAC010,2026-03-22 05:25:13,Excessive Vibration,Critical,2,30.8,3399727.48,Open
FLR002972,MCH0043,LIN023,FAC008,2025-07-14 16:37:47,Bearing Failure,Minor,5,8.9,441890.39,Resolved
FLR002973,MCH0020,LIN001,FAC001,2023-09-17 03:51:37,Overheating,Critical,2,8.94,629774.26,Resolved
FLR002974,MCH0532,LIN007,FAC003,2023-07-01 18:31:35,Sensor Failure,Major,3,13.47,1138811.53,Open
FLR002975,MCH0316,LIN029,FAC010,2025-07-11 22:59:33,Bearing Failure,Major,3,15.49,1638832.24,Resolved
FLR002976,MCH0010,LIN011,FAC004,2023-04-15 00:10:12,Excessive Vibration,Major,7,1.83,103348.96,Resolved
FLR002977,MCH0107,LIN010,FAC004,2026-04-04 17:59:08,Bearing Failure,Minor,2,5.18,368605.19,Resolved
FLR002978,MCH0591,LIN016,FAC006,2024-06-14 08:39:23,Tool Wear,Minor,3,23.84,2194779.55,Open
FLR002979,MCH0212,LIN030,FAC010,2023-06-12 01:38:09,Overheating,Major,4,4.81,352769.66,Open
FLR002980,MCH0586,LIN014,FAC005,2025-11-30 07:31:24,Electrical Fault,Minor,1,4.73,566203.05,Resolved
FLR002981,MCH0187,LIN006,FAC002,2025-01-07 17:37:55,Hydraulic Leak,Major,6,1.62,125954.88,Resolved
FLR002982,MCH0227,LIN023,FAC008,2025-12-22 17:20:24,Excessive Vibration,Critical,5,13.77,546236.06,Open
FLR002983,MCH0462,LIN016,FAC006,2025-05-10 22:02:32,Tool Wear,Minor,3,1.51,180510.64,Resolved
FLR002984,MCH0354,LIN005,FAC002,2023-04-02 21:13:01,Electrical Fault,Major,7,3.98,397954.93,Open
FLR002985,MCH0041,LIN011,FAC004,2023-12-10 14:22:38,Lubrication Failure,Minor,3,5.3,488219.86,Resolved
FLR002986,MCH0084,LIN022,FAC008,2024-08-09 17:11:51,Sensor Failure,Major,6,3.27,83803.2,Resolved
FLR002987,MCH0478,LIN008,FAC003,2023-06-13 01:19:29,Bearing Failure,Major,4,3.3,246927.09,Resolved
FLR002988,MCH0086,LIN003,FAC001,2023-05-18 17:35:09,Electrical Fault,Major,7,12.81,456569.47,Resolved
FLR002989,MCH0111,LIN012,FAC004,2026-04-05 23:23:41,Electrical Fault,Major,6,6.48,462933.07,Resolved
FLR002990,MCH0290,LIN027,FAC009,2025-06-10 09:34:41,Tool Wear,Major,5,3.53,345779.5,Resolved
FLR002991,MCH0212,LIN030,FAC010,2025-07-25 13:37:41,Overheating,Major,5,9.01,446110.06,Resolved
FLR002992,MCH0422,LIN002,FAC001,2024-12-06 00:59:39,Electrical Fault,Minor,7,4.2,349666.21,Open
FLR002993,MCH0392,LIN005,FAC002,2025-04-14 06:10:48,Electrical Fault,Major,7,3.31,327342.84,Resolved
FLR002994,MCH0344,LIN019,FAC007,2024-03-27 13:30:18,Tool Wear,Major,6,1.16,30219.24,Resolved
FLR002995,MCH0285,LIN007,FAC003,2024-03-12 11:23:15,Bearing Failure,Critical,1,23.95,942464.41,Resolved
FLR002996,MCH0555,LIN021,FAC007,2023-10-28 12:37:45,Hydraulic Leak,Minor,5,8.1,840298.38,Open
FLR002997,MCH0545,LIN004,FAC002,2024-10-15 11:39:15,Electrical Fault,Minor,3,11.57,532950.25,Resolved
FLR002998,MCH0096,LIN010,FAC004,2023-02-21 04:19:54,Lubrication Failure,Minor,5,7.08,546839.86,Resolved
FLR002999,MCH0361,LIN024,FAC008,2026-03-05 06:34:30,Lubrication Failure,Major,5,0.96,52047.58,Resolved
FLR003000,MCH0403,LIN002,FAC001,2023-05-07 17:07:17,Hydraulic Leak,Minor,7,3.39,328759.61,Resolved
